app_name,review_id,review_date,rating,review_text,review_text_clean,thumbs_up_count,app_version
Rocket,a1405c55-faa0-432f-a455-da2bcccb2ac5,2026-06-04 18:38:24,3,না আমার তথ্য শুধু মাত্র আমি ও আমার অনুমোদিত অ্যাপস রকেট ব্যতীত অন্য কেউ না,no my data is only me and my authorized apps no one other than rocket,0,3.1.1
Rocket,0f69e69a-fc22-4245-a868-781bc134a008,2026-05-31 15:55:10,5,দুইদিন ধরে রকেট একাউন্ট খোলার জন্য চেষ্টা করতেছি নাম্বার পিন নাম্বার সব কিছুই ঠিকমতন দিচ্ছে কিন্তু খোলা যাচ্ছে না কোন নেট প্রবলেম নেই তারপরও যাচ্ছে না কেন আমি রকেট থেকে বিকাশে টাকা ক্যাশ আউট করবো,i am trying to open rocket account since two days number pin number is giving everything ok but not opening no net problem still not working why i will cash out bdt in bkash from rocket,0,unknown
Rocket,985146a8-dbd2-486e-91f5-fd276c59d7d9,2026-05-22 08:59:01,5,ok,ok,0,unknown
Rocket,b36a49d0-c2e5-4752-8007-f396cd5f2cad,2026-05-18 10:14:58,5,ভালো,good,0,3.1.1
Rocket,e7b197fd-a079-4809-8ae5-722f36019fd1,2026-05-13 09:41:49,5,আমার অ্যাকাউন্টটি আমি খুলতে পারতেছি না কেন,why i could not open my account,0,unknown
Rocket,fd7b2493-8296-4703-801f-1991c1d062ef,2026-05-13 08:47:06,5,ধন্যবাদ সবাইকে,thanks everyone,0,3.1.1
Rocket,0b35608e-3122-475b-85a3-9d44602fdecf,2026-05-07 13:32:51,5,খুব ভালো,very good,0,unknown
Rocket,58dfc97f-195e-4fab-b5a2-3998ba7f93a5,2026-05-07 01:03:42,1,All ok but need skitto recharge.,all ok but need skitto rechargoodde.,1,3.0.11
Rocket,5783853d-2e89-46e4-8a66-c94a89bf5aa8,2026-05-06 23:05:19,5,Nice App,nice app,0,3.1.1
Rocket,5bc2801f-935d-44a9-afbb-ddc4a10e3d59,2026-04-30 10:42:40,5,এত কিছু বুঝিনা,i don't understand so much,0,unknown
Rocket,634702f2-3d7a-46c0-8f42-707611ad06b8,2026-04-29 23:46:58,5,আলহামদুলিল্লাহ ভালো,alhamdulillah good,0,3.1.1
Rocket,94f5eafb-c013-4aed-8f42-d5d583e012ef,2026-04-26 16:37:47,5,📣📣খুব ভালো রকেট এপ অসাধারণ 📢📢,megaphone megaphone very good rocket app awesome loudspeaker loudspeaker,7,3.1.1
Rocket,1ba7f830-f642-4c1f-b48e-c5e63e19208d,2026-04-21 03:31:24,5,good apps,gooddood apps,0,3.1.1
Rocket,53e58a88-a78f-470b-8d1a-afef43d2f236,2026-04-18 22:31:48,5,ভালো,good,0,3.1.1
Rocket,231da4fb-2b3e-480f-bd4d-0dc1f84a46f9,2026-04-11 13:07:58,5,ভালো,good,0,3.1.1
Rocket,e05b39fd-9ce0-45fd-a8f6-f525f0c9eeb0,2026-04-05 21:28:02,5,নাইচ,nice,0,unknown
Rocket,8fd610d0-0f59-410f-a574-4a793e5fc130,2026-04-05 04:36:22,5,fine,appine,0,unknown
Rocket,22652882-2a33-4765-b5d0-e02180344d6d,2026-04-03 21:19:14,2,ভালো,good,0,3.1.1
Rocket,aa23426b-e089-4898-b696-5b2bd9ce5230,2026-04-02 22:31:52,5,Good,their pits,0,3.1.1
Rocket,3de57973-16b9-4f48-9d5a-299666c5b488,2026-03-31 18:46:26,4,no thanks,no thanks,0,unknown
Rocket,d8a52a10-89dd-4847-a3c0-842d15f13ace,2026-03-30 00:22:46,5,ok,ok,0,unknown
Rocket,4513ec61-389a-435d-af29-f378061ff49c,2026-03-21 15:53:59,5,nice,nice,4,3.1.1
Rocket,f3fedf7c-0fc4-481e-b805-98ad256b4e11,2026-03-16 22:53:53,5,good app 💯,gooddood app hundred_points,0,unknown
Rocket,7b25fd21-d5fe-47f3-a1e0-ab302cc9bcff,2026-03-11 15:17:48,5,Very Good 💯😊,very gooddood hundred_points smiling_face_with_smiling_eyes,10,3.1.1
Rocket,0394b8f0-d224-4267-bbf3-8cd4270c05bf,2026-03-10 09:28:30,5,Great apps,gooddreat apps,0,3.1.1
Rocket,71bf5916-42f3-47d5-8734-f8303452a5fa,2026-02-25 05:16:47,5,Good and Necessary,gooddood and necessiry,0,3.1.1
Rocket,6fa2b6ac-cb8f-4e68-87e8-dc9a8377ed0b,2026-02-19 21:50:58,5,darun,darun,0,unknown
Rocket,838c482b-7373-48cc-8a33-a6e1a485e965,2026-02-12 20:44:25,5,আইকুল,icool,6,3.1.1
Rocket,7b2cdcfa-146d-45d8-bca0-b312e15b40b3,2026-02-12 13:59:22,5,ভালো,good,5,3.1.1
Rocket,b0540be4-5b33-44a9-8705-8d1488e5a126,2026-02-11 18:18:24,4,অ্যাপসটা ফোনের সামনে আনতে চাই,i want to bring the app to the front of the phone,3,3.1.1
Rocket,bc693eb0-59b9-4bbd-8263-ee3b0066b9a8,2026-02-09 01:42:14,5,verry biutiffull,very biutiappappull,0,3.1.0
Rocket,a3d4d8d0-487c-40cc-9611-3952db9e1fae,2026-02-06 03:20:28,5,হা,ha,0,2.0.63
Rocket,ac4c08ad-0ccb-4318-bb03-dbde92f78cc8,2026-02-02 12:23:57,5,nicee,nice,10,3.1.1
Rocket,d53b0301-6ec9-492c-bcc1-39e1eef48c9d,2026-01-31 23:22:25,5,ভালো অ্যাপস,good apps,0,unknown
Rocket,56b80dcc-32a8-4abb-a7ad-36e442b46b9c,2026-01-28 09:21:57,5,অসাধারণ,wonderful,0,2.0.64
Rocket,fb0380e4-3a8c-4d1c-9898-1a6d66274b43,2026-01-21 21:26:58,5,Ok,ok,0,unknown
Rocket,e9a644f8-5fcc-405a-9f4d-a347f5fa86ef,2026-01-11 12:54:51,4,ভালো,good,1,3.1.0
Rocket,c8834256-5fe4-4082-8de8-a850b75895ee,2026-01-07 20:13:34,5,খুব ভালো,very good,5,3.1.0
Rocket,b0251d1a-82f0-4099-bc6b-2bff019e36d2,2026-01-07 17:13:55,5,রকেট আপ এ লোন ও ডিপিএস করার আবেদন চাই,want to apply for loans and dps on rocket app,73,3.1.0
Rocket,a4056f56-1d02-4b34-853d-54631176ce46,2025-12-22 08:55:13,5,ভালো এবং সহজ,good and easy,0,unknown
Rocket,f09c000b-001b-4ff0-a988-e5d61213b564,2025-12-18 16:52:19,5,অ্যাপসে খুব খারাপ ভিডিও পাইছি আমি,i get very bad videos on apps,0,unknown
Rocket,c2fe1ae3-a0c0-4d43-9de3-2f51f0c45fe6,2025-12-14 16:04:25,5,good apps,gooddood apps,0,unknown
Rocket,fbff92f4-95e7-4873-8cbe-90ae9fd421e4,2025-12-12 20:35:47,5,আমি রকেট একাউন্ট খুলতে চাচ্ছি,i want to open rocket account,0,unknown
Rocket,52bcecd7-8aac-45ab-81e0-4da562a77942,2025-12-07 17:09:52,5,অ্যাপটি আসলেই খুবই ভালো কিন্তু ফিঙ্গারপ্রিন্ট যুক্ত করলে ভালো হতো অন্যান্য ব্যাংক একাউন্টে অ্যাপস ফিঙ্গারপ্রিন্ট যুক্ত আছে তাই আশা করি আপনারও খুব তাড়াতাড়ি ফিঙ্গারপ্রিন্ট যুক্ত করবেন,the app is really good but adding fingerprint would have been good. other bank account apps have fingerprint enabled so hopefully the app will also add fingerprint soon.,16,3.0.15
Rocket,93444ce1-d876-4754-b9f3-333ec21af277,2025-12-06 09:03:15,5,গুট,good,3,3.0.15
Rocket,55a5fb97-d91e-4913-b5a9-7a5c1e2072ee,2025-11-26 10:52:01,2,ভালো,good,3,3.0.15
Rocket,52c1740d-095f-453d-b404-786ab602597b,2025-11-23 17:59:55,5,good 👍,gooddood thumbs_up,5,3.0.15
Rocket,7143ea08-f218-432a-ad03-83aaf23718c3,2025-11-17 19:27:43,5,ভালো তবে পিন পরিবর্তন করতে পারছিনা,good but unable to change pin,0,3.0.13
Rocket,88f47343-d72b-4730-813a-d61f6f2ff753,2025-11-17 14:19:48,1,নগদ উপায় কি ভুল করছে শুধু বিকাশে NPSB করা যায়,what is wrong with the way of cash only in development npsb can be done,89,3.0.15
Rocket,4dc8cc0f-0992-4596-bf3d-b26f0e4047d4,2025-11-14 08:42:12,5,Good,their pits,1,3.0.13
Rocket,af02ccdf-44ac-4f7c-90af-7b2eb48ad23d,2025-11-13 17:23:20,5,ওকে,ok,0,unknown
Rocket,e6c651e1-a0fe-4f41-8b07-d3ead52f2d37,2025-11-12 19:30:45,5,খুব খারাপ অ্যাপস,very bad apps,0,3.0.13
Rocket,9ced4114-4439-4ed3-a3bf-3e07ed36af87,2025-11-02 15:05:45,5,অ্যাপসটি ভালো সার্ভিস দিচ্ছে দেশ-বিদেশ সব জায়গা থেকে ব্যবহার করা যায়,the app provides good service and can be used from all over the country,13,3.0.13
Rocket,6ee7c40a-0ea9-4653-8a8d-ca96360aa8d0,2025-10-31 21:09:13,5,গুড অ্যাপ,good app,1,3.0.13
Rocket,86d2cd0d-be5e-4f7e-92eb-ee2c5119806c,2025-10-31 18:49:01,4,good,their pits,0,unknown
Rocket,c2b68aad-6e62-4593-b53c-511759d02c53,2025-10-30 01:33:30,5,ok,ok,1,3.0.13
Rocket,c8c5c80c-0394-422b-b2f2-ad565ee45584,2025-10-29 19:17:32,4,very nice 👍,very nice thumbs_up,0,unknown
Rocket,6bcdb608-3a51-42d7-9a31-3b77545f21c8,2025-10-27 15:25:48,1,valo apss,good appss,0,unknown
Rocket,bfabaf46-09ac-41ee-bbbf-b49e725848b9,2025-10-23 16:11:09,5,ভালো,good,1,3.0.12
Rocket,80b2f185-1bf5-471f-a65a-eba7ec9c7f88,2025-10-21 13:37:00,5,nakjs,fromout,0,3.0.13
Rocket,5afaee58-6997-4e36-8971-80ed29634f3a,2025-10-19 18:07:55,5,ভালো,good,1,3.0.13
Rocket,6d439acd-d623-45a0-b018-ab8707f27a2e,2025-10-15 17:29:05,5,baregood,baregooddood,1,3.0.13
Rocket,c955c019-99fe-4596-a2fa-47a76f26409e,2025-10-13 03:24:52,5,ভালো,good,0,unknown
Rocket,1b148635-18ca-4bbd-bce2-4d98a09e5925,2025-10-12 18:40:34,5,Valo,good,0,unknown
Rocket,6b7a314c-0049-456c-8138-ce71cba0c70e,2025-10-08 15:15:31,5,ami asa kori apne 100%surokha deben,i asa kori appne 100surokha deben,0,unknown
Rocket,62e67f35-93b4-4bc2-8a39-fb73993f6483,2025-10-08 13:00:16,5,ওকে,ok,1,3.0.13
Rocket,a19a11a3-cb6a-4c2b-8b24-cbbe62db4979,2025-10-06 01:32:54,2,of,oapp,0,unknown
Rocket,f04a75f9-4e11-4281-bc99-03820a659b83,2025-10-03 11:17:00,5,আমি নতুন করে রকেট খুলতে চাই,i want to open a new rocket,17,3.0.13
Rocket,d78402d6-e73e-4be3-b3a2-81bff4f6568b,2025-10-01 19:04:07,5,Mdjannatulferdaus,mdjannonottulapperdaus,0,3.0.13
Rocket,87383d66-9938-4607-b9b0-8dd501717881,2025-10-01 18:10:44,5,good,their pits,1,3.0.13
Rocket,55934242-ea43-4f32-8d5d-cadd9fbcd1b1,2025-09-30 11:12:39,5,ভালো,good,1,3.0.13
Rocket,ce5a2f98-f744-4e99-90bc-2c06960cbfa6,2025-09-23 12:40:21,5,আমি তো রকেটে খুলতে পারছিনা,i can't open the rocket,5,3.0.13
Rocket,a4b4385e-1dcb-42ad-ada2-d1e7f95fa5ba,2025-09-14 23:04:02,1,রকেট একাউন্ট হঠাৎ টাকা সহ বন্ধ করে দিচ্ছে,rocket account is suddenly closing with bdt,0,unknown
Rocket,3fce8c9e-bbfe-462a-b488-409ea2dd657c,2025-09-14 01:13:05,5,অসাধারণ,wonderful,4,3.0.13
Rocket,c3c82365-3926-45f3-a89b-0c1cf58a2eec,2025-09-11 12:03:32,5,nice,nice,1,3.0.12
Rocket,91f8d70a-0c4e-43a0-8fbb-4aa82f8552c5,2025-09-10 05:17:45,5,হেব্বি,hebby,6,3.0.13
Rocket,f44b7b38-0b98-4d87-8895-431cc47c0479,2025-09-09 14:42:17,4,বালো,good,1,3.0.13
Rocket,9fa13645-1e06-4061-9b96-81a929b5b157,2025-09-09 13:48:04,4,এপচে ঢুটতে পারছি না,i can't get into it,0,3.0.12
Rocket,5e083413-c43e-4c2b-b698-bf6d99c1b4c6,2025-09-08 06:29:56,5,😊,smiling_face_with_smiling_eyes,2,3.0.13
Rocket,3b4a4755-5787-45ec-9999-88ba5ab24b11,2025-09-06 22:40:02,5,খুব ভালো,very good,0,unknown
Rocket,6261c192-116f-4ca9-ad94-59281dd8c087,2025-09-02 05:10:37,5,❤️❤️❤️❤️👍👍👍,red_heart red_heart red_heart red_heart thumbs_up thumbs_up thumbs_up,0,unknown
Rocket,7058599e-57bb-42b1-a05e-2a4395b2ff35,2025-09-01 14:20:52,1,এই অ্যাপটিতে একবার রেজিস্ট্রেশন করলে দ্বিতীয়বার আর এই অ্যাপটি দিয়ে একাউন্ট ডিলিট করা যায় না এবং অ্যাকাউন্ট ডিলিট করতে হলে অনেক ঝামেলা বইতে হয় যেমন অনেক কাগজপাতি ঝামেলা এবং আমি নিকটস্থ একটি ডাচ বাংলা ব্যাংকে গিয়েছিলাম বলছিল এই জায়গায় হবে না অনেক দূরের একটি ঠিকানা দিল যেটা এখান থেকে অনেক মাইল দূরে সেটা আমাদের জেলার মধ্যে এবং যে ব্যাংক থেকে আমি একাউন্টি খুলেছি সেই জায়গায়ও নাকি হইবে না,"if you register once in this app, you cannot delete the account for the second time through this app and to delete the account there are many problems like many paperwork problems and i went to a nearby dutch bangla bank and they said it will not be done in this place. they gave me a far away address which is many miles from here.",23,3.0.12
Rocket,179cb685-080e-40ed-a658-68376bc6257f,2025-08-27 21:15:16,5,মোঃ রবিউল ইসলাম,md. rabiul islam,0,unknown
Rocket,5da76b8b-df70-43ab-85a7-62c3c6f4333a,2025-08-26 09:28:49,5,sojibkhan,sojibkhan,4,3.0.12
Rocket,0667a89c-553a-4429-ba2d-29e16b06b0de,2025-08-25 21:15:11,5,অনেক ভালো অ্যাপস,many good apps,0,unknown
Rocket,213a8790-3851-4dbc-8990-a66391a0d049,2025-08-16 14:32:16,5,হেবী,hey,0,unknown
Rocket,4c5f903a-ada4-4cf3-92a6-7ddb90754292,2025-08-09 10:49:43,5,GOOD,their pits,2,3.0.12
Rocket,8476b618-fa52-45e0-b823-8e1b0f10d9d7,2025-08-08 20:56:27,5,সমস্যা করে,trouble,0,3.0.12
Rocket,91a40236-ca87-4454-a347-7fb288a8e668,2025-08-08 19:15:55,5,ভাল,well,5,3.0.12
Rocket,3fb6f7d9-5d1a-4ce0-8db1-ade38c36a24a,2025-08-08 16:48:13,5,"nice,,,","nice,,",0,unknown
Rocket,1a2fe239-c1fe-4591-a5a6-a489861f4cbd,2025-08-07 13:26:19,5,naic,nonotic,4,3.0.12
Rocket,679d4fc9-48e9-43d8-8b13-045499983ed7,2025-08-03 21:41:55,2,এই অ্যাপসটি আমার ফোনে চালু হয় না,these apps don't run on my phone,0,3.0.11
Rocket,7b398374-095d-4b67-b0f8-afb6fbbb43a1,2025-08-01 10:55:32,1,"Trying to open an account, but the otp arives too late, tell me how frustraiting that is. Trash Service.","tryingoodd to open an account, but the otp arives too late, tell me how apprustraitingoodd that is. trash serbrotherce.",11,3.0.12
Rocket,6ea9de34-e0fc-4b04-8656-d3ee25d7934d,2025-07-30 11:17:24,5,ok,ok,2,3.0.12
Rocket,66ade8d8-f9b9-4e42-80ab-c53c3e59f1f6,2025-07-29 02:18:40,5,ধন্যবাদ,thank you,8,3.0.12
Rocket,a925f96c-6c0c-4153-838a-5cb86431857f,2025-07-27 13:27:33,5,Good,their pits,4,3.0.12
Rocket,880e5a17-8b55-4b5e-b49f-2b3cf5002abd,2025-07-23 20:01:47,5,পূর্বে একাউন্ট ছিল,previously had an account,2,3.0.12
Rocket,a3042bea-3ff2-4570-bea4-f9c42f164a39,2025-07-16 12:33:03,5,আগে daraz পেমেন্ট করাজেতো এখন পেমেন্ট হয়না কেনো তার কারন কি,"earlier daraz payment was made, now payment is not made, what is the reason?",1,unknown
Rocket,e33076b2-6d55-4e64-a5a0-3c32c65d1684,2025-07-14 11:19:35,5,good app,gooddood app,0,unknown
Rocket,422479cd-7040-4cd2-b1ba-b686b8d3663c,2025-07-13 19:01:06,1,বিকাশ খুললে টাকা দেই কিন্তু রকেট খুললে এক টাকাও দেই না,if i open vikas i give bdt but if i open rocket i don't give even one bdt,0,unknown
Rocket,8d12e664-8b39-4a9a-9924-d2551d59f943,2025-07-11 02:24:56,5,আমি এখন থেকে রকেট ব্যাবহার করছি,i am using rocket from now on,5,3.0.11
Rocket,3b2d1da9-2c2e-4079-ba42-7258cdea9177,2025-07-10 14:46:21,5,ভালো কিন্তু অ্যাপসটা ডিস্টার্ব করে,good but the app disturbs,2,3.0.11
Rocket,fdb7269b-21f3-4bf8-bd87-2c3335a636d6,2025-07-09 21:38:37,3,নাইস😇,nice smiling_face_with_halo,0,unknown
Rocket,df3ebfd5-1fb6-45b1-9b50-e941bcb73a28,2025-07-07 18:12:26,5,অনেক ভালো,very good,0,unknown
Rocket,e63715c0-3a4c-47cf-b9f8-bb428f1c48bc,2025-07-07 13:46:18,5,good,their pits,1,3.0.11
Rocket,148517e6-ee8d-4909-b518-1a6d4c9c212e,2025-07-06 19:08:50,5,আমি অনেক খুশি হলাম এই Aps পেয়ে আর অনেক সুজুক সুবিধাও আছে ধন্যবাদ,i am very happy to have this apps and it has many useful features thanks,9,3.0.11
Rocket,98cc9347-641b-49cc-9957-2427e1d2deb8,2025-07-06 13:17:12,5,খুব ভালো একটি এফস,a very good app,0,unknown
Rocket,dad06f3d-6a9a-489f-a88e-9a8270e79341,2025-07-04 21:50:00,5,রকেট একাউন্ট খুলতে পারছি না,can't open rocket account,6,3.0.11
Rocket,7c9fc16b-159f-4606-9ff8-7c88fd398c8e,2025-07-03 18:52:23,5,love 💖 Dutch Bangla,lovee sparkling_heart dutch bangooddla,4,3.0.11
Rocket,debac27c-8d2c-4cfc-b0b9-bd9ba6ee171c,2025-07-02 20:46:24,5,একাউন্টে লগইন করতে পারতাছিনা,could not login to account,2,3.0.11
Rocket,843195bf-c45f-4483-886d-c0b492370d96,2025-07-02 19:46:20,1,"Rocket app still lives in the past. Frequent crashes, outdated interface, poor card support, and still no Dark Mode in 2025? You’re a financial app, not a joke. Instead of flashy logos and ads, why not invest in stability and essential features? Users deserve better — this is digital banking, not digital punishment.","rockit app still lives in the past. apprequent crashes, outdated interappace, poor card supaftert, and still no dark mode in 2025? youre a appinonotniceial app, not a joke. instead oapp applashy logooddos and ads, why not invest in stability and essential appeatures? users deserve bitter this is digooddital bankingoodd, not digooddital punishment.",20,3.0.11
Rocket,ee757699-8507-4712-994a-af9454826b1c,2025-06-26 00:50:45,5,valo,good,4,3.0.11
Rocket,49c693bd-3db6-4788-a8fa-ed7fdfe86c87,2026-06-06 05:30:44,5,very nice app,very nice app,0,3.1.1
Rocket,3f6545e4-1a67-4a5f-bc03-9d6a65abbbdd,2026-06-06 00:54:31,5,ভালো থাকুন,stay good,0,unknown
Rocket,798046e2-2f8a-474e-99ee-4e63376faef0,2026-06-05 20:14:11,5,Rakib,install,0,unknown
Rocket,a62f1713-6f68-4eee-8d5b-426bf6f46d2d,2026-06-05 19:18:37,4,ঢঢ়রণ,assertion,0,3.1.1
Rocket,48a865a8-16a1-4bf4-a2d3-6a536953fa5b,2026-06-05 11:54:04,5,very good app,very gooddood app,0,3.1.1
Rocket,347c6395-e72b-42ad-bf43-31b9dabaaa8f,2026-06-05 10:11:24,5,good,their pits,0,3.1.1
Rocket,9b6fc343-3db1-453d-93ee-0be36c8f2266,2026-06-05 07:16:45,5,সুন্দর,beautiful,0,3.1.1
Rocket,a4ec1401-1625-4f66-ba26-95b850f5ea9a,2026-06-05 06:39:37,5,Good 😊,gooddood smiling_face_with_smiling_eyes,0,3.1.1
Rocket,5b928219-904c-4e2a-a3b3-5aacb799842b,2026-06-04 23:19:11,1,Baler service dise ek number diya account khulsi sob jaygay ashol number dekhay app er bhitore arek number dekhay abar kono korte gelei koy account doesn't exist hawar service dey halara,baler serbrotherce dise ek number diya account khulsi sob jaygoodday ashol number dekhay app er bhitore arek number dekhay abar kono korte gooddelei koy account doesn't exist hawar serbrotherce dey halara,0,3.1.1
Rocket,c7f7db7c-0fac-4f2b-9ce6-47bad3e2bf55,2026-06-04 11:45:42,5,good,their pits,0,unknown
Rocket,48077408-8fca-48fa-8442-2a51926471db,2026-06-04 05:56:46,5,"খুব বালো একটা এপছ কারণ রকেট থেকে বিকাশে টাকা পাঠানো জাই 💗অসাধারণ, 💗💗💗🌹🌹🌹🌹🌹",very good post because bdt sent to bkash from rocket growing_heart awesome growing_heart growing_heart growing_heart rose rose rose rose rose,0,3.1.1
Rocket,9033851b-6a21-44af-8ba4-d93fb161d82d,2026-06-03 21:06:52,5,Nine,nine,0,3.1.1
Rocket,377b0cf9-acd6-47bf-80f3-d01dd62e7a08,2026-06-03 19:23:35,1,bad 🤮🤮🤮,bad face_vomiting face_vomiting face_vomiting,0,unknown
Rocket,4bc20e3b-0de8-4e67-b6e8-ffba3bc2001d,2026-06-03 12:33:41,5,md roman,md roman,0,3.1.1
Rocket,cdbc9c6a-324d-40cc-bbc2-4387d4ce816d,2026-06-03 01:21:46,5,very good,very gooddood,0,unknown
Rocket,ce8b5b00-ab32-41b8-a2b6-976063735ea9,2026-06-02 19:44:14,1,"ফালতু 😡😠 আমার রকেট আছে ১০ বছর ধরে, আজকে Apps এ login করবো, তার জন্যে ফালতু IVR কল লাগবে ক্যান ভাই? বিকাশ-নগদে তো এগুলা লাগে না!!! sim এ IVR কল টা ঢুকে, আর sim এর নেট চলে যায় 😠, পরে নেট যখন আসে, তখন OTP আসে না। আর আবার ফালতু ডলার-সাইন দিয়ে লিখা আসে: $-msg-error$ এসব কারণেই বালের এই রকেট চালাই না, ফালতু 😤😡 জাহান্নামে যা তোরা রকেট দিয়া 😠😡😤😡","futile enraged_face angry_face i have rocket for 10 years, today i will logoddin apps, for that i need futile ivr call bro? development cash does not need them!! ivr call comes to sim, and sim's net goes angry_face, later when net comes, otp doesn't come. and again it is written with useless dollar-sign: -msgoodd-error for these reasons useless do not run this rocket.",0,3.1.1
Rocket,61b1dcba-52f7-4374-8d1f-94a9a8ce0908,2026-06-02 18:01:14,5,goot,gooddoot,0,unknown
Rocket,3e03f020-f969-479f-b6f5-8815b4b8d87d,2026-06-02 17:59:15,2,স্টেটমেন্ট ডাউনলোড অপশন টা অ্যাপে চাই।,i want the statement download option in the app.,0,3.1.1
Rocket,b002b13a-8a3c-4cec-88a5-2ac2b5e8987f,2026-06-02 08:15:01,5,Thank you,thank you,0,unknown
Rocket,9607a34c-c184-42b6-9db8-a5138adbca61,2026-06-01 22:08:58,5,হাইথণবতণণণগগথদথীচচুউঈডরদৈঐঊউঙঙণত,haithanawatananangagathdathichchchuuidordaioiuungganat,0,3.1.1
Rocket,4fc2cd60-9615-4658-8c8b-9deae294ebd8,2026-06-01 21:56:38,5,dharun,dharun,0,3.1.1
Rocket,456be6db-c373-45a4-8217-0ccc2fcabe92,2026-06-01 14:45:08,5,So good this apps,so gooddood this apps,0,3.1.0
Rocket,440e58ee-5490-496e-9af3-11751c89ff48,2026-06-01 13:31:58,5,doog,their pits,0,unknown
Rocket,1f3a5a96-96bf-4139-bc6e-21d3ab16b311,2026-06-01 00:40:31,1,I can't login my rocket account in this. Wh I try to login and reinstall it. there is same thing skip & Done. those are not working.,i can't logooddin my rockit account in this. wh i try to logooddin and reinstall it. there is same thingoodd skip & done. those are not workingoodd.,0,unknown
Rocket,92841827-0841-4452-a8c4-4d3f11c9eb55,2026-05-31 21:04:41,5,impressive,impressive,0,unknown
Rocket,5eb98210-3b99-424d-9781-216cba69633f,2026-05-31 19:29:12,5,udueueh,udueueh,0,unknown
Rocket,2bfeff0e-d4ee-4d37-a101-9fad81f4eb80,2026-05-31 15:43:58,5,নাইস,nice,1,unknown
Rocket,95b87a3d-32ee-408f-9038-7d3d3144f2f0,2026-05-31 14:13:45,5,best,best,0,3.1.1
Rocket,a7442890-9e22-4422-a519-7b2ef1a0147d,2026-05-31 12:40:25,5,super,super,0,3.1.1
Rocket,9fac1950-c184-4721-81e2-a7de7ad36619,2026-05-31 10:55:37,5,rocket is easy use for money,rockit is easy use apafter money,0,unknown
Rocket,94de6fc9-37bc-4eca-9827-bc9204edc7f9,2026-05-31 10:18:52,5,good,their pits,0,3.1.1
Rocket,6e05d634-9d6a-4133-aca7-82c1a28cd90e,2026-05-31 07:29:33,1,"ফোন নাম্বার সেভ ছাড়া রিচার্জ হচ্ছে না,, তাদের অফিসে কল দিলে ১০ মিনিট রিং হলেও কল ধরে না🥶🥶🥶","phone number is not being recharged without saving, if you call their office it rings for 10 minutes but does not pick up the call cold_face cold_face cold_face",0,3.1.1
Rocket,ddaa8ff5-327b-47a8-9c51-3cc9e1c93a43,2026-05-31 03:27:22,5,😍,smiling_face_with_heart-eyes,0,unknown
Rocket,fd5847d3-543c-41de-b439-455e4bcc658f,2026-05-31 02:33:10,3,nice,nice,0,3.1.1
Rocket,7dd7373d-35ea-405d-970f-5c557210d77a,2026-05-30 13:04:40,5,nice,nice,0,3.1.1
Rocket,f5f4763c-d96d-4e52-90f0-50cbff73d2b9,2026-05-29 23:48:18,3,good,their pits,0,unknown
Rocket,150ec6a3-96eb-4f04-a64c-1b66ec1fb8d6,2026-05-29 23:37:38,5,Rocket is just a great app,rockit is just a gooddreat app,0,3.1.1
Rocket,8ae5949b-6da5-447d-affa-33be85cde349,2026-05-29 21:38:09,1,good app,gooddood app,0,unknown
Rocket,ac635f0b-5a80-4786-b860-195fecea2566,2026-05-29 20:18:15,5,"since five years I was using this apps from abroad, and it's was working also good, but from 2 month I unable to log in.. showing error with 'invalid account status.","sinice appive years i was usingoodd this apps approm abroad, and it's was workingoodd also gooddood, but approm 2 month i unonotble to logoodd in.. showingoodd error with 'invalid account status.",0,unknown
Rocket,fe972778-534b-4d9d-9dc8-f7ca2ef4b106,2026-05-29 19:36:42,1,The worst system. I've been trying to log in for the past hour. I can't log in. I keep getting calls and entering the PIN over and over again.,the worst system. i've been tryingoodd to logoodd in apafter the past hour. i can't logoodd in. i keep gooddittingoodd calls and enteringoodd the pin over and over agooddain.,1,3.1.1
Rocket,749e869f-c240-4af5-be0c-7d4207ce1d73,2026-05-29 11:30:14,5,good,their pits,0,3.1.1
Rocket,acdd464b-e666-4c9f-b96f-0ab8e184e30e,2026-05-29 07:47:53,1,rockt app,rocks app,0,unknown
Rocket,52f7eb9c-9f4f-4143-975b-681ab6e2b4cd,2026-05-29 07:39:34,5,nice,nice,0,3.1.1
Rocket,9a343f8e-32b9-44e6-aca9-21e93d4bf03e,2026-05-28 21:02:07,5,very nice,very nice,0,3.1.1
Rocket,76317339-65cd-49bc-ad77-0874f2e58257,2026-05-28 12:03:22,5,best service,best serbrotherce,0,3.1.1
Rocket,7ea310e5-c16c-429c-8296-02ed8844a134,2026-05-28 06:18:17,5,very nice,very nice,0,3.1.1
Rocket,a2af0afa-855d-44d5-bf81-dbbf14257bc0,2026-05-27 23:24:27,5,nice,nice,0,unknown
Rocket,ae220994-ca0f-4c42-be9f-cd48e7ec511c,2026-05-27 21:28:11,5,very very good apps,very very gooddood apps,0,3.1.1
Rocket,28db931f-4a1d-4e5b-b079-fc8531b1eada,2026-05-27 18:34:49,5,ok,ok,0,unknown
Rocket,eefc2b17-7a06-44ab-aa0c-f24e0656612c,2026-05-27 15:35:24,5,Good,their pits,0,unknown
Rocket,9ab4fa7e-0efd-44b5-b9f1-058ea012494f,2026-05-27 12:30:03,5,Good,their pits,0,3.1.1
Rocket,4cac23c6-6873-4783-863e-56a8a99e69fd,2026-05-27 06:12:41,5,রকেট,the rocket,0,3.1.1
Rocket,84981419-fe9b-417f-add1-13fc8a86b2f7,2026-05-25 23:49:14,3,very smart app,very smart app,0,unknown
Rocket,0fca4812-3370-4247-8990-73e7a061688f,2026-05-25 20:07:12,5,my favourite app is rocket 😍😍😍😍😘😘😍😘😘😍😘😍😍😍😍😍😘😍😍😍😍😘😍😍😍🥰🥰😍😘🥰😍😍😍😍🥰😘😘😍😍🥰🥰🥰🥰😍🥰🥰🥰🥰🥰🥰🥰🥰🥰😘🥰🥰😍😍,my appavourite app is rockit smiling_face_with_heart-eyes smiling_face_with_heart-eyes smiling_face_with_heart-eyes smiling_face_with_heart-eyes face_blowing_a_kiss face_blowing_a_kiss smiling_face_with_heart-eyes face_blowing_a_kiss face_blowing_a_kiss smiling_face_with_heart-eyes face_blowing_a_kiss smiling_face_with_heart-eyes smiling_face_with_heart-eyes smiling_face_with_heart-eyes smiling_face_with_heart-eyes smiling_face_with_heart-eyes face_blowing_a_kiss smiling_face_with_heart-eyes smiling_face_with_heart-eyes smiling_face_with_heart-eyes smiling_face_with_heart-eyes face_blowing_a_kiss smiling_face_with_heart-eyes smiling_face_with_heart-eyes smiling_face_with_heart-eyes smiling_face_with_hearts smiling_face_with_hearts smiling_face_with_heart-eyes face_blowing_a_kiss smiling_face_with_hearts smiling_face_with_heart-eyes smiling_face_with_heart-eyes smiling_face_with_heart-eyes smiling_face_with_heart-eyes smiling_face_with_hearts face_blowing_a_kiss face_blowing_a_kiss smiling_face_with_heart-eyes smiling_face_with_heart-eyes smiling_face_with_hearts smiling_face_with_hearts smiling_face_with_hearts smiling_face_with_hearts smiling_face_with_heart-eyes smiling_face_with_hearts smiling_face_with_hearts smiling_face_with_hearts smiling_face_with_hearts smiling_face_with_hearts smiling_face_with_hearts smiling_face_with_hearts smiling_face_with_hearts smiling_face_with_hearts face_blowing_a_kiss smiling_face_with_hearts smiling_face_with_hearts smiling_face_with_heart-eyes smiling_face_with_heart-eyes,0,3.1.1
Rocket,f1355cd8-6a95-4b0c-8c26-9cf90d0c4ad4,2026-05-25 08:17:19,5,ok,ok,0,3.1.1
Rocket,8ea5bfa5-3ae5-4249-a45b-1069da0263e8,2026-05-25 00:27:10,5,Valo app eta,good app,0,3.1.1
Rocket,519c186f-9c4a-491f-b91d-e01d4491644e,2026-05-24 22:39:30,1,very bad app,very bad app,0,3.1.1
Rocket,e2525ded-5a74-41ce-90cc-5da0f41d9396,2026-05-24 22:21:21,5,good,their pits,0,3.1.1
Rocket,849997d3-5c1e-4c72-8ad0-6e33f20a8769,2026-05-24 13:19:01,5,good,their pits,0,3.1.1
Rocket,4588343c-f123-4eb5-be78-2c0580bbda84,2026-05-24 12:22:51,2,very nice,very nice,0,3.1.1
Rocket,6176e675-5943-41e3-b0db-f72ba8016b43,2026-05-24 07:35:38,5,Good,their pits,0,3.1.1
Rocket,f41ce0c8-f46c-451a-8f86-1c9b66044a58,2026-05-24 06:04:38,5,good,their pits,0,3.1.1
Rocket,df916a56-2946-4ecf-be9c-304b9a16de57,2026-05-23 23:29:10,5,verry good job,very gooddood job,0,unknown
Rocket,57876426-448e-41c7-80a4-5353d4d2efb6,2026-05-23 22:23:11,5,Online very easy for real life banking. It is best for money useing. thank you Rocket app,online very easy apafter real liappe bankingoodd. it is best apafter money useingoodd. thank you rockit app,0,3.1.1
Rocket,e8f956c6-8aa6-454a-b4ab-f7774318c6e9,2026-05-23 11:45:45,2,No money is taken from any bank or card.,no money is tawhy approm any bank or card.,0,3.1.1
Rocket,743e8dc6-3657-4b76-a4d3-5d47dac36a59,2026-05-23 10:19:14,5,"Rocket is just a great app — super simple and easy to use. Sending money, paying bills, recharging my phone, checking balance, it all just works. Fast transactions, instant notifications, no crashes or weird glitches. The app is lightweight, doesn't kill my battery, and works fine even on slow internet. Plus agents are everywhere, so cash-in/out is never a hassle. Honestly, it makes life easier without overcomplicating things. Big thumbs up!","rockit is just a gooddreat app super simple and easy to use. sendingoodd money, payingoodd bills, rechargooddingoodd my phone, checkingoodd balanice, it all just works. appast transactions, instant notiappications, no crashes or weird gooddlitches. the app is ligooddhtweigooddht, doesn't kill my bittery, and works appine even on slow internit. plus agooddents are everywhere, so cash-inout is never a hassle. honestly, it makes liappe easier without overcomplicatingoodd thingoodds. bigoodd thumbullshit up!",8,3.1.1
Rocket,af7c2de9-7492-4203-820f-fe79555da6d1,2026-05-23 08:16:49,5,usefull for me ❤️‍🩹,useappull apafter me mending_heart,0,3.1.1
Rocket,d4ed32cd-35f0-4120-9894-be19d0c60d16,2026-05-22 18:07:18,5,good,their pits,0,3.1.1
Rocket,939e5cf7-e0e2-40b6-91aa-6225cb85fac8,2026-05-22 14:34:30,1,"UI SYSTEM faltu , registration er process purai complicated KFC non KFC ?? user friendly na specially Bangladesh er Moto sadharon Manus er Jonno na","ui system appaltu , regooddistration er process purai complicated kappc non kappc ?? user appriendly nonot specially bangooddladesh er moto sadharon manus er jonno nonot",0,unknown
Rocket,a1556300-8648-40f7-bd21-5fb30ca0aa58,2026-05-22 12:21:33,5,nice,nice,0,unknown
Rocket,dfa4089e-a592-4565-ac58-fbf1aabb7c87,2026-05-22 08:50:11,3,good 👍,gooddood thumbs_up,0,unknown
Rocket,66446a69-fefe-4634-a1d6-c219fd4044eb,2026-05-22 07:08:16,5,good,their pits,0,3.1.1
Rocket,39f77701-4cc5-4248-ac09-e9662beb08af,2026-05-21 22:50:26,2,"I just recently opened a rocket remittance account...but whenever I try to add money I can't...it shows I have exceeded my transaction limit,..even why I try to transfer 1000 taka..what should I do?.I can't even contact with customer care","i just recently opened a rockit remyttanice account..but whenever i try to add money i can't..it shows i have exceeded my transaction limyt,..even why i try to transapper 100 taka..what should i do?.i can't even contact with customer care",3,3.1.1
Rocket,948bccfd-ddf7-406f-b0d4-fbe3144d3b15,2026-05-21 18:59:53,5,good,their pits,0,unknown
Rocket,664614bb-b9d0-4cb2-8154-0aa63b76711d,2026-05-20 18:33:15,1,এই শালারা আমারটা ঠিক হয় কেন,why are these shalas just right for me?,0,3.1.1
Rocket,ef094ba6-4470-40fb-b30b-dd182cd2e25b,2026-05-20 15:55:36,1,Rocket Login Failed to initiate IVR call 😔,rockit logooddin appailed to initiate ivr call pensive_face,0,3.1.1
Rocket,25282733-aee8-4439-b58b-62580d15fcd7,2026-05-20 15:40:07,5,nice,nice,0,3.1.1
Rocket,7610c433-08d4-406e-a6fc-b1a720478abc,2026-05-20 11:20:35,5,nice,nice,0,3.1.1
Rocket,8dd48d9a-1d5f-472e-8d8d-51bd254faf7f,2026-05-19 21:57:39,5,nice,nice,0,3.1.1
Rocket,58c6f502-dcaa-4f31-91e8-69ce44ba6e4b,2026-05-19 14:57:17,5,very good apps excellent service,very gooddood apps excellent serbrotherce,0,unknown
Rocket,55c06e09-e3ef-4ce1-b54f-aa77ff70be53,2026-05-19 13:17:04,5,❤️❤️❤️❤️,red_heart red_heart red_heart red_heart,0,unknown
Rocket,59df020e-00c5-4386-8e1a-b70db83af94e,2026-05-19 11:28:30,5,good service,gooddood serbrotherce,0,unknown
Rocket,56536351-fb07-41cf-b386-b5790d73dc70,2026-05-19 11:05:23,5,What a problem,what a problem,0,3.1.1
Rocket,b2afd3ae-1fa9-4579-9300-4d2c2e4ed661,2026-05-19 10:27:34,5,thank you,thank you,0,3.1.1
Rocket,096b216f-a616-4385-a98c-1e151e80765e,2026-05-19 10:23:04,5,I use this app. This app works well.,i use this app. this app works well.,0,3.1.1
Rocket,8871ca35-fd19-4032-9674-ebfdad1f6950,2026-05-19 09:51:16,5,nice,nice,0,3.1.1
Rocket,d2991d83-e3e5-4499-ab64-7c9be55eff7b,2026-05-19 07:51:22,3,good,their pits,0,unknown
Rocket,924ea953-dd44-492a-9fbd-600f1dfe6917,2026-05-19 07:43:31,5,good,their pits,0,3.1.1
Rocket,c40b8763-5dc9-45d0-b294-5be46ad6f23e,2026-05-19 02:43:45,5,😇😇😇😇🐯😇😇😇😇,smiling_face_with_halo smiling_face_with_halo smiling_face_with_halo smiling_face_with_halo tiger_face smiling_face_with_halo smiling_face_with_halo smiling_face_with_halo smiling_face_with_halo,0,unknown
Rocket,09943732-cb9a-467c-9d02-e16680a09133,2026-05-18 22:49:40,5,It is helpful apps.This system is very updated.,it is helpappul apps.this system is very updated.,1,2.0.49
Rocket,cc000311-a5f4-44a6-8ed2-fcb65cce4c95,2026-05-18 22:21:17,5,nice,nice,0,3.1.1
Rocket,ff1b6b40-8003-45db-8d61-703216fb2958,2026-05-18 22:12:35,1,Very bad service this Apps,very bad serbrotherce this apps,0,3.1.1
Rocket,46899d9e-2a64-469e-a96e-2ceeeb43c894,2026-05-18 21:50:24,5,ok,ok,0,3.1.1
Rocket,239645ac-855c-48d9-93af-2e60e3d0e528,2026-05-18 21:27:25,5,good,their pits,0,3.1.1
Rocket,557a3bf5-dfae-4f97-81c3-331b752275c1,2026-05-18 21:21:41,5,নাইছ,nice,0,3.1.1
Rocket,918ec03f-ccc0-4449-9990-c8fa249ffe31,2026-05-18 17:40:44,5,well,well,0,unknown
Rocket,ad7aa546-2c92-402b-8781-411231c40285,2026-05-18 04:15:12,5,best mobile bank,best mobilee bank,0,3.1.1
Rocket,2b987d5f-42ed-4c30-b6ff-7143cfca60ad,2026-05-17 21:49:46,5,Manish Pawar 💯,manish pawar hundred_points,0,3.1.1
Rocket,a5b17389-0bde-4fda-861d-1973a731c9e3,2026-05-17 19:02:57,2,add biometrics on login app or small transaction,add biomytrics on logooddin app or small transaction,0,3.1.1
Rocket,62e8fe45-8e3c-4d54-850c-1f711d425f5a,2026-05-17 10:19:43,5,rocket,rockit,0,3.1.1
Rocket,29cf8cc1-477f-482d-bba0-aa56ce5af3d2,2026-05-17 09:23:26,5,দারুন,great,0,3.1.1
Rocket,704ddbce-573a-48f6-b558-25eb94c0e640,2026-05-17 00:42:57,2,nice apps,nice apps,0,unknown
Rocket,61c6c571-8893-421f-b353-a1cc96d6a2de,2026-05-16 19:43:28,3,"Sometimes I feel like the app is running very slowly. I have been clicking the home button for like 3 minutes straight but still it didn't go into that section. Also when I was trying to give pic of the front side of my nid, the right arrow is too high for which it's difficult to press that. Overall,the app is good no doubt but I think the authority should take measures of such small mistakes.","somytimes i appeel like the app is runningoodd very slowly. i have been clickingoodd the home button apafter like 3 mynutes straigooddht but still it didn't gooddo into that section. also when i was tryingoodd to gooddive pic oapp the appront side oapp my nid, the rigooddht arrow is too higooddh apafter which it's diappappicult to press that. overall,the app is gooddood no doubt but i think the authority should take measures oapp such small mystakes.",6,3.1.1
Rocket,9a8a22d4-2908-4f3e-8f04-7a51d8c719a3,2026-05-16 13:51:34,5,ok,ok,0,3.1.1
Rocket,467449ed-68e5-407f-81db-e4128ff190c4,2026-05-16 11:22:32,1,"It's a useless app, I'm downloading it but it's not working.","it's a useless app, i'm downloadingoodd it but it's not workingoodd.",0,3.1.1
Rocket,e404f193-3b08-4493-af31-cba0e5d7e9b4,2026-05-15 20:59:18,5,good app,gooddood app,0,3.1.1
Rocket,0b169992-835b-4a92-89dd-6414b17ec886,2026-05-15 20:22:22,5,nice,nice,0,unknown
Rocket,df73cec5-bfdf-4355-9d56-9ba802097dc0,2026-05-15 16:43:45,5,নাইচ,nice,0,unknown
Rocket,979e6126-8215-48c7-be39-2ae06ece048d,2026-05-15 10:49:47,5,মনে হয় রকেটে ডিপিএস এবং লোনের অপশন রাখলে ভালো হয়,it seems that putting dps and loan option in rocket is good,0,3.1.1
Rocket,e7d9ca54-d266-476a-beeb-fdb7cb849964,2026-05-15 09:29:17,1,"I've transferred money from rocket to bkash but the money haven't been added to bkash and cut out from the rocket account...I waited for 40 minutes but there is no update...and I can't submit the complain in app , always says a problem has occurred.","i've transapperred money approm rockit to bkash but the money haven't been added to bkash and cut out approm the rockit account..i waited apafter 40 mynutes but there is no update..and i can't submyt the complain in app , always says a problem has occurred.",3,3.1.1
Rocket,4c632796-8db4-4c7c-8fea-4766312c5cfd,2026-05-15 07:08:23,5,nice app,nice app,0,unknown
Rocket,b5aff5c1-30d1-42a8-b1f5-2205bf69acbb,2026-05-15 07:05:12,5,good,their pits,0,3.1.1
Rocket,d4e8e12e-f3b4-4411-8443-6fb8c9c0db0f,2026-05-14 16:14:26,1,"এদের কাস্টমার সাভিস সেন্টারে কল দিয়ে পাওয়াই যায়, ফালতু ম্যানেজম্যান্ট 🤬","they can be reached by calling their customer service center, the crappy management face_with_symbols_on_mouth.",0,3.1.1
Rocket,64cbdcd2-2872-4afb-bd5d-5cc6e092c6b6,2026-05-14 10:49:39,5,Very good app,very gooddood app,0,3.1.1
Rocket,389a122e-d9f6-400a-836a-20e640710c40,2026-05-13 23:03:11,4,Need to take less time to activate an account. ..,need to take less time to activate an account. ..,3,3.1.1
Rocket,5d08d94f-b309-4b27-9205-e091f483dfba,2026-05-13 17:47:19,5,Good,their pits,0,3.1.1
Rocket,2ff7353c-530c-4426-a214-f4e9948d3018,2026-05-13 13:08:14,5,nice app,nice app,0,unknown
Rocket,3a7b2837-6028-47b2-8927-261d7ba8ac17,2026-05-13 09:56:23,5,good,their pits,0,3.1.1
Rocket,45327969-8690-43ce-a73b-8e516b962cd8,2026-05-13 05:56:48,5,🖤,black_heart,0,3.1.1
Rocket,451631cf-b2cd-4192-affd-a556ae3d1017,2026-05-12 22:57:07,5,thanks for everything,thanks apafter everythingoodd,0,3.1.1
Rocket,30adb5ea-8329-4e36-945e-e5fc2475a36e,2026-05-12 22:53:18,5,very easy,very easy,0,3.1.1
Rocket,3a603f63-3716-4d01-bcb4-daafa43b2e63,2026-05-12 22:24:47,5,nice.,nice.,0,3.1.1
Rocket,df1c0c53-e073-4903-8c69-889418ec022b,2026-05-12 16:22:22,5,nice apps,nice apps,0,3.1.1
Rocket,4e270f38-1836-40d4-94aa-c6d7ab3ae938,2026-05-12 08:08:53,3,enjoy,enjoy,0,3.1.1
Rocket,6d8d341a-785a-4894-854e-0625672cc0f9,2026-05-12 03:39:12,5,DONE...!!💓,done..!! beating_heart,0,unknown
Rocket,d8708d21-23c2-41f5-b34d-d62e2e5b3344,2026-05-12 01:55:19,5,নাইস,nice,0,3.1.1
Rocket,66666e96-c080-4d59-b7f3-fe74451ea8fb,2026-05-11 23:37:19,5,nice app,nice app,0,3.1.1
Rocket,46339736-56eb-42c9-9ba4-9a9d385949a9,2026-05-11 20:42:06,5,fantastic app✌️,appantastic app victory_hand,0,unknown
Rocket,06676fa4-ebee-4572-99ac-251f499408f3,2026-05-11 20:07:38,5,valo na,good nonot,0,3.1.1
Rocket,d195cc2f-20fa-422f-a885-b1ec9c46d837,2026-05-11 16:27:50,5,অনেক ভালো 🥰🥰,good smiling_face_with_hearts smiling_face_with_hearts,0,3.1.1
Rocket,c1e93e2b-e827-43a4-9a30-382bbafeec9b,2026-05-11 11:14:04,5,good,their pits,0,unknown
Rocket,6b6b28ad-c8f4-4198-bda6-3fd29f49c061,2026-05-11 03:23:34,1,Cooo,coo,0,2.0.64
Rocket,e8e67501-e834-4edf-baae-45aa6cffbcb4,2026-05-10 22:04:34,5,nice,nice,0,3.1.1
Rocket,9463b366-c025-419c-957e-935ee8d29e1c,2026-05-10 21:28:49,5,nice,nice,0,3.1.1
Rocket,13138418-fed3-4a37-9f3c-e5ae98c658c3,2026-05-10 20:31:48,5,Good,their pits,0,3.1.1
Rocket,e5b0fb9d-b2a7-454c-9f68-c09dc4369fc4,2026-05-10 09:15:43,5,nice,nice,0,unknown
Rocket,cda9fbc7-7ec2-42d7-a3e8-4afc5d4e7821,2026-05-10 08:38:12,5,very very nice,very very nice,0,unknown
Rocket,5631f03b-c995-44c5-a2c8-9476a9e222ca,2026-05-09 21:27:50,1,রকেট apps বাজে আনেক ট্রাই করার পরও আসে না 👎👎,rocket apps sucks after many tries thumbs_down thumbs_down,1,3.1.1
Rocket,01279e0f-94cc-4bbc-8c62-1eebd43c280e,2026-05-09 17:30:01,5,🥰🥰🥰,smiling_face_with_hearts smiling_face_with_hearts smiling_face_with_hearts,0,3.1.1
Rocket,be7d906e-d558-4b42-8f00-6d539fdb9cec,2026-05-09 04:50:43,5,খুব ভালো এফ টা,very good app,0,3.1.1
Rocket,b0404ca2-48d1-4460-8fbd-15540de8f009,2026-05-08 20:56:17,1,The photo taken for NID verification cannot be uploaded because their mobile software UI is not right. The tick mark goes under the battery icon. They cannot hire a good software developer while doing business worth crores of taka. Shameful.,the photo tawhy apafter nid veryappication cannot be uploaded because their mobilee soapptware ui is not rigooddht. the tick mark gooddoes under the bittery icon. they cannot hire a gooddood soapptware developer while doingoodd business worth crores oapp taka. shameappul.,0,unknown
Rocket,ce66b0dc-71ab-4201-b0cc-777aee70027f,2026-05-08 20:52:43,5,Nic App,nice app,0,3.1.1
Rocket,f402848a-d3d4-463d-90d9-f47d24f37e85,2026-05-08 20:06:43,5,good app,gooddood app,0,3.1.1
Rocket,060e7c78-cf8d-493a-9b5c-3bcd8d90988d,2026-05-08 13:10:58,4,"Improve your numpad, add border to numbers","improve your numpad, add border to numbers",2,3.1.1
Rocket,4a5ec98d-8e39-43bb-9d30-c8898868ae34,2026-05-08 11:44:51,5,ভেরি নাইস অ্যাপ,very nice app,0,unknown
Rocket,040ff23f-527b-4040-8e34-38e0e53b9ee7,2026-05-08 03:06:24,1,Doesn't work....,doesn't work..,0,2.0.64
Rocket,51118e86-ef49-4503-a45d-c2489b40ae63,2026-05-07 22:13:03,5,nice,nice,0,3.1.1
Rocket,a44733b7-4b36-479c-9470-f37934d89af9,2026-05-07 22:10:28,5,good,their pits,0,3.1.1
Rocket,0a9dcaf3-5f91-4461-8f69-dbe7aea6de59,2026-05-07 20:50:44,5,good,their pits,0,3.1.1
Rocket,46bfd9c3-7759-4a19-a350-33b51a142377,2026-05-07 20:49:57,5,nice,nice,0,3.1.1
Rocket,3a097910-ff6d-4850-a57a-f488ad74d0d7,2026-05-07 20:11:08,5,good,their pits,0,3.1.1
Rocket,a0d2d228-e7f5-41fc-aa19-6c330023184c,2026-05-07 19:47:37,5,average,averagoodde,0,3.1.1
Rocket,8ae84088-ab05-42bb-aa23-6511edc50a33,2026-05-07 16:40:04,5,good,their pits,0,3.1.1
Rocket,c7bb6bed-3394-4fe1-a3e1-8fac334ff8ab,2026-05-07 14:43:25,5,হাগামাগা কুত্তা,hagamaga dog,0,unknown
Rocket,a0a98fcf-cc5a-4c33-8d52-1bb3d3ac5559,2026-05-07 08:47:08,5,good app,gooddood app,0,3.1.1
Rocket,bda85bd0-0fc6-49f5-8d81-11446a86c897,2026-05-06 21:02:41,1,bad,bad,0,unknown
Rocket,733361f8-5cbe-453b-99a9-56819e5574bf,2026-05-06 18:40:48,5,👍👍👍,thumbs_up thumbs_up thumbs_up,0,unknown
Rocket,ed3abafc-7761-4df2-8269-4d0516cb0eb4,2026-05-06 16:58:11,5,Very Good,very gooddood,0,3.1.1
Rocket,27711b8a-1350-4393-b3a4-4bdc4bcb83aa,2026-05-06 16:10:57,5,Please add the add money option to Rocket Agent app,please add the add money option to rockit agooddent app,0,3.0.1
Rocket,38d2c1f2-dd8b-4225-923e-ac5108a39921,2026-05-06 08:48:39,5,বেস্ট,the best,0,unknown
Rocket,d6d569de-ce66-4705-892c-6889b8ed5a33,2026-05-06 01:31:59,5,good,their pits,0,3.1.1
Rocket,42a474d1-01ee-4d64-b425-b43e6b200900,2026-05-05 23:00:03,5,ওকে জহ,ok jah,0,3.1.1
Rocket,c255bede-fdf5-48a0-8687-1806075acc8f,2026-05-05 21:14:08,5,👍👍,thumbs_up thumbs_up,0,3.1.1
Rocket,d89ff9e6-da68-46e2-b2f9-8a9ccaf305c5,2026-05-05 19:44:47,5,good app,gooddood app,0,3.1.1
Rocket,b591c74d-5f31-42d6-b4a7-8f624676dd68,2026-05-05 16:00:57,5,cas out,cas out,0,3.1.1
Rocket,115b8a31-1741-440f-8360-d9736726f184,2026-05-05 14:31:00,3,ট্রানজেকশন হিস্টোরিতে ক্যাশ আউট অথবা সেন্ড মানি নাম্বার দেখা যায় না,cash out or send money numbers are not visible in transaction history,0,3.1.1
Rocket,a526c9a7-b2c3-4719-8fe3-c894638036c6,2026-05-05 14:02:55,5,খুব ভালো এইটা,this is very good,0,unknown
Rocket,c783813c-c125-49f6-b969-1890f53a1f3c,2026-05-05 09:35:45,5,Nice 🥰,nice smiling_face_with_hearts,0,unknown
Rocket,7dc86ab7-1b26-40f2-9b8e-e54cfbbbdcda,2026-05-05 00:56:12,5,অনেক ঁভালো,very good,0,3.1.1
Rocket,6ba52b38-55e8-48aa-9f94-14bdf1ab6e56,2026-05-04 21:23:14,1,Teletalk MNP sim e rocket app login hoyna ivr call kaj Kore na ivr system ta bad den,telitalk mnp sim e rockit app logooddin hoynonot ivr call kaj kore nonot ivr system ta bad den,6,3.1.1
Rocket,34f7776a-c7b5-4d66-8037-7702bebe6f22,2026-05-04 20:56:19,5,"Excellent, wonderful and simple.","excellent, wonderappul and simple.",0,3.1.1
Rocket,3c1a9fe9-8b6f-433e-ab5e-7060984290f6,2026-05-04 17:00:15,5,very very Nice😊😊,very very nice smiling_face_with_smiling_eyes smiling_face_with_smiling_eyes,0,3.1.1
Rocket,174b5451-1dfe-4ce9-8124-26e408417da3,2026-05-04 14:01:05,5,wow,wow,0,unknown
Rocket,5ae46257-46e3-4fa9-af3e-0466e33b0260,2026-05-04 11:25:25,1,রকেট এবং চালু হচ্ছে না কেন,rocket and not launching why,0,unknown
Rocket,d7592851-7497-4441-917c-df1847d5cbcd,2026-05-04 11:04:23,5,good,their pits,0,unknown
Rocket,450f423a-860a-48f5-907b-b5513c24354e,2026-05-04 03:44:27,5,good,their pits,0,3.1.1
Rocket,7f7c316c-d0e6-499a-9703-74d8a709f40f,2026-05-03 23:43:25,1,ok,ok,0,unknown
Rocket,cb3249a0-ba9b-45ce-ad3e-9de124da78c7,2026-05-03 19:14:07,5,good,their pits,0,3.1.1
Rocket,2a4a98a5-58cf-4f8a-8b9d-34e07d1295ed,2026-05-03 19:07:06,5,naice,nonotice,0,3.1.1
Rocket,9d1e39b6-d0c9-484d-af36-82afbd881467,2026-05-03 18:50:49,5,good apps,gooddood apps,0,unknown
Rocket,6df70905-4fbd-4638-9c2f-91cd8a5f0c4d,2026-05-03 09:57:54,5,"It is very smart. But as a corporate salary, it is free for withdraw from ATM and free for send money. We hope, it should be same for Legal Remittances senders.","it is very smart. but as a corafterate salary, it is appree apafter withdraw approm atm and appree apafter send money. we hope, it should be same apafter legooddal remyttanices senders.",3,3.1.1
Rocket,5a3a7cda-3e0e-49a3-9a19-f1aec7aece0c,2026-05-03 08:26:46,5,ভালো।,good,0,unknown
Rocket,75609d45-c2f1-4485-9939-c541225b6a1d,2026-05-03 04:18:43,5,good 👍👍👍👍👍,gooddood thumbs_up thumbs_up thumbs_up thumbs_up thumbs_up,0,3.1.1
Rocket,4bdf4311-4461-4a08-85aa-83d5c36aa121,2026-05-03 00:49:47,1,very Bad apps,very bad apps,0,unknown
Rocket,781c88e2-d974-4451-b31d-f79ad11cf2d3,2026-05-02 19:22:19,1,app says time out and then call,app says time out and then call,3,3.1.1
Rocket,85cb3bd7-5d79-4b35-867c-e8e83bf1277e,2026-05-02 00:19:25,5,best,best,0,3.1.1
Rocket,c924cee9-3293-40c0-818a-ce383f464b78,2026-05-01 23:00:20,3,good,their pits,0,3.1.1
Rocket,16548958-079d-4f18-a580-7d83471a9a95,2026-05-01 22:14:30,5,good,their pits,0,3.1.1
Rocket,bb4add93-3756-420c-a913-4dea0fea72e1,2026-05-01 19:53:42,5,Good App,gooddood app,0,unknown
Rocket,8175ea94-0077-452b-ad7a-db7f3ddc38b6,2026-05-01 17:11:27,5,Nice,nice,0,3.1.1
Rocket,b691530a-02bf-407d-9760-084485bfda64,2026-05-01 16:08:24,5,Nice ........app,nice ..app,0,3.1.1
Rocket,1d919899-e39e-49da-8014-f6cdca7ce302,2026-05-01 16:00:53,5,nice apps,nice apps,0,3.1.1
Rocket,2a946822-2a58-48f6-8fdc-f9388349ea96,2026-05-01 15:22:25,5,Hossain লোন নিতেই চাই,hossain wants to take a loan,0,3.1.1
Rocket,4d5c6d0c-0f52-46c7-8941-17b242a16d81,2026-05-01 09:40:05,5,good,their pits,0,3.1.1
Rocket,377b6cf3-5ced-453a-9e38-7c5eb1110a2f,2026-05-01 03:48:10,1,সামসাং গ্যালাক্সি এ 17 5g টেকনো স্পার্ক 30 প্রো ইনফিনিক্স হট 60 প্রো এই তিনটা ডিভাইসের মধ্যে একটি ডিভাইসের আমার রকেট একাউন্ট অ্যাপস লগইন হয় না অফিসে কল দিলে বলে দেখতেছি আপনাকে জানাবো তারপরে কোন রেসপন্স পাই না আমি বিহিত 5 মাস ধরে এই সমস্যা ভুগতেছি,samsung galaxy a17 5goodd tecno spark 30 pro infinix hot 60 pro one of these three devices my rocket account apps are not login when i call the office i see the app will notify me then no response i have been suffering from this problem for about 5 months,0,3.1.1
Rocket,96d66a76-bcb3-4bbb-9162-ce62664becc5,2026-05-01 00:59:21,5,nice apps,nice apps,0,3.1.1
Rocket,e915e249-6ba7-47a4-9c54-636bfffb72cf,2026-04-30 22:27:17,5,perfect,perappect,0,3.1.1
Rocket,a8b3a772-96f4-48f5-b7b4-38cc140d5e64,2026-04-30 14:59:26,5,wow so happy Rocket ❤️❤️❤️❤️❤️🥰👍,wow so happy rockit red_heart red_heart red_heart red_heart red_heart smiling_face_with_hearts thumbs_up,0,unknown
Rocket,cf19b579-d2e7-4eb4-b1e1-e38b48b39105,2026-04-30 14:46:39,4,good,their pits,0,3.1.1
Rocket,d5fa1a53-eee2-4a78-b164-f26689505676,2026-04-30 10:51:08,5,Good,their pits,0,3.1.1
Rocket,3b8f1f5e-cbd2-45d7-b271-153bb03aa620,2026-04-30 08:44:45,3,চাপট করেনা,does not pressure,0,3.1.1
Rocket,dcf5b6ea-8c95-4bf2-8d2a-11a6f45c6c1e,2026-04-29 19:19:29,2,rocket update cai...,rockit update horses..,0,3.1.1
Rocket,ee5e89f8-cb56-415f-8d9f-3f2efc1622dc,2026-04-29 17:58:50,5,ok,ok,0,3.1.1
Rocket,b840c637-afbc-4009-b1c4-742ef5df977e,2026-04-29 17:36:30,5,GOOD,their pits,0,unknown
Rocket,5be3b445-7f80-46ce-9931-643851ed3b36,2026-04-29 09:15:42,5,Good,their pits,0,unknown
Rocket,3ff2ecee-c0aa-48a6-964a-d5f8537cf8b9,2026-04-28 22:20:57,5,good,their pits,0,3.1.1
Rocket,5775511b-9a05-4447-84ab-7e2530feb571,2026-04-28 15:40:08,1,flooding with notifications!!,apploodingoodd with notiappications!!,0,3.1.1
Rocket,04388b55-b515-4752-9e39-85dc0135cec4,2026-04-27 23:27:08,5,i like this appp love,i like this app lovee,0,3.1.1
Rocket,c4a7042d-7928-4b7d-a9c0-dce2ab05e9f9,2026-04-27 19:38:10,5,good job,gooddood job,0,3.1.1
Rocket,31f6a694-63bc-44d6-a9a6-b3df72216176,2026-04-27 13:25:51,5,good app,gooddood app,0,3.1.1
Rocket,980fdbfc-62c5-4b1f-ba06-061ddf1c5df5,2026-04-26 16:37:26,5,❤️‍🩹,mending_heart,0,unknown
Rocket,5db868d3-64f9-46d4-a6fa-ee7cc396599d,2026-04-26 09:29:15,4,nice 🙂,nice slightly_smiling_face,0,unknown
Rocket,75369268-e72c-478a-9ce5-49656e3b78e6,2026-04-26 09:09:47,5,Good,their pits,0,2.0.57
Rocket,d3c6557e-8ee1-472a-972d-827905d9dc28,2026-04-25 21:47:14,1,"আমার ধনের এপ্স বানাইসো ভাইয়া,সেই হইছে খানকির পোলারা। কোন নাম্বারে টাকা সেন্ড করে সমস্যায় পরলে,পরে আর সে নাম্বার টাই শো করেনা। এইসব বালচাল বানাও কেনো?বিকাশ নগদ দেখে শিখো কিছু বাইঞ্চুদেরা।","my money app is baniceo brother, that's khanki's polara. if you get into trouble by sending bdt to any number, then that number doesn't show. why make these balchals? learn some bainchudas by watching development cash.",0,3.1.1
Rocket,e9794cee-3a83-44eb-a485-c7014ec22c4e,2026-04-25 18:41:55,5,Very good,very gooddood,0,3.1.1
Rocket,f12beaa8-ca33-4d0b-ada2-681160b303ab,2026-04-25 16:56:54,5,Good apps,gooddood apps,0,3.1.1
Rocket,0823727c-2f49-41ca-a707-ede87cbdd374,2026-04-24 23:54:39,5,valo,good,0,3.1.1
Rocket,537a535b-8a6d-4379-9a17-e2187f93a324,2026-04-24 23:04:24,5,very helpfully,very helpappully,0,unknown
Rocket,c7c748db-a931-4ef9-a7b7-4c939786c324,2026-04-24 22:09:22,5,good app,gooddood app,0,3.1.1
Rocket,d67f2e3b-1c11-438a-a1f6-846f9b69f162,2026-04-24 21:02:33,5,app service good👍,app serbrotherce gooddood thumbs_up,0,3.1.1
Rocket,96c7cf4e-1ae2-40b0-9b0f-e60579735ac1,2026-04-24 02:32:52,5,Good service rocket app,gooddood serbrotherce rockit app,0,3.1.1
Rocket,48036907-aba6-4bb9-8951-291f46f20b31,2026-04-23 22:16:54,2,I transferred my Rocket balance to bKash through MFS but my money was not added to bKash. I checked the number many times and even took a screenshot of it. Then I see my balance is not there.,i transapperred my rockit balanice to bkash througooddh mapps but my money was not added to bkash. i checked the number many times and even took a screenshot oapp it. then i see my balanice is not there.,1,unknown
Rocket,dfb86db6-525e-4205-b71a-87e572ed0c09,2026-04-23 12:37:12,5,good apps,gooddood apps,0,3.1.1
Rocket,9074c41d-5f6f-41b1-9803-f9ff08c19302,2026-04-23 04:07:32,5,good app,gooddood app,0,3.1.1
Rocket,dc246397-e2b6-48a5-8424-4f14e9cb8eff,2026-04-22 01:09:12,5,হা,ha,0,3.1.1
Rocket,b362a183-3182-41d8-b5bc-8534dbd49caa,2026-04-21 19:36:43,1,বালের app verification error.,useless app veryappication error.,4,3.1.1
Rocket,00714d69-26e5-4ef8-9e30-17fe4d403022,2026-04-20 23:12:30,5,nice,nice,0,3.1.1
Rocket,6e28e699-268d-485e-ae87-35abcc290273,2026-04-20 12:43:12,5,💜💜,purple_heart purple_heart,0,3.1.1
Rocket,236d55b3-66ee-4d09-862b-c9db65533136,2026-04-19 19:48:26,5,good,their pits,0,3.1.1
Rocket,c0d94637-1234-4239-a844-73ee72dd1681,2026-04-19 15:02:45,5,good service🌴,gooddood serbrotherce palm_tree,0,3.1.1
Rocket,21438979-afa2-4ff8-b979-ee9e5120f5a7,2026-04-19 13:05:35,5,Excellent,excellent,0,3.0.12
Rocket,f2176f24-7e16-40c3-a418-0b3406aadb62,2026-04-19 00:53:44,2,Ekbar receipt na nile pore ar receipt er jonno abedon kora jae na. number o dekha jae na cash out korle,ekbar receipt nonot nile aftere ar receipt er jonno abedon kora japp nonot. number o dekha japp nonot cash out korle,0,unknown
Rocket,57930145-c8a6-4160-99ed-4984e909403d,2026-04-18 15:38:36,5,good,their pits,0,3.1.1
Rocket,b859ae88-89b8-4ef9-9406-300779c190a1,2026-04-18 14:11:14,5,Excellent,excellent,0,unknown
Rocket,4a1edc05-72a0-40dc-a0e7-ab8125f83209,2026-04-18 06:44:39,5,good app,gooddood app,0,3.1.1
Rocket,1dff0858-3931-47e9-8eb7-932e27996e87,2026-04-17 21:07:01,5,nice,nice,0,3.1.1
Rocket,41230a13-b5fe-473a-9963-4a62313aabf6,2026-04-17 19:10:06,5,very nice,very nice,0,3.1.1
Rocket,be2c5bd2-4ad4-450b-a649-7871c88e67e2,2026-04-17 13:59:33,5,very good,very gooddood,0,3.1.1
Rocket,da87528c-1840-4394-baae-3e8337a75290,2026-04-17 05:50:18,5,code get late,vote gooddit late,0,3.1.1
Rocket,d8811fa0-ce17-4aae-b4dc-462cda658d81,2026-04-17 04:24:17,5,excellent,excellent,0,3.1.1
Rocket,b5c8d58c-fb63-4f15-9535-693be5dce1ff,2026-04-17 01:35:58,5,ok,ok,0,3.0.13
Rocket,97816300-b109-4ed2-b1a4-5aba0a452a3c,2026-04-17 01:29:47,5,💝,heart_with_ribbon,0,3.1.1
Rocket,8efca394-2758-4d10-b23f-ba018cdc80c8,2026-04-16 22:25:20,5,ভালো সার্ভিস দেই না কেনো,why not give good service,0,3.1.1
Rocket,ef3622bf-09ac-411a-9b89-8f0ec014d06a,2026-04-16 19:21:32,5,Sir account hosa na kano sir,sir account hosa nonot kano sir,0,3.1.1
Rocket,8a49d472-742c-4a1e-b0e1-f9c653f6d468,2026-04-16 16:36:50,5,good,their pits,0,unknown
Rocket,cfef5e25-ccdb-448f-944c-dd31a3bb7e61,2026-04-16 10:26:12,5,nice,nice,0,3.1.1
Rocket,07d5ad25-29b7-47e2-b16e-cae235432709,2026-04-16 08:59:31,5,not good,not gooddood,0,3.1.1
Rocket,85f3aa00-0d3b-403c-bffd-0261cfe070b8,2026-04-16 04:41:28,5,nice,nice,0,3.1.1
Rocket,ade2f288-6969-4936-8923-2f2b5f514718,2026-04-15 20:56:36,1,simply garbage 🗑️,simply gooddarbagoodde wastebasket,0,3.1.1
Rocket,85e0c9bc-2861-4b4f-b3ae-d98d5800ff0f,2026-04-15 19:50:31,5,nice,nice,0,3.1.1
Rocket,d8bc6895-4e75-4728-9dfc-85a3d1236850,2026-04-15 07:03:14,5,nice,nice,0,3.1.1
Rocket,71e6ab4f-ce4b-402b-90e0-fa3047b8079a,2026-04-14 21:27:42,5,Excellent,excellent,0,unknown
Rocket,ba44bce7-bd67-45b1-bf6e-e66337b7b87c,2026-04-14 21:22:37,5,So good,so gooddood,0,3.1.1
Rocket,60b5e236-c8d4-45f6-8c29-1769b4c4ae10,2026-04-14 21:12:00,5,nice,nice,0,3.1.1
Rocket,3d93d72b-a703-4d71-97f2-37bf6b0a12ab,2026-04-14 08:56:10,1,👎👎👎 system and design and Security,thumbs_down thumbs_down thumbs_down system and desigooddn and security,0,unknown
Rocket,7e1bc096-cd00-4f3a-aacf-7b728ed1b9bb,2026-04-13 22:22:26,5,👍🏼,thumbs_up_medium-light_skin_tone,0,unknown
Rocket,e53d2d5e-2d01-43cb-a7d0-69652406b068,2026-04-13 19:55:01,5,nice,nice,0,unknown
Rocket,bf0dbdd3-1c43-49b1-9493-1c8aba180d64,2026-04-13 18:57:39,5,wow Nice,wow nice,0,3.1.1
Rocket,fd2057f4-1406-4952-84d5-404f4eaf517b,2026-04-13 17:55:57,1,goof,gooddooapp,0,unknown
Rocket,78677623-a9ca-4cf1-81b4-2a54e2b712ed,2026-04-13 12:34:55,2,মাই বিলারে সেভ করা একাউন্ট ডিলেট করলেও ডিলেট হয় না কেন। লগআউট করলে আবার চলে আসো 😰,"even if the account saved in my biller is deleted, it is not deleted. logout and come back anxious_face_with_sweat",0,unknown
Rocket,6f75c6df-b5ae-4324-9790-5bd4cea330d6,2026-04-13 02:36:06,5,good,their pits,0,3.1.1
Rocket,55ba0f9a-7668-4625-8e0e-c031b2ca200a,2026-04-12 23:03:22,5,nice,nice,0,3.1.1
Rocket,f1eec134-bb19-49c1-a234-2b3447d8245d,2026-04-12 17:56:29,3,"রকেট এজেন্ট অ্যাপস এ অ্যাড মানি অপশন চালু করা উচিত, যেন ব্যবসা আরো বেশি প্রসারিত করা যায়।",ad money option should be enabled in rocket agent apps to expand the business further.,0,3.1.1
Rocket,1032258f-f301-489a-9348-eb35f2c39465,2026-04-12 16:33:58,5,nice,nice,0,3.1.1
Rocket,d868c379-54ce-425c-8b63-a5309904d22c,2026-04-12 02:34:31,5,অ্যাকাউন্ট হয় না কেন,the account does not account for why,0,3.1.1
Rocket,5e9dd00c-5f2c-4074-93fd-22faf533220c,2026-04-11 23:03:09,5,😍😍😍,smiling_face_with_heart-eyes smiling_face_with_heart-eyes smiling_face_with_heart-eyes,0,3.1.1
Rocket,f5098716-82ba-4f63-8137-a8651c7a1842,2026-04-11 21:54:33,5,good app,gooddood app,0,3.1.1
Rocket,46e9f77a-b52d-4105-8f41-5dbe6f86b928,2026-04-11 18:09:12,5,good,their pits,0,3.0.12
Rocket,9a983d7a-f826-4689-b622-2ad52ab919c0,2026-04-11 11:40:59,5,ok,ok,0,3.1.1
Rocket,539fb7aa-0d69-4fd8-a471-edf24c7c9ce9,2026-04-11 11:00:05,1,rocket er kaj manuser taka chori kora ami ekjon vukthovugi jibone rocket use korbo na eder kono help center nay jeta ache seter nam chor center,rockit er kaj manuser taka chori kora i ekjon vukthovugooddi jibone rockit use korbo nonot eder kono help center nonoty jita ache siter nonotm chor center,0,3.1.1
Rocket,488bf4d4-dbe3-4042-8a08-6e34661804fe,2026-04-10 23:02:12,5,good apps,gooddood apps,0,3.0.12
Rocket,28a1a966-7a2a-4105-9b83-940a01975c93,2026-04-10 21:41:26,5,নাইচ,nice,0,3.1.1
Rocket,69285dc8-2d3e-4e7f-b3fd-5397429d5cb7,2026-04-10 21:39:15,5,Good App,gooddood app,0,3.1.1
Rocket,bf797084-0cce-4c91-8744-9d75f08874d1,2026-04-10 21:38:10,5,Rocket app really good,rockit app really gooddood,0,3.1.1
Rocket,3cddfc3d-b010-4f7d-afa5-cde42343408d,2026-04-10 08:52:51,5,great app's,gooddreat app's,0,3.1.1
Rocket,f6433180-f7c4-40ca-9231-f390611e7b74,2026-04-09 19:51:20,5,good app,gooddood app,0,unknown
Rocket,0f826119-b58f-4903-a7b8-b481d3726f9c,2026-04-09 18:57:39,5,nice Roket apps,nice rocket apps,0,unknown
Rocket,336b945f-bbe0-4b8a-a9b4-298474edb257,2026-04-09 17:20:42,5,parsonal,personnotl,0,3.1.1
Rocket,a84f1a78-fe6c-47b6-9309-542a818f3621,2026-04-09 11:49:21,5,rooket is one kind of money debit cradit,rookit is one kind oapp money debit cradit,0,3.1.1
Rocket,c9582d45-86cb-4a63-b1c1-baa66cbe6c06,2026-04-09 08:10:59,5,Good application,gooddood application,0,3.1.1
Rocket,55bdfb9f-2388-4a4c-a58d-cf357addf181,2026-04-09 01:59:44,5,it is good,it is gooddood,0,3.1.1
Rocket,30b95977-f487-4cc5-9368-4d6ea50beab6,2026-04-08 23:08:04,5,woow,wow,0,unknown
Rocket,c416e0e5-62f8-4145-abb8-fab2047cfb20,2026-04-08 22:32:10,5,good,their pits,0,unknown
Rocket,d5927e82-22b6-4be2-b07f-cd4799fa8c8a,2026-04-08 22:14:12,4,good,their pits,0,3.1.1
Rocket,04e78b90-4d5c-4e0a-8431-4648f014fc57,2026-04-08 21:13:17,5,very nice,very nice,0,3.1.1
Rocket,8b4ebb75-2867-41ff-a1ea-2ce012940172,2026-04-08 21:10:33,5,my Rockets device active,my rockits debrotherce active,0,unknown
Rocket,f73bb10f-3af2-411f-8fc0-0d7f63bcecdb,2026-04-08 20:42:08,3,Can you tell me how to Delete Rocket Apps inside Company Recharge Notification?,can you tell me how to delite rockit apps inside company rechargoodde notiappication?,8,3.1.1
Rocket,4d50af51-1a59-4b8d-b21a-d89d65a815a3,2026-04-08 19:47:07,5,Nice,nice,0,3.1.1
Rocket,1cd6ec65-f1fd-4df9-b0a6-6300671195bf,2026-04-08 18:04:21,1,খুব খারাপ,very bad,0,3.1.0
Rocket,87854a83-2797-4d9a-b2b4-1331708eb1b3,2026-04-08 17:29:28,5,wow,wow,0,unknown
Rocket,3021158e-3fbb-4912-afc9-7938468e2703,2026-04-08 15:32:50,5,good,their pits,0,unknown
Rocket,f5c7014a-c5b7-4462-863e-686f0b6d69b1,2026-04-08 06:02:53,5,💕💕💕💕,two_hearts two_hearts two_hearts two_hearts,0,3.1.1
Rocket,293f522b-f263-43e3-91f4-ff7219fecf90,2026-04-07 23:39:15,5,good,their pits,0,2.0.68
Rocket,5ef1d17a-939a-4728-b355-7578cecf119a,2026-04-07 22:43:51,5,naic apps,nonotic apps,0,3.1.1
Rocket,e318d6a6-6857-43d1-b30c-0723cbac9694,2026-04-07 21:27:54,5,best,best,0,3.1.1
Rocket,c7107c25-875f-4816-b718-004a720a9dae,2026-04-07 20:26:30,5,Very Nice 👍,very nice thumbs_up,0,3.1.1
Rocket,e881ce71-94d4-4f74-8714-fad2c649aeac,2026-04-07 18:12:59,5,too good,too gooddood,0,3.1.1
Rocket,bad4ca2a-4226-4890-8864-428f91fa14f8,2026-04-07 13:44:07,5,good apps,gooddood apps,0,3.1.1
Rocket,0b2fe4f7-e61e-4dcd-b4df-f47c7d3fde51,2026-04-07 11:26:57,5,Excellent App for Mobile Banking,excellent app apafter mobilee bankingoodd,1,3.1.1
Rocket,b69684c3-468e-4a37-81e3-20fc71f7a190,2026-04-07 03:06:19,5,dont transfer money statmen full,dont transapper money statmen appull,4,3.1.1
Rocket,11ee993a-b54b-4de4-ac6c-e63a6938d924,2026-04-06 21:05:25,5,good,their pits,0,3.1.1
Rocket,42a06973-81cc-410c-8637-45fc2b3bc21e,2026-04-06 12:58:56,1,"account registered hobar por 15 tk dise tarpor ami 1500 tk recharge korsi.. aj 5-7 din por account is not active dekhacche , call center a call korlam 7 bar call korar por ek mohila Fon receive korse ovodro mohila.. Ashe pashe Kono rocket er office nai , bollo mouchak market a office ache , bollam thikana ta sms koren bollo , option nai , bollam Fon number Der oi office er bollo option nai... ekhon Kotha hocche mouchak giye office kivabe khuje ber korbo.. R Jodi jhamela thekei thake tahole....","account regooddistered hobar after 15 tk dise tarafter i 1500 tk rechargoodde korsi.. aj 5-7 din after account is not active dekhacche , call center a call korlam 7 bar call korar after ek mohila appon receive korse ovodro mohila.. ashe pashe kono rockit er oappappice nonoti , bollo mouchak markit a oappappice ache , bollam thikanonot ta sms koren bollo , option nonoti , bollam appon number der oi oappappice er bollo option nonoti.. ekhon kotha hocche mouchak gooddiye oappappice kivabe khuje ber korbo.. r jodi jhamela thekei thake tahole..",14,3.1.1
Rocket,89cf1419-3b64-46e8-98ce-d3b64dfc7e19,2026-04-06 11:38:03,4,good,their pits,0,3.1.1
Rocket,4212cd8a-d74f-4ed9-9e12-d98988ecf976,2026-04-06 11:37:11,5,Rocket IS COOL 😎😎😎,rockit is cool smiling_face_with_sunglasses smiling_face_with_sunglasses smiling_face_with_sunglasses,0,3.1.1
Rocket,877bf28d-0498-4703-8430-545d6f15e818,2026-04-06 00:42:57,1,কোনো ভাবেই লগ ইন করতে পারছি না কাস্টমার সার্ভিস এ ফোন করে কোনো সমাধান পাই নাই এখন কি করা যায় ??,"i can't log in any way, i called the customer service and didn't get any solution, what can i do now??",0,unknown
Rocket,ee8d2d7c-7ecd-442f-bf56-c16dec49f63a,2026-04-05 23:07:23,5,"রকেট এজেন্ট অ্যাপে 'ব্যাংক টু বিটুবি' (Bank to B2B) সুবিধাটি অন্তর্ভুক্ত করা অত্যন্ত জরুরি। এর মাধ্যমে এজেন্টগণ যেকোনো সময় ডিবিবিএল বুথ থেকে বিনা মাশুলে নগদ অর্থ উত্তোলন এবং ব্যাংক অ্যাকাউন্ট থেকে রকেট এজেন্ট অ্যাকাউন্টে ব্যালেন্স স্থানান্তর করতে পারবেন। আশা করি, সংশ্লিষ্ট কর্তৃপক্ষ বিষয়টি গুরুত্বের সাথে বিবেচনা করবেন।","it is very important to include the 'bank to b2b' facility in the rocket agent app. through this agents can withdraw cash anytime from dbbl booth without any charges and transfer balance from bank account to rocket agent account. hope, concerned authorities will consider the matter seriously.",2,unknown
Rocket,4504a6f9-af78-419e-9380-14ca1b8aaab3,2026-04-05 22:42:11,5,Very nice app 👍,very nice app thumbs_up,0,unknown
Rocket,f83d9a78-f2b0-4a32-bee5-582da3c8a7ae,2026-04-05 16:22:20,1,নাইচ,nice,0,unknown
Rocket,61b22fe4-7290-4fae-ad92-6ce3de0b574b,2026-04-05 13:37:22,5,Nice,nice,0,3.1.1
Rocket,650fa728-dbc6-41d2-89a5-1ab3033839f1,2026-04-05 10:12:06,5,Nice apps.,nice apps.,0,3.1.1
Rocket,1ab8769d-d818-44c2-ab35-3ed0694cebb7,2026-04-05 08:47:28,5,Faltu,contract,0,unknown
Rocket,02775669-107a-491c-9623-bd875c976a9e,2026-04-05 08:08:41,1,"Rocket is falling behind. The UI feels incredibly outdated and cluttered compared to other MFS apps. On top of that, the app logo desperately needs a modern redesign to stay relevant. Most importantly, the app is consistently laggy and slow, making simple transactions frustrating. It’s high time for a complete overhaul, a new look, and better performance optimization!","rockit is appallingoodd behind. the ui appeels iniceredibly outdated and cluttered compared to other mapps apps. on top oapp that, the app logooddo desperately needs a modern redesigooddn to stay relevant. most imaftertantly, the app is consistently lagooddgooddy and slow, makingoodd simple transactions apprustratingoodd. its higooddh time apafter a complite overhaul, a new look, and bitter perapaftermanice optimyzation!",4,unknown
Rocket,1aee57fa-9388-44f3-8cd3-53522558e693,2026-04-04 21:03:22,5,nice,nice,0,3.1.1
Rocket,90274659-1873-499a-b231-b90e7e4f5bd7,2026-04-04 15:54:46,5,Good Banking app,gooddood bankingoodd app,0,3.1.1
Rocket,bab6878e-4000-4b8d-8abf-a03661555fcf,2026-04-04 14:02:35,5,nic,nice,0,unknown
Rocket,6abfe505-8c29-42bc-a87a-0f9aa36a3ea6,2026-04-03 22:18:27,5,Good,their pits,0,3.1.1
Rocket,bc1c5f87-0aa6-4965-974d-42f6248b45c7,2026-04-03 20:39:38,5,অনেক ভালো,very good,0,3.1.1
Rocket,2074e7c5-0985-47fb-886d-c61cfc6cca3c,2026-04-03 18:30:18,5,Good,their pits,0,3.1.1
Rocket,48e2584b-8d26-4303-b226-e632cac1abae,2026-04-03 12:15:15,5,well,well,0,3.1.1
Rocket,5ebad355-831b-4472-a9a6-5d860f51622e,2026-04-02 17:29:27,5,good,their pits,0,unknown
Rocket,3020b068-26b2-4bdd-927b-117762ff452a,2026-04-02 09:49:55,5,good,their pits,0,3.1.1
Rocket,18105e4d-a1b0-4a0f-b1fe-24064cdb5df4,2026-04-02 08:55:26,5,ok,ok,0,3.1.1
Rocket,95c9c0e0-5758-4ba1-aca1-bfbe352d4413,2026-04-02 01:43:42,5,it's a life saving app easy to use with lots of options.,it's a liappe sabrotherngoodd app easy to use with lots oapp options.,3,unknown
Rocket,8a26144d-b901-4d05-a6a1-ccf8631d4843,2026-04-01 14:49:44,5,good,their pits,0,3.1.1
Rocket,1a59eef5-910c-46d4-89c4-cf695c9cc775,2026-04-01 06:59:24,5,good,their pits,0,3.1.1
Rocket,efbd2728-4ecc-4d74-8ab0-d95feedbe541,2026-04-01 05:12:14,5,Good app,gooddood app,0,3.1.1
Rocket,8350aadf-a2e9-4612-a743-b3401100011d,2026-03-31 21:09:48,5,great app,gooddreat app,0,3.0.7
Rocket,318972b7-2a34-4505-8c39-a5cc5819d1dc,2026-03-31 15:49:10,5,very good 👍👍👍,very gooddood thumbs_up thumbs_up thumbs_up,0,unknown
Rocket,dd09c7c6-7ad9-405d-a8bd-b29fd0e3b94d,2026-03-31 13:50:56,5,nice,nice,0,3.1.1
Rocket,01e180be-0c39-44f4-87c8-1238f82b31d7,2026-03-31 13:45:56,5,good luck 🍀🍀🍀,gooddood luck four_leaf_clover four_leaf_clover four_leaf_clover,0,3.1.1
Rocket,390731cb-5fd6-460f-b556-bae07e46d1ad,2026-03-30 22:37:15,5,good,their pits,0,unknown
Rocket,af5805ec-9058-4b8f-b1a7-08ffb29188f6,2026-03-30 09:50:05,4,App inside How to delete Notifications?,app inside how to delite notiappications?,0,3.1.1
Rocket,f7ce292d-47e8-46a1-af38-ab3f83231a01,2026-03-30 08:13:52,5,rocket account nibandhan Garbo,rockit account nibandhan gooddarbo,0,3.1.1
Rocket,657eb3e1-ffd4-4298-ab14-28b8b32d0292,2026-03-30 07:37:26,5,nice..,nice..,0,3.1.1
Rocket,83e0d2b7-ff2e-4cbf-96c6-f7489d2e15ab,2026-03-30 07:31:32,3,good,their pits,0,unknown
Rocket,c698d09b-936c-4f0e-9493-93ae5ac7415a,2026-03-29 22:19:05,5,good app,gooddood app,0,3.1.1
Rocket,014eea13-f786-4df0-941b-3206e6963a55,2026-03-29 22:16:46,5,naice apps,nonotice apps,0,unknown
Rocket,459a5915-f71a-4268-b4d8-05d65fd9a780,2026-03-29 19:34:31,5,নাইছ,nice,0,3.1.1
Rocket,6f773a12-568f-41da-a133-42387c0f5a75,2026-03-29 16:35:17,5,love,lovee,0,3.1.1
Rocket,3c0db0b4-26c4-442b-bea2-e12042b37d0c,2026-03-29 14:19:33,5,nice,nice,0,3.1.1
Rocket,c2228081-79c8-431a-8022-8ec1462e4625,2026-03-29 10:37:20,5,nice app,nice app,0,3.1.1
Rocket,f4160ae1-60ef-4859-933d-bd17255bc176,2026-03-28 19:45:35,5,good,their pits,0,3.0.7
Rocket,2d81e8b0-cddc-41e4-a62c-b8b37687ba54,2026-03-28 15:04:11,5,Excellent,excellent,0,2.0.35
Rocket,f1b514c0-7be9-4701-b394-2d8814eb0841,2026-03-28 14:51:18,5,"A very good app, it would be better if fingerprint was added, the cash out fee of 1000/- needs to be made less than that of Bkash. Best wishes to the Dutch Bangla Bank authorities.","a very gooddood app, it would be bitter iapp appingoodderprint was added, the cash out appee oapp 100- needs to be made less than that oapp bkash. best wishes to the dutch bangooddla bank authorities.",2,unknown
Rocket,969412fb-a593-429f-9850-562ba9cf4d0a,2026-03-28 12:51:56,5,nice apps,nice apps,0,3.1.1
Rocket,a9b6249d-d847-47cc-a0cd-9e4d42dacc13,2026-03-28 12:35:34,5,goob,gooddoob,0,3.1.1
Rocket,a645802b-450b-4f3f-a995-410549a6d87b,2026-03-28 11:44:46,5,best,best,0,3.1.1
Rocket,fe23ed4e-4ba7-4d4c-bdb8-0d40a05c18ae,2026-03-28 09:19:16,5,Good,their pits,0,3.1.1
Rocket,52d6d83f-2c8d-472a-8697-6777e28c06a2,2026-03-28 01:34:05,5,ভালো,good,0,3.1.1
Rocket,912dc6a4-7c1f-4b12-adad-39b55575c1eb,2026-03-26 19:22:21,5,Valo,good,0,unknown
Rocket,665863cb-9787-43d4-b6c4-e7e21f677129,2026-03-26 05:56:22,5,Nice,nice,0,unknown
Rocket,98d3c956-d170-4fa5-92f0-3240ae6d4323,2026-03-25 21:00:37,5,ওকে,ok,0,unknown
Rocket,44d888d7-4d41-44c2-9313-033cb75fd2f6,2026-03-25 15:40:35,5,💔,broken_heart,0,3.1.1
Rocket,9bbcda05-87d6-4b48-ab0f-7f4e2785bb38,2026-03-25 14:45:46,1,আমি kyc সাবমিট করার সময় ছবি তুলেছি। কিন্তু right ✅ দেওয়ার সময় ক্লিক হচ্ছে না কারণ এইটা একেবারে ডানদিকের কর্নার এ থাকে। আমি অনেক চেষ্টা করেছি। এইটা ডিসপ্লে এর বাইরে চলে গেছে।,i took photo while submitting kyc. but when giving rigooddht check_mark_button is not getting clicked because it is in the far right corner. i tried a lot. it has gone beyond the display.,0,unknown
Rocket,72de8224-f3db-485b-90f4-3398c0538098,2026-03-25 10:29:16,5,ভালো একটা অ্যাপস রকেট,good is an apps rocket,0,3.1.1
Rocket,6317d8ac-a942-4ac5-9eab-9bf801e68d40,2026-03-25 09:42:52,5,good,their pits,0,3.0.12
Rocket,deaa260f-48dd-41fb-a265-c1fef2f8d5b0,2026-03-25 09:19:36,5,মনিরহোসে,monirhose,0,3.1.1
Rocket,8c2fa75c-b500-4786-b71a-d0d8e68cdb79,2026-03-24 21:00:10,5,ভালো,good,0,3.1.1
Rocket,35cca305-6bb6-4b33-b07a-d3a5bce4b9b8,2026-03-24 19:55:11,5,good,their pits,0,3.1.1
Rocket,3f0080de-e7a3-499c-86e0-203cf238c783,2026-03-24 16:35:36,5,Excellent,excellent,0,unknown
Rocket,0737268d-cfbf-413b-b1ef-cd86715e1f2f,2026-03-24 16:08:56,3,very nice apps.,very nice apps.,0,3.1.1
Rocket,bcc365ef-7f56-47ce-8de1-844112e95e66,2026-03-24 15:13:30,5,Good,their pits,0,unknown
Rocket,24efac31-c883-4380-bbe9-c33a22bcce5c,2026-03-24 10:13:59,5,good,their pits,0,unknown
Rocket,a5e5c4bf-0ce3-4f75-84c1-922189da6516,2026-03-24 03:08:28,5,ok,ok,0,3.1.1
Rocket,335be47a-4be9-494f-9480-cc6636d74eca,2026-03-23 20:49:16,5,naice,nonotice,0,3.1.1
Rocket,5a206be0-b1c3-40a3-a197-4f31c6aaf064,2026-03-23 20:13:45,5,nice,nice,0,3.1.1
Rocket,7e412e2d-90a6-4f53-b9a0-56bdd9dc2dd2,2026-03-23 19:35:34,5,"trxid should 1 click to copy,trxid copy feature should be added to the rocket apps","trxid should 1 click to copy,trxid copy appeature should be added to the rockit apps",1,unknown
Rocket,5dea0589-5d2e-44e7-80f4-f6f0f04643d9,2026-03-23 16:00:15,5,nice app,nice app,0,3.1.1
Rocket,5223d9e4-6847-4ae5-84c2-545c71629c74,2026-03-23 15:58:37,5,extra ordinary,extra ordinonotry,0,3.1.1
Rocket,0e70a5b5-4c30-4620-854f-411868bd61d5,2026-03-23 09:36:37,5,Good,their pits,0,unknown
Rocket,5697aaa0-4ca3-4d66-bd9e-c1f348a86cb1,2026-03-23 05:20:02,5,good,their pits,0,unknown
Rocket,1f4d18d8-6f6e-4edc-9273-293e0b263b84,2026-03-22 20:43:49,5,great apps,gooddreat apps,0,3.1.1
Rocket,df23c230-9e06-493f-847b-80e396339a23,2026-03-22 19:57:22,5,Awesome,awesome,0,3.1.1
Rocket,a77c9494-589f-440f-adc8-cc1d00528a69,2026-03-22 15:09:47,1,সোনালি ব্যাংকের শাখা এড করা প্রয়োজন। তা ছাড়া সকল দিকেই অনেক সুবিধা,sonali bank branch needs to be added. apart from that there are many advantages in all aspects,0,unknown
Rocket,2e7b93cd-c3c0-44af-b6a2-3eba218e7880,2026-03-22 07:18:18,5,nice 👍,nice thumbs_up,0,3.1.1
Rocket,f47bc2d5-59b4-4f8d-b4d2-0481cbfc4189,2026-03-22 00:47:37,4,"- আসসালামু আলাইকুম, এই Rocket Apsটি ব্যবহার করে অনেক ভালো লাগে 🥰 - খুব সুন্দর আয়োজন 🌺 - সবার উচিত রকেট এপস ব্যবহার করা 🥀","- assalamu alaikum, using this rockit apps feels so good smiling_face_with_hearts - very nice arrangement hibiscus - everyone should use rocket apps wilted_flower",0,unknown
Rocket,e6dc6aa9-7cd3-4df7-9701-65a19322e329,2026-03-21 17:02:21,5,good,their pits,0,unknown
Rocket,e4c47883-060f-421e-9414-98ec7c3689b2,2026-03-21 13:02:40,5,awesome app 👍👍,awesome app thumbs_up thumbs_up,0,3.1.1
Rocket,1e426ae5-90af-451e-a11d-39815ce2fcfe,2026-03-21 05:57:07,5,best,best,0,unknown
Rocket,e750e9d0-8b39-4432-bae5-c8117cdc37c5,2026-03-20 18:41:25,5,Nice Rocket,nice rocks,0,3.1.0
Rocket,93defda3-b966-48dc-be0c-0618dee14c8c,2026-03-20 12:55:25,5,nice App,nice app,0,3.1.1
Rocket,960566ff-6e0b-4e9d-8dac-c1d56f3d8d4c,2026-03-20 08:42:48,4,good apps,gooddood apps,0,unknown
Rocket,7b3bce11-0613-4162-b291-862f46f9e372,2026-03-20 07:39:33,5,nice,nice,0,3.1.1
Rocket,0cf8d5a4-6cd7-4f83-b483-0bc1b48e0821,2026-03-19 20:58:54,5,nice,nice,0,3.1.1
Rocket,1fb68a09-6575-44aa-937c-bff0a1055f22,2026-03-19 17:41:59,5,nice,nice,0,3.1.1
Rocket,67190dd9-7904-4232-b93d-53448cc2b5d4,2026-03-19 15:22:06,5,👍,thumbs_up,0,3.1.1
Rocket,f670521c-bf2f-4241-b0f3-52cd7ef8d87c,2026-03-19 15:17:57,4,good 👍,gooddood thumbs_up,0,3.1.1
Rocket,eb7d5ce6-7ec0-4652-8a64-1f5827d1c6ee,2026-03-19 15:17:36,5,nice,nice,0,3.1.1
Rocket,dd7a52f7-fca5-4d45-8220-1eb1579c3a41,2026-03-19 13:00:30,5,good,their pits,0,unknown
Rocket,9731eca9-3a38-4a42-8e11-bd6241dd4c0e,2026-03-19 06:30:15,5,good app,gooddood app,0,unknown
Rocket,f7d8ea28-f903-4dcb-818a-67ca512bc341,2026-03-19 01:31:50,5,❤️❤️,red_heart red_heart,0,3.1.1
Rocket,d4f0bfdd-f7ce-4ed7-9289-b232bb0b00bd,2026-03-18 21:31:09,5,like it,like it,0,unknown
Rocket,9d3fe0a0-fa5a-4897-9502-50220b91e22c,2026-03-18 17:18:09,5,good,their pits,0,unknown
Rocket,84c6b3cc-ef3b-450c-a1fe-8fc34c1ab983,2026-03-18 16:43:33,5,Good,their pits,0,3.1.1
Rocket,94c2f237-6f17-4aee-acc0-2c5f93b7b70a,2026-03-18 15:50:39,3,Rocket Agent to Bank Tranfer Chalu hobe kondin Tahole apnader Aro beshi sell Hobe distribution taka dite pare na oggrim b2b na dile. ete takar risk thake agent er. anpana bkash er moto rocket to dbbl bank linked system update korle agent upokrito hobe.,rockit agooddent to bank tranonotpper start hobe kondin tahole appnonotder aro beshi sell hobe distribution taka dite pare nonot ogooddgooddrim b2b nonot dile. ite takar risk thake agooddent er. anpanonot bkash er moto rockit to dbbl bank linked system update korle agooddent upokrito hobe.,0,3.1.1
Rocket,6e17d989-5463-4ee7-a022-b928a6038f25,2026-03-18 15:44:39,5,wow,wow,0,3.0.13
Rocket,c90cb0ab-07b7-4b0a-86aa-2e3ffbb323b3,2026-03-18 02:21:46,5,Good,their pits,0,3.1.1
Rocket,5b16b871-b014-42a0-b4b5-a68ef918d11a,2026-03-17 19:19:21,1,"I have been trying for a long time but I can't log in, what can I do now, I need to send my college money for admission, why has this app become so bad?","i have been tryingoodd apafter a loangoodd time but i can't logoodd in, what can i do now, i need to send my collegoodde money apafter admyssion, why has this app become so bad?",2,3.1.1
Rocket,b82c13e1-444c-4c94-895b-29255fced5ac,2026-03-17 17:05:54,5,good experience,gooddood experienice,0,3.1.1
Rocket,96a57758-e005-4d3b-a201-405415b6e6c1,2026-03-17 15:01:59,5,good app,gooddood app,0,unknown
Rocket,2395ba4d-7961-4cc1-a2be-901d00cf6a82,2026-03-17 09:55:50,5,nice,nice,0,unknown
Rocket,5277eef1-68af-4717-93b2-baef2794f565,2026-03-16 23:37:33,5,ok,ok,0,3.1.1
Rocket,5dbb17d7-a7e4-4dbc-a8b4-865ecc625fda,2026-03-16 19:47:11,5,ok,ok,0,unknown
Rocket,70fb4230-b617-4fa3-a0fa-f61428234c91,2026-03-16 19:43:34,5,এপ্স দিয়ে যখন আমি সেন্ড মানি করবো তখন নাম্বার দেওয়ার পর কার নামে অ্যাকাউন্ট টা কার নামে আছে সেটা যদি সু করত ভালো হতো তাহলে ভুল নাম্বারে টাকা যেত না যেমন আপনাদের নেক্সাস পে মধ্যে আছে 🤐,"when i send money through the app, after giving the number, it would have been good if it would have been correct in whose name the account is in whose name, then the bdt would not have gone to the wrong number, as in the app they have nexus pay zipper-mouth_face",1,3.1.1
Rocket,737ba81b-3ad2-409d-bed5-c8f81aa7f224,2026-03-16 18:03:31,5,good,their pits,0,3.1.1
Rocket,105376f3-45e4-40cd-9dab-72af58934788,2026-03-15 21:12:40,5,Good,their pits,0,3.1.1
Rocket,cc0147dc-70d6-414e-9d7c-53e60d2c75f6,2026-03-15 20:19:57,5,wow,wow,0,unknown
Rocket,fbf40df1-2a24-43a4-9cd3-32a8d03d7a23,2026-03-15 18:44:33,5,happy,happy,0,3.1.1
Rocket,12a06b20-a527-4f62-a6fa-d850b7e52930,2026-03-15 18:37:33,5,good app,gooddood app,0,3.1.1
Rocket,24a3cb30-0bc2-427a-a393-d64d2956bf57,2026-03-15 18:08:20,5,good,their pits,0,unknown
Rocket,53bdf2bf-c26e-41d8-9602-c5177698c69b,2026-03-15 11:01:35,5,Good App.,gooddood app.,0,unknown
Rocket,fa2ce508-65f3-42c3-9670-01e6ee5d57c2,2026-03-15 10:49:55,1,bolo package acchi Nahin chutkule ji rocket account,bolo packagoodde acchi nonothin jokes ji rockit account,0,3.1.1
Rocket,2815d640-8df6-464b-a94f-812819a22cfc,2026-03-14 22:52:14,5,good apps,gooddood apps,0,unknown
Rocket,764ad094-3e5d-4f78-9f9b-642ff0384e16,2026-03-14 21:49:05,4,nice,nice,0,3.1.1
Rocket,440533f6-3f20-4f5a-8eba-ed4fd31df47d,2026-03-14 20:22:03,1,improve kyc system,improve kyc system,0,3.1.1
Rocket,dfcdfeaa-a0af-43e1-b797-031687bd14a5,2026-03-14 17:49:33,5,khob valo,very good,0,3.1.1
Rocket,612b2fe5-796f-4b61-8b52-a60906a223b6,2026-03-14 16:13:46,5,nice apps,nice apps,0,unknown
Rocket,5dcf03e7-6ca1-4e74-8273-41e3e164aacb,2026-03-14 10:37:20,5,nice,nice,0,unknown
Rocket,9e010bdb-df9d-49c3-8e8e-d66c4554b7c4,2026-03-14 09:17:33,5,good app,gooddood app,0,3.1.1
Rocket,638cca2f-35d1-457d-836e-2bffa1a2711e,2026-03-14 03:48:48,5,supar,super,0,unknown
Rocket,e447a325-933a-426f-85dc-e6fae3e7c160,2026-03-14 03:35:26,5,very nice apps,very nice apps,0,3.1.1
Rocket,7ba54c88-50b7-4a11-8a24-878545f4f179,2026-03-13 09:33:59,5,Good,their pits,0,unknown
Rocket,9a928cd5-393c-49e6-9560-79434737d6fc,2026-03-13 02:41:01,5,💷💷,pound_banknote pound_banknote,0,3.1.1
Rocket,18dd1c2a-8f60-4917-96c7-9541d880ae17,2026-03-12 22:58:17,5,best apps,best apps,0,3.1.1
Rocket,e34df45d-db52-479e-81d3-2d9121d82b69,2026-03-12 17:43:35,1,ফালতু সিস্টেম লগইন হয় না,no nonsense system login,0,3.1.1
Rocket,409129ac-e24c-450a-8606-2a7af3bfab98,2026-03-12 17:35:58,4,mini statement এ কাস্টমারের নাম্বার দিয়ে Search করার অপশন add করেন,add option to search by customer number in myni statement,0,3.1.1
Rocket,f17360bb-a61a-4fb2-aaca-10032f1bb067,2026-03-12 16:27:47,5,নাইচ,nice,0,3.1.1
Rocket,92df5be9-9131-4c04-a977-b5204bcff87e,2026-03-12 14:39:30,5,Good Aps,gooddood apps,0,unknown
Rocket,f80545ad-bbaf-4dac-bf92-4b234ba78ba9,2026-03-12 09:17:40,5,very nice,very nice,0,3.1.1
Rocket,c8e6992d-ebc1-4fe6-a626-c452c224841b,2026-03-12 06:02:21,5,nice app,nice app,1,3.1.1
Rocket,dca850b3-2900-4db8-82e2-070ad25591bb,2026-03-12 04:48:22,5,good apk,gooddood appk,0,3.1.1
Rocket,55974717-f4cc-4190-9955-bace975224fc,2026-03-11 20:21:21,4,খুবই ভালো একটা এপ্চ,very good app,0,3.1.1
Rocket,4ee74e82-a75b-451e-a724-f3bc42d388ca,2026-03-11 18:34:25,5,Good app,gooddood app,0,3.1.1
Rocket,0a71ad1f-0616-4e3f-abea-d1663c472c96,2026-03-11 17:34:17,5,wow,wow,0,3.1.1
Rocket,466d5980-aac5-4bce-9b7d-8ca75c28ead0,2026-03-11 11:42:21,1,nice 💯 app,nice hundred_points app,0,3.1.1
Rocket,ad2f4fbe-ed16-4350-a563-b1c5cbd7383c,2026-03-11 11:22:27,1,নিম্ন মানের একটা এপ শুধু পবলেম আর পবলেম,a poor quality app is just problems and problems,0,3.1.1
Rocket,3ba1fb98-d256-4cf7-a450-09a861214590,2026-03-10 17:37:01,5,good,their pits,0,unknown
Rocket,cc716d75-deb5-4dae-9377-bd5e7b3ff179,2026-03-10 16:36:42,1,Rocket customer service is so weak it seems like it is an illegal site it is so bad that it goes without saying that since Rocket is operating all over Bangladesh its customer service is so bad I called Rocket customer service and they deducted all the money in my SIM card while I was waiting and still I did not get the calling service. In my opinion no one should use Rocket apps because I wasted my time on it but I did not get the service someone will be in danger then what to do if I do not ge,rockit customer serbrotherce is so weak it seems like it is an illegooddal site it is so bad that it gooddoes without sayingoodd that sinice rockit is operatingoodd all over bangooddladesh its customer serbrotherce is so bad i called rockit customer serbrotherce and they deducted all the money in my sim card while i was waitingoodd and still i did not gooddit the callingoodd serbrotherce. in my opinion no one should use rockit apps because i wasted my time on it but i did not gooddit the serbrotherce someone will be in dangoodder then what to do iapp i do not goodde,11,3.1.1
Rocket,2dba4d81-c2cd-4b28-9a54-a1a900b8e5a7,2026-03-10 14:52:51,5,"very good apps.. Robi,Gp,Airtel all discount package offer update need....","very gooddood apps.. robi,gooddp,airtel all discount packagoodde oappapper update need..",0,unknown
Rocket,1da5f37f-15ec-4975-a37e-3ccbbcbcd0de,2026-03-10 13:35:47,5,nice app,nice app,0,unknown
Rocket,5e3f1260-1591-455a-aa0d-11664c13f416,2026-03-10 08:16:26,5,good apps,gooddood apps,0,3.1.1
Rocket,dd8ac555-dfb4-45d4-a674-08e35e35bf6e,2026-03-10 07:05:35,5,good,their pits,0,3.0.13
Rocket,a1725f99-721a-4301-8280-dfed9c820e14,2026-03-09 20:03:53,5,good mobile banking,gooddood mobilee bankingoodd,0,unknown
Rocket,a604daad-8a65-412b-a255-ee74bec5751e,2026-03-09 11:59:53,1,ekdom dhoner app...khule account e taka thaka r porew account not active dekhai...kono help nebo...okhanew dekhai account not active 😂,ekdom dhoner app..khule account e taka thaka r afterew account not active dekhai..kono help nebo..okhanew dekhai account not active face_with_tears_of_joy,0,unknown
Rocket,cc14542d-2604-422c-ad89-f1193b0e349d,2026-03-09 10:43:04,1,good,their pits,0,3.1.1
Rocket,7e4435eb-5689-4769-86d2-03f90b90b9fd,2026-03-09 10:19:23,5,nice,nice,0,3.1.1
Rocket,362055fb-208c-4ebd-af03-6203105a9ecd,2026-03-08 20:57:43,5,very nice,very nice,0,unknown
Rocket,9e9314a3-d21a-420c-83b8-cbe0c2f76835,2026-03-08 19:18:59,5,Good Service of Rocket ✔️,gooddood serbrotherce oapp rockit check_mark,0,unknown
Rocket,630c1790-6bc4-4ed6-ab59-cee9e0908cbf,2026-03-08 19:13:45,4,good,their pits,0,3.1.1
Rocket,533e9f7a-2d51-4438-9015-e88883af7860,2026-03-08 18:13:19,5,nice,nice,0,unknown
Rocket,7bf076b8-60ea-43d0-88d4-9604c42826d0,2026-03-08 13:57:43,1,ivr call not receive 😵😵,ivr call not receive face_with_crossed-out_eyes face_with_crossed-out_eyes,0,unknown
Rocket,fb76b977-da87-4ed3-bc38-39580c0824bd,2026-03-08 11:25:40,5,"The Rocket app is overall great for transactions, but there's a minor issue that needs fixing. Currently, we cannot copy the Transaction ID (TrxID) directly from the success screen or history. Manually typing it out is time-consuming and prone to errors. Please add a 'Copy' button or allow long-press to copy the TrxID in the next update. It would make the app much more user-friendly.","the rockit app is overall gooddreat apafter transactions, but there's a mynor issue that needs appixingoodd. currently, we cannot copy the transaction id (trxid) directly approm the success screen or history. manually typingoodd it out is time-consumyngoodd and prone to errors. please add a 'copy' button or allow loangoodd-press to copy the trxid in the next update. it would make the app much more user-appriendly.",31,3.1.1
Rocket,8eb5b361-49a6-4da0-9c79-88b075f90120,2026-03-07 20:37:16,5,"great app, idk why this fell behind Bkash and Nagad.","gooddreat app, idk why this appell behind bkash and nonotgooddad.",0,3.1.1
Rocket,26602e02-30ff-470a-b780-a03418fa7627,2026-03-07 14:27:05,5,wonderful apps and service,wonderappul apps and serbrotherce,0,3.1.0
Rocket,e9b3c4a8-eb90-4502-b37b-ebe893bc8e1b,2026-03-07 11:56:40,5,rata apps on,rthis apps on,0,3.1.1
Rocket,0cfa0389-62be-4378-9377-d3f108dab14a,2026-03-07 10:05:20,5,nice apps,nice apps,0,3.1.1
Rocket,ece0a99c-d92f-4731-bd57-26b55ae26324,2026-03-07 07:24:18,5,nice,nice,0,unknown
Rocket,ab159583-9728-4888-8a80-152b4c4acc47,2026-03-06 22:10:40,5,হয়,is,0,3.1.1
Rocket,8f5f3c9e-36e4-4cdd-a503-20a9bc2a5074,2026-03-06 12:40:56,5,good app,gooddood app,0,3.1.1
Rocket,26f5d6f4-c4bd-4f6e-99e2-975c2ff78404,2026-03-06 05:05:11,5,ok,ok,0,3.1.1
Rocket,75794292-cf8e-4c1d-b9a4-5fa494ebfcdc,2026-03-06 03:23:27,5,3500কামআহি বহ৷,3500 km,0,3.1.1
Rocket,08370c62-4753-472c-9b4c-904297ab7f03,2026-03-06 03:06:43,1,"sauar app akta, login faild dekhay bar bar","sauar app acta, logoddin appaild dekhay again and again",2,3.1.1
Rocket,9fefa423-9619-4948-afd5-16477e651f46,2026-03-05 21:09:37,5,ok,ok,0,3.1.1
Rocket,934cd825-9bde-4ba7-bf5f-0b67bc9dcba4,2026-03-05 11:59:52,5,good app,gooddood app,0,3.1.1
Rocket,3eb01f8f-5bf2-4ca0-8d6d-28344e6ef6de,2026-03-05 11:08:40,5,nice,nice,0,3.1.1
Rocket,c4844b2a-fb6f-430e-8841-0b8ddd130f32,2026-03-04 19:47:33,5,nice,nice,0,unknown
Rocket,bdc4b3cf-af90-4e93-90ef-2f01330a29d6,2026-03-04 19:26:37,5,nice,nice,0,unknown
Rocket,fb8e7bd1-4610-40fe-b1ed-865c7c68216c,2026-03-04 17:51:50,5,good apps,gooddood apps,0,3.1.1
Rocket,0f19e0f2-b3c2-42f2-8c43-77482c314a66,2026-03-04 17:37:00,5,nice,nice,0,unknown
Rocket,c8126d18-1e58-479f-bf45-0373f8a08f61,2026-03-04 15:06:37,3,add card and bank account,add card and bank account,0,3.1.1
Rocket,40fe1d4d-ae65-4953-837e-e0d42aa62462,2026-03-04 14:38:14,5,nice,nice,0,3.1.1
Rocket,afc75904-d67b-49c4-970b-741be74b88f8,2026-03-04 13:19:04,5,good,their pits,0,3.1.1
Rocket,b822f473-e69d-4a87-bff4-6bc3946818f8,2026-03-04 02:03:22,5,Helpful,helpapple,0,3.1.1
Rocket,0466ba7b-95a3-40aa-8bae-9cf1279218a8,2026-03-03 22:07:41,5,nice to,nice to,0,3.1.1
Rocket,9459af89-1605-4a2b-bec1-135ce8d73d10,2026-03-03 18:29:09,5,nice app,nice app,0,3.0.11
Rocket,ac82e9d1-12ad-42c9-8186-baa99a415d5d,2026-03-03 16:56:31,5,বাংলাদেশের প্রথম মোবাইল ব্যাংকিং কোম্পানি। আমার জীবনে প্রথম মোবাইল ব্যাংকিং ব্যবহার করি রকেটের মাধ্যমে। রকেট একটি বিশ্বস্ত মাধ্যম।,bangladesh's first mobile banking company. first time using mobile banking in my life through rocket. rocket is a trusted medium.,0,3.1.1
Rocket,751c4eb8-30b6-4b61-bb24-26f0453fdbcb,2026-03-02 23:00:26,4,good,their pits,0,unknown
Rocket,688ffaf6-c912-4237-a08e-9ded932afd8c,2026-03-02 22:19:46,5,"রকেট অ্যাপস এর, যত ফিউচার বা সার্ভিস রয়েছে,, আমার কাছে খুবই ভালো লেগেছে, লেনদেন করা যায় খুবই সহজে, এবং প্রতারণা হওয়ার ভয় নাই, সবমিলিয়ে রকেট অ্যাপস এর, যতগুলো সার্ভিস আছে সবই আমার ভালো লেগেছে। ধন্যবাদ।।","i like all the futures or services of rocket apps, transactions are very easy, and there is no fear of being cheated. all in all, all the services of rocket apps are good for me. thank you.",0,3.1.1
Rocket,b1cc09f5-4f43-4b87-8c3e-9d6c920d7c84,2026-03-02 12:41:06,5,good apps 2026,gooddood apps 2026,0,3.1.1
Rocket,6f2836cf-31f7-47f6-a5ad-fbabe865233d,2026-03-02 11:10:34,5,Amazing app!,amazingoodd app!,0,3.1.1
Rocket,90ba236e-9cc4-437f-be97-ba85888b4600,2026-03-02 05:35:26,5,naic,nonotic,0,unknown
Rocket,2779b02c-beeb-4323-9c46-d94df4065a2e,2026-03-02 00:13:08,5,রকেট এজেন্ট অ্যাপস আলাদা প্লে স্টোর যুক্ত করুন Agent Fund transfer to/from his Own linked DBBL core banking account new update please B2B received BANK and B2B Send bank,add rocket agent apps separate play store agooddent appund transapper toapprom his own linked dbbl core bankingoodd account new update please b2b received bank and b2b send bank,0,3.1.1
Rocket,d6aecdc9-18ee-40d1-8fa7-663a6ebe9b9e,2026-03-01 23:11:27,5,nice,nice,0,3.1.1
Rocket,c0865020-8cc4-446a-90cb-7e9edc80ec57,2026-03-01 19:10:42,5,GOOD APPS,gooddood apps,0,3.1.1
Rocket,fc4f1080-7846-4db3-b47a-76102b23ddca,2026-03-01 10:46:32,5,good app,gooddood app,0,3.1.1
Rocket,25c82c62-65d3-4fea-87a9-e1e14d927b4b,2026-03-01 04:04:29,1,SAYEM BHUIYAN,sayem bhuiyan,0,unknown
Rocket,b07f5cc2-1edf-4877-89a8-6d904096b965,2026-02-28 21:27:08,5,good,their pits,0,3.1.1
Rocket,f646a6c3-a723-4d77-8faf-b49043242e1a,2026-02-28 19:26:31,5,খুব দারুন আপ,very cool app,0,unknown
Rocket,ee13b7fe-49bc-43a2-86f7-dc1e980d8521,2026-02-28 17:50:12,2,op,op,0,3.1.1
Rocket,d23f608c-49f1-4b71-8799-c7660eef9dc2,2026-02-28 16:34:59,5,good app,gooddood app,0,3.1.1
Rocket,f89f7405-a6ba-49c6-aef8-506cb9822135,2026-02-28 13:08:29,5,Good,their pits,0,unknown
Rocket,16ffc7ab-15e7-48ec-8a70-48794a470bd3,2026-02-28 11:28:17,1,login system too conplex and hard,logooddin system too conplex and hard,0,3.0.7
Rocket,87b002cf-0384-4350-8b54-c1ac0057b3bf,2026-02-27 19:28:12,2,nice,nice,0,3.1.1
Rocket,651398cb-3d34-4aae-bd9c-da7bdbce985a,2026-02-27 17:00:09,5,nice,nice,0,3.1.1
Rocket,525273e7-350b-47d6-b00d-2711d730721f,2026-02-27 16:02:58,1,"সাউওয়ার এপ বানাইছে, লগ ইন করতেই জান বের হয়ে যায়, বিকাশ বা নগদ এপের মতো স্মুথলি সার্ভিস না দিতে পারলে বালের এপ বানায়া লাভ কি?","in sauwar app, the user gets lost after logging in, what is the point of making a useless app if you can't provide smooth service like bikash or cash app?",0,3.1.1
Rocket,3e923b32-7593-4bde-ba64-ab15e5dc60ed,2026-02-27 15:36:11,1,wow,wow,0,3.1.1
Rocket,48f49ee0-ad45-4efc-86d8-7fe94ba66b5a,2026-02-27 06:52:08,5,Nice,nice,0,3.1.1
Rocket,c602789c-6c88-4a6d-bc02-6acbf6539f30,2026-02-27 05:07:35,5,beast app,beast app,0,3.0.13
Rocket,458c0073-dce4-45ad-a393-2d229efa2e82,2026-02-26 23:33:44,4,Wonderful,wonderappul,0,unknown
Rocket,0a4d03d7-1ec6-4f05-977a-74f8e37e73d4,2026-02-26 17:40:38,5,good,their pits,0,3.1.1
Rocket,ad9b528c-5300-4ec9-b7ea-5fc3f21746f6,2026-02-26 13:33:55,5,nice,nice,0,3.1.1
Rocket,768534cd-46aa-4340-8018-c25760d04013,2026-02-26 11:14:16,5,GOOD,their pits,0,3.1.1
Rocket,8c1c4552-b942-49e7-81b7-d6a478148812,2026-02-26 10:13:39,5,amazing,amazingoodd,0,3.1.1
Rocket,d67d067f-6328-4c88-abee-9b47971ed181,2026-02-26 09:39:39,5,good,their pits,0,3.1.1
Rocket,7546142d-b04d-4cc1-b01e-f2663fc78e2b,2026-02-26 06:14:11,1,log in problem,logoodd in problem,0,3.1.1
Rocket,f14ac2ca-c683-4532-b45e-25db6fda2533,2026-02-26 06:01:09,1,faltu,contract,0,3.1.1
Rocket,b005694c-222e-4111-96ac-6ce2e1d52e68,2026-02-26 04:18:06,5,very good,very gooddood,0,3.1.1
Rocket,c0e56581-f1b5-42ea-b71e-7f37a7cb17d4,2026-02-26 03:21:05,5,nIce,nice,0,3.1.1
Rocket,6a670c51-9099-45da-8409-e228cb5bf9a8,2026-02-26 02:59:20,4,nic app,nice app,0,3.1.1
Rocket,b562dcc0-8a4d-475c-ae40-8eab20707344,2026-02-26 00:50:10,5,nice,nice,0,3.1.1
Rocket,67a22f1b-9418-4e9f-a028-b97ae2a2ba14,2026-02-25 21:45:24,5,nice,nice,0,3.1.1
Rocket,8cdcad0c-0356-4c8a-831d-4fb1174a0ced,2026-02-25 17:17:56,5,nice,nice,0,unknown
Rocket,4a71d948-b69e-4393-afa9-6f2590337130,2026-02-25 14:34:03,4,good,their pits,0,3.1.1
Rocket,3d1fa532-833a-4881-a13d-e623305d8d62,2026-02-25 13:34:32,5,👍👍👍👍,thumbs_up thumbs_up thumbs_up thumbs_up,0,unknown
Rocket,dc0f76e0-77f0-4530-950b-f7ddb7688c6b,2026-02-25 13:22:33,1,Can't log in,can't logoodd in,0,3.1.1
Rocket,ff2694d5-54b0-45fa-b75e-7873f8a4d540,2026-02-25 10:13:35,5,Good,their pits,0,3.1.1
Rocket,3d4f09d4-dccf-4d23-8333-44fb61a90a46,2026-02-25 02:57:56,5,ভালো,good,0,3.1.1
Rocket,15bb06d7-6d05-490e-98a9-338d243c92a1,2026-02-24 17:18:12,5,i am the Agent,i am the agooddent,0,3.1.1
Rocket,d830eaec-d6a0-4b90-888b-b6ea983408a0,2026-02-24 17:13:25,4,wow,wow,0,3.1.1
Rocket,ce61cfe8-6e40-4c2b-b4f0-51c4525e1d05,2026-02-24 15:57:14,5,good,their pits,0,3.1.1
Rocket,9a320f51-4d54-4434-9b8b-3864a0df868c,2026-02-24 14:40:58,5,kub valo,gold good,0,3.1.1
Rocket,aa590cf0-afdd-49ba-931c-8faead423739,2026-02-24 09:59:54,5,ভালো,good,0,unknown
Rocket,9f235a11-6415-4838-a0f7-83654545100e,2026-02-24 06:39:57,5,good apps,gooddood apps,0,3.1.1
Rocket,e5815c2c-5277-4c4b-8009-d8513fb1d628,2026-02-24 04:33:11,5,💟💟,heart_decoration heart_decoration,0,3.1.1
Rocket,4ea653a4-bce4-4663-b371-8f02166b3adb,2026-02-24 02:48:28,5,Good Experience,gooddood experienice,0,3.1.1
Rocket,1b7ae9d1-f3ff-46c6-a7b3-c21398ae7aad,2026-02-23 18:52:03,5,best,best,0,unknown
Rocket,e052b499-03d0-4fe8-a968-6c527ca6d371,2026-02-23 15:42:03,5,super app,super app,0,3.1.1
Rocket,a6283531-a5e5-464d-8aca-6f4a411c25e3,2026-02-23 15:00:59,5,Good Apps,gooddood apps,0,3.1.1
Rocket,3dae9688-6d04-415e-a29b-94973307e7fa,2026-02-22 23:53:00,5,good rokat,rocket launchers,0,3.1.1
Rocket,610087b8-e28a-4d5c-9587-3d0f71afebd7,2026-02-22 18:50:20,4,good,their pits,0,unknown
Rocket,07289682-b935-4177-b0b2-7f0796d6ac09,2026-02-21 22:10:07,1,রকেট এপস আপডেট আছে তাও লগ‌ইন সমস্যা হয় লগ‌ইন করা যায় না এপস এই লেখাটি আসে/ Error A problem seems to have occurred. Please try after some time. OK এটা কোনো আপডেটের মাধ্যমে ঠিক করলে ভালো হয় ধন্যবাদ 🥰,"even if there is rocket app update, there is a login problem, the app cannot be logged in. this text appears error a problem seems to have occurred. please try appter some time. ok it's good to fix it with an app update thanks smiling_face_with_hearts",0,3.1.1
Rocket,a0591688-f82d-4ab0-84fa-38df28625336,2026-02-21 17:24:32,5,ok,ok,0,3.1.1
Rocket,0521fb45-db2a-429f-ba16-7ddb23348c84,2026-02-21 09:44:28,1,good job,gooddood job,0,3.1.1
Rocket,3f1e5cc4-21c8-4e7e-87bb-1d597a7ad9b3,2026-02-20 21:30:51,5,nice,nice,0,3.1.1
Rocket,9af39a0c-a489-43ff-a329-687d067b861e,2026-02-20 20:12:10,1,nice,nice,0,3.1.1
Rocket,16cb488f-e09b-4476-bf6f-d1068fdfb45d,2026-02-20 19:57:52,5,nice,nice,0,3.1.1
Rocket,0affe45c-9d19-48bd-a29a-6c7791e3bfeb,2026-02-20 00:20:55,5,ok,ok,0,unknown
Rocket,7eb6594c-b542-4794-afaa-76208b8021e2,2026-02-20 00:07:24,5,good,their pits,0,3.1.1
Rocket,1d93c938-e1da-4988-96d2-7931bfd130e9,2026-02-19 20:17:03,5,good app,gooddood app,0,3.1.1
Rocket,0f22828b-5b64-4e81-b04b-91133ec7f54e,2026-02-19 17:00:32,3,very very good apps,very very gooddood apps,0,3.1.1
Rocket,c256d538-e6d9-441d-8c2e-7d2cba19b92b,2026-02-19 13:01:49,5,nice apps,nice apps,0,3.1.1
Rocket,cdcff278-9e31-4711-88a0-1ec124af7f2e,2026-02-18 22:40:54,5,good 👍,gooddood thumbs_up,0,3.1.1
Rocket,b41e59ea-60d5-42a2-98aa-fe40c998ecf5,2026-02-18 14:49:22,5,nice app otp,nice app otp,0,3.1.1
Rocket,ec912192-92a0-4c15-9041-dcfd71cd178a,2026-02-18 01:47:50,1,worst app total trash too much bugs so many problems,worst app total trash too much bugoodds so many problems,0,3.1.1
Rocket,b0c4f7db-d5b8-476e-8413-e1dfda578a07,2026-02-17 16:27:09,5,nice,nice,0,unknown
Rocket,59bc3d9c-c867-4f86-bcc8-70838201e2c7,2026-02-17 13:35:42,1,There is no option to register😤,there is no option to regooddister face_with_steam_from_nose,0,3.1.1
Rocket,1b1c61fd-35e4-48f0-b0ae-ba8821b2f468,2026-02-17 04:29:36,5,usefull,useappull,0,3.1.1
Rocket,cc04f66e-0074-41ad-9c43-790e2a2047f8,2026-02-17 03:43:57,1,"বিশ্বাস করেন ভাই আমার দেখা একে বারে পালতু একটু মোবাইল ওয়ালেট 😡। একটা একাউন্ট আমি আজকে ৪ মাস ধরে খোলার চেষ্টা করতেছি। খুলতেছেই না। IVR আসলে ওটিপি আসেনা, কল রিসিব করে পিন দিলে বলে, দুঃখিত, যাও সেল্প একাউন্ট খোলা হয়, সকল ইনফরমেশন দেওয়ার পরে দিয়া, ঐ গুলা নিতে, চায় না😫। মানে চিন্তা করেন একটা একাউন্ট খোলার জন্য কি পরিমানে প্যারা নেওয়া লাগতেছে😡। কেনরে ভাই বাংলাদেশ এ তো অনেক গুলা মোবাইল ওয়ালেট আছে। কই ঐ গুলাতে তো এত ঝামেলা পোহানো লাগে না, মানে ভাই বলার ভাষা নেই, বিশ্বাস করেন মুখ দিয়ে গালি চলে আসে","believe me, brother, i have seen him once in a while. i have been trying to open an account for 4 months now. not opening. ivr actually doesn't come otp, after receiving the call and pin it says, sorry, go help account is opened, after giving all the information, don't want to take those things tired_face. i mean, think how much it takes to open an account enraged_face. why bro, there are many mobile wallets in bangladesh. where those people don't need to put up with so much trouble, i mean they don't have the language to say brother, they believe that insults come through their mouths.",0,3.1.1
Rocket,4670e877-f9b2-420b-8b1d-2da542213321,2026-02-16 20:50:44,5,ekyc update problem,ekyc update problem,0,3.1.1
Rocket,c030aee3-6095-4983-acac-32c26430f305,2026-02-16 19:43:25,5,nice,nice,0,3.1.1
Rocket,f644d04e-0d0a-4f7c-8b9f-5409210286fb,2026-02-16 19:23:25,3,Nice,nice,0,unknown
Rocket,ce161010-73f5-4923-8a89-411dd081bdc6,2026-02-16 09:58:50,1,"This app is not good at all. This app does not give OTP to the SIM. It causes a lot of problems. In my opinion, bKash and Nagad apps are better than this.","this app is not gooddood at all. this app does not gooddive otp to the sim. it causes a lot oapp problems. in my opinion, bkash and nonotgooddad apps are bitter than this.",13,3.1.1
Rocket,a512f74a-8c27-4203-aaf1-229864df140b,2026-02-16 01:17:58,1,bad Apps,bad apps,0,3.1.1
Rocket,44a6db24-329b-4d4b-a5ff-84ddc0c98d63,2026-02-15 23:49:04,5,নাইচ,nice,0,3.1.1
Rocket,02d6aa45-fe96-4527-b470-d958a023cb90,2026-02-15 22:05:04,5,nice,nice,0,3.1.1
Rocket,785d11ac-ec4a-4f05-a00a-cac81b6d2f55,2026-02-15 21:14:27,1,Too bad sevice.Complain section does not work.App management is too horrible.,too bad sebrotherce.complain section does not work.app manonotgooddement is too horrible.,4,3.1.1
Rocket,585d81dd-e0ea-4124-ae68-f5530e8dadad,2026-02-15 16:51:22,5,good,their pits,0,3.1.1
Rocket,ede1130a-f928-4c4f-bde9-232d4514f839,2026-02-14 22:35:30,5,হবে,will be,0,unknown
Rocket,cb3172a2-7a11-464d-bfe9-20c3a34570ef,2026-02-14 22:31:27,4,ভালো,good,0,3.1.0
Rocket,29d74ba9-50f3-495c-906f-29d147024012,2026-02-14 20:29:19,1,app not working,app not workingoodd,0,unknown
Rocket,897af1f3-a178-4e34-9a20-bebf24745f56,2026-02-14 19:37:03,4,nice,nice,0,unknown
Rocket,e43bc117-7af4-4699-addb-a411b59a728a,2026-02-14 13:45:32,5,good app,gooddood app,0,3.1.1
Rocket,b0a574e4-ce93-4f96-8edb-da83100ae5d9,2026-02-14 12:16:25,5,সুন্দর,beautiful,0,3.1.1
Rocket,9e216412-68c4-45c6-a85c-4c82dcdad8ca,2026-02-13 23:38:41,1,wow,wow,0,unknown
Rocket,900298da-e85d-4e4f-ac03-b0eaf2ba4401,2026-02-13 21:36:24,5,nice,nice,0,unknown
Rocket,d715fdd4-073d-4ebf-9fbb-10f73b823f05,2026-02-13 20:15:56,5,খুব ভালো,very good,0,3.0.12
Rocket,c8bdeba4-4e78-427d-b810-85e1490dae65,2026-02-13 18:57:06,5,Good,their pits,0,3.1.1
Rocket,4d4b232c-549b-445c-a393-54e2f3961b7e,2026-02-13 18:51:39,5,Nice,nice,0,3.1.1
Rocket,873dcc2b-4d72-458b-a878-b5c67e0ff967,2026-02-13 10:14:09,5,good,their pits,0,3.1.1
Rocket,128625cf-c1c9-4896-8272-fe66361b9de0,2026-02-12 19:29:27,5,Best,best,0,unknown
Rocket,cd023453-c253-4914-b778-deb3ae92a8ec,2026-02-12 10:45:53,5,Nice ap,nice app,0,3.1.1
Rocket,7bd15c73-170d-4317-85a6-48cf7d07d5ba,2026-02-11 23:32:38,5,so nice,so nice,0,unknown
Rocket,86433f44-09cd-47b8-98fc-471020333b0e,2026-02-11 23:17:47,5,নাইস,nice,0,3.1.1
Rocket,f4fbc95d-33e0-4b88-93e0-3ffde9248071,2026-02-11 14:48:41,5,good,their pits,0,unknown
Rocket,b4cbb8f3-3c90-44ba-889a-19d898ecc944,2026-02-10 08:38:41,5,এই অ্যাপ টা আমার মোবাইলে লগিন হচ্ছে না,this app is not logging in my mobile,0,3.1.1
Rocket,d28c4bda-00b9-482c-b750-0f8319b49394,2026-02-09 21:43:48,5,nice,nice,0,3.1.1
Rocket,e869a29a-5933-4980-9052-b4e9f68cec2a,2026-02-09 19:47:36,5,good,their pits,0,unknown
Rocket,5ad30042-9855-4737-8423-edc94a08e6fe,2026-02-09 11:55:40,5,help me peace আমি একাউন্ট নিবন্ধনের করছি একাউন্ট ডুকতে পাড়তাছি না কেন,help me peace i am registering an account but i can't login why,0,unknown
Rocket,450076a2-9b33-4b65-aa38-c8bbcc557258,2026-02-09 11:10:48,5,💖,sparkling_heart,0,3.1.1
Rocket,99eb0620-06d5-448c-93c1-7d02ef83bde7,2026-02-09 04:06:30,5,I am getting a lot of help from this app.,i am gooddittingoodd a lot oapp help approm this app.,0,3.1.1
Rocket,02959366-fddb-44ff-b1f4-90d1b13f9dd0,2026-02-08 20:39:21,5,thank you,thank you,0,unknown
Rocket,e54094a0-f321-43b0-85dd-b9c0596b9a6c,2026-02-08 20:24:13,5,Best,best,0,3.1.1
Rocket,85a6ff96-ec4a-437c-abc7-4ba55ddf98fc,2026-02-08 17:30:41,1,"Rocket app is installed on my smartphone and one Rocket account is currently logged in. However, there is no option within the app to log in with another Rocket account. As a result, I have to uninstall the Rocket app, then download it again and complete the verification process using the number of the account I want to log in with. This whole process is quite time-consuming and inconvenient. Therefore, I kindly request the Rocket app management team to add an option to log out and log in with","rockit app is installed on my smartphone and one rockit account is currently logooddgoodded in. however, there is no option within the app to logoodd in with another rockit account. as a result, i have to uninstall the rockit app, then download it agooddain and complite the veryappication process usingoodd the number oapp the account i want to logoodd in with. this whole process is quite time-consumyngoodd and iniceonvenient. thereapaftere, i kindly request the rockit app manonotgooddement team to add an option to logoodd out and logoodd in with",102,3.1.1
Rocket,3b062ab4-8120-4a38-bef4-4c21c93fe69b,2026-02-08 10:19:37,5,অনেক ভালো একটা app আমি ব্যবহার করছি আপনার ও করতে পারেন অনেক মজা পাবেন কথা দিচ্ছি🥰🥰,very good app. i am using it. you can have fun.,0,3.1.1
Rocket,04235286-0484-4536-a32a-6c8c9fbc58cf,2026-02-07 21:52:55,1,sir amar phonne suport nissce na,sir amar phonne suaftert nissce nonot,0,3.1.1
Rocket,d56aa8bb-563d-4f3e-885a-fbabbb956697,2026-02-07 19:53:34,1,সুন্দর এপ,nice app,0,3.1.1
Rocket,ecc7e922-ca6e-406b-8464-2493b9a844f2,2026-02-07 12:40:13,5,wow,wow,0,3.1.1
Rocket,a4d55465-788f-47e5-90f1-8a3512b7b9b3,2026-02-07 04:11:18,5,good,their pits,0,unknown
Rocket,65190545-83de-4a88-8347-bfd328d621dc,2026-02-07 03:51:22,5,nice,nice,0,3.1.1
Rocket,ba9a3e14-b69c-4dea-8c74-b62e5309c185,2026-02-06 21:49:56,5,100% payment platform ♥️♥️♥️,100 payment platapafterm heart_suit heart_suit heart_suit,0,3.1.1
Rocket,ad990500-8c4f-49b0-b589-4915f9fef6b7,2026-02-06 20:55:58,5,good luck,gooddood luck,0,3.1.1
Rocket,eb22edcb-c526-47e3-8da1-a1610d0f1b43,2026-02-06 19:34:56,5,nice 👍,nice thumbs_up,0,3.1.1
Rocket,7ee46af6-1405-4ab1-bcaa-2d0b482e7e78,2026-02-06 16:55:39,1,Scrolling problem,scrollingoodd problem,0,3.1.1
Rocket,140c01e8-9f81-4811-8304-c42d61cd946f,2026-02-06 12:37:44,5,very good,very gooddood,0,unknown
Rocket,127df338-5ea9-4394-acef-80c44bd915c5,2026-02-06 12:37:22,1,"BPDB prepaid meter's old series like 101100***** are not listed for validation please solve this issue. Also, the rocket app has UI issue (not in safe area)on my device. My device is Samsung M21. rocket app development team release new update recently. I do not see any changes yet, which suggestions are mentioned by me. So, it will cost you a one star. TIA!","bpdb prepaid myter's old series like 101100 are not listed apafter validation please solve this issue. also, the rockit app has ui issue (not in saappe area)on my debrotherce. my debrotherce is samsungoodd m21. rockit app development team release new update recently. i do not see any changooddes yit, which sugooddgooddestions are mentioned by me. so, it will cost you a one star. tia!",42,3.1.1
Rocket,dbf6d8be-cf1c-41b7-baec-3160dabcda5e,2026-02-06 11:53:52,5,fine apk,appine appk,0,3.1.1
Rocket,795a7a0c-dd4b-46e3-bde6-26c645adfc00,2026-02-06 02:40:06,4,"If there is a Dutch-Bangla Bank ATM booth near your home or office, then Rocket is the best option for you. If you withdraw money using an ATM, you can withdraw money at the lowest rate in the market (Tk 9 per thousand). Also, if you are a student (on scholarship) or a DBBL bank customer, Rocket is a must have on your phone. But in terms of smoothness and user experience of the app, it may lag behind Bikash or Cash. Rating: ⭐⭐⭐⭐ (4.2/5) - Best for ATM users.","iapp there is a dutch-bangooddla bank atm booth near your home or oappappice, then rockit is the best option apafter you. iapp you withdraw money usingoodd an atm, you can withdraw money at the lowest rate in the markit (tk 9 per thousend). also, iapp you are a student (on scholarship) or a dbbl bank customer, rockit is a must have on your phone. but in terms oapp smoothness and user experienice oapp the app, it may lagoodd behind bkashh or cash. ratingoodd: star star star star (4.25) - best apafter atm users.",25,3.1.1
Rocket,feb8cbe4-187a-48b0-85e5-0a2c8a0fdba2,2026-02-05 21:27:50,5,nice,nice,0,unknown
Rocket,5a2d78b9-bd63-4966-811e-e887e81799dc,2026-02-05 12:31:13,5,good cish,good morning,0,unknown
Rocket,e7683dd8-4ee8-4a46-8dad-42c305daeddc,2026-02-04 23:24:44,5,good app,gooddood app,0,3.1.1
Rocket,0554b260-6501-4c43-8f7c-7170cbcfe232,2026-02-04 22:10:16,1,রকেট এ ন্যানো লোন চালু করুন। সব গ্রাহক যেন এই লোন নিতে পারে। লোন লিমিট ৫০ হাজার। লোন পরিশোধ এর মেয়াদ ১২ মাস। এগুলো করলে সবাই উপকৃত হবে।,launch rocket a nano loan. all customers can take this loan. loan limit is 50 thousand. the loan repayment period is 12 months. everyone will benefit by doing this.,0,3.1.1
Rocket,e4e29c66-d1c9-45e3-9fc4-4e4227a953f0,2026-02-03 23:59:38,5,nice,nice,0,3.1.1
Rocket,e94bbfd7-4477-41c5-847c-0325325e1f59,2026-02-03 21:04:55,1,Too bad 👎👎👎,too bad thumbs_down thumbs_down thumbs_down,0,3.1.1
Rocket,3bf686fa-2ea1-49b9-b1f2-0a1c0e2cee5c,2026-02-03 20:40:43,1,kyc problem nid pic no uploaded app maintained missing,kyc problem nid pic no uploaded app maintained myssingoodd,1,3.1.1
Rocket,95113f96-0dce-4e69-acf5-7d65b71489e3,2026-02-03 09:43:35,5,প্লিজ ভাইয়া সফটওয়্যারটা ইমারজেন্সি আপডেট করুন,please brother update the software emergency app,0,unknown
Rocket,2bac068a-0fda-45e3-94b2-b2b926c0841e,2026-02-02 14:49:56,5,nice,nice,0,3.1.1
Rocket,c95b0731-b98e-43b6-aeec-6b6189bed404,2026-02-01 19:18:24,5,Flawless app.,applauseless app.,17,3.1.1
Rocket,ff2b3eeb-ffe1-48ee-8e48-0778aa2eb3d0,2026-02-01 07:49:39,5,helpfull app,helpappull app,0,3.1.1
Rocket,c9ff1eb5-2f83-41ab-a4de-036b194127b1,2026-02-01 06:28:21,5,"রকেট অ্যাপস ইনস্টল নিচ্ছে না, আমি সঠিক পিন দিয়েও প্রবেশ করতে পারতেছিনা, পিন কোড দিলে ত্রুটি সমস্যা হয়েছে আবার চেষ্টা করুন এই লেখাটি আছে সমাধান চাই","rocket apps are not installing, i can't login even with correct pin, error problem after entering pin code try again this text want solution",0,3.1.1
Rocket,f389c500-57a6-4f65-a5ad-53abcd5a6273,2026-01-31 23:24:45,5,good apps,gooddood apps,0,unknown
Rocket,712fd99c-62a8-46af-97e8-f40b4be56ac0,2026-01-31 22:53:35,5,Good👌,gooddood ok_hand,0,3.1.1
Rocket,0d8ef16e-8186-43a1-941d-3ac7d74a6415,2026-01-31 21:43:43,5,Great App,gooddreat app,0,unknown
Rocket,e8b78916-e44e-4dd5-9c2d-8f1c56fd2c9f,2026-01-31 15:05:29,4,Good👍,gooddood thumbs_up,0,3.1.1
Rocket,7500b0a9-1a08-4dbf-8db4-83e1fe03d941,2026-01-31 14:27:47,5,ni❤️❤️❤️,ni red_heart red_heart red_heart,0,unknown
Rocket,fc2b7cc7-00d2-45c5-8fe6-09f913e21db2,2026-01-31 12:29:55,5,nice,nice,0,3.1.1
Rocket,56621c58-ed72-4e37-867e-ff6410383ea5,2026-01-31 00:22:41,1,good app,gooddood app,0,3.1.0
Rocket,fb6e0160-96b3-4476-b2ae-b2af4548ef14,2026-01-30 23:18:34,5,এজেন্ট এ অ্যাড মানি সিস্টেম করুন যেন 24 ঘন্টা বি 2 বি নেওয়া যায়,make agent ad money system to take 24 hours b2b,2,3.1.1
Rocket,0f2ff052-464e-42c4-a8d8-c6e4d014b009,2026-01-30 11:54:14,5,Nice,nice,0,3.1.1
Rocket,40e4e137-7398-4315-9042-3d5dbe277751,2026-01-30 01:53:26,5,thanks 👍 you ❤️ you ❤️,thanks thumbs_up you red_heart you red_heart,0,3.1.0
Rocket,52f9111f-065d-405a-a939-876660e0076a,2026-01-30 00:50:38,5,nice apps,nice apps,0,3.1.1
Rocket,c3cab6ee-06f9-4a79-a611-d727f4e23d9d,2026-01-29 18:53:00,1,l can't create an account. There is no option.,l can't create an account. there is no option.,0,3.1.1
Rocket,ba93a336-4e86-425c-b0bf-69103df29149,2026-01-29 15:52:20,5,good,their pits,0,unknown
Rocket,025420e4-ca34-4814-9821-5f75fc8a1c4a,2026-01-29 10:34:02,4,kus vu Nahi hota solo hota he kew,kus vu nonothi hota solo hota he kew,0,unknown
Rocket,9a312c93-f6bf-4f1b-aa08-e86cf409e653,2026-01-29 06:58:05,5,So Nice App😍,so nice app smiling_face_with_heart-eyes,0,unknown
Rocket,b7567a9b-cd9e-4960-9bc7-681638f025f7,2026-01-29 04:31:23,5,good app,gooddood app,0,unknown
Rocket,aa94fe90-07c2-4d46-8000-020863f05475,2026-01-29 00:56:06,1,I can't log into my account on the app on my phone. This is very frustrating.,i can't logoodd into my account on the app on my phone. this is very apprustratingoodd.,1,unknown
Rocket,6f81070a-f710-4164-8b73-7b33bcddb715,2026-01-28 22:26:13,1,full statement Dekha jayna kon number e cash out korsi help,appull statement dekha jaynonot kon number e cash out korsi help,0,3.1.1
Rocket,a057ebf0-fcc5-4889-88d1-2140707f2f05,2026-01-28 21:54:15,5,Good,their pits,0,unknown
Rocket,02933b4d-f776-4130-9a2c-37d56a468940,2026-01-28 21:30:41,5,nice app,nice app,0,unknown
Rocket,468f7789-b144-4048-afc7-4d92098ef451,2026-01-28 20:09:30,5,good,their pits,0,unknown
Rocket,f999612f-90dc-418d-b1aa-5192e0c06d47,2026-01-28 15:17:19,1,"Did not receive otp code, and not opening","did not receive otp codee, and not openingoodd",0,unknown
Rocket,7a60e55c-cb5d-4535-b2ce-f663fad78a87,2026-01-28 12:59:37,5,nice,nice,0,3.1.1
Rocket,9ad627cc-5b0f-4bb2-a5f2-34c4139c5071,2026-01-28 10:18:26,5,Nice,nice,0,unknown
Rocket,426fcd04-889e-4669-ba30-b591888451cb,2026-01-28 08:56:02,1,"Every time I get an otp, but the phone can't copy the otp,,the permission box for copying the otp isn't coming. I already gave all permissions for this app. Still the problem is facing.My phone is Samsung Galaxy A06. Fix it immediately.","every time i gooddit an otp, but the phone can't copy the otp,,the permyssion box apafter copyingoodd the otp isn't comyngoodd. i already gooddave all permyssions apafter this app. still the problem is appacingoodd.my phone is samsungoodd gooddalaxy a06. appix it immediately.",34,3.1.1
Rocket,d56cab50-84ba-4bb5-98da-ac2506928765,2026-01-27 18:29:18,5,thanks you,thanks you,0,unknown
Rocket,c437fc25-e9a4-4c23-a221-9f070bd5f5b4,2026-01-27 18:01:01,1,Im talking about Rocket agent...Please Active Bank to Rocket agent for B2B...need 24hours Money for customer n Utility bills n any other services....,im talkingoodd about rockit agooddent..please active bank to rockit agooddent apafter b2b..need 24hours money apafter customer n utility bills n any other serbrotherces..,6,3.1.0
Rocket,40100f4b-ddb2-486d-9868-2dcfcff09fec,2026-01-27 12:32:33,5,অনেক ভালো একটা অ্যাপস,a very good app,0,3.1.1
Rocket,15582135-f6f7-4d12-b515-163bde0f520c,2026-01-27 10:31:57,5,Good 😊,gooddood smiling_face_with_smiling_eyes,0,3.1.1
Rocket,39773e9c-7ae3-413f-8989-2004c228c993,2026-01-27 06:37:39,2,not too good,not too gooddood,0,3.1.1
Rocket,3ea1eff7-2871-48ab-8090-be26a115c800,2026-01-27 03:46:11,4,Good Ui and Smooth Interfaces,gooddood ui and smooth interappaces,0,3.1.1
Rocket,af73398f-95fc-42cf-9699-981ed885860b,2026-01-26 21:40:53,5,nice app,nice app,0,3.1.0
Rocket,e9e1f830-cc22-4ec9-8695-1c586a195199,2026-01-26 20:52:47,1,আপনাদের এপপ্স একাউন্ট খুলতে কাষ্টমার কে নাস্তা খাবার কথা বলে হসাতে হয়। এটা হলো বলেন।,"to open an app account, the customer has to laugh at the snack food. this is said.",0,3.1.1
Rocket,2de6a28a-3ea0-4982-ad1b-18c5a0d0573d,2026-01-26 17:34:18,5,Nice,nice,0,3.1.1
Rocket,2fa1a6aa-7782-430a-8fb7-b105a8872a54,2026-01-26 13:34:59,5,wow app,wow app,0,unknown
Rocket,e3f3a25a-7d52-46bb-8eb6-f316f0ede39a,2026-01-26 06:18:51,5,Best Rocket App,best rockit app,0,3.1.0
Rocket,057d5fb1-25a8-40d2-8437-cc66810eb4a6,2026-01-26 03:56:28,5,ধন্যবাদ সবাইকে,thanks everyone,0,3.1.0
Rocket,a619d661-5acb-43c2-88f1-0e3670af4335,2026-01-25 19:03:07,5,wonderful appe,wonderappul appe,0,3.1.0
Rocket,cab0ce89-c561-4df7-bc16-b150fad06491,2026-01-25 13:13:10,1,"free fire game kalan zonno niasi,☺️☺️😊😊","appree appire gooddame kalan zonno niasi, smiling_face smiling_face smiling_face_with_smiling_eyes smiling_face_with_smiling_eyes",0,3.1.0
Rocket,a1721b12-12de-448d-9f3b-3f4597bda970,2026-01-25 12:38:18,5,thans,now,0,3.0.12
Rocket,29c65834-76c7-46a4-92b4-8f405f9988f4,2026-01-24 19:45:21,5,very nice,very nice,0,unknown
Rocket,723b48e7-a2ef-4a56-91ae-abf0dff52e9a,2026-01-24 01:18:22,5,গুড রকেট,good rocket,0,3.1.0
Rocket,32513fcf-2963-43cb-adc8-fbf227b72fbc,2026-01-23 17:36:49,5,Nice,nice,0,3.1.0
Rocket,9495c64c-249e-43f6-a817-c66e60869a02,2026-01-22 22:23:58,5,good app,gooddood app,0,3.1.0
Rocket,3d4f6ced-0dbe-47d3-b459-971a9d83b4c5,2026-01-22 17:47:43,2,this app has too much bugs. bottom screen is too much in battary bump if i kyc confrim for account my select picture doesn't ok for accounts,this app has too much bugoodds. bottom screen is too much in battary bump iapp i kyc cononotpprim apafter account my select picture doesn't ok apafter accounts,6,3.1.0
Rocket,33091527-ab7a-4887-9bfe-ea1e864ac711,2026-01-22 16:36:09,1,"Very bad app, I will not recommend this app anyone.","very bad app, i will not recommend this app anyone.",0,unknown
Rocket,bbed8720-2ad4-457e-b4df-227fab872231,2026-01-22 12:49:09,2,ok,ok,0,3.1.0
Rocket,1dbc88f2-8b57-4168-9345-8623c60f9bbe,2026-01-22 12:39:53,1,"Rocket has been Gained, the most wrost customer Service in Bangladesh. the Customer service Employees Behaviour and activities are very much poor. actually they don't care of Rocket customers. i have two Rocket Accounts but they Suddenly closed my One Account. they have closed my original Rocket Account number which is integrated to my internet banking and Nexus pay also. i have asked the customer service why you are closing my original Rocket account? but can't getting solved anymore.","rockit has been gooddained, the most wrost customer serbrotherce in bangooddladesh. the customer serbrotherce employees behabrotherour and actibrotherties are very much poor. actually they don't care oapp rockit customers. i have two rockit accounts but they suddenly closed my one account. they have closed my origooddinonotl rockit account number which is integooddrated to my internit bankingoodd and nexus pay also. i have asked the customer serbrotherce why you are closingoodd my origooddinonotl rockit account? but can't gooddittingoodd solved anymore.",4,3.1.0
Rocket,2f814d90-752d-47fd-94cf-a236cb40cc1f,2026-01-22 04:07:17,2,নোতুন রকেট খোলে না কানো,don't open a new rocket,0,3.1.0
Rocket,e7f2d955-893a-4c8a-80fc-a0a651fe8d0e,2026-01-21 21:59:52,3,"The problem with my ID is that after opening the apps with the number, it doesn't open and IVR is showing.","the problem with my id is that aappter openingoodd the apps with the number, it doesn't open and ivr is showingoodd.",15,3.1.0
Rocket,edc2f076-c375-42f3-8140-de73cd24c30f,2026-01-21 21:52:42,5,nice,nice,0,3.1.0
Rocket,e8fb6e38-7575-4128-93ea-0d16181d35b5,2026-01-21 02:59:04,1,ভালোনা,not good,0,3.1.0
Rocket,530ff985-185e-4512-b9f4-0dce0c7e331f,2026-01-20 22:59:24,5,Nice,nice,0,3.1.0
Rocket,459d89ba-e9d5-4b99-8dfd-726771a52090,2026-01-20 22:09:29,1,It is very bad app. Because i can't download this app,it is very bad app. because i can't download this app,0,unknown
Rocket,468d8ba5-1731-49fa-aec9-ebad1d864a2f,2026-01-20 12:11:35,1,"As soon as I opened the app, it asked for full control over my phone. Privacy is important, dont ignore or give up your information and data for this average mobile wallet.","as son as i opened the app, it asked apafter appull control over my phone. privacy is imaftertant, dont igooddnore or gooddive up your inonotpaftermation and dthis apafter this averagoodde mobilee wallit.",0,unknown
Rocket,c453a1fa-8cee-44eb-bbe5-f6f7f55081fd,2026-01-20 08:28:29,5,Better,bitter,0,3.1.0
Rocket,8109f57e-3a6a-4a3c-8aee-215f81f6b470,2026-01-19 18:45:28,5,good,their pits,0,3.1.0
Rocket,41498ef5-7718-4452-b859-127cea4b3f07,2026-01-18 21:16:45,5,good,their pits,0,unknown
Rocket,46268e9a-43c2-42c9-980d-a0afad1ad0e6,2026-01-18 20:33:56,5,❤️❤️❤️,red_heart red_heart red_heart,0,3.1.0
Rocket,4a09023f-7323-4a31-a825-65542df0343f,2026-01-18 14:31:40,1,Unknown error occurred. problem Dekha Hai,unknown error occurred. problem dekha hai,0,3.1.0
Rocket,dd523a46-fa88-4aec-8e6d-4f0656e3e196,2026-01-17 19:46:49,5,"When I try to install the software, it shows an invalid request and then I have to uninstall and install it again.","when i try to install the soapptware, it shows an invalid request and then i have to uninstall and install it agooddain.",67,3.1.0
Rocket,4596acdd-e2a2-445c-818c-2d8b2aec6b1c,2026-01-17 17:59:57,5,Nice Update❤️,nice update red_heart,0,3.1.0
Rocket,7df11304-f183-4948-85b7-9ba7ec56a4d1,2026-01-17 17:44:17,3,good,their pits,0,unknown
Rocket,810148d3-d964-489c-91b4-8dd714facf41,2026-01-17 15:40:18,5,Best Online Banking Service in Bangladesh.,best online bankingoodd serbrotherce in bangooddladesh.,0,3.1.0
Rocket,f9dad673-6f38-42c8-9a81-47d1f7c5d14f,2026-01-16 23:19:01,1,👍,thumbs_up,0,2.0.41
Rocket,ee659784-2859-4e77-8913-a672e888c813,2026-01-16 20:38:30,5,apps is vary good,apps is very gooddood,0,3.1.0
Rocket,026f12c4-e0e9-4acb-b8cf-00d5207a4137,2026-01-15 22:45:59,4,apps update Emergency kyc pic upload problem...,apps update emergooddenicey kyc pic upload problem..,2,3.0.13
Rocket,4d09971c-0e4c-485d-8e10-e4aa21b54304,2026-01-14 14:41:57,1,বা*** এপ সেই জন্যই কেও ব্যাবহার করে না না আসে otp না করা জায় ভেরিফাই। বিকাশ নগদ সব চলে খালি রকেট এই আসে না,"that's why no one uses the app, no otp comes, no verification. bikash cash does not come with empty rockets",0,unknown
Rocket,1869b781-78b7-4ed4-aa40-45544bfcc5de,2026-01-14 12:28:26,5,nice,nice,0,3.1.0
Rocket,dbfeaeef-9992-4662-8a05-338f55a7f411,2026-01-14 12:18:32,5,nice,nice,0,unknown
Rocket,3aaf50bd-3b64-488b-b20f-06dd023aa28b,2026-01-14 05:25:12,5,very nice apps,very nice apps,0,3.1.0
Rocket,0725f1ff-1aaf-445f-b15c-0294b9e4fe72,2026-01-14 00:58:13,5,nice,nice,0,3.1.0
Rocket,a7611988-5466-4767-a8ad-576cbf615ec5,2026-01-13 19:57:22,5,good,their pits,0,3.1.0
Rocket,efd1f777-41a5-4ca8-8f56-09a6ababffd7,2026-01-13 19:21:58,5,ok,ok,0,unknown
Rocket,d4b34a1c-fa63-4c9a-a038-a21388336c7b,2026-01-13 16:26:50,5,good,their pits,0,3.1.0
Rocket,6072b25f-e133-444b-b95d-465ac7af289a,2026-01-13 09:28:15,5,Good,their pits,0,3.1.0
Rocket,a48e60b1-f682-448e-bbb2-aca4a9f0abb6,2026-01-13 06:54:37,5,❤️❤️❤️🇧🇩☺️☺️,red_heart red_heart red_heart bangladesh smiling_face smiling_face,0,3.1.0
Rocket,d7561678-395f-4ad0-bc7e-9a647edf8260,2026-01-13 06:33:43,5,nice,nice,0,3.1.0
Rocket,336b46e2-1477-4a7c-93c0-7e34f8f3588d,2026-01-12 21:03:40,5,good,their pits,0,unknown
Rocket,153bd74a-15d7-4435-a11a-b58777c59526,2026-01-11 21:15:52,5,nice,nice,0,3.1.0
Rocket,182a150e-493d-4a68-9413-bf911ba8d4b6,2026-01-11 20:30:54,5,Thanks you,thanks you,0,2.0.64
Rocket,971f98d5-1767-4a94-b7c0-e1050f52b8d4,2026-01-11 17:23:19,5,good,their pits,0,unknown
Rocket,7177653a-b6f4-420a-96c5-8e7176dc0275,2026-01-11 13:03:50,5,good,their pits,0,unknown
Rocket,c92619ee-d0c2-4012-b149-ccde905a6906,2026-01-11 04:36:26,5,good,their pits,0,3.1.0
Rocket,29ab9c12-6292-4c34-a1cb-6fc9183cfd41,2026-01-10 20:06:14,5,very very good 😊😊👍,very very gooddood smiling_face_with_smiling_eyes smiling_face_with_smiling_eyes thumbs_up,0,3.1.0
Rocket,7f06bb7c-581c-4a98-b931-f6503180831e,2026-01-10 12:37:20,5,good apps more than bKash and nagad,gooddood apps more than bkash and nonotgooddad,0,3.1.0
Rocket,3202a382-0a4b-42c3-8aff-7274bb79573e,2026-01-10 12:19:52,5,Goog,gooddoogoodd,0,3.1.0
Rocket,9f6ce1f8-9397-4bb0-b66b-f24edcebee7c,2026-01-09 14:58:39,5,ওকে,ok,0,3.1.0
Rocket,1d2d0755-fd43-4855-9330-6e4ccfc8d591,2026-01-09 09:57:22,3,App এর অবস্থা খুবই খারাপ।আমার নতুন Samsung A55 5g তেও App এ ঢুকলেই ল্যাগ করে মাঝে মাঝে। শুধু এই ফোনে নয় আমার পরিবারের সবার ফোনেই একই সমস্যা। App এর UI ও ভালো নয় এবং app এর animation গুলো ল্যাগি। যত ধ্রুত সম্ভব update করতে হবে,the condition of app is very bad. my new samsungoodd a55 5goodd also lags sometimes when entering app. not only this phone but all my family phones have the same problem. the ui of the app is not good and the animations of the app are laggy. need to update as soon as possible,0,unknown
Rocket,ae282258-a37e-40bc-85dc-d48cbadb3a14,2026-01-09 09:10:12,5,good,their pits,0,3.1.0
Rocket,02140987-8d62-45e8-b237-fc1d7392d6fe,2026-01-09 00:58:17,5,nice,nice,0,3.1.0
Rocket,d83d3852-d46f-43aa-8c92-1f4836403fc7,2026-01-08 23:27:05,1,"there is no option to check usage history. hope so, it will fixed till next update.","there is no option to check usagoodde history. hope so, it will appixed till next update.",1,3.1.0
Rocket,0675668a-1fc4-43c0-acc5-557ebb838873,2026-01-08 19:29:54,5,nice,nice,0,3.1.0
Rocket,85949d25-876b-41a7-85b2-fe11d5a73352,2026-01-08 19:12:21,5,excellent mobile banking service,excellent mobilee bankingoodd serbrotherce,0,3.0.12
Rocket,ce89b97e-42d9-4068-8a16-bb2aa6da7d71,2026-01-08 12:14:01,5,goo app,gooddoo app,0,3.1.0
Rocket,f6c4ef2c-b24e-4e26-a6ed-020ee49b9cf3,2026-01-08 07:14:26,5,ok,ok,0,3.1.0
Rocket,0d01b60b-18da-42b9-9ac2-fb7ec1c2d0c4,2026-01-07 22:48:16,5,Very Good,very gooddood,0,3.1.0
Rocket,52df669a-f62b-42c6-a540-deec51e0334c,2026-01-07 22:00:57,5,nice,nice,0,unknown
Rocket,b444f9af-1df8-4151-ad51-d419d4a80ff8,2026-01-07 21:29:51,5,good,their pits,0,2.0.30
Rocket,553250f0-17fa-437c-8c08-0db80d4ea9bc,2026-01-07 16:09:49,2,রকেট অ্যাপসে আমার অ্যাকাউন্ট চালু হচ্ছে না কেন,why is my account not activating on rocket apps?,0,unknown
Rocket,bdd5a69d-462a-46cb-abb3-a85dd91ff244,2026-01-07 07:57:17,5,🥰🥰,smiling_face_with_hearts smiling_face_with_hearts,0,3.0.15
Rocket,bb1d370f-b5bd-4dff-81ae-cea9a1685b24,2026-01-06 19:28:39,5,অনেক ভালো ও হেল্পফুল এ্যাপ,very good and helpful app,0,3.0.13
Rocket,d2eb1e23-68b2-4758-b90d-42dade4a4fe1,2026-01-06 09:18:01,5,nice app,nice app,0,3.1.0
Rocket,6751f294-a678-4a9f-8abb-ca4a7a067ca4,2026-01-05 23:12:32,5,my roket promdlem,my rokit promdlem,0,unknown
Rocket,a2746f63-be3b-4aea-aa24-5a2a7a296e83,2026-01-05 14:00:59,5,good,their pits,0,unknown
Rocket,959fca65-88eb-406f-8d30-7ca0a8e7116b,2026-01-05 13:18:14,1,halar put ra amar loge khali onnay koros baler app banas🤮🤮🤮🤮,halar put ra amar logoodde khali onnonoty koros baler app banonots face_vomiting face_vomiting face_vomiting face_vomiting,0,unknown
Rocket,2229cd91-d0a7-4194-8146-9a52ded8b16f,2026-01-05 10:07:16,5,good,their pits,0,3.1.0
Rocket,145e768b-7f46-4fb4-9336-0cb069504a8c,2026-01-05 01:25:51,5,খুব সুন্দর একটি অ্যাপ করার জন্য খুব সহজ এবং খুব ভালো নিরাপত্তা,"a very nice app, very easy to use and very good security",0,3.1.0
Rocket,c4dfedd5-1f87-40db-8858-e77c367f0979,2026-01-04 21:15:32,5,good app,gooddood app,0,3.1.0
Rocket,c7733d5c-0e46-44fc-91be-cbca0a5a5acd,2026-01-04 16:45:27,1,er theke faltu system ami r kono mobile banking app e dekhi nai. ami amr account khular try kortesi hoytese nh.. call ase toh code ase nh. call e number dewar poreo jamlea eto faltu kn hea.?,er theke appaltu system i r kono mobilee bankingoodd app e dekhi nonoti. i my account khular try kortesi hoytese nh.. call ase toh codee ase nh. call e number dewar aftereo jamlea ito appaltu kn hea.?,5,3.1.0
Rocket,74798377-2d07-4b9d-9ab0-15157c9d806a,2026-01-04 14:04:24,5,good app,gooddood app,0,3.1.0
Rocket,23713b49-4034-4f79-b9e3-749b41c477a8,2026-01-04 13:22:04,1,good,their pits,0,3.1.0
Rocket,fd561cb4-228a-4004-b304-a9b08a123959,2026-01-04 11:55:06,5,"This is very beautiful, thank you.","this is very beautiappul, thank you.",0,3.0.15
Rocket,aca7d94e-7f11-4b1f-a76d-2159aeb3cb7e,2026-01-04 09:39:07,4,good,their pits,0,3.1.0
Rocket,6de9b516-4c99-4e82-a127-fe932c7afda9,2026-01-04 06:58:39,1,good,their pits,0,unknown
Rocket,8a83a205-7e0d-4f2a-af04-ed273c632c46,2026-01-03 23:30:33,1,"অনেক ফালতু অ্যাপ, নিবন্ধনে ঝামেলা করে আর অন্য ঝামেলা তো আছেই KYC update এর টাইম এ NID পিক নিচ্ছেই না😠","a lot of useless apps, causing problems in registration and other problems are not taking nid pic at the time of kyc update angry_face",0,3.1.0
Rocket,82eac920-cb31-4138-a100-d7ff097b1a31,2026-01-03 16:32:09,5,Good,their pits,0,3.0.2
Rocket,74ba95e2-58ad-4173-af6d-16e6258d3f34,2026-01-03 10:59:02,4,good,their pits,0,3.1.0
Rocket,c29cf562-b087-4687-b7c4-8559f479f25b,2026-01-03 01:25:03,5,nice,nice,0,3.1.0
Rocket,8c35076c-f74b-454d-9585-c1b6858c603a,2026-01-02 23:07:57,5,good,their pits,0,unknown
Rocket,25193040-3352-41ce-aaf9-273bd91390a3,2026-01-02 19:17:55,5,nice app for Android phone,nice app apafter android phone,0,unknown
Rocket,649ea8f7-8f68-47dc-a3bf-0ad43b6700a7,2026-01-02 19:15:15,5,good app,gooddood app,0,3.1.0
Rocket,3952f5b8-6b5f-41c3-9455-de741a254de5,2026-01-02 18:50:59,5,very fast but timing low,very appast but timyngoodd low,1,unknown
Rocket,79773de7-f906-42ec-a71e-334395142b79,2026-01-02 17:31:02,5,Nice,nice,0,3.1.0
Rocket,6ff06198-4c42-4539-8fe8-186f8dd12ec0,2026-01-02 14:26:45,5,good 👍,gooddood thumbs_up,0,3.1.0
Rocket,893d1b26-1285-4a0a-8ac0-db1d4f0f3ff8,2026-01-02 11:19:42,4,good,their pits,0,3.1.0
Rocket,a261e31e-0404-4c4c-9982-736c95bf560d,2026-01-02 08:36:22,1,nice,nice,0,3.1.0
Rocket,b0a2a43b-71a3-4031-91b1-1326b0aab79a,2026-01-02 01:13:42,5,nice,nice,0,3.1.0
Rocket,fd06f04b-2278-4feb-9a57-73bce3cc13ca,2026-01-01 20:46:58,1,"i do not recover my account,","i do not recover my account,",0,3.1.0
Rocket,cae7ab7b-989c-4f63-a1e7-07e7ab460e60,2026-01-01 18:36:58,5,ধন্যবাদ রকেট তোমাকে,thank you rocket,0,unknown
Rocket,67b44609-bae0-4339-9877-7f7883ee118e,2026-01-01 11:07:30,5,Good,their pits,0,3.0.13
Rocket,319867a5-7897-4c96-a298-a0ddf0417d18,2025-12-31 22:51:55,3,good,their pits,0,3.1.0
Rocket,dee690d7-ebea-4bb6-8551-b67216519458,2025-12-31 18:43:42,5,naic,nonotic,0,unknown
Rocket,0c2e3043-328d-4919-9a4b-bab5282a6cdb,2025-12-31 17:33:57,5,nice,nice,0,3.1.0
Rocket,dc56a3f5-7bd8-4a66-9845-f5aa37dd82e0,2025-12-31 17:26:04,5,nice,nice,0,unknown
Rocket,61ba4e3f-3184-4a82-a4d6-ff9efc4f4b67,2025-12-31 14:50:13,5,nice,nice,0,unknown
Rocket,fd0ddad1-e9ba-42b9-8e5d-b9454d3143ed,2025-12-31 11:08:38,5,good .but some time lack,gooddood .but some time lack,0,3.1.0
Rocket,c93485f4-a173-4ecc-ae84-ca9091d2c63a,2025-12-30 22:08:01,5,good,their pits,0,3.1.0
Rocket,45157110-c154-4776-a176-e99871fba367,2025-12-30 21:40:57,5,ইনকাম,income,0,unknown
Rocket,3a432e36-8301-4304-a11d-ab612b0f9f38,2025-12-30 20:33:34,5,nice,nice,0,3.1.0
Rocket,5a330111-07e4-4053-84ab-7d1a001e31cd,2025-12-30 20:26:54,5,Nice,nice,0,unknown
Rocket,d5856d55-26a0-4d66-9cc0-7535d3a1dcad,2025-12-30 19:43:12,5,nice aap,nice app,0,3.1.0
Rocket,b398dd0a-75ab-4385-8234-b3a5e16e78c5,2025-12-30 05:26:22,2,ভালো,good,0,unknown
Rocket,0d57bf3c-75a4-4f7d-8afa-8597c5f6c059,2025-12-30 00:40:44,5,মাশাআল্লাহ অনেক সুন্দর,masha allah very beautiful,0,3.1.0
Rocket,66a9dc8c-6395-410b-a706-b7facf8c9bc9,2025-12-30 00:08:37,1,একই সঙ্গে পার্সোনাল এজেন্ট আ্যপ ব্যবহার করতে চাই,also want to use personal agent app,0,3.1.0
Rocket,bfae6837-6dc4-43ec-b3a5-6d80ed1819d9,2025-12-29 14:32:15,1,"very bad services, useless","very bad serbrotherces, useless",0,unknown
Rocket,4b60e8df-8729-4860-8aa4-7d7ed8c6dacd,2025-12-29 12:47:32,5,Good,their pits,0,3.1.0
Rocket,c96bb297-955c-49cd-9eef-e20c61726d6c,2025-12-29 05:58:58,5,good,their pits,0,3.1.0
Rocket,f94eeb6a-a34d-479e-a7d7-bcf050436a7c,2025-12-29 01:29:05,5,nice,nice,0,3.1.0
Rocket,e276b054-d96d-499f-a484-a0076236a5eb,2025-12-28 21:48:09,5,Good,their pits,0,3.1.0
Rocket,d99da6e4-d042-4a93-be94-564a2db4fe55,2025-12-28 16:23:22,5,good app,gooddood app,0,3.1.0
Rocket,60a11315-4b8d-4fbc-8e77-147c4fc06710,2025-12-28 15:57:58,1,"very bad experience after this update. issue in mobile recharge, agent cashout. disgusting, very much disappointed","very bad experienice aappter this update. issue in mobilee rechargoodde, agooddent cashout. disgooddustingoodd, very much disappointed",3,unknown
Rocket,b97bb067-5fae-4de5-8a2a-a959b0bcdc18,2025-12-28 00:19:33,5,mobile banking app rocket to DBBL,mobilee bankingoodd app rockit to dbbl,0,unknown
Rocket,f0f4c1ef-da47-4403-ba26-0ba34804960b,2025-12-27 05:22:15,1,plz help login problem 😓😓😓,plz help logooddin problem downcast_face_with_sweat downcast_face_with_sweat downcast_face_with_sweat,4,3.1.0
Rocket,8e614a63-7cfa-4e07-9d2f-8f2d53913c99,2025-12-26 17:42:39,5,good app,gooddood app,0,3.1.0
Rocket,0c514349-221e-401a-bdd2-6b9dea154038,2025-12-26 15:24:21,1,good app,gooddood app,0,unknown
Rocket,c6903e89-2a90-4f5d-9d2c-e6aa1d3663b9,2025-12-26 10:34:39,5,good app,gooddood app,0,unknown
Rocket,2a82f028-4cda-4613-81e7-0ff9fc8c892d,2025-12-25 20:20:51,5,গুড,good,0,3.1.0
Rocket,3b9f7b0f-4c88-4f74-86ef-6b720843ab30,2025-12-25 16:17:11,2,nice,nice,0,3.1.0
Rocket,b2fd9da3-3405-4a19-9413-2817ddfd24b1,2025-12-25 09:38:29,5,good,their pits,0,unknown
Rocket,50f5b65b-096b-42db-8f77-f5b239abab3f,2025-12-25 09:26:24,2,This app should be improved more. The app works very slowly.,this app should be improved more. the app works very slowly.,2,3.1.0
Rocket,6694c02e-b991-4020-8830-5a799b9552ff,2025-12-25 04:59:11,5,that's great for Bkash users 🤑🙄,that's gooddreat apafter bkash users money-mouth_face face_with_rolling_eyes,0,3.1.0
Rocket,13a1fef4-274c-47bc-9745-8b79d4f4aa89,2025-12-24 21:04:08,5,very nice,very nice,0,unknown
Rocket,75614af9-28eb-4beb-99e3-97df3dfdc7c7,2025-12-24 12:07:33,5,sundor,nice,0,3.1.0
Rocket,43af7dcc-3a1a-41e5-85cb-fa5bee8bd11c,2025-12-24 10:37:59,5,"Everything is updated now, but it's very sad that there is no option to login with fingerprint.","everythingoodd is updated now, but it's very sad that there is no option to logooddin with appingoodderprint.",166,3.1.0
Rocket,a2ead762-8a8a-4ede-8290-c9d77d341bee,2025-12-23 16:25:41,5,vire nice,brotherre nice,0,3.1.0
Rocket,408f6430-187f-45c7-a9d5-13eb4469b34c,2025-12-23 00:23:21,5,বিউটিফুল,beautiful,0,unknown
Rocket,163b1b08-1b90-4005-a67d-f3ae7f641dce,2025-12-22 22:59:19,5,good apps,gooddood apps,0,3.1.0
Rocket,b67c150c-4d6f-4f30-bf22-5827246526a1,2025-12-22 22:07:54,5,very good,very gooddood,0,unknown
Rocket,a3f00123-c94b-4859-b0b2-9634158ef2b6,2025-12-22 20:24:33,5,Super,super,0,3.1.0
Rocket,85794342-a0fb-41fb-b66e-c7eba9eb08ab,2025-12-22 19:15:58,2,"can not support , & reboot device display show plz","can not supaftert , & reboot debrotherce display show plz",1,3.1.0
Rocket,adf7f355-b928-46d8-8846-e9c4f00348e1,2025-12-22 14:55:48,3,valo,good,0,unknown
Rocket,3610158f-e964-4a55-add4-898ab496b5bc,2025-12-22 12:04:01,5,last update amr kache ekta problem face korchi.last update hobar por por por bill dite gele same amount dile second bill problem hoy kintu eita age chilo na..apnara same bill number hole 5min somoy nite paren kintu bill number alada hole jate bill dite somosa na hoy sei vabei korun,last update my kache ekta problem appace korchi.last update hobar after after after bill dite gooddele same amount dile second bill problem hoy but eita agoodde chilo nonot..appnonotra same bill number hole 5myn somoy nite paren but bill number alada hole jate bill dite somosa nonot hoy sei vabei do,4,3.1.0
Rocket,a2707edc-db4a-4333-a916-6641ff5bba33,2025-12-22 01:04:28,5,nice,nice,0,3.1.0
Rocket,ce254694-1f21-44c1-840a-2c38270ff4cc,2025-12-21 20:16:00,5,good app,gooddood app,0,3.1.0
Rocket,237a5b0e-5223-4e8a-a9ff-84571496ea5b,2025-12-21 18:05:26,5,nice apps,nice apps,0,3.0.15
Rocket,98b3009d-932d-4a5f-871a-1b8ca8ff1e6e,2025-12-21 17:43:23,1,"আমি রকেটের একজন DSR। ৩০ মিনিট চেষ্টা করেও একটা পার্সোনাল একাউন্ট করতে পারছি না। তাও আবার একদম নতুন ফোন দিয়ে। সাথে সাথেই ছবি/তথ্য নিয়ে নিচ্ছে। এন, আই,ডি ভেরিফিকেশন ফেইলড হওয়ার কথা না কারন, মধ্য বয়সী লোক আর আইডি কার্ড একদম ফ্রেশ। আর যদি ফেইলড হয়েও থাকে ফিরতি এস,এম,এস তো আসার কথা। *এজেন্টরা বিরক্ত রকেট এপস নিয়ে*👎 সব সমস্যা শুরু হয়েছে কিছুদিন আগে দেয়া *ফালতু* একটা আপডেটের জন্য। সিকিউরিটি ইমপ্রুভমেন্টের নামে এপসের ১২ টা বাজিয়ে দিল। আগে পূরনো ভার্সনে ও কে,ওয়াই,সি করা যেত","i am a dsr in rocket. i can't create a personal account even after trying for 30 minutes. that too with a brand new phone. taking picturesdata immediately. n, id, d verification is not supposed to fail because middle-aged people and id card are completely fresh. and if it has failed, the return sms is supposed to come. agents upset with rocket apps thumbs_down all the trouble started with a stupid app update a few days ago. in the name of security improvement, 12 of the apps have rung. in the previous version, k, y, c could also be done",0,3.0.15
Rocket,1b0e11c8-d8a6-45e9-8661-1ff305e77321,2025-12-21 17:31:31,5,Nice,nice,0,3.0.15
Rocket,7d302052-a015-452f-9d76-99548fdf02c5,2025-12-21 17:23:05,5,Good❤️,gooddood red_heart,0,3.0.15
Rocket,f81be93d-d89a-41bb-96c5-63c88976b114,2025-12-21 14:22:16,5,টাকা পেতে চাই,want to get bdt,0,unknown
Rocket,b436ca18-149a-4215-9213-85cddbf3f3c8,2025-12-21 02:26:37,1,অনুগ্রহ পূর্বক রকেট এজেন্টে ব্যাংক একাউন্ট যোগ করার ব্যবস্থা করুন। প্রয়োজনের সময় ব্যালেন্স শেষ হলে যাতে ব্যাংক থেকে নিয়ে ব্যবহার করা যায় কিংবা রকেট এজেন্ট থেকে ব্যাংকে নিয়ে নিজের কাজ করা যায়,"please arrange to add bank account to rocket agent. when the balance ends when required, so that it can be used from the bank or from the rocket agent to the bank to do your own work.",0,unknown
Rocket,d8f8eec3-7e7e-44c8-955a-82f692bfbc15,2025-12-21 01:14:25,5,very very good app,very very gooddood app,0,3.0.15
Rocket,1f1c6e4b-a877-4956-8b0f-bf3d8113f277,2025-12-21 00:55:27,5,super,super,0,3.0.15
Rocket,bb2ce919-4278-4ab8-abe8-36d5e73de44b,2025-12-20 22:59:43,1,বিনিময় কাজ করে না,exchange does not work,0,unknown
Rocket,b521a3cf-bfc3-4395-b0b1-2f1102e6096f,2025-12-20 21:04:39,5,good,their pits,0,unknown
Rocket,d60d9629-8e0b-4f65-837c-df200b3e1c0f,2025-12-20 20:53:17,5,Rocket Apps ar sata DBBL ar agent banking ar Card system oh Add kora Use kora jai. 👍👍👍,rockit apps ar sthis dbbl ar agooddent bankingoodd ar card system oh add kora use kora jai. thumbs_up thumbs_up thumbs_up,0,unknown
Rocket,0171c9e9-edbe-4f37-8298-ebbbf86d3abb,2025-12-20 16:34:39,1,The 12-digit system should be discontinued from all parts of Rocket accounts. It should be made 11 digits like other MFSs. There will be no hassle with 12 digits.,the 12-digooddit system should be discontinued approm all parts oapp rockit accounts. it should be made 11 digooddits like other mappss. there will be no hassle with 12 digooddits.,90,3.1.0
Rocket,a79eb241-914e-4f69-a6e5-d5080bfcf1ed,2025-12-20 03:41:39,1,can't put OTP in this app,can't put otp in this app,2,3.0.15
Rocket,4b424028-46fb-4032-855d-82528157424a,2025-12-19 20:01:33,5,nice,nice,0,unknown
Rocket,92e77290-0b50-472d-a089-8d20901ee60f,2025-12-19 18:46:42,5,Good,their pits,0,unknown
Rocket,4688d3c7-e089-4273-866f-7cfd5f2a1d80,2025-12-18 23:41:09,1,Worsted App Ever !,worsted app ever !,0,3.1.0
Rocket,a0013558-3ac2-40b5-9a68-9b1fccbb04ad,2025-12-18 18:12:06,5,nice,nice,0,unknown
Rocket,006dc2b5-f24d-4b71-aa07-fd11a6472002,2025-12-18 15:32:56,5,good,their pits,0,2.0.64
Rocket,1f8d057c-a6c5-481c-9d68-5b22f1808552,2025-12-18 10:10:56,5,good app,gooddood app,0,3.0.15
Rocket,01abdc8d-a053-46a5-aa29-3d711d58ed88,2025-12-18 02:34:40,5,loved it,loveed it,0,unknown
Rocket,2d5b1b81-ad95-48d6-9c09-5771fae01867,2025-12-17 20:11:49,5,good app,gooddood app,0,unknown
Rocket,a44fdfee-b328-4f27-a85c-4bb644d61bff,2025-12-17 19:29:52,5,আমার অ্যাপস লগইন হয় না কেন তাড়াতাড়ি লগইন করার পারমিশন দিয়ে দেন,my apps are not login why please give permission to login quickly,0,3.0.15
Rocket,eda8b7d8-fb68-4593-8ece-bc9026af403a,2025-12-17 18:53:12,5,good apps,gooddood apps,0,unknown
Rocket,fc851f1e-0870-4c21-981e-f63cb4906af8,2025-12-17 16:38:48,5,thank,thank,0,3.0.15
Rocket,487cbf47-570e-4be0-b560-ff93399d7dfc,2025-12-17 07:26:13,1,app poblem keno,app poblem whyo,0,3.0.15
Rocket,7f66e68c-21de-4fac-9e6a-f46b888e4dc8,2025-12-16 22:58:00,5,good app,gooddood app,0,unknown
Rocket,539fa632-78be-44f1-b2d9-7f48df6e9b53,2025-12-16 21:56:29,1,"No transection statement available, just learn from bKash. They give proper transection statement.","no transaction statement abrotherlable, just learn approm bkash. they gooddive proper transaction statement.",0,3.0.12
Rocket,666bce45-70e0-4b80-aff4-a0591adf1d16,2025-12-16 17:39:15,5,Very Very Nice Apps,very very nice apps,0,unknown
Rocket,bde2bf09-8ed8-40be-8a44-61f558954fbd,2025-12-16 14:27:27,1,কনফার্মেশন কোড আসে না,confirmation code does not come,0,unknown
Rocket,6b11be99-7c21-4dbe-879e-6ec4f921bd56,2025-12-16 09:03:33,5,good,their pits,0,3.0.15
Rocket,e05084ce-26ee-4df9-9c1b-56bec6de76e7,2025-12-16 08:56:15,5,excellent and wonderful service.,excellent and wonderappul serbrotherce.,0,3.0.15
Rocket,15e2b606-71fa-4c40-b3d2-9b0ac7b1c178,2025-12-16 04:26:48,1,Add skitto sim recharge option,add skitto sim rechargoodde option,90,3.0.15
Rocket,3f1371aa-ab30-4c2a-836d-6ba31f8afb38,2025-12-15 21:28:17,5,best app,best app,0,3.0.15
Rocket,09c7f022-ab7e-4014-81cd-886fa4438c71,2025-12-15 21:03:56,5,your apps very nice and beautiful. I'm fine just curious are you feeling now. MD KHURSHED ALAM.,your apps very nice and beautiappul. i'm appine just curious are you appeelingoodd now. md khurshed alam.,0,unknown
Rocket,b7c20c32-13d1-4e1b-a295-e1c734ba88d4,2025-12-15 20:48:46,1,Cannot connect my Debit card. Invalid SVA number. And errors in almost every options I select.,cannot connect my debit card. invalid sva number. and errors in almost every options i select.,5,3.0.15
Rocket,ebf04bc6-8c02-4e5e-8304-f85254ed489a,2025-12-15 20:14:07,5,this apps very interesting,this apps very interestingoodd,0,3.0.15
Rocket,776e7e0c-810c-49e5-8859-40c5bbbc3ca1,2025-12-15 19:48:40,5,Excellent..,excellent..,0,unknown
Rocket,cc8b9f9f-a2aa-4d7a-9a4c-afa9cb979c8e,2025-12-15 17:44:20,4,"Requesting to add ""Update MNP"" option in Rocket app as well as USSD menu. As a MNP user I had to revert to the original operator just for not having the option in Rocket. Hopefully Rocket will take the matter with high importance.",requestingoodd to add update mnp option in rockit app as well as ussd menu. as a mnp user i had to revert to the origooddinonotl operveryr just apafter not habrotherngoodd the option in rockit. hopeappully rockit will take the matter with higooddh imaftertanice.,53,3.1.0
Rocket,4c69a493-6589-4b91-834e-ba6d4a2dd6a5,2025-12-15 13:59:06,5,Very good App,very gooddood app,0,unknown
Rocket,7814e508-12b4-45ce-acce-f81b4de0577a,2025-12-14 15:47:44,5,Best app,best app,0,3.0.15
Rocket,c0477646-a481-4dd5-9fb7-ebb836b22649,2025-12-14 14:55:29,5,good,their pits,0,3.0.15
Rocket,cfbd1043-01d7-4850-ae79-8a9712b5f430,2025-12-14 13:42:11,3,No Search option in home page........,no search option in home pagoodde..,0,3.0.15
Rocket,16b41fa3-57e1-4787-a4de-b7281b997329,2025-12-14 12:13:01,5,good,their pits,0,3.0.15
Rocket,61044d53-3f52-4df6-b804-2a4bea9ecd43,2025-12-14 10:55:16,5,nic,nice,0,unknown
Rocket,794ae00b-cf3b-45d4-9a90-65ec5e9f8172,2025-12-14 08:23:36,5,good,their pits,0,3.0.15
Rocket,71145d17-c469-4c14-b7c6-51fe3fb72311,2025-12-13 04:26:55,5,great,gooddreat,0,unknown
Rocket,2385daa8-51c1-48c1-9453-587881bd43ae,2025-12-12 12:51:46,1,I have sufficient balance in my account but when I try to do payment it says insufficient balance solve this problem.,i have suappappicient balanice in my account but when i try to do payment it says insuappappicient balanice solve this problem.,15,3.0.15
Rocket,32ff0aa4-e3ff-4f24-adc0-b82fe07969b3,2025-12-12 12:45:57,5,nice,nice,0,3.0.13
Rocket,be4a9042-e2fd-4203-a3a9-0b0e71dddac2,2025-12-12 10:42:25,5,nice🥰,nice smiling_face_with_hearts,0,3.0.15
Rocket,a1f44e3f-cab6-4b66-aef0-82a2d29bda7b,2025-12-12 10:26:25,5,nice app,nice app,0,3.0.15
Rocket,93dbcaf7-d6d8-4b2e-aa31-845a578a6e08,2025-12-12 09:32:25,5,best mfs service.,best mapps serbrotherce.,0,3.0.15
Rocket,c9bd4554-0c31-432f-a3f2-4d1027b124a3,2025-12-11 23:53:26,1,"this app is laggy from last 3 update, and drained more battery on my s23 ultra please fix this problem","this app is lagooddgooddy approm last 3 update, and drained more bittery on my s23 ultra please appix this problem",8,3.1.0
Rocket,c55781ee-dedb-484a-aaea-4298a4e5477c,2025-12-11 20:25:21,1,disgusting app 🤬,disgooddustingoodd app face_with_symbols_on_mouth,0,3.0.15
Rocket,0a5a7452-7ed1-4f2f-94c5-3ef0a78ff51f,2025-12-11 16:47:14,4,Best service,best serbrotherce,0,3.0.11
Rocket,993f6ff9-04ca-4102-852e-a84ac807ef82,2025-12-11 16:15:26,5,nice,nice,0,3.0.15
Rocket,be97d53d-8888-4daf-8e1f-a1ab88a10074,2025-12-11 13:53:53,5,fantastic,appantastic,0,3.0.15
Rocket,4056e4ce-7cda-4e7b-83b0-0aa5ef8087c6,2025-12-11 11:06:51,5,কাজের অ্যাপস,work apps,0,unknown
Rocket,32d6b5b2-917d-4929-8315-902b40fb0778,2025-12-11 03:08:27,5,😍🫶,smiling_face_with_heart-eyes heart_hands,0,3.0.15
Rocket,3f2a5842-2fe7-48c7-80ef-07835babb9ea,2025-12-10 20:00:05,5,good,their pits,0,3.0.10
Rocket,a199a179-ed03-4cea-be02-28cff5321dd9,2025-12-10 19:55:35,5,ভালো,good,0,3.0.15
Rocket,28c52ec9-8807-4b7e-9f56-2a356a4c5627,2025-12-10 15:35:25,5,❤️❤️,red_heart red_heart,0,3.0.15
Rocket,0c0b614a-cd7c-49de-8a3e-4a41bf58fded,2025-12-10 13:09:03,2,I am facing this problem when I want to login to binimoy from Rocket. Error Exception occured!!! java.lang.NullPointerException,i am appacingoodd this problem when i want to logooddin to binimoy approm rockit. error exception occured!! java.langoodd.nullpointerexception,8,3.0.15
Rocket,89587da1-d680-40bd-8dd1-8dbe635fde08,2025-12-10 10:35:31,5,very good,very gooddood,0,3.0.15
Rocket,eac48c44-6295-48e8-9bca-e776c7c1aaa3,2025-12-10 09:54:29,5,good aarviea,gooddood aarbrotherea,0,unknown
Rocket,0f49587e-a41b-4891-a48f-d7df6a5eb5de,2025-12-10 05:10:32,5,gud app,gooddud app,0,3.0.15
Rocket,e872b280-7375-4458-bd2c-c475e390c7ac,2025-12-10 00:17:54,5,very Helpful,very helpappul,0,3.0.15
Rocket,6c6ed216-f047-46df-93b3-59bea7e9b656,2025-12-09 23:54:35,1,"বালের এপিলিকেশন,,, Cash out ar number দেখা যাই না?, 😡","useless application,, cash out ar number not visible?, enraged_face",0,unknown
Rocket,572340f3-90fd-4540-ab71-fead95aded1d,2025-12-09 22:25:11,5,Good apps,gooddood apps,0,3.0.15
Rocket,d3a497a8-8005-40ad-ac4a-b2d059396c51,2025-12-09 22:17:17,5,Good,their pits,1,3.0.15
Rocket,e749e014-e9cd-437f-a6de-2dd6c5f61417,2025-12-09 22:12:14,5,nice app,nice app,0,3.0.7
Rocket,6131ab0e-a6ab-4680-bea8-6feee0fcb95b,2025-12-09 21:03:48,3,stupid cash in system. cant find agents. need more option like bank (Agrani Sonali etc) and mobile banking (bkash nogod) for better cash in experience.,stupid cash in system. cant appind agooddents. need more option like bank (agooddrani sononotli itc) and mobilee bankingoodd (bkash nogooddod) apafter bitter cash in experienice.,6,3.0.15
Rocket,68babbc9-f2c1-4e56-a328-5b877ae5b250,2025-12-09 19:54:23,5,good,their pits,0,unknown
Rocket,a592e33f-1f64-4a66-a376-0d75f669edd9,2025-12-09 14:58:16,4,"I changed my old phone and now Rocket OTP is not coming to my new mobile. But when I use my old phone, the OTP arrives. Please tell me how to fix this problem.","i changoodded my old phone and now rockit otp is not comyngoodd to my new mobilee. but when i use my old phone, the otp arrives. please tell me how to appix this problem.",16,3.0.15
Rocket,b2f50180-5c94-4d38-940e-c7b7a7bd4fa9,2025-12-09 09:10:40,5,Nice,nice,0,3.0.15
Rocket,72d3b3cd-a350-4932-a69e-4f0e29689a52,2025-12-09 08:23:02,1,very bad experience.,very bad experienice.,1,3.0.15
Rocket,c977a6dd-ea9b-466c-9d10-2769fb492576,2025-12-09 08:04:28,5,Good service rocket,gooddood serbrotherce rockit,0,3.0.15
Rocket,64ef8106-80a8-478e-b4b8-83a96f8db0bd,2025-12-08 23:31:41,5,Well Service,well serbrotherce,0,unknown
Rocket,4f1c7db8-b7e2-4533-885c-7dc900c8028d,2025-12-08 10:05:33,5,nice,nice,0,3.0.15
Rocket,80e92aa2-7a90-4754-92b6-1f38fb04ffca,2025-12-08 01:15:54,4,please add fingerprint support.,please add appingoodderprint supaftert.,5,3.1.0
Rocket,42dc11b5-672c-443e-ad8c-d2fe1c19ba2f,2025-12-07 23:19:23,5,একাউন্ট চালু হয় না কেন,why is the account not activated?,0,3.0.15
Rocket,28f7e0cf-dad2-4927-9548-f92271754248,2025-12-07 22:42:32,1,don’t add lone and saving option,dont add loane and sabrotherngoodd option,0,3.1.0
Rocket,606f9664-b8fd-4283-8492-d7aeb902b3c1,2025-12-07 21:47:42,5,best app an service,best app an serbrotherce,0,3.0.15
Rocket,25a7e47a-322c-410d-b1bd-951ec989621b,2025-12-07 20:02:56,5,im not Happy,im not happy,0,3.0.15
Rocket,da245671-5537-4efd-980a-76a0ee5bd383,2025-12-07 18:36:14,1,suddenly not working on realme 50a prime android 13,suddenly not workingoodd on realme 50a prime android 13,0,3.0.15
Rocket,83334ca6-596e-444e-96ed-31b0072920e1,2025-12-07 17:42:24,1,skitto sum open kora nai kno recach kora jai na kno 😩🥹,skitto sum open kora nonoti kno recach kora jai nonot kno weary_face face_holding_back_tears,0,3.0.15
Rocket,3e125191-4014-4e6b-a6c1-d0fdecede42c,2025-12-07 15:48:44,5,Good,their pits,0,3.0.15
Rocket,456c4ae0-0fd0-41f5-abb5-b5c458b16e38,2025-12-07 11:09:15,5,nice,nice,0,unknown
Rocket,6e3c219a-0ac4-483a-ba51-3e2beda74a39,2025-12-07 07:18:21,5,ভালো,good,0,3.0.15
Rocket,cd950766-95bc-4ba8-b4be-657a1a934a13,2025-12-07 03:32:26,1,"Can't Log in. OTP is not filled automatically. also, no option to put OTP manually.","can't logoodd in. otp is not appilled automatically. also, no option to put otp manually.",25,3.0.15
Rocket,620d04ce-3f37-4747-9a61-cef857496432,2025-12-06 23:25:51,2,Lovely,loveely,0,unknown
Rocket,fd1f9e62-d8c2-4522-b95c-cde5471b2d9b,2025-12-06 22:07:19,5,goodApp,gooddoodpp,0,3.0.15
Rocket,5bac4299-d9f2-4743-bb59-1815006aad08,2025-12-06 22:03:19,5,Best,best,0,3.0.15
Rocket,737ad7e4-66a0-4308-b757-7586afaecb10,2025-12-06 17:15:19,4,goood,gooddood,0,unknown
Rocket,c0081902-b60a-4aed-bbe9-3107ae579d87,2025-12-06 14:26:09,5,nice,nice,0,unknown
Rocket,17df601e-865a-48a7-9f2a-fbcd9595287a,2025-12-06 11:47:14,3,"I gave Rocket only 3 stars because there’s no Loan or Savings option. Like me, most ordinary customers rarely visit banks physically. We save money either through other means on upay or bKash. Currently, 5 million customers are saving through bKash. If Rocket had a savings option, I could have used it. And if there was a loan facility like bKash, it would have been very helpful for many of us.""","i gooddave rockit only 3 stars because theres no loan or sabrotherngoodds option. like me, most ordinonotry customers rarely brothersit banks physically. we save money either througooddh other means on upay or bkash. currently, 5 myllion customers are sabrotherngoodd througooddh bkash. iapp rockit had a sabrotherngoodds option, i could have used it. and iapp there was a loan appacility like bkash, it would have been very helpappul apafter many oapp us.",37,3.0.15
Rocket,9deab7aa-16bc-4bf2-af02-1fb3ea7db87b,2025-12-06 06:45:54,5,good,their pits,0,3.0.15
Rocket,a9268255-a54e-484a-9614-1e0e193616ae,2025-12-05 14:44:25,5,very nice app,very nice app,0,3.0.15
Rocket,8cfdf362-040f-49e2-b3a3-0f684a6d4e48,2025-12-05 06:44:02,2,কিছু কিছু সময় সমস্যা হয়,sometimes there are problems,0,3.0.15
Rocket,6e3e597a-3da8-4df9-8532-102c7bf28f59,2025-12-05 05:21:37,1,কোড আসেনা নিউ রেজিস্ট্রেশন করতে গেলে। কতোবার চেষ্টা করলাম। ০৫/১২/২৫ ইং ০৫.১০ মিনিট,the code does not come for new registration. i tried so many times. 051225 eng 05.10 min,0,3.0.15
Rocket,54a6ba02-3d86-4f1c-ae88-4c17bd76e7c0,2025-12-05 03:59:18,5,Nice,nice,0,3.0.15
Rocket,fe89d30e-c316-40ed-ad86-e8ced55dce43,2025-12-05 03:47:28,5,Nice,nice,0,3.0.15
Rocket,e24a196e-5620-467d-958c-e591a5d0d3b5,2025-12-04 11:23:33,5,good,their pits,0,3.0.7
Rocket,504fe888-f62f-4cff-82db-ca398440954a,2025-12-04 11:08:51,5,baler app,baler app,0,unknown
Rocket,800fb9d8-f4d2-4cf4-8682-c8b7b712c594,2025-12-04 11:05:39,5,nice,nice,0,3.0.15
Rocket,d83c6b5e-382c-4aa9-995d-c520bde94a01,2025-12-03 13:42:42,5,Smart App,smart app,0,unknown
Rocket,d94b4fbb-6b32-4220-b4aa-46257bc71ab8,2025-12-03 12:30:09,5,এক কথায় অসাধারণ,"in a word, amazing",0,unknown
Rocket,0a77ed44-9d01-448f-a71b-723aceabef14,2025-12-03 02:04:37,5,Add beneficiary option for bank fund transfer.,add beneappiciary option apafter bank appund transapper.,1,3.0.15
Rocket,79c3d10b-e0e0-4489-a616-5e7d798bc5c2,2025-12-02 22:18:02,3,Facing login issue nowadays,appacingoodd logooddin issue nowadays,0,3.0.15
Rocket,715fcbf2-529e-491f-8cc0-7fdef9a1ec0a,2025-12-02 21:36:12,5,Nice,nice,0,3.0.15
Rocket,958e67ea-b2b2-4ded-9600-cb99595da285,2025-12-02 21:26:42,5,valo,good,0,3.0.15
Rocket,5577f480-8648-4d28-9975-ed043bf8ed4b,2025-12-02 18:51:36,5,nice,nice,0,unknown
Rocket,98cfb984-a295-40c5-a7ec-e5e858987826,2025-12-02 03:39:31,5,nice,nice,0,unknown
Rocket,9cc9bd8d-df97-4382-aeb3-0e67700e3fc4,2025-12-01 23:32:10,5,good app,gooddood app,0,unknown
Rocket,4377763c-46bc-4984-9954-00355ccdda68,2025-12-01 21:52:31,2,nice apps,nice apps,0,2.0.54
Rocket,d2c5c2aa-292a-4a93-8fcb-b40dd503e514,2025-12-01 11:48:18,5,nice app,nice app,0,unknown
Rocket,9143b5b7-a6a0-4c63-a482-42702ee7fa44,2025-12-01 10:57:33,1,rocket harassment the customer if they give rocket number for salary. Why? Take too much time.,rockit harassment the customer iapp they gooddive rockit number apafter salary. why? take too much time.,0,unknown
Rocket,ba534b90-cacc-4f51-a1ca-e38b00cda38a,2025-12-01 09:04:30,5,Nice,nice,0,3.0.15
Rocket,9fc8e5f6-6f88-4d35-ad28-bebd5cc86925,2025-11-30 14:15:29,1,very poor connectivity,very poor connectibrotherty,0,3.0.15
Rocket,65082e19-2864-4e32-a9a8-f067f3216a04,2025-11-30 12:38:55,1,disgusting,disgooddustingoodd,0,unknown
Rocket,ec130b1c-7a62-4d95-bd3e-f51800167c5e,2025-11-29 20:54:52,4,Please change the apps user interface! the ui looks very old and outdated.,please changoodde the apps user interappace! the ui looks very old and outdated.,4,3.0.15
Rocket,bcf9f9ef-099a-4871-8d72-a30e59e0545e,2025-11-29 18:04:01,5,নাইচ,nice,0,3.0.15
Rocket,27ce570e-5e6f-42e3-a417-6852a5c92dd2,2025-11-29 09:47:10,5,Thats a very useful app.,thats a very useappul app.,0,3.0.15
Rocket,cd5fd439-4da8-44a0-9b0b-ed0ed5a1e9d9,2025-11-29 08:29:35,5,Gor app,gooddor app,0,unknown
Rocket,03307153-93f1-4c36-a4f5-558c20ae26a0,2025-11-29 01:05:32,5,💕,two_hearts,0,3.0.15
Rocket,c981f2a3-ca65-428a-9168-8f0b9e715768,2025-11-28 18:41:00,5,nice,nice,0,3.0.13
Rocket,84476ff8-2a5f-494e-b10a-d394ef3ee8fc,2025-11-28 15:41:08,1,কোন নাম্বারে ক্যাশ আউট করা হলো বা সেন্ড মানি করা হলো সেই নাম্বার দেখা যায় না এবং ট্রানজেকশন আইডি কপি করা যায় না।,the number to which cashed out or send money was done cannot be seen and the transaction id cannot be copied.,0,unknown
Rocket,442dd302-b4da-4904-8941-fcb0e4c95d27,2025-11-28 14:58:25,5,nice app,nice app,0,unknown
Rocket,dc14a713-0be7-4c69-ab19-2e22aa1431cf,2025-11-28 14:54:17,5,একটুও ভালো না,not good at all,0,unknown
Rocket,cbe7de05-08b6-4a0f-a65c-11caabefce91,2025-11-28 10:03:59,5,good apps,gooddood apps,0,3.0.15
Rocket,3a2cfeba-cd4e-4804-ac72-f31109cacf7e,2025-11-28 08:31:27,1,ফালতু রকেট একদম ফালতু 10 মিনিট ধরে ফেস দেই তাও নেয় না ফালতু এপস ফালতু,faltu rocket faltu faltu 10 minutes face doesn't even take faltu apps faltu,0,unknown
Rocket,9c5d6420-4950-4c83-8856-c9e8943178b3,2025-11-28 07:24:47,3,Good,their pits,0,3.0.15
Rocket,ea39292c-9df7-43e8-bcbe-70dd45acb92b,2025-11-27 21:00:43,1,"I attempted to open a new account, but your app failed to create it. Yet, it stored my incomplete data and caused me unnecessary trouble! I bought three SIM cards just to open one account, and customer care keeps telling me it’s already created — but no PIN was ever set. How am I supposed to access an account that was never successfully opened? This is unacceptable. Stop storing incomplete user data and fix your app properly, or remove it from the Play Store immediately!","i attempted to open a new account, but your app appailed to create it. yit, it stored my iniceomplite dthis and caused me unnecessiry trouble! i bougooddht three sim cards just to open one account, and customer care keeps tellingoodd me its already created but no pin was ever sit. how am i supposed to access an account that was never successappully opened? this is unonotcceptable. stop storingoodd iniceomplite user dthis and appix your app properly, or remove it approm the play store immediately!",6,unknown
Rocket,6178b29a-ad42-4201-9fcf-ef2df923074c,2025-11-27 20:49:53,1,"ফালতু এপস, মোবাইল এ এভিআর কল আসে পিন নাম্বার দিতে বলে পিন নাম্বার দেই তখন ইরোর দেখায় এপস ওপেন হয় না।","free apps, avr calls on mobile asking to give pin number, when i give pin number, it shows error, app doesn't open.",0,3.0.15
Rocket,c10934f9-e996-4d5c-88eb-acd9c635ff13,2025-11-27 19:33:53,5,আমার সাতে অনন হয়েসে,my sate anon becomes,0,unknown
Rocket,cdd7d5c2-0349-42df-ab86-607912cdf6a9,2025-11-27 19:10:49,1,I can't open the transaction statement. can't see the receipt. they should update this,i can't open the transaction statement. can't see the receipt. they should update this,0,3.0.15
Rocket,32d2f028-12b3-4d03-bc50-476b18367f60,2025-11-27 18:11:52,5,love,lovee,0,3.0.15
Rocket,9ad66c1a-fa24-44e6-ae8c-c30a32aa3fce,2025-11-27 15:46:04,5,wow,wow,0,3.0.15
Rocket,7db03e71-902d-46c7-8bd4-5d5368ecd06c,2025-11-26 23:03:10,5,nic app,nice app,0,3.0.15
Rocket,b7e71c63-7b6a-46ae-8f1c-503add8ea7c2,2025-11-26 22:43:02,5,nice,nice,0,3.0.15
Rocket,13983ad2-99c2-4828-9f74-6feac914c441,2025-11-26 22:20:49,2,লগ ইন প্রবলেম,log in problem,0,3.0.15
Rocket,8e9c0017-c83c-4e80-9d02-4b4802e12b2a,2025-11-26 20:13:20,5,good app,gooddood app,0,unknown
Rocket,a2c7d5ca-bfba-4564-8ad8-ff1d7aa6448f,2025-11-26 14:54:38,5,এই একাউন্ট খুলতে চাই কিভাবে করতে পারি,how can i open this account?,0,3.0.15
Rocket,2455dedf-26df-42d2-98ad-08b0444a5db2,2025-11-26 14:35:04,5,nice 👍,nice thumbs_up,0,unknown
Rocket,7cbfe13e-4ebd-4308-9d7a-a16fc4e68d97,2025-11-26 11:03:37,5,good,their pits,0,3.0.15
Rocket,4ac9f4ce-de09-4cd5-adde-3eecfc4526d5,2025-11-26 10:45:25,5,Good 😊,gooddood smiling_face_with_smiling_eyes,0,3.0.15
Rocket,94d1574d-adff-4ea1-a1c5-d41b2efa77bd,2025-11-26 09:47:39,2,Very Lagy Application. other MFS APP Run/Working Smoothly but Rocket Lagy Application.,very lagooddy application. other mapps app runworkingoodd smoothly but rockit lagooddy application.,3,3.0.15
Rocket,afe502b3-9b93-4594-a26c-6eed55a09a23,2025-11-25 20:50:51,5,I will got my account think will see better service experience,i will gooddot my account think will see bitter serbrotherce experienice,0,3.0.15
Rocket,5ae7b75c-8d5a-49a6-958b-4ff9f49aeb6f,2025-11-25 12:37:31,5,nice,nice,0,3.0.15
Rocket,ad6bb0db-9857-4a3a-b5ad-0d3dcb18303e,2025-11-24 23:24:29,5,Awsome app,awsome app,0,3.0.15
Rocket,46258580-228f-48e6-82e6-5aa7ae9dd730,2025-11-24 16:40:07,5,nice,nice,0,unknown
Rocket,5ed70f20-720e-4268-8d38-1fa278c7aaa5,2025-11-24 13:42:18,3,"The app is good all around, but you should increase the security.","the app is gooddood all around, but you should inicerease the security.",2,3.0.15
Rocket,3f7b28b8-c260-4362-ae21-a8afb95b4820,2025-11-23 01:13:16,1,Bugs,bugoodds,0,3.0.15
Rocket,ea3595fe-0feb-41e1-a983-60ddd980a929,2025-11-21 15:26:46,1,nice,nice,0,unknown
Rocket,34f6ff04-db08-49bb-b189-49d5dd43f89c,2025-11-21 13:37:38,5,ভালো,good,0,3.0.15
Rocket,4351a5d9-4a14-4c79-8d5e-7596649a2eb3,2025-11-21 13:02:37,3,good job,gooddood job,0,unknown
Rocket,b803c80e-0227-458d-882c-5c953568c192,2025-11-21 10:49:30,3,good apps Rocket 🚀,gooddood apps rockit rocket,0,3.0.15
Rocket,da85aced-ea5e-4532-ade3-059315e44466,2025-11-21 06:26:14,5,good,their pits,0,3.0.11
Rocket,b631a0cd-822e-4bb3-a1b8-ba0e213dfc3f,2025-11-20 23:24:59,5,very useful,very useappul,0,3.0.15
Rocket,373bd1f9-6707-432e-be85-abea38b9c28a,2025-11-20 19:19:59,5,good,their pits,0,unknown
Rocket,dbffdf7b-d68c-4573-9075-101d810ee4f5,2025-11-20 15:54:05,1,রকেট লগইন করার পূর্বে কল দিয়ে পিন সেটআপ করতে বলে এটা সম্পূর্ণভাবে অযৌক্তিক এবং রকেট ভালোভাবে কখনো নিরাপত্তা দিতে পারে না,asking the app to set the pin by call before rocket login is completely absurd and rocket can never provide good security.,0,3.0.15
Rocket,327fabd1-5df4-470e-b70d-d4c1daffa582,2025-11-20 13:42:47,2,রকেটের এজেন্ট অ্যাপস এ বিল পে সার্ভিসটি চালু করা হোক তাহলে এটি এজেন্ট এর জন্য আরো বেশি উপযোগী হয়ে উঠবে।,"if bill pay service is introduced in rocket's agent apps, it will become more convenient for agents.",0,3.0.15
Rocket,8f57c70a-eb70-433f-88c1-11c44df6d9fd,2025-11-20 13:30:46,1,Jhoghonno!!! service dey rocket.. specially account open kora niye..,jhogooddhonno!! serbrotherce dey rockit.. specially account open kora niye..,0,3.0.15
Rocket,78fe71d1-38ee-4f3d-a777-51af76f68a84,2025-11-20 12:56:35,3,"সার্ভার ডাউন প্রায় ঘটে,,,আরো অনেক উন্নতি করা প্রয়োজন","server down happens almost,,more improvements are needed",0,3.0.15
Rocket,923f0ece-6e5d-4eee-8cbe-e1c0534f0d13,2025-11-20 08:46:17,5,optp,optp,0,unknown
Rocket,171e5914-b375-4877-99d1-19b5b7672352,2025-11-20 00:03:14,5,ভালো,good,0,unknown
Rocket,240ed1c8-e3fa-41bb-ae81-fe98bb6c19ba,2025-11-19 20:48:42,2,good 👍,gooddood thumbs_up,0,unknown
Rocket,716c59f1-3c63-433e-b2de-f13942169ca5,2025-11-19 16:41:42,3,Need to be improved specially interface,need to be improved specially interappace,0,unknown
Rocket,57d7441a-dadf-45a0-a764-51eab255ad01,2025-11-19 13:23:23,5,ratethisapp,ratithisapp,0,3.0.15
Rocket,abe91b88-60ab-4322-b399-29ef6e8d326f,2025-11-19 09:39:54,1,তোমরা আমার বালের অ্যাপস বানাইছো গত চারদিন যাবত চেষ্টা করতেছি লগইন করতে পারিনা,you guys are my useless apps and i can't login since last four days,0,unknown
Rocket,29d3962a-9a16-417e-8da4-b8f40cae5311,2025-11-18 22:42:32,5,এটা একটি প্রয়োজনীয় app,it is an essential app,0,unknown
Rocket,506de57f-46ec-4492-8d27-21e8624bcea3,2025-11-18 22:08:55,5,"so very good but some problem,and that with big problem 😕","so very gooddood but some problem,and that with bigoodd problem confused_face",0,3.0.15
Rocket,ea5347ed-e572-41e5-a1c5-0fdd027b7908,2025-11-18 21:50:38,5,good app,gooddood app,0,3.0.15
Rocket,cd2183e9-68b2-4347-a5ae-2d13e51154e5,2025-11-18 11:34:54,5,it's apps very strong..,it's apps very strongoodd..,0,unknown
Rocket,6b4eaca0-443a-4386-b6fd-12179d377955,2025-11-18 01:03:35,5,👑,crown,0,3.0.15
Rocket,27ffdb19-c66b-4d45-bc47-411a6ca4e9da,2025-11-17 23:48:54,5,this is nice,this is nice,0,3.0.13
Rocket,0e72ade9-2b65-4d51-9b82-c4e5bb08d43a,2025-11-17 23:21:50,5,o ppi app good,o ppi app gooddood,0,unknown
Rocket,c764242f-2535-4c80-bc98-39a707b8f607,2025-11-17 21:50:46,5,❤️,red_heart,0,3.0.13
Rocket,3f693af7-9bdb-4594-96ed-b2b279da718d,2025-11-17 20:23:51,5,nice app,nice app,0,3.0.15
Rocket,92e14196-0134-4b84-99a3-0d93b4505c7a,2025-11-17 13:46:44,5,nice app,nice app,0,3.0.13
Rocket,7a8355e4-418a-4329-bfe3-e9b535171858,2025-11-17 13:24:49,1,I have not gotten a new update. for example fund transfer.,i have not gooddotten a new update. apafter example appund transapper.,0,2.0.41
Rocket,c8608e12-da77-4a8c-b61c-b934e254b351,2025-11-17 12:04:23,5,ভালো,good,0,3.0.2
Rocket,623379ee-29d8-47e2-8535-6652e8a3b723,2025-11-17 10:14:32,5,good,their pits,0,3.0.13
Rocket,b3fc11d2-e007-4112-accf-fff1ee601c9e,2025-11-17 08:15:05,5,"nice app ,its easy","nice app ,its easy",0,3.0.15
Rocket,53b237e3-1a6a-433b-986d-429563b51d4a,2025-11-17 06:54:50,5,good,their pits,0,3.0.15
Rocket,a130b0e2-f411-4cca-b1a0-44a25a4475ee,2025-11-17 01:21:38,5,where is fund transfer service in app,where is appund transapper serbrotherce in app,0,unknown
Rocket,293e6b0e-7dec-4534-a3a7-8ff02e3f77e7,2025-11-17 00:31:23,1,"Your app is so bad and useless, why would you ask your ID department to update the app?","your app is so bad and useless, why would you ask your id department to update the app?",2,3.0.15
Rocket,396e6fca-4ed4-4779-9596-f260832ed620,2025-11-17 00:14:41,1,ভালো,good,0,3.0.13
Rocket,5a171d61-653b-4374-966c-9cba3e141f0c,2025-11-17 00:09:50,5,good and very nice,gooddood and very nice,0,3.0.15
Rocket,639028cf-d7c1-40ed-8dd6-3621b7bd554b,2025-11-16 23:10:55,5,good apps,gooddood apps,0,unknown
Rocket,55e43d6a-510b-4dfa-8809-244179158343,2025-11-16 23:04:01,5,nice,nice,0,3.0.13
Rocket,fdb17422-9113-4c5d-9465-7aaa9a95fe04,2025-11-16 22:44:15,1,nice,nice,0,3.0.11
Rocket,3e338620-91a7-4e67-ba69-01d2dbe0138a,2025-11-16 22:37:26,5,সুন্দর এই এপস,this app is beautiful,0,unknown
Rocket,e0b6f2b7-6274-4c95-b306-9ffe6460d880,2025-11-16 22:30:39,5,best apps,best apps,0,3.0.13
Rocket,a66788bc-49c0-4a2b-bf94-cdc1c6a7bf3f,2025-11-16 22:27:13,5,good,their pits,0,unknown
Rocket,35f9103e-9d91-4156-935b-464b43dd73b0,2025-11-16 21:05:35,5,very good,very gooddood,0,3.0.13
Rocket,381528b4-c704-41e5-a0a6-8a512b25338a,2025-11-16 20:04:22,5,খুব ভালো লাগছে,it feels very good,0,3.0.13
Rocket,36f7e3b1-8c38-4c61-91d0-b42c7152e61a,2025-11-16 19:37:18,5,খুব ভালো লাগছে,it feels very good,0,3.0.15
Rocket,60edacfd-53e1-45f5-bcb2-8e5f3173fd41,2025-11-16 17:20:43,5,Good.... Rocket to bkash money transfer,gooddood..rockit to bkash money transapper,2,3.0.15
Rocket,96eb2a79-76da-4bd4-9ee0-8f50d1317122,2025-11-16 14:57:32,5,💗💗,growing_heart growing_heart,0,3.0.13
Rocket,69c5fc4a-b0f2-4b2b-80f4-33ffd9b68b3c,2025-11-16 13:16:54,5,Rocket app is not updated problem please see the matter,rockit app is not updated problem please see the matter,0,3.0.13
Rocket,bc8344ca-148c-4cc7-898d-09acd746eda0,2025-11-16 13:12:00,1,this app update is very slow,this app update is very slow,0,unknown
Rocket,1207dc26-3fcf-436a-a760-046e1d5b3f8c,2025-11-16 10:46:49,4,"simple app. easy app. but give us more offer like bkash, nagad","simple app. easy app. but gooddive us more oappapper like bkash, nonotgooddad",0,unknown
Rocket,b8ef83ba-0943-4185-ba4c-1f5f591490c4,2025-11-16 09:45:25,5,update chai,update want,0,unknown
Rocket,b3b1b6f5-2e9c-4309-b4a1-a5871b3518d8,2025-11-16 08:06:42,5,Very good and nice app.,very gooddood and nice app.,0,3.0.13
Rocket,3d5078f8-6231-4585-9704-a1f229861af4,2025-11-16 07:50:11,5,Good,their pits,0,3.0.13
Rocket,88422bb0-0882-4659-8b07-3bf227de8e7f,2025-11-16 06:47:53,5,nice,nice,0,3.0.13
Rocket,0f9c06f7-9177-45ab-bfc7-0dea096e4e34,2025-11-16 05:41:21,5,godd,gooddodd,0,3.0.15
Rocket,9e1eddb3-4b50-46fd-bff5-dcc77f629e9a,2025-11-16 00:24:21,5,Rocket is the best mobile banking app for me.,rockit is the best mobilee bankingoodd app apafter me.,0,unknown
Rocket,9ba66eb9-327b-44e3-b081-dd9b5a8f0047,2025-11-15 23:04:03,5,অনেক সুন্দর একটা এপস,a very nice app,0,unknown
Rocket,ea9398f1-109f-4e55-9789-09f49a3f3a43,2025-11-15 22:59:26,5,Good,their pits,0,3.0.13
Rocket,169965eb-55e2-45f7-9eca-b01902125d09,2025-11-15 22:26:24,5,Nice,nice,0,unknown
Rocket,e1c96791-e6ee-4d7e-b9f7-91eea1781644,2025-11-15 22:24:06,5,good apps,gooddood apps,0,unknown
Rocket,14fb5778-a6a6-49c1-84f6-d3d53b3cff58,2025-11-15 21:00:12,5,nice,nice,0,3.0.13
Rocket,b11c181d-f147-4568-9da0-3e6257bf194c,2025-11-15 20:50:51,5,নাইস,nice,0,3.0.13
Rocket,902f7d92-0cee-4dbf-a43d-44eb450dd860,2025-11-15 19:20:50,1,good like,gooddood like,0,3.0.13
Rocket,021468c7-9a94-4be0-a794-c2ce4a5da275,2025-11-15 19:19:36,5,Nice,nice,0,3.0.13
Rocket,9c4a9ccd-18a7-46b1-b119-c167d15a1927,2025-11-15 16:05:19,5,Best MFS in Bangladesh,best mapps in bangooddladesh,0,unknown
Rocket,5a915806-071c-4a67-a2c6-1dbfc667fdd2,2025-11-15 14:09:59,5,nice,nice,0,3.0.11
Rocket,b3a19210-8f65-4d1d-8619-81b091c0c36f,2025-11-15 13:45:41,5,good,their pits,0,unknown
Rocket,c9fba2fe-6f62-4965-94f7-17cbe03d199a,2025-11-15 13:32:28,4,Good Job! 100% safe ✅,gooddood job! 100 saappe check_mark_button,0,3.0.13
Rocket,4c456598-97fa-4242-b481-e2c9d6fed912,2025-11-15 09:02:38,5,good apps,gooddood apps,0,3.0.13
Rocket,05c8b9c4-7980-478a-b59b-ac515c103099,2025-11-15 07:35:33,1,আপডেট খুবই দেরিতে পাওয়া যায়,appdate is available very late,0,3.0.7
Rocket,8192f7c7-5748-4257-9ab2-ae7121e28c3f,2025-11-15 06:45:01,1,oneke apper update paise amra keno pacci na.. uodate app..,verye apper update paise mya whyo pacci nonot.. uodate app..,0,2.0.64
Rocket,1f331913-bb9e-4254-b9ba-16f49915b769,2025-11-15 03:21:05,5,Nice,nice,0,3.0.13
Rocket,49371add-3447-4f19-a3c1-24ed73697423,2025-11-15 00:49:17,5,good,their pits,0,3.0.15
Rocket,59e3e610-7662-4e7b-b611-a80d11068a95,2025-11-14 22:28:20,4,ok,ok,0,3.0.13
Rocket,7e668781-b13a-424b-9f0f-33dd75ed5ea1,2025-11-14 22:00:54,5,"kindly add nspb to rocket to bkash, nagad, upay etc..","kindly add nspb to rockit to bkash, nonotgooddad, upay itc..",0,3.0.13
Rocket,35b9312b-0a10-428d-b172-00e152c00448,2025-11-14 21:43:20,5,Fane App And nice services,appane app and nice serbrotherces,0,unknown
Rocket,e7f097c7-39f1-4c39-9a7b-0b7ace642698,2025-11-14 21:27:11,5,good,their pits,0,unknown
Rocket,47d2a227-0e4a-4049-bd0b-3e3debbc1fc4,2025-11-14 21:07:22,5,nic,nice,0,unknown
Rocket,ab449ec7-46cf-4bdf-801d-8256a4beef64,2025-11-14 20:54:40,5,good,their pits,0,3.0.13
Rocket,156f1049-7079-45e0-b6bf-15a8b532ec57,2025-11-14 20:35:19,5,nice,nice,0,unknown
Rocket,edefc927-1a61-4c6e-b358-9c190aa1ff78,2025-11-14 20:08:32,5,roket marchent app MFS chalu koren,rokit marchant app mapps start koren,0,unknown
Rocket,83a15add-8879-41ed-bbe0-3b064c71eefb,2025-11-14 19:57:51,5,nice,nice,0,unknown
Rocket,08c89baf-ae66-46cb-98fe-adaea310d54c,2025-11-14 19:46:55,1,রকেট থেকে বিকাশ নগদে ট্রান্সফার যে অপশন গুলো আছে অপশন গুলো দিয়ে দেন,transfer from rocket to bikash cash gives the options available,0,unknown
Rocket,f51f3379-dc2b-4ca1-b25b-31402394cdf1,2025-11-14 19:30:06,5,ভালো,good,0,unknown
Rocket,b18d4fd2-13cb-475c-9605-129d3f522830,2025-11-14 19:07:16,5,good,their pits,0,unknown
Rocket,17303fdd-304b-4f8a-bfcd-3501ed0be58a,2025-11-14 19:02:08,5,good,their pits,0,3.0.13
Rocket,493b32f6-4f30-42d1-9f2c-b4c4feccfb9b,2025-11-14 18:52:14,5,Super App,super app,0,unknown
Rocket,9cd4bad0-f765-4409-9a49-5d6548719060,2025-11-14 18:46:50,5,well,well,0,3.0.13
Rocket,56a43477-2287-4183-a39f-8e784d9d36f1,2025-11-14 18:20:31,3,আপনাদের কাছে একটা অনুরোধ থাকবে বিকাশ এ সিমে কোড ভেরিফিকেশন মেসেজের মাধ্যমে লগইন করা হয় এটা রকেটে নাই আপনাদের কাছে অনুরোধ থাকবে কল দিয়ে ভেরিফিকেশন করার পাশাপাশি কোড মেসেজ ভেরিফিকেশন অপশনটা যোগ করতে অনুরোধ করছি এর কারণ হচ্ছে আমার একটা সিম সিমটা বাটন মোবাইলে চলে আমার ওই সিমের লেনদেন করতে গেলে বাটন মোবাইল দিয়ে লেনদেন করতে হয় আমার ওই সিম টাচ মোবাইল অ্যান্ড্রয়েড ফোনে চলে না তাই অ্যাপস ব্যবহার করতে পারছিনা রকেটের মেসেজ ভেরিফিকেশন থাকলে লেনদেনের জন্য অ্যাপসটা ব্যবহার করতে পারতাম ০১৪০০৯০৪১৬০৯ রকেট,app nad will have a request to login through code verification message on bikash sim it is not in rocket app nad will have request to add code message verification option in addition to calling verification the reason is because one of my sim sim is in button mobile i have to do transaction with button mobile if i want to do transaction with that sim i have to do transaction with button mobile my that sim doesn't work in touch mobile android phone so i can't use apps if rocket message verification i could use apps for transaction 014009041609 rocket,0,3.0.13
Rocket,58addc9c-6ee3-47f3-b130-24b67adbfa4a,2025-11-14 18:18:33,5,Thank You,thank you,0,unknown
Rocket,6bf6e419-c3da-4eef-9fd1-a7c2230a94c8,2025-11-14 17:40:46,5,Wow future ❤️‍🔥❤️‍🔥❤️‍🔥❤️‍🔥❤️‍🔥,wow apputure heart_on_fire heart_on_fire heart_on_fire heart_on_fire heart_on_fire,0,3.0.4
Rocket,508f2674-b036-4372-8d59-1a6b0decf9e3,2025-11-14 16:00:46,5,best,best,0,3.0.13
Rocket,26390ca3-3c4f-4dfb-8e98-88d4af1a36e7,2025-11-14 15:39:05,5,good,their pits,0,3.0.13
Rocket,997d4082-2fde-417d-9721-dfa96c16a16f,2025-11-14 14:30:07,5,nice 👍,nice thumbs_up,0,3.0.13
Rocket,684031eb-a3ea-442b-a1de-d3c7822a4ed4,2025-11-14 14:28:37,1,"মোবাইল ডেটা দিয়ে লগিন করা যায় না। একটা কল আসে, তখনই ডেটা ডিসকানেক্ট হয়ে যায়। ভেরিফিকেশন সিস্টেম ব্যাকডেটেড। আবার KYC আপডেটের কোনো অপশন নেই। মিরপুরে রকেটের অফিসে গেলে ওরা বলে আপনার জেলা শহর থেকে KYC আপডেট করতে হবে। আবেদন করে রাখুন দুই সপ্তাহ লাগবে। ইকোসিস্টেম বাজে হওয়ার কারণেই রকেট আজ পিছিয়ে পড়েছে।","cannot login with mobile data. when a call comes in, the data is disconnected. the verification system is backdated. again there is no option for kyc app update. when i went to rocket's office in mirpur, they said that i need to update my kyc from the app's district city. it will take two weeks to apply. rocket is lagging behind today because of the bad ecosystem.",0,3.0.13
Rocket,e611d5c5-5386-4e05-a7a0-39927d984bfc,2025-11-14 13:05:15,3,Please improve this apps,please improve this apps,0,3.0.13
Rocket,e67e35a9-c380-4e92-9494-88143d890843,2025-11-14 12:46:50,5,Very good useful apps.,very gooddood useappul apps.,0,3.0.13
Rocket,ae226d1e-b783-4f5e-b760-85a91c902915,2025-11-14 11:44:18,5,good,their pits,0,3.0.13
Rocket,aa81b0dc-26ff-4987-a4a7-f7677b16e6e2,2025-11-14 10:43:05,1,App একটা সার্ভিস খারাপ রকেট থেকে ডাচ বাংলা ব্যাংক ফান্ড টান্সফার চার্জ কাটে নিজের রকেট আবার ব্যাংক ও নিজেদের সেখানে চার্জ ফ্রী করা উচিত,app a service bad rocket from dutch bangla bank fund transfer charge cut own rocket again bank and themselves should charge free there,1,3.0.15
Rocket,122bb398-42d6-42d1-b457-f2bb2f2eb5ae,2025-11-14 10:29:13,5,nice,nice,0,3.0.13
Rocket,f693de29-74c5-4ed7-8c3c-17438a71b538,2025-11-14 09:22:25,5,The app is very beautifully designed. The functions are also beautiful. I hope it will be improved further. May it bring benefits to everyone.,the app is very beautiappully desigooddned. the appunicetions are also beautiappul. i hope it will be improved appurther. may it bringoodd beneappits to everyone.,82,3.0.15
Rocket,92445c95-f139-4a52-b258-7f1299cd8b16,2025-11-14 08:25:55,5,nice apps,nice apps,0,3.0.15
Rocket,cfc64bda-6d07-4e39-a3b7-fc7080128dbd,2025-11-14 08:15:06,5,ওকে,ok,0,3.0.13
Rocket,1f0e24d3-de26-4acc-9c90-141fe04cdac3,2025-11-14 07:47:59,5,Good experience..i Want best experience or first update of me,gooddood experienice..i want best experienice or appirst update oapp me,0,3.0.13
Rocket,736332a0-4123-4d88-bb6c-2c22ec302d3a,2025-11-14 07:21:14,4,good app,gooddood app,0,3.0.13
Rocket,bb303f6e-6b6d-48c1-b939-2269ff02b697,2025-11-14 07:02:41,5,nice,nice,0,3.0.13
Rocket,402f791f-bb25-42b5-8a06-0849b70f2362,2025-11-14 04:01:37,5,Nice,nice,0,unknown
Rocket,ec031065-abaf-4cbc-a370-7c47aa6ebe86,2025-11-14 01:19:16,5,good,their pits,0,unknown
Rocket,75be47a6-41df-4a34-83f2-822b04fafe13,2025-11-13 22:25:32,4,"Rocket's DSO problem? They don't keep money with the agent, they don't pay properly, they don't give me my balance. Location -Bhola, Daulatkhan, Village Alaka","rockit's dso problem? they don't keep money with the agooddent, they don't pay properly, they don't gooddive me my balanice. location -bhola, daulatkhan, brotherllagoodde alaka",4,3.0.13
Rocket,e85fae2b-ad0b-4589-ad1b-909e34fe3c8d,2025-11-13 22:20:26,5,good service and good security,gooddood serbrotherce and gooddood security,0,3.0.13
Rocket,fc18c0ee-3196-456f-bb07-086ffe4302fa,2025-11-13 21:52:28,5,Nice,nice,0,3.0.13
Rocket,e71901d9-59f7-4976-92cd-21e1e33365c0,2025-11-13 20:50:07,5,valo,good,0,unknown
Rocket,56e83bd3-b6f7-43fe-84d0-09f1de4daf16,2025-11-13 20:09:58,5,Finally introduced NPSB feature.,appinonotlly introduced npsb appeature.,63,3.0.15
Rocket,63e3f3a4-61eb-47a7-ae36-010480b56a58,2025-11-13 18:02:59,5,good,their pits,0,3.0.13
Rocket,fcff52af-d8a1-4afc-9ff9-4a42fe448152,2025-11-13 17:49:33,5,Best,best,0,unknown
Rocket,b181d510-ba1f-481c-815b-1da9a53db828,2025-11-13 16:49:38,5,nice,nice,0,unknown
Rocket,046e8cc3-1685-4c2a-82a6-abb55a12713b,2025-11-13 13:04:28,1,app থেকে nid ভেরিফাই করার অপশন নাই কেন?❌❌,no option to verify nid from app why? cross_mark cross_mark,0,unknown
Rocket,959e3b1a-65b7-4746-b20d-34586561b4ce,2025-11-13 03:15:41,5,good,their pits,0,3.0.13
Rocket,d1bd5e3a-c0fd-4d9e-b3b8-99b1c79d97ad,2025-11-12 13:44:21,5,update kivabe korbo,update kivabe korbo,0,3.0.13
Rocket,19cf77e4-10f0-4a3d-9078-e3636ba6861b,2025-11-12 06:36:13,1,bad 🙁,bad slightly_frowning_face,0,unknown
Rocket,c9f032d0-42e9-4068-b7dd-a56ace27b9a2,2025-11-12 00:40:58,5,নাইস,nice,0,unknown
Rocket,183d62b6-935c-4002-bcee-035f6a6ec7e0,2025-11-11 21:26:52,5,i like 💖💖💖💖,i like sparkling_heart sparkling_heart sparkling_heart sparkling_heart,0,3.0.13
Rocket,45885fc4-d21f-4141-8bc7-967465786238,2025-11-11 20:50:40,3,Good Service 👍,gooddood serbrotherce thumbs_up,0,unknown
Rocket,f6ebc4e3-21cc-4499-a059-02a1f72743f8,2025-11-11 14:53:30,5,nice,nice,0,unknown
Rocket,2ee47dad-4285-48c5-bb17-52e972d17bec,2025-11-11 04:59:35,5,help full,help appull,0,unknown
Rocket,c289f7fd-10da-4fc0-96d8-349b9b959a2c,2025-11-11 03:37:55,5,gd apps,goodd apps,0,3.0.13
Rocket,17325e7e-52a9-4883-b743-4db72a42c9da,2025-11-10 21:11:07,5,your good app,your gooddood app,0,3.0.13
Rocket,f9ecb5ef-fc26-4a26-aaf2-212bc25aa1b3,2025-11-10 19:50:19,5,why not show ministatmant. please send me 7 days transfer information.,why not show mynistatmant. please send me 7 days transapper inonotpaftermation.,0,3.0.13
Rocket,41871742-d281-4871-be32-508742a3a8db,2025-11-10 14:02:48,5,vary nice 👍,very nice thumbs_up,0,3.0.13
Rocket,efc1f642-8d45-46ee-b9ea-e602cf48474b,2025-11-10 11:04:18,1,Worst MFS app in the country. Couldn't even upload the nid photo. The app crashes.,worst mapps app in the country. couldn't even upload the nid photo. the app crashes.,4,3.0.13
Rocket,58a7d481-d831-418c-ae8f-51d31490a4da,2025-11-10 10:22:46,1,App cannot detect OTP and won't let me manually type it in either. 10/10 software engineering and UX design from a bank.,app cannot ditect otp and won't lit me manually type it in either. 1010 soapptware engooddineeringoodd and ux desigooddn approm a bank.,8,3.0.13
Rocket,a3cc0c01-bfe9-4567-a740-33335154f755,2025-11-10 09:39:06,5,Nice,nice,0,3.0.13
Rocket,e192541f-d7c3-4932-bc09-4ad1adabc2d9,2025-11-10 06:32:31,5,Nice,nice,0,3.0.13
Rocket,c44af9e8-c301-4543-a3f3-c9f73d7dcc5f,2025-11-10 05:38:56,4,good,their pits,0,3.0.10
Rocket,1de8004c-e187-4dcd-9691-04adb45b25b7,2025-11-10 00:21:47,1,It's not possible to do admin work.,it's not possible to do admyn work.,1,3.0.13
Rocket,1e701179-c45d-4f1e-b4ff-aaed5e3e3d7f,2025-11-09 14:33:18,5,so nice app,so nice app,0,3.0.13
Rocket,8e33184e-9e56-4346-892f-8f1815297c71,2025-11-09 14:07:44,5,good apps for publuc,gooddood apps apafter publuc,0,3.0.13
Rocket,f5c434b7-2841-4642-bdf2-35b8cdc47a2d,2025-11-09 13:39:07,5,good app,gooddood app,0,3.0.13
Rocket,d8d75083-4689-405c-a76a-2da53314c263,2025-11-09 12:37:48,2,poor app. bKash is far better than this,poor app. bkash is appar bitter than this,1,3.0.13
Rocket,ddad696c-9028-4d4d-b604-6bffb9c3a783,2025-11-09 11:58:45,5,nice,nice,0,3.0.13
Rocket,9388b76a-efd1-4b28-85d4-5713a5b20e6e,2025-11-09 11:38:08,5,valo,good,0,3.0.13
Rocket,287c41c3-6719-450d-ace5-ad895c7463fd,2025-11-09 10:58:15,1,Bad Experience. I am trying to login after long time and it's not working.,bad experienice. i am tryingoodd to logooddin aappter loangoodd time and it's not workingoodd.,4,3.0.13
Rocket,e6cbfa10-5d88-4735-8147-3c619d7dc908,2025-11-09 10:06:01,5,valo,good,0,3.0.13
Rocket,c7e1f6bb-67e8-4a5f-a2ef-4026ba354e07,2025-11-09 04:56:42,5,❤️,red_heart,0,3.0.13
Rocket,b2d91a6f-73e1-4340-a80c-bd0f9da623b6,2025-11-08 21:52:26,1,Buggy app. Can't even upload NID photos to register properly.,bugooddgooddy app. can't even upload nid photos to regooddister properly.,4,3.0.13
Rocket,0545f142-251f-4970-bba5-f168ab8a5d09,2025-11-08 20:41:46,5,nice 👍,nice thumbs_up,0,3.0.13
Rocket,98db5b70-cda6-44d9-b868-26a8f7203aaa,2025-11-08 17:06:33,3,nice,nice,0,unknown
Rocket,5e3e62c8-9016-46a0-bdf6-eb4aa355a0bb,2025-11-08 09:09:30,5,good apps,gooddood apps,1,3.0.13
Rocket,8cca197f-ddcb-44ec-8eb2-d9abb3128980,2025-11-08 08:34:18,5,good,their pits,0,3.0.13
Rocket,45f5d9df-cd78-4337-9ce8-d886896599fd,2025-11-08 07:22:54,5,ok,ok,0,3.0.13
Rocket,cdd5acdd-bb03-4967-b18e-83d3cf320e36,2025-11-08 04:05:19,1,faltu update...cash out kora number full show kore na,appaltu update..cash out kora number appull show kore nonot,0,3.0.13
Rocket,9b8f80d1-0a7b-4407-ab97-16fcafd44b02,2025-11-08 02:28:12,5,good,their pits,0,3.0.13
Rocket,85f05102-697a-46a2-86cd-09f27f6d3807,2025-11-08 01:34:00,1,ওটিপি বসানোর সময় কীবোর্ড না আসলে ওটিপি বসাবো কেমনে?! এই সমস্যার সমাধান করতে কয় বছর লাগবে আপনাদের?,how to set otp without keyboard when setting otp?! how many years will it take to solve this problem?,0,unknown
Rocket,ecda7575-ceac-4019-947c-3d4e208cb823,2025-11-07 23:20:06,3,Please Add transfar to bank account option in agent,please add transappar to bank account option in agooddent,1,3.0.13
Rocket,04b1122c-ba3e-48f3-94c3-fae903f3d735,2025-11-07 21:57:44,1,this app isn’t helpful. I was try my best to log in this app but I'm not success to login. these is so disgusting app😡,this app isnt helpappul. i was try my best to logoodd in this app but i'm not success to logooddin. these is so disgooddustingoodd app enraged_face,2,3.0.13
Rocket,1ca4036b-f442-4c16-a833-a32f60989184,2025-11-07 21:48:47,5,👍,thumbs_up,0,unknown
Rocket,bba2d47b-c33a-4da8-b87a-88317621bf9f,2025-11-07 21:13:30,5,Nice,nice,0,unknown
Rocket,4b667ab2-9c87-41d3-9883-18702986dbfa,2025-11-07 16:25:32,5,Naic aps,nonotic apps,0,3.0.13
Rocket,c76fb8d7-ca80-4b95-8fc6-aa3179ce3161,2025-11-07 08:43:28,5,very nice app 👍 Roket,very nice app thumbs_up rokit,0,3.0.13
Rocket,ba41bded-4ae3-4452-a664-a7351c82cf20,2025-11-07 06:35:36,5,nic,nice,0,3.0.13
Rocket,f2ed072f-88d4-4428-b8eb-878b64c86fd7,2025-11-07 05:25:27,5,no experience I am new user,no experienice i am new user,0,unknown
Rocket,05a8d7e5-9188-45ac-b2f0-6b618953d7b9,2025-11-07 02:56:31,5,nice,nice,0,3.0.13
Rocket,fe2d6696-5a5c-4ee4-b0ba-7d007f06642f,2025-11-07 00:17:37,5,nice,nice,0,3.0.13
Rocket,15f65671-4df1-4e9a-a504-ae18792bbd15,2025-11-06 22:21:03,5,Giving feedback,gooddibrothergood appeedback,0,3.0.13
Rocket,17d89a2d-db49-42ed-98d8-98dba1eed451,2025-11-06 18:03:44,1,"একদম ফালতু সিস্টেম কে জানি ভুল করে 1000 টাকা পাঠাইছে এখন আমি তার টাকাটা ফেরত দিবো কিভাবে,,, অ্যাপস থেকেও নাম্বার দেখা যাচ্ছে না সিম্পল মেসেজ থেকেও নাম্বার দেখা যাচ্ছে না ফালতু 🤬🤬😡😡","totally useless system i know who sent 100 bdt by mistake now how can i return his bdt,, number is not visible from apps even from simple message number is not visible face_with_symbols_on_mouth face_with_symbols_on_mouth enraged_face enraged_face",0,3.0.13
Rocket,f1e96676-4c75-4f6b-a558-61399130879c,2025-11-06 13:48:13,5,very good 👍,very gooddood thumbs_up,0,3.0.13
Rocket,5e28558f-4461-4154-97e9-2fab2a1a2074,2025-11-06 11:44:37,5,nice,nice,0,unknown
Rocket,eff94ec1-3d5d-48d8-8b2c-5837f44e46b1,2025-11-06 10:46:40,5,good,their pits,0,unknown
Rocket,99a72a3a-21a3-4688-9d5e-6c6523bd8c88,2025-11-06 08:36:54,3,👍👎👎👎👎👎👎,thumbs_up thumbs_down thumbs_down thumbs_down thumbs_down thumbs_down thumbs_down,0,3.0.13
Rocket,39e2917a-6841-4897-b548-1186275a18b5,2025-11-06 00:41:22,1,খুব ভাজে অভিজ্ঞতা,very fried experience,0,unknown
Rocket,911f25ea-c7b3-4c66-afc0-fc758cf69be2,2025-11-05 23:04:20,1,login call ase na failed dekai abr bar,logooddin call ase nonot appealed dekai abr bar,0,unknown
Rocket,0eb05ff6-edb5-498b-84a4-79d28a78d2d3,2025-11-05 22:14:16,4,Nice,nice,0,3.0.13
Rocket,c6652b80-ae7a-4587-a860-0be01997f2eb,2025-11-05 01:04:43,5,Excellent app,excellent app,0,3.0.13
Rocket,6c6b22d3-0229-4448-a946-1dbdb0c994b5,2025-11-04 23:39:58,5,good,their pits,0,unknown
Rocket,6e4b3ea8-466c-4af1-a8a3-248ca48ed40b,2025-11-04 22:03:29,5,"Rocket from Dutch-Bangla Bank is one of the most reliable mobile banking services in the country. I appreciate how connected it is with the bank — making cash-in, cash-out, and fund transfers simple and safe. The system is stable, and transactions are completed in seconds. It’s perfect for people who prefer a bank-backed digital service with strong security and trust. Rocket has definitely made banking easier for me.","rockit approm dutch-bangooddla bank is one oapp the most reliable mobilee bankingoodd serbrotherces in the country. i appreciate how connected it is with the bank makingoodd cash-in, cash-out, and appund transappers simple and saappe. the system is stable, and transactions are complited in seconds. its perappect apafter people who preapper a bank-backed digooddital serbrotherce with strongoodd security and trust. rockit has deappinitely made bankingoodd easier apafter me.",18,unknown
Rocket,91700a69-7b8c-41d4-8c21-c9dc3b3f8816,2025-11-04 17:29:42,5,👍,thumbs_up,0,3.0.13
Rocket,8320469e-d294-42a4-a7d3-06f75e76ce9d,2025-11-04 14:56:36,5,good app,gooddood app,0,3.0.13
Rocket,8ae7b5fe-a25a-4114-97f9-ce3622d4c6ae,2025-11-03 22:49:30,5,রকেট এপ্স আপডেট দেয়ার পর থেকে পিন চায় দেই। ওটিপি আসে দেই। আবার পিন চায়। এভাবেই চলে। আর এপ্সে ঢুকে না,rocket apps keeps asking for pin since app update. otp will come. ask for pin again. this is how it goes. and do not enter the app,0,3.0.13
Rocket,da7508ef-2be5-4428-aa3f-9181b8dfe92c,2025-11-03 22:15:20,1,so many bugs and glitches,so many bugoodds and gooddlitches,0,3.0.13
Rocket,0ee13ae0-2e29-4c04-801c-2caf626b66e6,2025-11-03 12:22:13,5,Good Aps,gooddood apps,0,unknown
Rocket,1af4d2e7-58e5-4265-8327-87a65d71c60b,2025-11-03 12:18:53,1,একটা ভুল সিদ্ধান্ত ছিল রকেট এ একাউন্ট খোলা। খোলার পরেই একাউন্ট ইন একটিভ করে দেয়। এখন বলে কাস্টমার কেয়ার এ যেতে।,it was a wrong decision to open an account at rocket. activates the account after opening. now says to go to customer care.,0,3.0.13
Rocket,f1485e81-faf6-4d19-9cc3-a82eff27b3cf,2025-11-03 08:49:16,1,এপে প্রবেশ করতে পারতেছিনা আমি,i could not access the app,0,3.0.13
Rocket,4e50e447-7284-4fbf-bca6-38a6940b938e,2025-11-03 06:50:05,5,লেনদেনের জন্য সবার জন্য সেরা একটি অ্যাপ ব্যাংকিং,banking is the best one app for everyone for transactions,0,3.0.13
Rocket,4f512655-df71-44ee-a9c0-ae54b94fce6c,2025-11-02 23:41:53,5,Awesome.,awesome.,0,3.0.13
Rocket,af7fcb4c-7df4-4b40-ae38-9b0edca914a2,2025-11-02 20:09:25,5,nice app,nice app,0,3.0.13
Rocket,28c1388a-9958-4ad1-be83-6f486f33a060,2025-11-02 12:52:23,1,"Couldn’t Login 😑😑😑 They send me otp, but doesn't read the otp,,,,","couldnt logooddin expressionless_face expressionless_face expressionless_face they send me otp, but doesn't read the otp,,",1,3.0.13
Rocket,abf8a10b-ae48-4eba-b740-bfb1bdb30f67,2025-11-01 21:59:06,1,"সেন্ড মানি, ক্যাশ আউট এর পর যে নাম্বার ক্যাশ আউট এবং সেন্ড মানি করছি সেই নাম্বার দেখা যায় না।","after sending money, cash out, the number that i am cashing out and sending money is not visible.",0,3.0.13
Rocket,a28c925a-7eb7-4f6e-8ef2-9804b97f5b40,2025-11-01 20:11:43,1,এপ কোন কাজের না। স্মুথ না। রিচার্জ করতে অনেক প্যারা... রবিতে হইলে বাংলালিংকে হয় না।,the app is useless. not smooth many paras to recharge.. banglalink doesn't work on sundays.,0,3.0.13
Rocket,7bcd55f0-86dc-4bea-9274-b707d75d8147,2025-11-01 16:55:45,5,"Rocket account should be updated through apps. Problems with many previous accounts. Like rocketing with someone else's ID in my number, but I don't know him. I am drawing the attention of the rocket authorities to this.","rockit account should be updated througooddh apps. problems with many prebrotherous accounts. like rockitingoodd with someone else's id in my number, but i don't know him. i am drawingoodd the attention oapp the rockit authorities to this.",280,3.0.13
Rocket,5222427f-b833-42e4-9eee-556b8db6c9b6,2025-11-01 12:21:38,2,টাকা উঠানো যায় না,bdt cannot be raised,0,unknown
Rocket,0bcdfef8-9173-4e2a-ab54-66d27d9e8a58,2025-10-31 11:34:22,5,Nice,nice,0,unknown
Rocket,62fca9c2-16e5-4dc9-b4ac-95a5f341d9b5,2025-10-31 04:30:46,5,সেরা ব্যাংকিং কার্যক্রম,best banking activities,0,3.0.13
Rocket,2599ed09-8e2f-4ba8-b08e-ef2fe398288a,2025-10-30 22:56:12,2,স্ক্রিন ওভারল্যাপের ইস্যু ঠিক করুন প্লিজ,please fix screen overlap issue,0,3.0.13
Rocket,259cf55c-5c23-454c-87a4-9cff588a1180,2025-10-30 20:48:01,1,my favorite mobile banking,my appavorite mobilee bankingoodd,0,unknown
Rocket,3bba4620-6ce2-4d64-b008-3d26ea0dd198,2025-10-30 20:38:06,4,👍👍,thumbs_up thumbs_up,0,3.0.13
Rocket,82410990-8208-438d-87ac-482adaa2bf91,2025-10-30 19:20:56,5,nice,nice,0,3.0.13
Rocket,e536b52b-db2a-4440-8ff3-e92102810c96,2025-10-30 19:09:51,5,good,their pits,0,unknown
Rocket,16c3a283-f4b3-4ac6-aa45-9d11f549d126,2025-10-30 01:58:00,5,good,their pits,0,3.0.13
Rocket,0f06ad86-928a-4b17-8c86-28c48b609959,2025-10-29 21:37:46,5,Riton kormokan,rite kormokan,0,3.0.13
Rocket,b54c7df0-5440-45d9-b542-816e0a16eb7b,2025-10-29 20:09:11,5,nice,nice,0,unknown
Rocket,af8a7866-d2e1-4057-a036-011fbdc571b4,2025-10-29 18:48:57,5,Best app,best app,0,3.0.13
Rocket,dd8b214e-83d1-4d1f-af03-507fc76fcfe3,2025-10-29 15:19:20,1,"জঘন্য এপস ,","damn apps,",0,unknown
Rocket,e78ab4a8-3b48-4c9f-8500-62aebd77b4e8,2025-10-29 14:41:34,1,"It's a very terrible app. Can't register an account because automated OTP doesn't work.. please, try to solve this problem.","it's a very terrible app. can't regooddister an account because automated otp doesn't work.. please, try to solve this problem.",17,3.0.13
Rocket,503c3751-1250-464a-89b4-a619a72e7a72,2025-10-29 12:07:49,1,বিকাশ অন্যান্য ব্যাংক থেকে অ্যাড মানি করা যায় রকেটের কোন সিস্টেম নাই এজন্য খুব খারাপ লাগছে এজেন্টের জন্য,"bikash can get ad money from other banks. rocket has no system, so it feels very bad for the agent",0,3.0.13
Rocket,caf744b1-e17b-48fa-a650-930ab89b6465,2025-10-29 12:02:27,4,"It would be better for our entrepreneurs if the Rocket app provided the option to add these three accounts, Agent, Personal Merchant, or it would be better for us if we created a separate app for Rocket Merchant.","it would be bitter apafter our entrepreneurs iapp the rockit app probrotherded the option to add these three accounts, agooddent, persononotl merchant, or it would be bitter apafter us iapp we created a separate app apafter rockit merchant.",14,3.0.13
Rocket,f174e253-aa97-4a54-9a45-e1e3ef77f40c,2025-10-29 07:01:10,5,nice,nice,0,3.0.13
Rocket,d9e8d187-fd08-4115-bbf5-100c5e4724a4,2025-10-29 00:47:47,5,good app,gooddood app,0,3.0.13
Rocket,c6dbee85-124a-4a1b-982a-36797c902609,2025-10-28 22:03:29,5,good 👍😊...,gooddood thumbs_up smiling_face_with_smiling_eyes ..,0,3.0.13
Rocket,babc7dcd-24ab-469e-9be7-6a1919a2cb2c,2025-10-28 21:02:03,5,টাকা সেন্ড মানি খুব ভালো,bdt send money is very good,1,3.0.13
Rocket,67cccdb7-96e5-4f68-902b-43d1bba425b0,2025-10-28 20:56:45,5,nice,nice,0,3.0.13
Rocket,beeb0de4-d1fb-4414-9e3b-f3413a4f3cb1,2025-10-28 20:04:15,1,কোন নাম্বারে টাকা পাঠালাম এটা কিভাবে দেখবো শুধু শেষের তিনটা নাম্বার দেখাচ্ছে পুরা নাম্বার কিভাবে দেখবো,"i sent bdt to which number, how can i see it, only the last three numbers are showing, how can i see the whole number",0,3.0.13
Rocket,43de1208-ff7c-4c19-b804-5034d97e697a,2025-10-28 19:31:01,1,very good,very gooddood,0,3.0.13
Rocket,b2d5dd93-5da0-4ecc-82cd-2a3f42c9e726,2025-10-28 11:29:21,5,অনেক ভালো অ্যাপ,very good app,0,3.0.13
Rocket,89e76b7b-fb5f-4412-a4f4-3a944d29ec28,2025-10-28 11:18:19,5,Trusted Partner,trusted partner,0,3.0.13
Rocket,ed7728be-2163-4bfa-8e27-f74ebcff347a,2025-10-28 10:20:38,5,good,their pits,0,3.0.13
Rocket,4bd29969-5cae-424b-b650-1f3aa8049ea2,2025-10-28 00:09:25,5,good,their pits,0,3.0.13
Rocket,cafaf109-ede2-488f-be48-2080d71ee8d5,2025-10-27 20:47:52,5,😊🥰,smiling_face_with_smiling_eyes smiling_face_with_hearts,0,3.0.13
Rocket,7e5d63ef-d200-4fda-b9aa-a635d5be2d0b,2025-10-27 19:30:57,1,Vudar app banaice...kaj korena kicu..complain o kora jayna..amr tk atkaiya roice...vudar app rocket..😡😡,vudar app banonotice..kaj korenonot kicu..complain o kora jaynonot..my tk atkaiya roice..vudar app rockit.. enraged_face enraged_face,0,3.0.13
Rocket,f5acb374-275d-4a2c-a3e4-b3e391da8b43,2025-10-27 18:49:19,5,good app,gooddood app,0,3.0.13
Rocket,6475eaf6-41dd-49ea-91d7-ebcc9017f44c,2025-10-27 08:56:36,1,"সন্তুষ্ট নই- বরাবর, নির্বাহী বিভাগ, রকেট- এটা একটা বালফালাইন্যা এ্যাপ, যার কোনো ডেভেলপমেন্ট নেই। একেবারে নিচুমানের এ্যাপ, যেকারণে আমি-আমরা সন্তুষ্ট নই। অতএব, আপনাদের নিকট আমার আকুল আবেদন, টাকা পয়সা খাওয়া ছেড়ে ভালোভাবে আপডেট করুন। মানুষকে সেবা দিন, নইলে নিজের মেয়ে-মহিলাদের দিয়ে সেবা দিন। আর কিছু মনে না করে ডেভেলপ করলে জনাবের নিকট কৃতজ্ঞ থাকিব। 😍😊 বিনীত- অনেকদিনের অবহেলিত গ্রহক, ******* ****** কালীগঞ্জের গাজীপুর। 🫣🥰🥴","not satisfied - still, executive, rocket - it's a balfalalinea app, with no development. very low quality app, so i-we are not satisfied. so, my urgent request to the app users, stop consuming bdt money and update the app properly. serve people, otherwise serve your daughters. i will be grateful to mr. if you develop without thinking about anything else. smiling_face_with_heart-eyes smiling_face_with_smiling_eyes sincerely long-neglected customer, gazipur, kaliganj. face_with_peeking_eye smiling_face_with_hearts woozy_face",0,3.0.13
Rocket,bd2777f6-6251-4e52-92fe-581eb0985c37,2025-10-27 07:53:55,5,verry very,very very,0,3.0.13
Rocket,0892355d-c172-4a9a-aabf-0cec7b704ad6,2025-10-27 05:50:21,5,nice,nice,0,unknown
Rocket,7f22f1c9-fb31-485e-a348-06324e8071a6,2025-10-27 04:31:53,1,Why this app needed forcefully contacts permission? this type of app not necessarily needed this type of permission for transaction. It should be optional. They sell users contacts data to black market. It is crime. Play store authority should be banned this app.,why this app needed apafterceappully contacts permyssion? this type oapp app not necessirily needed this type oapp permyssion apafter transaction. it should be optiononotl. they sell users contacts dthis to black markit. it is crime. play store authority should be banned this app.,5,3.0.13
Rocket,8c24cc8f-26cf-4234-b897-2585413f0535,2025-10-27 02:48:04,5,good,their pits,0,3.0.13
Rocket,e6e0471c-f5b6-45c4-89c5-c9c7a8cf161a,2025-10-26 23:48:58,5,nice,nice,0,3.0.13
Rocket,20867f98-09c5-473e-a221-6133369b7775,2025-10-26 22:51:26,1,Third-class app. I'm unable to log in after trying again and again. I don't understand why you make the login procedure so complex!,third-class app. i'm unonotble to logoodd in aappter tryingoodd agooddain and agooddain. i don't understand why you make the logooddin procedure so complex!,7,3.0.13
Rocket,9b388c90-20b9-4aef-8b80-616fe0fb237b,2025-10-26 20:37:52,1,"the worst one! couldn’t even log in. OTP received, but can't put then into box. disgusting!","the worst one! couldnt even logoodd in. otp received, but can't put then into box. disgooddustingoodd!",2,3.0.13
Rocket,cc5451bf-384f-4ca5-aff6-d099913e043b,2025-10-26 19:35:40,1,আজো রাখা পারে এবং তাদের জন্য একটা ব্যাপার হচ্ছে তার উপর ড রোগ যেমন আমাদের তেমন ুএকটা যেঁ জলচল ্ি ্োচ,can keep today and a thing for them is dr. disease on it like ours and one that wants water,0,unknown
Rocket,9d1f941e-467b-4c89-ae73-79a6da0156d3,2025-10-26 18:37:02,1,For Sometimes I can't Recharge and Bill Payments through Rocket App. Repeatedly Action Failed & Error Showing.,apafter somytimes i can't rechargoodde and bill payments througooddh rockit app. repeatedly action appailed & error showingoodd.,3,3.0.13
Rocket,f48547ed-e9ec-495a-9cce-dcf426f74355,2025-10-26 12:47:13,5,excellent,excellent,0,3.0.13
Rocket,be19e2e2-9926-4133-af9f-0248a013559a,2025-10-26 09:34:02,5,Rocket app open,rockit app open,0,unknown
Rocket,4d5c120a-1473-424b-8177-b9d945de4461,2025-10-26 01:20:42,5,naic app,nonotic app,0,unknown
Rocket,1884a9b6-144f-411b-b7cb-35fb90c72011,2025-10-26 00:58:25,2,আগে একাউন্ট খোলা ছিল। আগে ব্যবহার ও করতাম। মাঝে কিছুদিন হলো অ্যাপ ডিলিট করে দিসিলাম। এখন নতুন করে ইন্সটল করার পর একাউন্ট নম্বর চায় সেটা দিয়ার পরে আইভি আর কল করে তারপর পিন কোড দিলে আর কোনো কিছু হয়না। আবার পিন রিকভারি অপশনে গেলেও সব তথ্য সঠিক দিয়ার পরে ও বলে INVALID। কেমন লাগে বলেন? আমি ৭-৮ বছর ডাচ বাংলা ব্যাংক এর রকেট মোবাইল ব্যাংকিং বব্যবহার করছি। আমার নিজের একটা একাউন্ট ও আছে ডিবিবিএল এ। এত বড় সমস্যার সম্মুখীন হয়নি। এখন আবার ডিলিট দিতে হবে। ব্যবহার করতেই পারছি না। কোনো ভাবেই না ।,"the account was previously open. i used to use it before. i deleted the app a few days ago. now after reinstalling it asks for the account number, after giving it ivy calls again and after entering the pin code, nothing happens. again going to pin recovery option but after giving correct information it says invalid. how do you say? i have been using dutch bangla bank's rocket mobile banking for 7-8 years. i also have my own account in dbbl. didn't face such a big problem. now delete again. i can't use it. no way.",0,3.0.13
Rocket,c671691f-1101-483c-9582-f9a9c2de4697,2025-10-25 21:52:08,5,good,their pits,0,3.0.13
Rocket,9d0f8855-3043-4893-997e-a73fbfc2eece,2025-10-25 20:21:10,5,সুমন,suman,0,3.0.13
Rocket,2bf619dc-1d1c-4153-8062-208452d6ae2b,2025-10-25 17:40:48,1,can't login,can't logooddin,0,3.0.13
Rocket,cffd14bb-66c3-4875-8602-0403bdf4d189,2025-10-25 13:57:01,5,শাকিল,shakeel,0,unknown
Rocket,486be60c-b2ad-4ae0-a894-ed272b6536d1,2025-10-25 10:48:53,1,there issue on my account not verify in the app,there issue on my account not veryappy in the app,0,3.0.13
Rocket,2f059c0e-fce2-44d1-95dc-b6b707ff88b1,2025-10-25 00:25:40,5,nice Ap kadire khan nagare,nice app kadire khan nonotgooddare,0,3.0.13
Rocket,5e061e7a-6a21-4c33-8045-24cf60a7f84c,2025-10-24 23:02:41,5,nice app,nice app,0,3.0.13
Rocket,487639db-bbb2-4bfc-94e3-8af55d60676c,2025-10-24 21:54:35,5,excellent app,excellent app,0,unknown
Rocket,c39414b4-2e63-4748-a690-2f6d7cc2df32,2025-10-24 20:27:03,1,"""A few days ago, I uninstalled the Rocket app. Since then, I haven't been able to log in again. I also called your helpline, and they said they would inform the higher authority about the issue. However, I have not received any feedback yet. What should I do now? How can I use the Rocket app again?""","a appew days agooddo, i uninstalled the rockit app. sinice then, i haven't been able to logoodd in agooddain. i also called your helpline, and they said they would inonotpafterm the higooddher authority about the issue. however, i have not received any appeedback yit. what should i do now? how can i use the rockit app agooddain?",193,3.0.13
Rocket,18f9807d-1bce-411f-a7a7-cca5e8715c90,2025-10-24 18:34:57,5,very useful app,very useappul app,0,3.0.13
Rocket,c0b5ad91-7786-46f3-836e-14cc9bd700fa,2025-10-24 16:52:38,5,I'm using for rocket account. very nice,i'm usingoodd apafter rockit account. very nice,0,unknown
Rocket,4ec21133-756b-47ec-9892-580e2ea83b24,2025-10-24 14:42:43,5,nice,nice,0,unknown
Rocket,0d4295c1-202b-45e8-8c04-76cdd5ed9635,2025-10-24 12:27:53,5,good aps,gooddood apps,0,unknown
Rocket,7576257d-c730-41fb-9447-026c0f4c3a4a,2025-10-24 10:54:40,5,GooD lake,gooddood lake,0,unknown
Rocket,9a571dd3-7c7d-4655-826e-e9f679835983,2025-10-24 00:12:18,5,good,their pits,0,3.0.13
Rocket,3d374250-e7b5-46d1-be79-8b6a303ebd10,2025-10-23 20:48:13,5,nice app 👍,nice app thumbs_up,0,unknown
Rocket,7baa4720-7e04-4751-a4c3-7d2727553df1,2025-10-23 18:46:02,1,রকেট অ্যাপ থেকে p2p সেন্ড মানি করার সময় nexuspay এর মত গ্রহীতার নাম দেখায় না। যা অতীব জরুরি নিরাপদ মানি ট্র্যান্সফার এর ক্ষেত্রে। বর্তমান সময়ের সাথে ও প্রযুক্তির সঠিক ব্যবহার নিশ্চিত করতে গ্রাহক সেবা প্রদান করার লক্ষ্যে সময়োপযোগী ফিচার থাকা উচিৎ।,p2p send money from rocket app doesn't show recipient name like nexuspay. which is very important for secure money transfer. there should be timely features aimed at providing customer service to ensure proper use of technology with current times.,1,3.0.13
Rocket,14f46132-57d5-4fb1-a1a0-243dbcf2e57a,2025-10-23 12:21:03,5,Good app,gooddood app,0,unknown
Rocket,2e38e323-9c32-4597-8c86-5d03efc10f51,2025-10-23 07:21:50,5,রকেট,the rocket,0,3.0.13
Rocket,2e29ae83-7350-4458-a4d9-82d8d2294915,2025-10-22 18:27:39,5,nice,nice,0,3.0.13
Rocket,d36d27bf-ceef-4128-9c94-d055db347b00,2025-10-22 16:38:40,5,nice app,nice app,0,unknown
Rocket,e7a05d9a-2038-465d-9378-0472fb13a9c0,2025-10-22 15:34:25,4,Good App,gooddood app,0,3.0.13
Rocket,1cbc80c0-5e82-465e-84ba-6e7ee188adff,2025-10-22 13:38:56,1,"Terrible experience. Couldn't log into the app. Automated OTP detection doesn’t work, and no way to input it manually either. An app of this magnitude should be well maintained.","terrible experienice. couldn't logoodd into the app. automated otp ditection doesnt work, and no way to input it manually either. an app oapp this magooddnitude should be well maintained.",27,3.0.13
Rocket,868c362c-b9f8-47c0-993e-d93fade64db1,2025-10-22 13:34:22,5,good app,gooddood app,0,3.0.13
Rocket,b92d9ad0-c0b5-4b02-8d66-7711136047bf,2025-10-22 13:34:22,5,Nice Project,nice project,0,3.0.13
Rocket,bcf58585-d985-42f9-bb14-883afc6c0234,2025-10-22 09:19:25,5,খুব ভালো,very good,0,3.0.13
Rocket,822b4d84-3615-4b9e-82da-4dae1e79061e,2025-10-21 20:49:37,5,Dutch bangla bank mobile banking app,dutch bangooddla bank mobilee bankingoodd app,0,3.0.13
Rocket,6fd33ceb-98c3-4ba0-bebb-7d3c0e5330ce,2025-10-21 19:51:09,5,good luck,gooddood luck,0,3.0.13
Rocket,a757eff5-1df8-4aa3-93b8-3f22f214544c,2025-10-21 17:45:54,1,haho,no,0,3.0.13
Rocket,4969f2ec-9883-4256-9f7a-bc78e13e425f,2025-10-21 13:50:38,1,this app very slow and verification code sent me but never give a option to submit not even auto submit. i have no other option to login.,this app very slow and veryappication codee sent me but never gooddive a option to submyt not even auto submyt. i have no other option to logooddin.,8,3.0.13
Rocket,ef6a0fd2-edb5-4f4b-a3ab-8ce5ccc5eae1,2025-10-21 13:44:12,5,Nice 👍👍👍👍👍,nice thumbs_up thumbs_up thumbs_up thumbs_up thumbs_up,0,2.0.37
Rocket,a0f5d2c1-94bd-4661-8cfd-42ee8dfe0c17,2025-10-21 03:16:08,5,🤭🤭🤭,face_with_hand_over_mouth face_with_hand_over_mouth face_with_hand_over_mouth,0,3.0.13
Rocket,bd7c357b-c593-48f4-8a48-6012ff25d067,2025-10-21 00:23:38,5,good,their pits,0,3.0.13
Rocket,94b8ea1f-2610-4436-ac08-f79ba3eb5357,2025-10-20 19:28:07,1,"আমি তো রকেট এর একাউন্ট খুলতে পারছি না, টেলিটক নাম্বারে, কিন্তু কেনো??","i can't open rocket's account, teletalk number, but why??",0,3.0.13
Rocket,82bd9eb8-4c7d-4766-8cfa-1e9c8840e46e,2025-10-20 18:01:02,5,good,their pits,0,3.0.13
Rocket,3bf37bac-c5df-4431-913a-fdf80b89f585,2025-10-20 10:14:33,5,❤️❤️,red_heart red_heart,0,3.0.13
Rocket,2df5881d-d317-4589-bf49-7d78aebf7694,2025-10-20 04:29:59,5,usefully apps,useappully apps,0,3.0.13
Rocket,48d392c2-db0f-4dd6-bd14-4f6be70be092,2025-10-19 08:30:52,5,নাইস,nice,0,unknown
Rocket,d126e96d-7f34-4ff8-90ac-c6ba2f6369ea,2025-10-19 08:17:49,5,Rocket is faster app in Bangladesh 🇧🇩,rockit is appaster app in bangoddladesh bangladesh,0,3.0.13
Rocket,eda88f3d-47b6-40c0-b4d2-ff5bdcea95e8,2025-10-19 07:01:46,5,নাইচ,nice,0,3.0.7
Rocket,a79d8aee-2a4c-40c7-abe9-e80cf2fd376b,2025-10-18 23:57:46,1,Login Problem hoi,logooddin problem hoi,0,unknown
Rocket,a6d450ee-c6d6-4ab5-8e34-7a60d0771af8,2025-10-18 22:03:12,5,very nice apps,very nice apps,0,3.0.13
Rocket,cbe8b829-85d7-47e0-9e28-96be1de97853,2025-10-18 19:21:43,5,good🖖🖖🖖🤔,gooddood vulcan_salute vulcan_salute vulcan_salute thinking_face,0,unknown
Rocket,95ad10ea-2808-4fe2-905a-8d1911c28780,2025-10-18 08:36:31,5,Nice app,nice app,0,unknown
Rocket,30ddc031-4790-4b98-85f2-c6bd7143c754,2025-10-18 08:32:41,5,🥀🥀🌺,wilted_flower wilted_flower hibiscus,0,unknown
Rocket,a20647a4-f815-435b-a6ab-6f223d82a319,2025-10-18 02:45:00,5,masha allah,masha allah,0,3.0.13
Rocket,9b0dc854-b52c-4866-a0dd-e983de0b1edd,2025-10-18 00:09:52,5,good,their pits,0,3.0.13
Rocket,2f5c6296-df0c-4b83-9411-22eaca404312,2025-10-17 23:28:42,5,kothamonyse,kothamonyse,0,3.0.13
Rocket,8a714050-5b91-4f12-a7cf-50bc67d5652b,2025-10-17 18:42:02,1,"Rocket App এ ওটিপি আসে কিন্তু যখন ওটিপি দিবো তখন কি-বোর্ড আসে না, যার কারণে Rocket App এ Login করতে পারতাছি না","otp comes in rockit app but when i give otp the keyboard doesn't come, due to which i cant logoddin in rockit app",0,3.0.13
Rocket,0f026438-1ecb-4982-bae8-0725026c7f29,2025-10-17 18:23:04,5,good luck,gooddood luck,0,unknown
Rocket,0e05ed31-77f5-42fe-adc0-45a6d7c9d584,2025-10-17 14:08:05,5,nice,nice,0,unknown
Rocket,1a1c463a-709f-40a6-a2ad-22dc079a29f6,2025-10-17 13:29:03,5,supper,super,0,3.0.13
Rocket,d1ed0faf-b2a8-43f7-9f20-4f123f82ba54,2025-10-17 12:44:04,5,great app,gooddreat app,0,3.0.13
Rocket,e4c19ce2-4932-4cf1-92f6-42e02a9ce71f,2025-10-17 10:32:21,5,good,their pits,0,3.0.13
Rocket,b7523fc2-b4ce-4e32-9956-6872c6baafa6,2025-10-17 07:20:54,5,good,their pits,0,3.0.13
Rocket,0e88082b-a161-4228-9fd2-adedd19606bb,2025-10-17 05:29:39,5,good,their pits,0,3.0.13
Rocket,04d2e533-97e3-44e6-9261-b8619f939d15,2025-10-16 22:01:42,5,nice 👍👍👍👍,nice thumbs_up thumbs_up thumbs_up thumbs_up,0,3.0.13
Rocket,c3fa720e-912c-4938-8a1d-b3b69b18a5d6,2025-10-16 21:10:11,1,it apps bad. otp problem,it apps bad. otp problem,0,unknown
Rocket,e9f00433-5173-47f8-8225-e8260d5b91d5,2025-10-16 20:12:33,5,অনেক সুন্দর,very beautiful,0,3.0.13
Rocket,cec55ed0-bcf5-44f8-89df-1944d18b780c,2025-10-16 03:30:16,1,kyc problem ফাত্রামির একটা লিমিট থাকা দরকার সব কিছু ঠিক থাকে বার বার kyc fail ফালতু ওয়ালেট সাপোর এ কথা বলে ও কোনো সমাধান দেয় না ওরা অযথা ৩০ টাকা লস কথা বলে ফাতরা চুদা সার্ভিস মাদারি,kyc problem fatrami need to have a limit everything is ok again and again kyc appail nonsense wallet sapor say this and no solution they talk unnecessary 30 bdt loss fatra chuda service madari,0,unknown
Rocket,315e1f72-faf3-4bf4-9f2d-1ce412145fce,2025-10-16 00:00:48,5,Laboni Akthter,laboni actor,0,3.0.13
Rocket,5b96615e-8152-42a2-9c16-c80d5a07a1ef,2025-10-15 20:41:54,5,good,their pits,0,3.0.12
Rocket,fed97c73-f842-4f16-bf70-629b631e4c56,2025-10-15 20:39:16,5,nice Roket,nice rocks,0,3.0.13
Rocket,64ae8d10-8e76-4750-97a9-22571a0c3f82,2025-10-15 14:02:36,5,Best,best,0,unknown
Rocket,700bf4cd-85fc-4772-8e83-41d6cb4a20cd,2025-10-15 13:18:08,1,very unsecured app. contact your 119 to get my service!!! খুবই বিপজ্জনক আ্যপ। সিকিউরিটি একদম নাই বললেই চলে।,very unsecured app. contact your 119 to gooddit my serbrotherce!! very dangerous app. there is no security at all.,0,unknown
Rocket,9109fd29-b20f-4a60-b0c4-ad0404c3278d,2025-10-15 09:01:16,1,ফালতু এপ ৭ সপ্তাহ ধরে ট্রাই করি এপস এ একাউন্ট খুলে না,tried the crappy app for 7 weeks and didn't open an account,0,unknown
Rocket,d912ac82-6d92-4412-9381-d0467f6a6eb8,2025-10-15 00:01:10,5,nice app,nice app,0,3.0.13
Rocket,8393124c-181f-45a2-946f-195ed2ec07ee,2025-10-14 20:00:02,5,dmmm well app,dmm well app,0,3.0.13
Rocket,ba15f52a-56f8-4bd8-9c77-4fc4217e7692,2025-10-14 13:58:24,5,ভেরি গুড অ্যাপ,very good app,0,3.0.13
Rocket,417df2d1-31af-4168-ad23-17f0278619d9,2025-10-14 09:50:14,5,Best.,best.,0,3.0.13
Rocket,11e2436a-20cd-4fd4-a245-ba16f7bdffb2,2025-10-13 22:09:11,3,মার্চেন্ট একাউন্টের সাথে পার্সোনাল একাউন্ট ব্যবহার করার সুযোগ দেওয়া দরকার!!,need to allow use of personal account with merchant account!!,0,3.0.13
Rocket,d72f2ef2-e556-465b-bf79-b342f2c45d8d,2025-10-13 21:10:05,5,good 👍 app,gooddood thumbs_up app,0,3.0.13
Rocket,8d472b32-3954-4387-b946-09e39e536df9,2025-10-13 18:55:41,5,nice apps,nice apps,0,3.0.13
Rocket,310b0ab1-a9c4-4b68-8a78-9006eb03b37f,2025-10-13 13:16:58,3,"ঘূর্ণিঝড় ঘরে ঈডগিঠ নাঠণঢূঙ ড়ভয় পেয়ে ঊচচিনি না ঢ়ুঢুঢ না ঘটবে, ঈডগিঠ ইনা ভাই আপনার কাছে ঈচচচণণঘ ঘ","the whirlwind in the house, idgith nathandhung, getting scared, will not be loud, idgith ina bhai appna, ichchchanangh d",0,3.0.13
Rocket,ba571008-01b2-4b58-be2a-8e0f69958964,2025-10-13 12:14:19,5,good app,gooddood app,0,unknown
Rocket,a546271c-f24f-46df-ad88-f8770e79cef5,2025-10-13 11:22:57,5,good,their pits,0,3.0.13
Rocket,ff5b0b23-6e3c-4b9d-92b1-ac5189ed8f8b,2025-10-13 01:08:08,5,nice,nice,0,unknown
Rocket,0aed04e3-78fa-4c03-a2f9-0a0c6716ea25,2025-10-12 21:43:38,2,"Frustrating. I am trying to recharge my BPDB electricity meter but when I press 'Validate' button there is a popup message saying, ""Invalid Customer Number. Thank You."" I hope this gets fixed soon.","apprustratingoodd. i am tryingoodd to rechargoodde my bpdb electricity myter but when i press 'validate' button there is a popup messagoodde sayingoodd, invalid customer number. thank you. i hope this gooddits appixed son.",0,unknown
Rocket,df00fb96-0bea-4696-9b10-494257495a14,2025-10-12 21:07:12,1,very bad,very bad,0,3.0.13
Rocket,07958ee1-d2e4-4309-927b-b619710183ff,2025-10-12 20:12:36,5,nice,nice,0,3.0.13
Rocket,b0a79811-d78f-442e-9071-10e9173c5f22,2025-10-11 14:00:34,5,Good Luck ⭐,gooddood luck star,0,3.0.13
Rocket,c9e195db-7c13-453d-9eb6-a8bad4c383d4,2025-10-11 12:16:17,1,"This is the worst and most terrible mobile banking app. it's full of bugs. I submitted my kyc and after confirming it says my father's name doesn't match with my NID while everything is fine. then, I resubmitted my kyc yet was unable to update my kyc due to that silly error. It took me around half an hour struggling with updating kyc. However, I couldn't update my kyc. So frustrating, very disappointing. Fix the issues I faced, please.","this is the worst and most terrible mobilee bankingoodd app. it's appull oapp bugoodds. i submytted my kyc and aappter cononotppirmyngoodd it says my appather's nonotme doesn't match with my nid while everythingoodd is appine. then, i resubmytted my kyc yit was unonotble to update my kyc due to that silly error. it took me around halapp an hour strugooddgooddlingoodd with updatingoodd kyc. however, i couldn't update my kyc. so apprustratingoodd, very disappointingoodd. appix the issues i appaced, please.",80,3.0.13
Rocket,084242c0-1c2e-47c3-bdff-1f0da5c5f57d,2025-10-11 08:37:45,5,nice,nice,0,3.0.13
Rocket,b1b29863-ad93-4ed7-a424-a778b355fd00,2025-10-11 02:02:09,4,nice app,nice app,0,3.0.13
Rocket,e6f3f8c6-3765-43b9-a6e4-d0885b4363f8,2025-10-10 22:41:13,5,good,their pits,0,3.0.13
Rocket,bd2587fa-b7c0-4bab-bf66-98a3d0d4bc5d,2025-10-10 20:19:38,1,nice,nice,0,3.0.13
Rocket,e1e07e00-d094-4a81-9283-56d0598b77d5,2025-10-10 19:32:36,4,মাসাল্লাহ,mashallah,0,3.0.13
Rocket,e9f678c1-fcd6-4c75-a53a-5fada92e014e,2025-10-10 16:56:18,1,"good , cash out colo","gooddood , cash out colo",1,3.0.13
Rocket,05dfeb3b-0627-43ce-b22c-21afb314191e,2025-10-10 12:37:54,5,useful apps,useappul apps,0,3.0.13
Rocket,894906b5-2447-4654-ba0b-4ec4468806ed,2025-10-10 12:05:51,1,why it's so terrible? nothing works properly. clearly not user-friendly,why it's so terrible? nothingoodd works properly. clearly not user-appriendly,0,unknown
Rocket,f635b1cc-abdd-4788-b314-36bdbf551b29,2025-10-10 10:35:46,5,nice app,nice app,0,3.0.13
Rocket,bd116b85-4ddb-4471-8ff6-9a00dc8e5788,2025-10-10 05:39:11,5,parsonal,personnotl,0,unknown
Rocket,a3e65022-8c50-480f-8a61-511e29647def,2025-10-09 19:25:09,5,অসাধারণ সার্ভিস,excellent service,0,3.0.13
Rocket,626defba-92f7-4d79-9ef6-6c1ae529364f,2025-10-09 19:18:24,5,good,their pits,0,3.0.13
Rocket,fa3b9562-f099-4aca-b0d7-7b126f4e0a95,2025-10-09 17:00:59,5,ভালো,good,0,3.0.13
Rocket,2aaf2590-abd7-43fb-96cf-a29f8ed77ed9,2025-10-09 15:49:55,5,BINIMY,binimy,0,3.0.13
Rocket,02d11d40-6319-4af9-9de1-4ce941fbfdb1,2025-10-09 14:58:17,5,good,their pits,0,3.0.13
Rocket,292c0b38-9226-45b7-ae83-6086d3ef4d16,2025-10-09 13:55:21,5,Good MFS,gooddood mapps,0,3.0.12
Rocket,20b3a457-489c-4acf-9d47-10f35ac23b9e,2025-10-09 13:37:09,5,nice apps,nice apps,0,unknown
Rocket,c069caff-2fcb-4f87-bd06-9ae448f8d629,2025-10-08 23:22:48,5,good,their pits,0,3.0.13
Rocket,a32cce00-c7fc-42ef-9130-e446f5a6cafc,2025-10-08 21:45:35,5,good 👍😊,gooddood thumbs_up smiling_face_with_smiling_eyes,0,3.0.13
Rocket,a1dd5a98-56db-4e9d-abf5-4261c221fddb,2025-10-08 21:35:41,5,nice,nice,0,unknown
Rocket,85fa045a-5daf-4f5d-a9b5-5dc8fcdcb3af,2025-10-08 21:35:34,1,I can't login,i can't logooddin,0,3.0.13
Rocket,01afdbd2-830f-4f52-9698-ba16d2d4514b,2025-10-08 21:25:15,5,🫣🫣🫣😇😇😇,face_with_peeking_eye face_with_peeking_eye face_with_peeking_eye smiling_face_with_halo smiling_face_with_halo smiling_face_with_halo,0,3.0.13
Rocket,a6132415-6fb4-4a3c-a2a4-904e0dc81d57,2025-10-08 20:57:02,1,Worst app ever!,worst app ever!,0,3.0.13
Rocket,034267cf-f7e9-48bc-a289-29a7e0747089,2025-10-08 20:33:53,5,ভালো,good,0,3.0.13
Rocket,75291b35-a62a-4a00-b140-bbdb06536e85,2025-10-08 19:57:57,1,"""Rocket app is currently the worst app. I hope none of you use it. It has no user experience whatsoever.""",rockit app is currently the worst app. i hope none oapp you use it. it has no user experienice whatsoever.,1,unknown
Rocket,ddbcee46-4637-49c9-a491-8528300a866e,2025-10-08 19:50:28,1,Assalamu Alaikum I am a Rocket user and I am saying this as a customer Your service is very slow Please update it soon,assalamu alaikum i am a rockit user and i am sayingoodd this as a customer your serbrotherce is very slow please update it son,0,3.0.13
Rocket,646f20fb-d5e6-4071-bfea-87cb91d9b0a5,2025-10-08 19:29:36,5,good,their pits,0,3.0.13
Rocket,9684655c-3829-44f4-b1ae-dd944566dfbd,2025-10-08 17:35:39,5,Update,update,0,3.0.13
Rocket,4111c5a1-a207-4d47-8253-06a048f0619d,2025-10-08 07:13:21,5,very beautiful,very beautiappul,0,unknown
Rocket,adfd59bb-b581-400c-bc71-ad901c31ce2b,2025-10-08 04:18:29,1,আমি আমার একাউন্টে লগইন করতে পারছি না। IVR কল আসে না।,i can't login to my account. ivr call not coming.,0,3.0.7
Rocket,c5157b79-8dd0-4258-a799-1adf9a034d88,2025-10-08 03:30:25,5,Ashik,ashik,0,3.0.13
Rocket,188ecb8c-e2d6-4751-9ded-e4d8f2017254,2025-10-08 01:35:21,1,বাংলাদেশে আরো ব্যাংকিং এ অ্যাপ্লিকেশন আছে মোবাইল ব্যাংকিং অ্যাপ্লিকেশন আছে কোন কিছুতেই ভেরিফিকেশনের জন্য আইভিআর কলের প্রয়োজন হয় না শুধু আপনাদের তাই আইভিআর কলের প্রয়োজন হয়। ভালো কথা সিকিউরিটি জন্য প্রয়োজন কিন্তু সেটা এমন ভাবে বানানো উচিত যাতে সেটা সব সময় কাজ করে। দীর্ঘ ছয় মাসের বেশি সময় ধরে আমি আপনাদের অ্যাপ্লিকেশন লগইন করতে পারিনা। কোন কাজই করতে পারি না এটা দিয়ে।,"there are more applications in banking in bangladesh, there are mobile banking applications, nothing requires an ivr call for verification, only apps require an ivr call. good speech is necessary for security but it should be built in such a way that it works all the time. for more than six long months i can't login to our app. can't do anything with it.",0,unknown
Rocket,70dd3daa-e629-4975-a831-918a76c238ae,2025-10-08 00:28:31,5,parsonal,personnotl,0,3.0.13
Rocket,fa0ff2d2-1c39-46a7-8fa9-725893ec99a8,2025-10-08 00:03:18,5,MD RUHUL AMIN,md ruhul in,0,3.0.13
Rocket,733c1325-21d2-49f1-a126-240786f1ae43,2025-10-07 22:03:22,5,ভালো আসেন সবাই,good everyone come,0,3.0.13
Rocket,5b55aee0-c6c4-4974-b7fc-f1fcfbb5f6b3,2025-10-07 21:44:42,1,"একেবারেই ফালতু এ্যাপস্ একটা লগ-ইন করা মারাত্মক ঝামেলার ব্যাপার। এ্যাপস্ থেকে যেকোনো কিছু করতে গেলেই বিশাল ঝামেলা পোহাতে হয়,,,, ফালতু 😡","totally crappy apps are a huge hassle to log into. doing anything from apps is a huge hassle,, nonsense enraged_face",0,3.0.13
Rocket,5df5ffa3-ba06-423b-b0b6-e7546e23b1e9,2025-10-07 21:18:01,5,Nice 👍,nice thumbs_up,0,3.0.13
Rocket,7c6ad86d-42fc-4ace-bcc3-f58671f5f991,2025-10-07 20:04:32,5,helpful apps,helpappul apps,0,3.0.13
Rocket,21210bce-a15b-40c9-ba3c-6a60760f6372,2025-10-07 19:57:43,5,good apps,gooddood apps,0,3.0.13
Rocket,cd775b8f-0508-4141-baa5-902a3f03139f,2025-10-07 18:38:57,3,very good app,very gooddood app,0,unknown
Rocket,0bde6b72-d5ca-415f-9e18-86d6ce609f05,2025-10-07 18:17:27,5,nice Apps,nice apps,0,3.0.13
Rocket,32a4bca5-6f08-4f3d-9441-2697facc84a6,2025-10-07 15:48:18,5,nice,nice,0,unknown
Rocket,b6b0355d-42c9-4186-9ef9-091d8c4c45bb,2025-10-07 13:57:10,5,nice,nice,0,3.0.13
Rocket,1751836f-75a1-4d3e-a0d5-add1fd9847ec,2025-10-07 11:09:41,5,Argina,argooddinonot,0,3.0.7
Rocket,62fd555c-f1e0-4030-a6d6-722ceac3b55a,2025-10-06 22:20:14,5,ok,ok,0,3.0.13
Rocket,5cde39d2-c20a-42ff-9d41-c09d7445c6ac,2025-10-06 21:09:07,5,wow,wow,0,3.0.13
Rocket,b3790d5a-19ef-4f9d-b8c5-916448d69a9a,2025-10-06 20:52:32,5,রকেট হলো দুর্দান্ত,rocket is awesome,0,3.0.13
Rocket,c98a80e6-821c-4e9b-945c-a69185f3d1fc,2025-10-06 16:35:11,5,nice app,nice app,0,unknown
Rocket,9e0ace2f-7972-41c7-9ad4-6b12af5265a4,2025-10-06 14:42:20,5,nice,nice,0,3.0.13
Rocket,cf367738-0947-4a75-be89-20af4735fa2e,2025-10-06 12:31:04,1,super,super,0,3.0.13
Rocket,54c5f4ac-b1d4-4a24-839b-2e615af52d5a,2025-10-06 11:54:36,5,good,their pits,0,unknown
Rocket,9398ce63-8ab1-42a9-a3a4-cb784cdcb330,2025-10-06 09:07:50,5,ভালো,good,0,3.0.13
Rocket,d84f640f-8a8b-4ca3-962a-9b366b68987c,2025-10-05 18:07:58,5,Crash on Android 7 after 11th March Update,crash on android 7 aappter 11th march update,2,3.0.13
Rocket,a0c0ab55-8a96-42ca-85f0-7e252a722a54,2025-10-05 15:19:29,2,"Recently, it has been very difficult to recharge mobile phones.","recently, it has been very diappappicult to rechargoodde mobilee phones.",6,3.0.13
Rocket,0e1b1373-9207-4a97-ba6e-b9e832d91b91,2025-10-05 11:40:27,5,NICE,nice,0,3.0.13
Rocket,2d654528-c306-406e-b6c5-ddf1cdf124c3,2025-10-05 08:05:59,5,Good App,gooddood app,0,3.0.13
Rocket,05aabd22-1d54-413b-9a78-899ef9d5074d,2025-10-05 03:35:09,1,good,their pits,0,unknown
Rocket,5c8d5fd0-9968-4dad-8dc1-57b3bf8c2840,2025-10-05 00:24:36,5,নাদিম আহমেদ ৭,nadeem ahmed 7,0,unknown
Rocket,27e43aab-e99b-4d0a-b99c-b5c13f180acc,2025-10-04 20:53:41,5,nice,nice,0,3.0.13
Rocket,0791138c-45f5-4793-bddd-1e0dac337b7b,2025-10-04 19:39:35,5,Good,their pits,0,unknown
Rocket,ffc6d09f-d973-4ddc-9e0e-0b58a81d18d0,2025-10-04 10:40:36,1,worst,worst,0,3.0.13
Rocket,13d502fc-72be-45d1-bbc5-79ab5fb367ea,2025-10-04 02:12:00,5,good,their pits,0,unknown
Rocket,8dc9ae03-1d4b-4abc-a137-1e35794a9cca,2025-10-03 20:58:08,5,nice,nice,0,3.0.13
Rocket,498e550a-2ff8-4e59-99f0-515864ac0c0a,2025-10-03 19:20:48,5,good app,gooddood app,0,3.0.13
Rocket,662adbe9-7385-4f71-b075-c3b524318aa0,2025-10-03 14:38:30,5,🥰🥰,smiling_face_with_hearts smiling_face_with_hearts,0,3.0.13
Rocket,80004c67-5371-4abb-a5c7-ade9ba65ac2b,2025-10-03 12:57:23,1,Worst apps,worst apps,0,3.0.13
Rocket,ab6dad40-f643-465f-b8d1-4b4c41cb80f0,2025-10-03 00:11:36,3,please add bpdb payment service,please add bpdb payment serbrotherce,0,unknown
Rocket,9f477537-9327-4b29-a515-639f1c5cb305,2025-10-02 23:41:58,5,Sohagkumar Free Fire MAX,sohagooddkumar appree appire max,0,3.0.13
Rocket,295f0dd2-6b7a-45c8-a0db-c1b806b7040d,2025-10-02 22:54:21,5,good,their pits,0,3.0.13
Rocket,b431accc-eb9a-4573-bebd-551171e0137e,2025-10-02 12:18:51,5,Excellent performance,excellent perapaftermanice,0,3.0.13
Rocket,e1696e77-d993-4d35-b8d7-fff1c3c8e6d7,2025-10-01 19:26:02,5,Nice,nice,0,3.0.13
Rocket,7855ebde-d0a8-4e08-b32c-6db56a856e88,2025-10-01 15:45:00,1,purai faltu,purai appaltu,0,unknown
Rocket,e389553e-0c7c-4d15-8e81-6edaa2ba7f8a,2025-10-01 08:33:36,5,nice,nice,0,3.0.13
Rocket,b7ba3f6c-4570-44c7-b2eb-cfce7f79c030,2025-10-01 02:53:13,5,fhu,app,0,2.0.68
Rocket,9d4ac28b-64ba-4442-b2f6-0446e75d2677,2025-09-30 23:24:17,3,super,super,0,3.0.13
Rocket,913cdb34-de71-4f24-a620-9802328d5437,2025-09-30 20:57:54,5,this app is a very helpful app,this app is a very helpappul app,2,3.0.13
Rocket,35ccc6ae-9796-4d3a-ac4d-37d1be34d26e,2025-09-30 14:43:45,5,নতুন একাউন্ট খুলবো,i will open a new account,0,3.0.13
Rocket,e3c8b84e-40ed-4327-b585-24e0f6b71f04,2025-09-30 08:39:20,1,good,their pits,0,3.0.13
Rocket,ba6ec63a-70bd-4f0a-9589-bb3edd62aa42,2025-09-29 22:54:44,5,আপনাদের এই এপস এ বিকাশের মত লোন সিস্টেম করা উচিত।যারা বেশি লেনদেন করে তাদের জন্য এটা বেশ সুবিধাজনক হবে।পাশাপাশি আপনাদের গ্রাহক সংখ্যাও অনেক বৃদ্ধি পাবে এবং আমরাও বেশ উপকৃত হবো।অনেক সময় আমাদের টাকার প্রয়োজন পড়ে।লোক লজ্জায় অনেক সময় অন্যের কাছে চাইতে লজ্জা করে। আপনাদের এপস এর মাধ্যেমে যদি এই লোন সিস্টেমটা থাকে তাহলে আমাদের তো আর কারও কাছে যাওয়া লাগে না।তাই আশা করবো আপনারা এই বিষয় টা নিয়ে খুব দ্রুত আগাবেন এবং আমাদের বিষয়টি মাথায় রাখবেন ধন্যবাদ,"they should develop a loan system like this app. it will be very convenient for those who do more transactions. also, the number of customers of their app will increase a lot and we will also benefit a lot. many times we need bdt. people are shy to ask others because of shame. if they have this loan system through their app, then we don't have to go to anyone else. so i hope they will move on this issue very quickly and keep us in mind. thank you.",0,3.0.13
Rocket,618fe705-251a-449b-9e84-6321c75941ba,2025-09-29 19:43:43,5,good app,gooddood app,0,3.0.13
Rocket,622502b5-6530-44bf-acf0-c41dd0d1814e,2025-09-29 17:26:24,1,ফালতু অ্যাপ।ক্যাশ ইন এ টাকা কাটে বাইঞ্চুদ🤣🤌 মাদারবোর্ড,crap app.cash in a bdt cut rolling_on_the_floor_laughing pinched_fingers motherboard,0,unknown
Rocket,f8cf7035-081d-4857-aa96-805feafc9ee5,2025-09-28 21:21:29,5,good,their pits,1,unknown
Rocket,f38e9d1c-1743-4ed7-80d6-3457ed79841c,2025-09-28 11:06:07,5,rocket your login problem,rockit your logooddin problem,1,unknown
Rocket,21237fdf-c480-4c33-84e5-ec432a05d1f8,2025-09-28 10:58:50,5,osam app,osam app,0,3.0.13
Rocket,f341ce52-44af-4675-a7b4-b27edd1de6d7,2025-09-28 09:53:19,4,",, সং ্য ভয়",",, sanya bhoy",0,3.0.13
Rocket,44a67927-d358-4c31-af0e-c382d13b346e,2025-09-28 00:04:56,5,good hfjh,gooddood happjh,0,unknown
Rocket,296e191d-4554-4330-a93a-300fe37ca488,2025-09-27 19:14:06,5,ভালো সার্ভিস চাই,i want good service,0,3.0.13
Rocket,01f8d763-72cb-433d-b09e-081f48f23168,2025-09-27 17:58:36,5,excellent f,excellent app,0,unknown
Rocket,8d4d0679-464d-49df-addb-f598e78588de,2025-09-27 14:18:25,5,NC app,nice app,0,unknown
Rocket,077056e9-2b5e-4fc2-b101-186cb1a23f6f,2025-09-27 08:18:47,4,"wrost thing is 12 am - 6am cash-out off, pls stop that","wrost thingoodd is 12 am - 6am cash-out oappapp, please stop that",1,3.0.13
Rocket,2cf3b087-9411-4aa5-babf-e21679f494bc,2025-09-27 06:39:21,5,well,well,0,3.0.13
Rocket,e2a4d490-8aa8-44f0-aacb-0ffd9a8a4cf6,2025-09-26 15:13:23,5,good,their pits,0,3.0.13
Rocket,1b4736b7-1a84-40e4-8c29-23bd33083b77,2025-09-26 10:33:40,5,Thank You,thank you,0,3.0.13
Rocket,0ec98f83-b1ca-4740-8a45-c40e8e7035fd,2025-09-26 09:16:09,1,apnader coustomer care er staff der bebohar khuubi kharap tara kothar kono pattai deyna... ami tader ei bobohare khuuubu hotash...,appnonotder coustomer care er staappapp der bebohar khuubi kharapp tara kothar kono pattai deynonot.. i tader ei bobohare khuubu hotash..,1,3.0.13
Rocket,3d541876-55de-430e-9d36-30cd5dd43ab2,2025-09-26 04:01:45,5,high security & noo fee ❤️❤️,higooddh security & noo appee red_heart red_heart,0,unknown
Rocket,260cb117-b3d7-49da-a182-37b16859ac6a,2025-09-25 23:32:25,5,🌷🌷🌷,tulip tulip tulip,0,3.0.13
Rocket,d703a333-09a3-43ac-aa1f-b13eb1b357d7,2025-09-25 23:14:04,1,"why i can,t downloaded this app?","why i can,t downloaded this app?",0,unknown
Rocket,ecaef614-d2f8-42d0-968f-84c0ecb4cf9c,2025-09-25 11:05:03,5,good,their pits,0,3.0.13
Rocket,e8a4429d-9fea-4f13-a774-483e4b76c046,2025-09-25 03:56:16,5,nice,nice,0,unknown
Rocket,8b9129f1-2ec1-479c-8df7-6c5d9772a5a4,2025-09-25 02:42:53,5,good,their pits,0,3.0.13
Rocket,7cd1aa6d-232f-41df-a61b-538ef63db045,2025-09-25 02:13:09,5,also good,also gooddood,0,3.0.13
Rocket,642847ad-eab0-4db6-960c-13afdd5c2280,2025-09-24 21:50:38,1,"It’s not enough just to increase customers; you must also ensure that customers are receiving proper service. At present, your server has such severe problems that it’s completely beyond any limit. Normally, when trying to research through your app, one has to struggle like a dog for half an hour and go crazy like one. It feels like you’ve only managed to keep things running by bribing someone, just so that people are forced to pay through your payment method.","its not enougooddh just to inicerease customers you must also ensure that customers are receibrotherngoodd proper serbrotherce. at present, your server has such severe problems that its complitely beyond any limyt. normally, when tryingoodd to research througooddh your app, one has to strugooddgooddle like a dogoodd apafter halapp an hour and gooddo crazy like one. it appeels like youve only manonotgoodded to keep thingoodds runningoodd by bribingoodd someone, just so that people are apafterced to pay througooddh your payment mythod.",22,unknown
Rocket,e686791d-1d2f-43b4-90ec-cbeaf78c67c8,2025-09-24 20:35:40,5,Rocked,rocked,0,3.0.13
Rocket,31a49383-177e-4081-b411-35acacb94cc6,2025-09-24 17:30:39,5,Allow,allow,0,3.0.13
Rocket,f0b97610-3dc3-4194-826f-0682f853d79f,2025-09-24 17:25:52,5,sir my apps nice,sir my apps nice,0,3.0.13
Rocket,23fab0fa-02ff-458b-9607-8f918e2571cb,2025-09-24 11:10:03,5,good app,gooddood app,0,3.0.13
Rocket,49174000-f8b4-4e55-bf33-a84c22e72877,2025-09-24 10:02:07,1,mobile recharge problem,mobilee rechargoodde problem,1,3.0.13
Rocket,58fd99c0-82ab-4330-bb73-2bd17ca75002,2025-09-24 00:29:49,5,good,their pits,0,3.0.13
Rocket,c9e89adc-d0c3-45f0-810e-cccd7cfef401,2025-09-23 14:13:23,3,"R apner songe sex e India and dth! bbdn trade h',,tfv gmt nri gmt nri gmt nri 3.e mton end earlier earlier earlier 💙💙😮‍💨🍑🍉🧀🍓🍊🍊🍞rdeouyeeri🍞🍿🌰","r appner songoodde sex e india and dth! bbdn trade h',,tappv gooddmt nri gooddmt nri gooddmt nri 3.e mton end earlier earlier earlier blue_heart blue_heart face_exhaling peach watermelon cheese_wedge strawberry tangerine tangerine bread rdeouyeeri bread popcorn chestnut",0,unknown
Rocket,7860580d-cbd4-46bb-91ca-f8d234e99cbd,2025-09-23 13:04:07,5,Rocket is reliable app. The interface is very flexible and a smooth....,rockit is reliable app. the interappace is very applexible and a smooth..,146,3.0.13
Rocket,8d87b978-227c-4c9c-be45-7f33e89b1aed,2025-09-23 10:02:05,5,Good qpps all suport,gooddood qpps all suaftert,0,unknown
Rocket,cd64a735-5d80-47c4-8040-a48f1d8dacd8,2025-09-23 09:53:09,1,Hello my name is Aisha Issah how are you people please l want to watch movies please Thank you,hello my nonotme is aisha issah how are you people please l want to watch mobrotheres please thank you,0,3.0.13
Rocket,e23750ee-201a-4ff5-8811-195befe1fbea,2025-09-22 20:14:50,1,"চরম ফালতু অ্যাপস! ভিসা কার্ড থেকে এড মানি করতেই পারছিনা, OTP দেয়ার পর দেখায় Your transaction is failed to process!!!!!!! বিকাশ, নগদে তো এমন হয়নি। আবার কমপ্লেইনের ব্যবস্থা আছে, কিন্তু সেটা লিখার পর Submit দিলে বলে An error occurred.......!!! তাইলে Complain টা যাবে কিভাবে?? আকাশ দিয়ে? বাতাস দিয়ে নাকি পাতাল দিয়ে??? আর কাস্টমার কেয়ারে অভিযোগ জানাইতে তাদের অভিযোগ রাখতে আবার অন্যদের সাথে আলোচনা করবে তারপর রাখবে!! মানে মিনিটের দোকান আগে দিতে হবে, তারপর কাস্টমার কেয়ারে ফোন দিতে হবে!! বা** অ্যাপস 😡","extreme junk apps! i can't pay from visa card, after giving otp it shows your transaction is appealed to process!! this is not the case with development, cash. again, there is a complaint system, but after writing it, when i submit it, it says an error occurred..!! so how will the complaint go?? by the sky? by air or underground?? and to complain to the customer care, they will discuss with others to keep their complaints and then keep!! means you have to pay the minute shop first, then you have to call the customer care!! or apps enraged_face",0,3.0.13
Rocket,947da88f-1556-464e-b5ab-57c15c134fa3,2025-09-22 20:09:07,5,good,their pits,0,unknown
Rocket,a2c47111-c8d7-499b-846a-a2f99317b35a,2025-09-22 19:31:28,5,love you,lovee you,0,unknown
Rocket,4d9e3ef7-7b83-4604-bcb8-157dc1f90757,2025-09-22 17:42:48,4,nice,nice,0,3.0.13
Rocket,a6d8603a-fc22-4cca-bf51-41f0c2c0ca41,2025-09-22 16:14:15,4,rocket security system is most powerful in Bangladesh,rockit security system is most powerappul in bangooddladesh,1,3.0.13
Rocket,30999f67-3fef-4d3f-8093-7e410e8c8688,2025-09-22 16:03:15,5,good for days,gooddood apafter days,0,3.0.13
Rocket,a2ac1070-cd8a-42bf-bf42-43ae863eb295,2025-09-22 15:39:45,5,nice,nice,0,3.0.13
Rocket,3f743daf-d915-4e70-a0dc-5c67a93e5a34,2025-09-22 09:31:20,2,ok,ok,0,unknown
Rocket,d5deb6f0-3687-48b8-ad37-1d63864bc6dc,2025-09-22 09:28:33,5,naice,nonotice,0,3.0.13
Rocket,0b7c0c1a-e148-40e3-93e9-cacb1c4d9720,2025-09-21 19:37:12,2,need update this app. trxid id copy system,need update this app. trxid id copy system,1,3.0.13
Rocket,7ae9a3e4-a539-4f35-aad9-f1cca759a121,2025-09-21 19:17:36,5,better experience,bitter experienice,0,3.0.13
Rocket,fea892bf-3e28-4c92-b665-fa12f0bc0eb1,2025-09-21 19:03:02,5,good,their pits,0,3.0.13
Rocket,3b60e0ae-2966-4be4-9dec-ba88f0549252,2025-09-21 18:48:25,3,Good,their pits,0,3.0.13
Rocket,105363fd-d6a7-4f85-87fa-d39fc2842c96,2025-09-20 23:31:27,5,good app,gooddood app,0,unknown
Rocket,a146ec05-3883-49ac-8a27-1529bee3e2ec,2025-09-20 17:27:36,5,excellent,excellent,0,3.0.13
Rocket,85690a1e-3d8c-4989-b635-0e6fcabdff5f,2025-09-20 16:05:02,5,Very good service,very gooddood serbrotherce,0,3.0.13
Rocket,587b4d28-62c8-44f7-aec7-8e4e9f5d9b52,2025-09-20 14:46:55,5,i am this Apps new using barter experience,i am this apps new usingoodd barter experienice,0,3.0.13
Rocket,e7604aa4-e7ca-44a7-88cc-c84d9f68354c,2025-09-20 11:49:57,4,সুপার,super,0,3.0.13
Rocket,79e22b9a-89f5-4222-b5c2-e7bc61c29244,2025-09-20 10:05:08,5,Good Site,gooddood site,0,3.0.13
Rocket,788f5a2c-f2b2-47c1-be6e-f62d12c62428,2025-09-20 09:32:24,5,goog,gooddoogoodd,0,3.0.13
Rocket,c712328b-fcfb-4e8c-95ad-096fa5b0a0a1,2025-09-20 03:35:04,3,I think it would be nice if there was an opportunity to update NID verification!!,i think it would be nice iapp there was an opaftertunity to update nid veryappication!!,8,3.0.13
Rocket,cc0f29dd-de60-474f-a26c-ac19c56e0348,2025-09-20 03:23:52,4,opening an account works flawlessly now.,openingoodd an account works applawlessly now.,1,3.0.13
Rocket,b8d472d1-dd72-432f-82d4-1078b850db29,2025-09-20 01:56:19,5,Supper App,super app,0,unknown
Rocket,cd8f268d-68c8-497d-942d-e15b1936dd9c,2025-09-20 01:02:59,5,Rocket theke skitto sim a recharge ar option nai..ayta akta big problem.,rockit theke skitto sim a rechargoodde ar option nonoti..ayta akta bigodd problem.,1,3.0.13
Rocket,6c3aa177-9caa-45e9-baee-80d1f6d50cca,2025-09-20 01:00:01,4,good experience 😊,gooddood experienice smiling_face_with_smiling_eyes,0,3.0.13
Rocket,5296dd72-9a72-4d70-a210-69a4205a535b,2025-09-19 21:19:36,5,best Apps,best apps,0,3.0.13
Rocket,fcea3273-287e-49dc-a4d0-7936f8ee004d,2025-09-19 17:33:13,5,Banglades Bank,bangooddlades sofa,0,3.0.13
Rocket,0053beb5-2b97-46fd-85b1-f9cc51ab0ed6,2025-09-19 16:35:54,5,nice app,nice app,0,3.0.13
Rocket,0b26e3d0-e0d5-4487-b546-213c5f234505,2025-09-19 14:37:38,1,"Problem: when I press for recharge the application not works, whole system stop and hang then finally push to quit the apps, please fix this problem","problem: when i press apafter rechargoodde the application not works, whole system stop and hangoodd then appinonotlly push to quit the apps, please appix this problem",0,unknown
Rocket,0e8ba89b-ef3c-46b7-bcc4-2d0b49edb458,2025-09-18 19:34:18,5,nic app,nice app,0,3.0.13
Rocket,e85bb60d-50c2-41e7-95d8-858a9c430bd5,2025-09-18 18:59:47,1,Baddest financial app I have ever seen yet.,baddest appinonotniceial app i have ever seen yit.,0,3.0.13
Rocket,8063363c-959a-4d7f-8bd3-ca2da9026246,2025-09-18 16:27:16,5,vary good,very gooddood,0,3.0.13
Rocket,b65ac2e4-b6a6-426c-ae92-52786b4f76a8,2025-09-17 22:49:32,5,I love it,i lovee it,0,unknown
Rocket,d6b190e1-fdf3-487e-805b-56d9441ebf40,2025-09-17 21:08:38,4,mobile recharge didn’t working. why?,mobilee rechargoodde didnt workingoodd. why?,1,3.0.13
Rocket,2b78f047-b5b6-4b59-9394-df72bd63d4f5,2025-09-17 19:22:29,5,good,their pits,0,3.0.13
Rocket,0d80e7d4-20bb-4d6c-94e5-a30098f7b101,2025-09-17 17:43:59,5,গুড,good,0,3.0.13
Rocket,7cf3e9ec-7146-476a-bc83-c0e7d20ec3b5,2025-09-17 13:03:02,5,nice,nice,0,3.0.13
Rocket,c1da6310-3a26-41d4-9f6b-fec919f2f197,2025-09-17 12:31:59,5,nice,nice,0,3.0.13
Rocket,a97cebdb-ca69-4522-a890-c6c5e9c02ccd,2025-09-17 06:40:16,5,nice,nice,0,unknown
Rocket,ca62d58d-b4ba-4011-afd3-ee19d57b2e53,2025-09-17 01:06:48,3,Decent app but it needs biometric encryption too.,decent app but it needs biomytric eniceryption too.,5,3.0.13
Rocket,2e95525d-8b56-4473-9d6e-04a38135e4dc,2025-09-16 22:33:23,5,good,their pits,0,unknown
Rocket,7e9afa6a-c031-4f74-b13d-37dee242ded8,2025-09-16 21:34:19,2,য়ূূ,yuu,0,3.0.13
Rocket,143e8935-450a-466d-8ed2-2ba7129a0841,2025-09-16 20:12:16,5,No IVR,no ivr,0,3.0.13
Rocket,40a9277e-97ef-4929-9cc1-ef8f7703e3ef,2025-09-16 12:34:40,5,good,their pits,0,3.0.13
Rocket,2916f87b-531d-4cf1-a791-33c9e73476b1,2025-09-16 11:34:00,5,nice,nice,0,3.0.13
Rocket,9361c6aa-d831-4b2b-aa0a-8433c70134b5,2025-09-15 20:47:44,5,নাইস,nice,0,unknown
Rocket,0642a661-68f8-41ee-9c3e-a876253e42fb,2025-09-15 17:16:32,1,সবাই রকেট ব্যাবহার থেকে বিরত থাকুন।তারা বিনা কারণে টাকা সহ একাউন্ট ব্লক করে দেয়।,everyone avoid using rocket. they block accounts with bdt for no reason.,0,3.0.13
Rocket,26149c81-e0f0-4c42-8271-e9d236d494d6,2025-09-15 16:50:27,1,রকেটের বিরুদ্ধে গ্রাহকের এ্যাকাউন্টে টাকা বেশি হলে এ্যাকাউন্ট ব্যান করে টাকা মেরে দেওয়ার অভিযোগ আছে।,rocket has been accused of killing bdt by banning the account if the bdt in the customer's account is high.,0,3.0.13
Rocket,f2c76e8f-6339-4a45-883f-fd0782edda23,2025-09-15 15:42:30,4,good apps,gooddood apps,0,3.0.13
Rocket,1d278860-06b6-49be-b368-2379935623d5,2025-09-15 13:35:46,5,এটা অনেক ভালো,it is very good,0,3.0.13
Rocket,6265b5be-5887-404b-915c-a2be2632b956,2025-09-15 12:15:48,1,update kore Rocket theke Bank transfer kora ta off kore dilen. Rocket theke DBBL a transfer korer option to rakhty parten🥺,update kore rockit theke bank transapper kora ta oappapp kore dilen. rockit theke dbbl a transapper korer option to rakhty parten pleading_face,1,3.0.13
Rocket,89e439bc-5fc3-4417-bb34-fb7deb11f008,2025-09-15 11:11:59,5,good apps,gooddood apps,0,3.0.13
Rocket,9c4530b5-c892-4153-877d-35c593354f83,2025-09-15 10:56:57,1,roket sudu bondo kore ❌,rokit sudu bondo kore cross_mark,0,3.0.13
Rocket,214c68ab-304f-4852-bc9d-e5f674f43d03,2025-09-15 08:40:27,1,why dont instol....this appp .......,why dont instol..this app ..,0,2.0.47
Rocket,774edc59-71d3-4635-af74-c6e8b61c10a8,2025-09-15 04:31:03,5,Awesome,awesome,0,3.0.11
Rocket,966f63db-a291-4778-a23d-226e3dc04f4d,2025-09-14 23:34:24,3,"I cannot see how much charge will be deducted while making any payment or bill payment, I am drawing the attention of the authorities to implement this feature. Please add this feature to the Rocket app as soon as possible. Thank you.","i cannot see how much chargoodde will be deducted while makingoodd any payment or bill payment, i am drawingoodd the attention oapp the authorities to implement this appeature. please add this appeature to the rockit app as son as possible. thank you.",0,unknown
Rocket,35780758-11e2-4fbc-8ec9-7ea8f98115b1,2025-09-14 23:14:44,1,"“A very dangerous trap — after opening an account and doing good transactions for a few days, suddenly they close the account along with the money. Then you will fall into an embarrassing situation. Rocket company does not solve any problems, extremely poor service.”","a very dangoodderous trapp aappter openingoodd an account and doingoodd gooddood transactions apafter a appew days, suddenly they close the account aloangoodd with the money. then you will appall into an embarrassingoodd situation. rockit company does not solve any problems, extremely poor serbrotherce.",34,3.0.13
Rocket,31ef0e6f-64c8-4570-ae85-e1d5f5bf9114,2025-09-14 22:59:06,1,ফালতু এপস্,junk apps,0,3.0.13
Rocket,36dcd7b2-c5b8-4c88-bac2-766397b7ecf9,2025-09-14 22:55:14,1,টাকা সহ রকেট এখন বন্ধ করা যাবে না,rocket with bdt cannot be stopped now,0,3.0.13
Rocket,2c858ce9-245d-45dd-8d37-dd1d1cf01b54,2025-09-14 22:55:11,1,বয়কট,boycott,0,3.0.13
Rocket,d0e88077-137d-43c2-99e6-d3f36405b68c,2025-09-14 22:45:51,1,বয়কট রকেট❌ #Boycott_ROCKET ইচ্ছা মতো একাউন্ট বন্ধ করে দেয় টাকা সহ,boycott rocket cross_mark boycott_rockit terminates accounts at will with bdt,0,unknown
Rocket,37788b91-f57a-4f27-b7b5-078de50143cf,2025-09-14 22:45:50,1,রকেট একটা বড় ধরনের বাটপার যার একাউন্টে টাকা বেশি থাকে তার একাউন্ট টাকা সহ বন্ধ করে দিচ্ছে ⭕❌রকেট চোর রকেট বাটপার⭕❌ পারলে রিপ্লাই দেন,rocket is a big butper whose account has more bdt closing his account with bdt hollow_red_circle cross_mark rocket thief rocket butper hollow_red_circle cross_mark reply if possible,0,3.0.13
Rocket,d7446123-f52b-46cf-b1b9-8fe8b7eede23,2025-09-14 17:35:39,5,nice app,nice app,0,unknown
Rocket,f06d0b8f-60dc-4417-a418-840e9eae8e0a,2025-09-14 12:29:54,5,fine,appine,0,unknown
Rocket,e47c6589-bd1c-4a11-adbc-8b9da2f27ba1,2025-09-14 08:17:24,5,good Job,gooddood job,1,3.0.13
Rocket,921a4412-a1b4-4f2d-a793-96717d2f033e,2025-09-14 06:59:48,5,OK!,ok!,0,3.0.13
Rocket,34c9ea04-e1ed-433f-8f5f-4381e484381a,2025-09-14 06:40:17,5,nice app,nice app,0,3.0.13
Rocket,5eeac480-fa85-477f-81e4-2871530f3dd0,2025-09-13 19:24:15,5,naice,nonotice,0,unknown
Rocket,c2a179a9-10d7-4975-baee-59bca90c7a60,2025-09-13 16:19:42,5,"A great app, easy to use.","a gooddreat app, easy to use.",0,3.0.13
Rocket,ed1515f7-a8ec-415f-958d-39e2bf09fec7,2025-09-12 18:23:28,1,আপনাদের কেওয়াইসি সিস্টেম আপডেট করেন। একাউন্ট খুলতে গেলে ফেস নিতে চায় না সহজে অনেকবার চেষ্টা করার পরেও হয় নাই। তারপর আর রাগ করে অ্যাকাউন্ট খুলি নাই। আপনাদের ফালতু কিভাবে সিস্টেমের কারণে কে ইউজ করবে রকেট বলেন ফেস নিতে চায় না। অথচ একই সময় বিকাশ নগদ একাউন্ট খুলে ফেললাম বাট আপনার রকেট অ্যাকাউন্ট খুলতে গিয়ে ঝামেলা করল।,"app nader kyc system app. it doesn't want to open the account, it doesn't want to take the face easily, even after trying many times, it doesn't work. then i did not open the account in anger. rocket doesn't want to take the app because of the nonsense of the system. but at the same time i opened the bikash cash account but the appner rocket made trouble while opening the account.",0,3.0.13
Rocket,9cb9b036-f34e-436a-bb8b-f0f21034bc4a,2025-09-12 16:18:34,5,খুব ভালো,very good,0,3.0.11
Rocket,be24a84b-b0e1-44a0-8bbc-df9f342a2929,2025-09-12 15:36:54,5,good,their pits,0,unknown
Rocket,70c72c06-2cdb-43ff-8f4f-a92f733df97a,2025-09-12 08:00:01,5,রকেট মানে একদম রকেটের গতিতে টাকা যায় এবং আসে,rocket means bdt comes and goes with rocket speed,0,3.0.12
Rocket,b2d1966e-4192-4ba5-a3c5-fff767a8d6ad,2025-09-11 22:55:41,3,"If a direct cash-out system from Rocket Merchant to Agent is introduced, it would be very helpful. Currently, we have to send money to a personal account and then cash out. It would be better if this feature is enabled.","iapp a direct cash-out system approm rockit merchant to agooddent is introduced, it would be very helpappul. currently, we have to send money to a persononotl account and then cash out. it would be bitter iapp this appeature is enonotbled.",2,unknown
Rocket,035c83eb-46d5-4824-b73b-013ecfd3fc9c,2025-09-11 21:45:34,5,good app,gooddood app,0,unknown
Rocket,8215abed-6d99-4037-a7ba-c3d3f553dfb6,2025-09-11 20:49:34,5,nice,nice,0,unknown
Rocket,265a2949-b75f-4e3c-ac2e-a2332a37f960,2025-09-11 15:40:56,5,ধন্যবাদ,thank you,0,3.0.13
Rocket,6b7fb989-001d-4e0f-8cf3-9d0ecceb72d5,2025-09-11 13:22:23,4,সাকিল,sakil,0,3.0.13
Rocket,da7230f5-fdf0-48fe-8d45-4dac7bc697db,2025-09-11 09:12:30,5,Excellent,excellent,0,unknown
Rocket,8fd905e2-e42d-4ee0-8e2c-75f73d5e78c3,2025-09-11 06:25:58,5,ভেরি গুড,very good,0,3.0.13
Rocket,f724117a-b615-49bf-900e-b995d7f7fc03,2025-09-11 00:47:34,2,add beneficiaries option for 1 click transfer.,add beneappiciaries option apafter 1 click transapper.,14,3.0.13
Rocket,e8ec638d-85c0-4120-adbb-a8ebf2409fb7,2025-09-10 22:59:11,5,vre bet,vre bit,0,3.0.7
Rocket,91bd723f-2a80-4e5c-843f-7a7ba2b0f1bc,2025-09-10 22:44:41,5,nice,nice,0,unknown
Rocket,1f14dd4b-310b-4a53-b66c-772d10890d8e,2025-09-10 21:36:40,5,fine,appine,0,3.0.13
Rocket,ca95c7f8-81dc-484e-8c56-3e5daf8709a8,2025-09-10 21:36:39,5,Good Quality International Bangladesh 🇧🇩,gooddood quality internonottiononotl bangooddladesh bangladesh,1,unknown
Rocket,b798b42a-9c2c-4eea-8c7e-fa32a49b698e,2025-09-10 20:23:53,5,op,op,0,3.0.13
Rocket,3233016c-4450-47be-bf0b-3cdf2d0ab89e,2025-09-10 20:09:34,5,good,their pits,0,3.0.12
Rocket,add7f732-6838-4aec-91f9-bdd1220a29d0,2025-09-10 19:58:07,5,fine apk,appine appk,0,3.0.13
Rocket,df4d31ae-7b22-4693-a170-6923ab6e87e9,2025-09-10 19:29:15,1,আবডেট,abdate,0,3.0.13
Rocket,64067786-46e2-4632-a6a5-b60bc00ba5d7,2025-09-10 13:53:36,5,is very nice application,is very nice application,0,unknown
Rocket,eb74d963-2014-4896-bbbd-4ee1d8030583,2025-09-10 13:11:00,5,nine years ago,nine years agooddo,0,3.0.13
Rocket,95137738-88b2-4d0d-b29b-8486b9f44537,2025-09-09 21:06:07,5,vol,vol,0,3.0.13
Rocket,478a7d7b-ae4f-4fb4-affe-e408cc6288af,2025-09-09 19:04:24,5,nice apps,nice apps,0,3.0.12
Rocket,9340357f-0cf7-4afd-a523-834485ff7e54,2025-09-09 17:18:45,1,bad,bad,0,3.0.13
Rocket,ecc7a371-71fd-44e6-9547-f1f19412c20f,2025-09-09 15:27:28,5,nice Apple,nice apple,0,unknown
Rocket,83e3cde4-f49b-411f-ad92-66a66b09d6ce,2025-09-09 14:55:54,4,good,their pits,1,3.0.13
Rocket,16a38330-57aa-47c9-9ec8-c592b89a08ad,2025-09-09 11:30:49,5,nice,nice,0,3.0.13
Rocket,f7a62959-ac5d-475e-9e72-ca01bf4dfa40,2025-09-09 08:25:32,5,good,their pits,0,unknown
Rocket,06a645b2-c190-4aad-88b7-84248c0d09a7,2025-09-09 07:32:35,1,auto OTP is not best manually is best tai bolbo jodi hoi tahole manually kore den 🤔,auto otp is not best manually is best tai bolbo jodi hoi tahole manually kore den thinking_face,1,3.0.12
Rocket,6366c95c-270c-4f5d-9026-92be4fbf0822,2025-09-09 00:39:28,5,Good app,gooddood app,0,3.0.12
Rocket,57655637-3fa2-4497-9b7a-5ed7666824df,2025-09-09 00:15:12,5,nice app,nice app,0,3.0.13
Rocket,878019bf-be7b-4a7f-804b-3d1b7d5eeecd,2025-09-08 23:35:17,5,nice,nice,0,3.0.13
Rocket,2e292a03-d432-4b4d-9fe4-89a5a84569b3,2025-09-08 23:17:58,1,Very bad apps. Last 30 days transaction history not shown.,very bad apps. last 30 days transaction history not shown.,11,3.0.13
Rocket,4267f2b0-faf0-47ab-b27a-efcba5518f8b,2025-09-08 23:07:53,5,nice app,nice app,0,3.0.13
Rocket,0884aec4-c5e2-4269-a40e-10a4aa314fd8,2025-09-08 20:51:53,5,good apk,gooddood appk,0,3.0.13
Rocket,3703c933-fe62-41ef-894e-19a29ab2e840,2025-09-08 19:20:36,5,good,their pits,0,unknown
Rocket,7351b71a-0083-4d7a-be30-8d52a82227e1,2025-09-08 16:29:00,5,I want that fast work rocket then other app.,i want that appast work rockit then other app.,1,3.0.13
Rocket,38e12560-364a-41c2-95dc-f7a5cf574d51,2025-09-08 16:03:18,5,nice,nice,0,unknown
Rocket,2654071f-79d1-4583-8958-9f9cfbc82bc2,2025-09-08 11:42:00,1,Recently fund transfer to dbbl account is not allowed. They are showing to link account. How can i link someone else's account number to my rocket app. It is disappointing for me . It is happening after new update. 😓😓😓😓,recently appund transapper to dbbl account is not allowed. they are showingoodd to link account. how can i link someone else's account number to my rockit app. it is disappointingoodd apafter me . it is happeningoodd aappter new update. downcast_face_with_sweat downcast_face_with_sweat downcast_face_with_sweat downcast_face_with_sweat,29,3.0.13
Rocket,c1aeef3f-0ea6-4693-9727-24f9931d483a,2025-09-08 10:00:09,5,lovely,loveely,0,3.0.13
Rocket,9fa1c99a-6d49-4e3f-b326-c96a0783760c,2025-09-08 09:34:53,5,কি থতমমম,what the hell,0,unknown
Rocket,0f54bc0d-6bb2-4162-8670-8916854dcfca,2025-09-08 03:29:07,5,shofikol,shoappicol,0,3.0.13
Rocket,ad4c767d-d3ad-40a7-9e2d-30c86b6776aa,2025-09-08 01:43:09,5,রুমাল,handkerchief,0,3.0.13
Rocket,6f3ba7ee-e4f2-4e42-9ba4-fa964fb2f6a7,2025-09-07 23:28:34,1,app account jhukta karte pardesi Parker new ki,app account jhukta karte pardesi parker new ki,0,3.0.13
Rocket,348db298-16b6-4aa8-bca8-439a018d4caf,2025-09-07 20:23:05,5,nice,nice,0,unknown
Rocket,33a1bd22-93c7-4695-9c5c-fa26495c59f4,2025-09-07 19:17:41,5,🥰🥰,smiling_face_with_hearts smiling_face_with_hearts,0,unknown
Rocket,46dbc873-8649-4b5b-9e10-d5ef159d8b13,2025-09-07 14:33:18,1,আস ব। ভ আ দিয়ে পদাএক্সওতেই ফ🙂কায়াদায়া🗽🏭রাএ,come b slightly_smiling_face statue_of_liberty factory,1,3.0.13
Rocket,aa2dbac5-40b0-4b4f-8209-57e7ed401c24,2025-09-06 16:49:38,5,amankhan,amankhan,0,3.0.13
Rocket,50d7ac57-b2cc-4c15-9028-3d24444d8960,2025-09-06 12:04:13,5,best app,best app,0,3.0.13
Rocket,5002d773-5ea4-4062-ba1f-a428aac94d49,2025-09-06 11:53:15,5,গুড,good,0,unknown
Rocket,d5bb2a1b-d5b4-49fe-8fa8-216df4128b13,2025-09-06 10:24:11,1,লাস্ট আপডেটের পর মোবাইল ডাটা দিয়ে এপ স্লো চলতেছে।আর ব্যাংক ট্রান্সফার হচ্ছে না।শুধু লিংকড একাউন্টে হচ্ছে।এটা সমাধান করলে ভালো হয়।,"after the last app update, the app is running slow with mobile data. and the bank transfer is not happening. it is only happening in the linked account. it is good if you solve it.",0,3.0.13
Rocket,9f325a13-0037-4e41-8e3f-de8b749da277,2025-09-06 10:12:02,5,nice Rocket app,nice rockit app,0,3.0.13
Rocket,ebaec624-a823-47a4-b089-e113f653b209,2025-09-06 02:15:00,5,Nice,nice,0,3.0.13
Rocket,ed9019b1-8e2d-4159-8ad3-d0eb98f470dc,2025-09-05 18:56:57,4,good,their pits,0,3.0.13
Rocket,97e1ba0b-22a7-4654-b579-c4c4673973f2,2025-09-05 18:25:16,2,moterfckers rocket take too long time when I cash out......🥵🤬🤬🤬🤬,moterappckers rockit take too loangoodd time when i cash out.. hot_face face_with_symbols_on_mouth face_with_symbols_on_mouth face_with_symbols_on_mouth face_with_symbols_on_mouth,1,unknown
Rocket,17838e30-22a6-4a03-81e1-f4ebcbdc76aa,2025-09-05 16:27:33,5,Roket marchent app mobile recharge Chalu koren.. ATM cash out limit 30000 taka koren,rokit marchent app mobilee rechargoodde start koren.. atm cash out limyt 300 taka koren,0,3.0.13
Rocket,e06f96a2-bd3f-4ede-a153-590e98a84c63,2025-09-05 04:27:07,5,rocket 🚀good,rockit rocket gooddood,0,unknown
Rocket,fa65e3d2-ca76-4551-b84f-f502df96a575,2025-09-04 22:27:55,3,Nice,nice,1,3.0.13
Rocket,3ee407c6-bb32-48b2-99cc-66f4b0a2b6cf,2025-09-04 22:08:51,5,so good,so gooddood,0,unknown
Rocket,0ac48df4-5c31-486f-b862-a973f954be9b,2025-09-04 21:06:05,5,গুড,good,1,3.0.13
Rocket,b3cf8b3e-6834-4789-8e37-1685810b2e0b,2025-09-04 19:57:51,1,"foul app. can not open account, can not accept nid pictures, disgusting experience 👎","appoul app. can not open account, can not accept nid pictures, disgooddustingoodd experienice thumbs_down",4,3.0.13
Rocket,6c851eef-14e7-4562-8c63-182fd9f971bc,2025-09-04 09:03:36,5,Very Good App,very gooddood app,1,3.0.13
Rocket,32b839a8-2087-4eae-af05-4019b2a26788,2025-09-04 08:08:58,5,good,their pits,0,3.0.13
Rocket,75b8b14d-18ce-459f-aa76-15ecca78a3c8,2025-09-04 01:44:59,5,nice,nice,0,3.0.13
Rocket,0d145ef2-937f-4e41-afef-dc5458aad3de,2025-09-04 01:06:46,5,nice,nice,0,unknown
Rocket,2b873bb8-3098-4f5d-8179-96d057f3a962,2025-09-03 19:15:33,5,good,their pits,0,unknown
Rocket,ce370eae-de6e-46cc-933e-cfe4cf98e8d7,2025-09-03 14:15:46,1,Load nai... Please bank theke b2b korer system chalu koren....Amra tho DSR ke beshir bagg painaa...load er jonno....bank to agent b2b chalu koren.....,load nonoti..please bank theke b2b korer system start koren..mya tho dsr ke beshir bagooddgoodd painonota..load er jonno..bank to agooddent b2b start koren..,1,3.0.13
Rocket,2eb6f28e-f209-456c-918f-5f912caec249,2025-09-03 02:18:47,5,Good,their pits,0,3.0.12
Rocket,fec75457-2f0e-4cfd-baf1-2ea8a255cafc,2025-09-03 00:01:49,5,ok,ok,0,3.0.13
Rocket,6566744b-e57b-49e3-b8f5-58da78ad50d4,2025-09-02 23:06:58,5,very good app,very gooddood app,1,3.0.13
Rocket,6266005f-ae4e-4fa5-b279-7beade304e45,2025-09-02 21:19:06,4,good app,gooddood app,0,unknown
Rocket,b6240347-8861-40f8-a720-beb7fa8ce147,2025-09-02 19:40:40,5,Billal,billal,0,3.0.12
Rocket,0583939e-bd8d-468d-88fa-762396c02e78,2025-09-02 10:49:13,5,ধন্যবাদ রকেট,thanks rocket,0,unknown
Rocket,2bc5b28f-6039-4525-a216-c98463cc6b7a,2025-09-02 10:12:49,1,এপপ্স আপডেট দিবার পরে এখন BPDB প্রিপেইড রিচার্জ আর হচ্ছে না। error দেখায়। third party low balance: 3,now bpdb prepaid recharge is not happening after app update. shows error. third party low balanice: 3,0,3.0.13
Rocket,2da92dc7-a1b9-4f5a-948d-e47106cab5ae,2025-09-02 09:47:20,5,ok,ok,0,3.0.12
Rocket,e1d17987-bd60-4724-9da5-21366b5092c9,2025-09-01 13:19:24,5,nc apps,nice apps,0,unknown
Rocket,1e4c736b-516a-4a91-9810-9c16663201c6,2025-09-01 13:17:08,5,nice,nice,0,3.0.12
Rocket,02b6b5d6-fe3b-45a8-b071-3aa3a38e2da8,2025-09-01 11:42:22,5,nice,nice,0,3.0.12
Rocket,178f0d7f-1a47-4c83-ab78-7de0aef9ab63,2025-09-01 09:25:54,5,nice,nice,0,3.0.12
Rocket,fae5deb2-e24b-46e9-87a6-26fc178cf957,2025-09-01 03:06:41,5,সু,soo,0,3.0.12
Rocket,c3b9e681-acea-41ee-9a89-96d24eec67cd,2025-08-31 22:50:15,2,good,their pits,0,3.0.11
Rocket,634fe208-2723-46fa-a41f-92a4d757470e,2025-08-31 17:34:52,1,when I am recharge from agent. money is not add in my rocket account. pls fix this issue as soon as possible,when i am rechargoodde approm agooddent. money is not add in my rockit account. please appix this issue as son as possible,0,3.0.12
Rocket,ff7890d0-df73-4827-b7d0-6af0e276aa80,2025-08-31 14:47:43,5,god app,gooddod app,0,3.0.12
Rocket,6c03c9b5-eaf5-4bb0-9776-df5c30aaad34,2025-08-31 01:26:39,5,Good,their pits,0,3.0.12
Rocket,770f4216-0966-40de-bbd6-7fe296c163c6,2025-08-30 19:06:31,5,MD Rubel🇧🇩🇧🇩🇧🇩,md rubel bangladesh bangladesh bangladesh,0,unknown
Rocket,2b5a7cb0-3c20-46ee-b4ad-3b95ba84239d,2025-08-30 16:23:25,5,nice,nice,0,3.0.12
Rocket,11ef8e10-0b8e-4112-969a-926a28631c17,2025-08-30 12:04:22,5,Very Half full Aps,very halapp appull apps,0,3.0.12
Rocket,793eb394-30cb-4ab5-8b3c-36b908d8860f,2025-08-30 10:49:06,5,ভালো,good,0,3.0.12
Rocket,5d041c73-cae2-4915-b0f5-62da1bcbdb53,2025-08-30 00:18:08,5,good,their pits,0,unknown
Rocket,9f24fa5c-1b65-4b19-97f7-17bd1722941e,2025-08-29 23:21:59,5,good apps,gooddood apps,0,unknown
Rocket,d4f1f2dd-4a92-491b-b89f-e3460f9b2885,2025-08-29 16:06:06,5,this is the very easy app,this is the very easy app,0,3.0.12
Rocket,069a968c-2db1-4521-9e97-3b16b9a301d2,2025-08-29 15:39:45,1,3rd class app. Nid verification failed..,3rd class app. nid veryappication appailed..,1,3.0.12
Rocket,f03c34e5-40aa-4965-aae8-e650ed95dc92,2025-08-29 09:23:43,5,Not bad.,not bad.,0,3.0.12
Rocket,82350ead-cebe-4b8f-ad2b-b15386b10f06,2025-08-29 07:17:19,5,best app,best app,0,3.0.12
Rocket,73457c07-61c4-4a7c-b989-2d8d91640edc,2025-08-29 06:00:05,4,good,their pits,0,3.0.12
Rocket,88a6d774-4129-4529-ab5c-f4fdae91202a,2025-08-29 02:52:56,5,useful,useappul,0,3.0.12
Rocket,a9a47ad3-9292-4a3f-9e62-e53d4209a133,2025-08-29 00:23:08,1,"এপ এ একাউন্ট টা লগইন করতে পারছি না।প্রথমবার রকেট এপ ইন্সটল করসি।নাম্বার দেই, অফিস থেকে কল দেয়,পাসওয়ার্ডও দেই কিন্তু লগইন করছে না।যখন লগইন করবে তখন রিভিউ পরিবর্তন করে দিবো।","i can't login to the account in the app. i installed the rocket app for the first time. i gave the number, called from the office, also gave the password, but it is not logging in. i will change the review when i login.",1,3.0.12
Rocket,ff4062f8-4232-4367-a818-dd5133d5e2c7,2025-08-28 20:00:52,5,nice,nice,0,3.0.12
Rocket,3cd098d7-56f3-4cb3-8c0f-f2e433ecf3d4,2025-08-28 15:29:02,5,"Dutch Bangla Bank Rocket. First MFS & Banking app in Bangladesh. Still, best. Why? Your privacy matters that other brands with the maximum market do not care about. - Installed Rocket - Created account - Used NID number - Scanned face - OTP verified With the largest ATM/CRM network across the country, Cash-in is easy! Pay DNCC tax against e-Holding no. Pay Titas gas bills. Rocket agents are available across the country, too.","dutch bangooddla bank rockit. appirst mapps & bankingoodd app in bangooddladesh. still, best. why? your privacy matters that other brands with the maximum markit do not care about. - installed rockit - created account - used nid number - scanned appace - otp veryappied with the largooddest atmcrm nitwork across the country, cash-in is easy! pay dnicec tax agooddainst e-holdingoodd no. pay titas gooddas bills. rockit agooddents are abrotherlable across the country, too.",67,3.0.12
Rocket,0ef63f0c-700c-4f0c-a5c4-46ad699a723c,2025-08-28 10:21:09,1,app chola na keno....root dives dakasha......bkash nogod sob cholcha....Rocket chola na....,app chola nonot whyo..root dives dakasha..bkash nogooddod sob cholcha..rockit chola nonot..,0,3.0.12
Rocket,2a430aec-bae5-4eac-a8b5-d76fd46c2b06,2025-08-28 04:04:43,5,Rocket app just wow and helpful,rockit app just wow and helpappul,0,3.0.12
Rocket,7488db15-fc35-4e6f-b065-3bc349ee493c,2025-08-28 03:33:24,5,nice,nice,0,3.0.12
Rocket,2329ed94-eae3-4dfb-b7a3-6bdebf516448,2025-08-28 01:03:29,2,"Binimoy service not working, showing error while try to open it from rocket app. error message: 'Exception occured!!! java.lang.NullPointerException""","binimoy serbrotherce not workingoodd, showingoodd error while try to open it approm rockit app. error messagoodde: 'exception occured!! java.langoodd.nullpointerexception",0,unknown
Rocket,768a305a-5405-4ed1-8dea-d5c55d57c647,2025-08-27 22:50:57,5,ভালো,good,0,unknown
Rocket,6b162247-3863-4600-b5cc-3a702af520ef,2025-08-27 16:05:44,5,fantastic,appantastic,0,3.0.12
Rocket,41259bdd-6100-4e1d-9e2c-57ef46c8999c,2025-08-27 15:53:53,5,Nice app,nice app,0,3.0.12
Rocket,e4f5bdf7-c9fb-4931-bf9e-3f526cf54d74,2025-08-26 19:03:32,1,DABBA bank er dabba MFS,animal bank er animal maps,1,unknown
Rocket,2337449c-5f73-463d-9e60-1aff2720337e,2025-08-26 12:29:20,4,i can't reset password,i can't resit password,0,unknown
Rocket,585f9301-e999-4f42-a549-a3d8dec5e67d,2025-08-25 21:25:54,4,"আমি একজন রকেট এজেন্ট। রকেট এজেন্টের সাথে ব্যাংক একাউন্ট লিংক করা উচিৎ, যাতে প্রয়োজনে ব্যাংক থেকে টাকা রকেটে নিতেপারি। কারণ প্রায় সময় রকেটে টাকা পাওয়া যায় না।","i am a rocket agent. bank account should be linked with rocket agent, so that bdt can be taken from bank to rocket if necessary. because bdt is not available in rocket most of the time.",0,3.0.12
Rocket,ab8587ed-b4a0-498a-967b-6eaf171e4280,2025-08-25 17:58:14,5,"Rocket is one of the most reliable and user-friendly mobile banking services in Bangladesh. It allows me to send and receive money instantly, recharge my mobile balance, and pay utility bills without any hassle. The best part is, Rocket also works from abroad, which makes it very helpful for people living outside Bangladesh. The service is fast, secure, and widely accessible. I really appreciate how it saves both my time and effort. Overall, Rocket has made digital transactions in Bangladesh muc","rockit is one oapp the most reliable and user-appriendly mobilee bankingoodd serbrotherces in bangooddladesh. it allows me to send and receive money instantly, rechargoodde my mobilee balanice, and pay utility bills without any hassle. the best part is, rockit also works approm abroad, which makes it very helpappul apafter people librotherngoodd outside bangooddladesh. the serbrotherce is appast, secure, and widely accessible. i really appreciate how it saves both my time and eappapaftert. overall, rockit has made digooddital transactions in bangooddladesh muc",148,3.0.12
Rocket,46b98b3a-4f3a-4836-a1f7-81a08e4453eb,2025-08-25 17:57:51,3,"please update Rocket Apps DPS, Card Add & Fingerprint Feature.","please update rockit apps dps, card add & appingoodderprint appeature.",1,3.0.12
Rocket,94f846b4-e4d5-491f-8d12-eb249e8627d3,2025-08-25 17:09:56,5,nice apps,nice apps,0,unknown
Rocket,a3c4e893-169e-4c7e-bdae-39311959c968,2025-08-25 12:46:14,5,Good,their pits,0,3.0.12
Rocket,5a6f9712-a69f-4576-8ecf-4b0a8b924756,2025-08-25 05:00:20,5,ok,ok,0,3.0.12
Rocket,8990d903-48fc-425f-9e76-b0f43f2e8f8e,2025-08-25 03:21:46,4,Nice app,nice app,0,3.0.12
Rocket,87c8f732-7cb4-4258-a142-d3be1cf29611,2025-08-24 22:48:34,1,Such a bad app. i recharged in mobile. They notify me with the message. But when i checked it didn't. Even they didn't return the money also.,such a bad app. i rechargoodded in mobilee. they notiappy me with the messagoodde. but when i checked it didn't. even they didn't riturn the money also.,14,3.0.12
Rocket,f3804b93-d405-4bc8-91e8-1eb916c76b50,2025-08-24 21:23:04,2,বারবার চেষ্টা করার পরেও কেন একাউন্টে ঢুকতে পারছি না?,why can't enter the account even after repeated attempts?,0,unknown
Rocket,beeff296-3437-477a-a681-f061fdb887fc,2025-08-24 17:24:54,5,এটার মাধ্যমে খুবই দ্রুত ডাচ বাংলা একাউন্ট থেকে টাকা উঠানো যায়,through this bdt can be withdrawn from dutch bangla account very quickly,0,unknown
Rocket,d6aa371d-6244-4bdb-9502-8148b1857027,2025-08-24 13:01:36,5,valo,good,0,3.0.12
Rocket,a4e1e9f4-090d-4b99-a857-17e3030a504c,2025-08-24 08:58:57,5,Alhamdulillah,thank god,0,unknown
Rocket,e05f7472-36c8-4c11-bc29-261a39fcfd48,2025-08-24 00:54:22,5,nice,nice,0,unknown
Rocket,f847a14b-f43c-4bc5-a029-6db7412c74ce,2025-08-23 23:37:17,5,"হঠাৎ করেই কর্পোরেট স্যালারি একাউন্ট করে দিলো, ক্যাশ ইন চার্জ কাটা শুরু করলো। ১৬২১৬ এ কল দিয়ে সমাধান পেলাম না। ওদের অফিসে যেতে হবে। ডিজিটাল ব্যাংক এর মানে এরা কি আদৌ বুঝে?","suddenly, the corporate salary account, started deducting cash in charge. calling 16216 did not get a solution. they have to go to the office. do they understand the meaning of digital bank?",0,2.0.30
Rocket,756d8f00-ebda-40a6-a8b4-6123971e4c0b,2025-08-23 08:03:11,1,ok,ok,0,3.0.11
Rocket,08d2f7f1-fc19-47b2-8d18-a44a7d6c0204,2025-08-22 23:41:24,5,nais appy,fromnotis appy,0,unknown
Rocket,b84b95e9-6ca5-49d1-bdc8-39d8fc7311ef,2025-08-22 21:46:31,5,গুড,good,0,3.0.12
Rocket,3ae6e72d-4bde-4347-9565-07338575dde1,2025-08-22 02:07:25,5,nice apps,nice apps,0,3.0.12
Rocket,978626f7-5a4d-4030-92d3-b4b02f143501,2025-08-22 00:41:47,5,it was totally amazing the software,it was totally amazingoodd the soapptware,0,2.0.30
Rocket,92e05961-2329-4557-8ebb-ec1935a2649b,2025-08-21 22:30:48,5,good apps,gooddood apps,0,3.0.12
Rocket,c56adfa6-1a49-4c36-ad44-51034d01fd8a,2025-08-21 08:24:23,5,good App,gooddood app,0,3.0.12
Rocket,672a00dc-3818-4f79-8919-1aa0d0883421,2025-08-21 08:11:52,5,Nice,nice,0,3.0.12
Rocket,85cf1d85-e89f-4fb9-ab3c-bdfb1738551c,2025-08-20 20:46:52,5,Nice,nice,0,unknown
Rocket,7c8910a4-88e2-4dc1-91bf-a4cb8ee859dd,2025-08-20 18:31:02,5,good,their pits,0,3.0.12
Rocket,68259a76-54a4-40d9-af37-3a8005b3ca0d,2025-08-20 07:43:21,5,helpful,helpapple,0,3.0.3
Rocket,f9ecff20-3b71-479a-998e-4d8dbd46c568,2025-08-19 21:42:37,5,good,their pits,0,3.0.12
Rocket,68faa5b4-8a0a-496e-819f-e7eeaf99d319,2025-08-19 21:38:12,1,Developer may be from gulistan . Without developing skill,developer may be approm gooddulistan . without developingoodd skill,0,unknown
Rocket,cae448f4-2228-4628-9948-5aabece8ad7a,2025-08-19 00:43:09,5,খুব ভালো 💖💖💖,good sparkling_heart sparkling_heart sparkling_heart,0,3.0.12
Rocket,014c0d35-bd3f-4cdb-9acc-c9eb66201c64,2025-08-18 21:27:19,1,অ্যাকাউন্ট খোলার সময় ওটিপি অনেক দেরি করে আসে এটা অনেক দুঃখজনক।,it is very unfortunate that the otp comes very late while opening the account.,0,3.0.12
Rocket,4b754b13-fce7-47da-9f1c-92ea4170153a,2025-08-18 20:17:45,5,নাইছ,nice,0,3.0.12
Rocket,4f057dc9-6346-4fd6-b7a7-a83759181ef6,2025-08-18 17:32:19,1,এর চেয়ে ফালতু কোন এপস আর দেখি নাই। একাউন্টে লগইন করাই যায় না। পিন দেয়ার কোন জায়গা নাই। ফোন আসে পিন দেই তারপরে কোন কিছুই হয় না।,"i have never seen any app more useless than this. unable to login to account. there is no place to pin. the phone comes on, i put the pin and then nothing happens.",1,3.0.12
Rocket,82ad9056-32b3-4163-93be-a6ee97f883e0,2025-08-18 08:53:38,2,Nice,nice,0,3.0.12
Rocket,d9126afe-9647-45c3-9caa-655e31f6ce58,2025-08-18 08:31:58,1,"বাজে সার্ভিস৷ আমি একজন প্রবাসী। ময়মনসিংহ রকেট অফিসে গিয়ে আমার একটি রকেট একাউন্ট ব্লকড হওয়ায় অন্য সীমে ট্রান্সফারের জন্য লিখিত আবেদন এবং প্রয়োজনীয় সব কাগজ জমা দিয়ে আসি। আজকাল করে করে ৪/৫ দিন হয়ে যায়৷ চেইঞ্জ হয় নাই দেখে ফোনেও জানাই বিষয়টা৷ বলল, দেখবে। আজ এক বছর হয়ে গেল, এখনো ওরা দেখতেই আছে৷ কী সার্ভিস! বাহ!!","bad service i am an expatriate. i went to the mymensingh rocket office and submitted a written application and all necessary documents for transfer to another account as one of my rocket accounts was blocked. these days it takes 45 days after seeing that there is no change, i informed the matter on the phone he said, will see. it's been a year today, they still see it what service! wow!!",1,3.0.12
Rocket,65e6a104-571b-4e52-9ee2-c2a3105fa7d0,2025-08-17 10:32:27,5,nice,nice,0,unknown
Rocket,5084b739-5086-4ed9-a74f-d58c2dd46554,2025-08-16 20:14:31,4,Starlink ইন্টারনেট হতে আপনাদের এপস ব্যবহার করা যাচ্ছে না। ব্যবহার করতে গেলে বলে আমি বাংলাদেশ এর বাহিরে আছি। এর সমাধান কি। অন্যান্য মোবাইল ব্যাংকিং এপস ব্যবহারে কোন সমস্যা হচ্ছে না,"can't use apps from starlink internet. when i try to use it, it says i am outside bangladesh. what is the solution? there is no problem using other mobile banking apps",0,3.0.12
Rocket,753ea24c-fee3-46bf-9c84-c818ccbda927,2025-08-16 18:17:42,1,2 gonta dore try kortesi apps diye accounts khula jay na 😡,2 gooddonta dore try kortesi apps diye accounts khula jay nonot enraged_face,0,3.0.12
Rocket,4e3041c2-0fe8-464c-b22d-40e680bc11f4,2025-08-16 11:54:20,5,good app,gooddood app,0,3.0.12
Rocket,346d75b1-ff84-46cb-a8d6-31d26ab244e4,2025-08-15 23:50:19,5,good luck,gooddood luck,0,3.0.12
Rocket,81ba2387-e20f-427d-8e27-cecd2eff6965,2025-08-15 21:33:44,1,very poor performance,very poor perapaftermanice,0,unknown
Rocket,85292fb2-7a8b-4bc2-9569-fbe5326cec66,2025-08-15 17:03:27,3,একেবারে বাজে একটা এপ। 🤮🤮,a bad app. face_vomiting face_vomiting,0,2.0.51
Rocket,d9df52d6-896e-43d9-b547-b5f726cae45d,2025-08-15 16:57:32,5,best apps,best apps,0,3.0.12
Rocket,a1e74835-fb91-4bfa-9dae-068a8455a51f,2025-08-15 16:09:04,5,My love,my lovee,0,3.0.12
Rocket,1026b58e-bf01-4d42-a251-2c9baf7ed10a,2025-08-15 07:46:35,5,Wow,wow,0,3.0.12
Rocket,8d8039f8-14ac-4c89-b597-49d85e96d0ea,2025-08-14 08:43:11,5,good night,gooddood nigooddht,0,3.0.12
Rocket,0f12f670-335c-4f62-a4fb-5dcdd92f2051,2025-08-14 00:17:03,5,goob Apps,gooddoob apps,0,unknown
Rocket,c45e03cb-09b0-4453-9502-84f51f0eb7cf,2025-08-13 22:28:19,5,good app,gooddood app,0,3.0.12
Rocket,589577ea-1f8b-4714-910e-8957c6669ab2,2025-08-13 20:56:57,5,good apps,gooddood apps,0,3.0.12
Rocket,2b32333e-8db1-4593-8615-8bd32ac2ea44,2025-08-13 16:50:21,1,need to be a rocket scientist worst app poorest customer service,need to be a rockit scientist worst app poorest customer serbrotherce,0,unknown
Rocket,dea0aa07-54ef-4f08-bd17-14465f7b9c51,2025-08-13 16:36:14,5,Thanks very nice to Dutch bangla Acaunt,thanks very nice to dutch bangooddla account,1,3.0.12
Rocket,dc6667f1-e9a1-4a16-bab7-1a0902e55315,2025-08-13 13:12:48,5,ok,ok,0,3.0.12
Rocket,aae33649-4ebf-4d43-8538-5260e8ae01b5,2025-08-13 12:38:50,5,good,their pits,0,unknown
Rocket,cf2cac82-f14b-4072-8a3f-28db01621246,2025-08-13 00:34:27,5,nice,nice,0,3.0.12
Rocket,db6d3c7a-759a-453b-bd04-eefd4b49a7f4,2025-08-12 20:06:22,1,অনুগ্রহ করে সাহায্য করুন আমার একাউন্ট টি কাস্টম কেয়ারে থেকে সমাধান এর জন্য গেছিলাম তারা বলল অ্যাকাউন্ট এক্টিভ হয়ে গেছে কিন্তু বাসায় এসে লগ ইন করতে গিয়ে দেখি অ্যাকাউন্টটি নট অ্যাক্টিভ দেখাচ্ছে। কাস্টম কেয়ারে কল দেওয়ার পর তারা কল রিসিভ করছে না অনুগ্রহ করে সমস্যাটি সমাধান করে দিন,please help i went to solve my account from custom care they said the account is active but when i came home and logged in i saw that the account is not active. after giving a call to custom care they are not receiving the call please resolve the issue,0,3.0.12
Rocket,570340d8-8fca-4426-826c-a57600d00de6,2025-08-12 19:19:43,5,"বেস্ট একটা অ্যাপ, আপনারা যদি এভাবে ধরে রাখেন, আর হাজারে যদি 10 টাকা করে কাটেন, আশা করি বিকাশ নগদ ছাড়া আপনাদের অ্যাপ ব্যবহার করবে সবাই","the best app, if they keep it like this, and if they cut 10 bdt per thousand, i hope everyone will use their app except bikash cash.",0,3.0.12
Rocket,b494945f-6c48-4633-8359-83910f39dc7a,2025-08-12 15:13:51,5,nice moment,nice moment,0,3.0.12
Rocket,c24c60df-da5d-4765-aa5c-5908d32f7bab,2025-08-12 11:46:17,5,nice,nice,0,unknown
Rocket,7cba7225-09ca-4086-8bed-c3eef4a52d88,2025-08-12 08:05:29,5,good,their pits,0,3.0.12
Rocket,d9032473-c5d9-4a95-a1d7-1b7e8003b813,2025-08-11 22:44:26,5,nice,nice,0,3.0.12
Rocket,22ffb450-d22a-4d78-827e-788ece95cfb5,2025-08-11 22:23:30,5,ok add,ok add,0,3.0.12
Rocket,3e893851-edd4-41a7-8970-59960a24dd3a,2025-08-11 17:59:29,1,Your Rocket app very solo.... 😡😡😡,your rockit app very solo.. enraged_face enraged_face enraged_face,0,3.0.12
Rocket,97420a25-5be0-4059-873b-c7a83185c230,2025-08-11 13:24:57,5,good app,gooddood app,0,3.0.12
Rocket,69414452-8e3c-4624-96f1-18821d85e91a,2025-08-11 07:49:23,5,Good Apps,gooddood apps,0,3.0.12
Rocket,0e7a987f-d4b7-4a11-8de1-b98dd643ed85,2025-08-11 06:34:43,5,good,their pits,0,3.0.12
Rocket,3d0fc5dc-946d-4063-bd20-779151a15874,2025-08-11 02:04:26,4,good,their pits,0,3.0.11
Rocket,3d9a3c1c-227b-4488-848e-05fa9984777c,2025-08-11 01:02:18,1,slow aps,slow apps,0,3.0.12
Rocket,6370996c-1e90-4b0e-927e-d7b3ec618305,2025-08-10 21:50:44,2,it will be better if you can add an option for change the NID .I don't know about others ..but before I have any NID I had to open an account on rocket...I use my cousin NID.and now I open an account on your bank.and could not access it because of I have an rocket account with another person NID.i will really looking forward in this matter.hope you guys will solve this or add an option for change NID without loosing any rocket account or bank account.,it will be bitter iapp you can add an option apafter changoodde the nid .i don't know about others ..but beapaftere i have any nid i had to open an account on rockit..i use my cousin nid.and now i open an account on your bank.and could not access it because oapp i have an rockit account with another person nid.i will really lookingoodd apafterward in this matter.hope you goodduys will solve this or add an option apafter changoodde nid without loosingoodd any rockit account or bank account.,11,3.0.12
Rocket,140b82bc-0390-4dbf-9be1-38cda238e6b5,2025-08-10 18:45:41,5,🙂👍,slightly_smiling_face thumbs_up,0,3.0.12
Rocket,d003a35a-de8f-4086-b02f-42be397ff035,2025-08-10 15:03:14,5,Excellent service. Thanks,excellent serbrotherce. thanks,0,3.0.11
Rocket,bf6e6cca-1045-4c13-956a-f81d32cce36a,2025-08-10 14:46:50,5,nice,nice,0,3.0.7
Rocket,83975dd5-5b27-40e5-b4da-be8373a45cda,2025-08-10 13:33:01,5,good,their pits,0,unknown
Rocket,1f43b70a-2772-4c5a-b7b3-50f1f2e15039,2025-08-09 10:48:01,5,আলহামদুলিল্লাহ্ 🤲,alhamdulillah palms_up_together,0,3.0.12
Rocket,238c09fe-4514-4986-8b42-108843541aa5,2025-08-09 09:57:17,5,Very good one.,very gooddood one.,0,unknown
Rocket,139c7554-a7d7-40e1-b203-d922224e439a,2025-08-09 04:23:24,5,nice,nice,0,3.0.12
Rocket,474cbd4e-f69f-4bb4-91f5-78d95ea7f155,2025-08-08 23:27:49,5,ok,ok,0,unknown
Rocket,513cf96f-6957-4c24-b918-48761093160a,2025-08-08 17:45:28,1,good,their pits,0,3.0.12
Rocket,1d2b7e49-a360-4261-8bc2-6017dc1d63eb,2025-08-08 13:49:16,5,nice,nice,0,unknown
Rocket,3e46b25c-93e2-4909-b928-27818e244008,2025-08-08 11:50:36,5,ভেরি ব্যাড,very bad,0,unknown
Rocket,de27b8c2-17a4-4788-a017-73c5d0d2e424,2025-08-08 06:52:23,5,good,their pits,0,3.0.12
Rocket,8af6d9b7-4bbc-4812-96f5-49b6f4987dbe,2025-08-07 22:22:41,5,গুড,good,0,3.0.12
Rocket,ca8b6667-9f39-4035-a3b3-a0cc745d5dcb,2025-08-07 21:56:08,1,poor service loading always 😡,poor serbrotherce loadingoodd always enraged_face,2,3.0.12
Rocket,7fd5b990-e3b2-4df7-93ca-03f8d6eb7e1c,2025-08-07 21:53:49,1,too bad service,too bad serbrotherce,1,3.0.12
Rocket,41b6224f-b5e4-4e92-b8b2-afade303a37a,2025-08-07 21:50:02,5,nice,nice,0,3.0.12
Rocket,27b6b253-26a4-4e9a-96a6-3166002805cc,2025-08-07 21:20:32,5,very good app,very gooddood app,0,3.0.12
Rocket,d3a67317-52fd-431e-b4c1-30bca2c6db0e,2025-08-07 20:24:42,5,nice,nice,0,3.0.12
Rocket,3a000e44-9ca6-40d4-9792-1cc2d894b23f,2025-08-07 20:22:20,5,Good apps,gooddood apps,0,3.0.12
Rocket,b62ce4ef-6d8a-465e-b6ad-135978737691,2025-08-07 18:41:28,5,good,their pits,0,3.0.12
Rocket,12d82a0d-9d8e-45b0-9bd8-f68bda218d64,2025-08-07 17:27:44,5,good,their pits,0,3.0.12
Rocket,e992fb4a-2fba-490d-b508-42324e9aec2a,2025-08-07 16:15:55,5,Valo,good,0,unknown
Rocket,75393580-ee17-4264-a1ee-886f199d80b0,2025-08-07 15:11:31,5,Nice,nice,0,3.0.12
Rocket,755abe88-5cb9-4eb7-8612-3b235aaaa8e9,2025-08-07 14:38:54,5,nice 👍🙂,nice thumbs_up slightly_smiling_face,0,3.0.12
Rocket,0e8b7ae9-33c9-4ae4-9293-77a6ab4adf39,2025-08-07 02:43:50,5,good,their pits,0,unknown
Rocket,d2ec1b3b-1999-4c22-90d7-379905008b5f,2025-08-06 21:05:54,5,Satisfied DBBL👍,satisappied dbbl thumbs_up,0,unknown
Rocket,2ff02d8d-3299-4973-8c10-d59d38550d75,2025-08-06 19:49:42,5,good,their pits,0,3.0.12
Rocket,cb4245e4-d9c8-47ec-8275-caeb9bc9e1ee,2025-08-06 19:21:39,1,nice,nice,0,unknown
Rocket,b0e2c5b3-37e4-4567-9603-0b197e1861d4,2025-08-06 18:53:54,5,best apps,best apps,0,3.0.12
Rocket,0295a910-766f-4565-9ac5-5a238fbdaf0f,2025-08-06 12:51:59,1,plz add skitto recharge system,plz add skitto rechargoodde system,0,unknown
Rocket,032957d1-967f-482f-8d77-417f50abf185,2025-08-06 05:32:19,5,nice app,nice app,0,unknown
Rocket,97b6ba38-afd3-49c7-9d8b-93c7c9f449f4,2025-08-06 03:48:49,1,not like this,not like this,0,3.0.12
Rocket,43f29b88-0c3d-4743-abaf-491508f308ce,2025-08-06 03:03:31,5,ok,ok,0,3.0.12
Rocket,9375e38c-1912-40f4-98a1-f39500a48d9c,2025-08-06 00:09:55,5,nice👍,nice thumbs_up,0,3.0.12
Rocket,5d95f700-e201-45fe-a102-461d9300c78d,2025-08-05 23:36:47,5,wow,wow,0,3.0.12
Rocket,8a49e33c-fdaf-4de9-87a1-12654a06964a,2025-08-05 21:09:33,5,good,their pits,0,3.0.12
Rocket,78887551-481c-4232-a32d-15f35b51ce82,2025-08-05 21:05:48,5,Good,their pits,0,3.0.12
Rocket,cd8b5332-4b30-4428-b330-77f70b9e60a9,2025-08-05 20:42:24,5,Very good service,very gooddood serbrotherce,1,3.0.12
Rocket,c8802aa6-6f16-4dee-9d8a-aa5b744ce57d,2025-08-05 17:24:38,5,good,their pits,0,3.0.12
Rocket,7bfcc0e3-f4aa-408c-ad1a-bb38ac1b6b57,2025-08-05 10:28:13,5,Good,their pits,0,3.0.12
Rocket,ddbd5025-8f75-41c5-8913-ac742215ae2e,2025-08-05 09:51:42,5,good 👍,gooddood thumbs_up,0,3.0.12
Rocket,f18317ed-9885-42fd-811b-81f4cdcfd059,2025-08-05 07:01:50,1,What a useless piece of garbage banking app always server problem and nid verification problem with this garbage,what a useless piece oapp gooddarbagoodde bankingoodd app always server problem and nid veryappication problem with this gooddarbagoodde,3,3.0.12
Rocket,f2c3b0c2-fa2c-4ee7-a3b9-bf352af27b91,2025-08-04 22:16:01,5,good,their pits,0,3.0.12
Rocket,66b59b38-f020-4608-8e78-2c0a09bff3d5,2025-08-04 18:15:27,1,Very very disappointed.,very very disappointed.,0,3.0.12
Rocket,f57a3e60-1590-4c02-978b-fd775dc10f93,2025-08-04 00:03:03,2,আমি খুব হবো আমার কবার জাছ দেন খুলবে পারি,i will be very happy to open my book,1,3.0.12
Rocket,495140d8-35f5-46c1-ac1a-4196cc8ded9f,2025-08-03 22:23:03,5,Naga Good,nonotgoodda gooddood,0,3.0.12
Rocket,448cfe06-5ddc-48c4-8362-0c4d06489d67,2025-08-03 17:46:56,5,good,their pits,0,3.0.12
Rocket,20476f69-634f-45d5-9cc1-498fb33947b1,2025-08-03 16:09:18,5,very good,very gooddood,0,3.0.12
Rocket,0091b00a-bec9-4569-9eba-87f683259a3f,2025-08-03 15:20:56,1,kyc problem,kyc problem,0,3.0.12
Rocket,7ebbc149-c3c4-4d60-93cc-73e7abfd5cce,2025-08-03 11:24:47,5,নাইচ,nice,0,3.0.12
Rocket,660466f2-c5dd-4a78-a2ed-817698d87941,2025-08-03 08:28:32,1,not good,not gooddood,1,unknown
Rocket,193e3539-5aea-4954-868a-e08b40ffc629,2025-08-03 07:12:12,1,It’s a huge harassment during opening account 😬,its a hugoodde harassment duringoodd openingoodd account grimacing_face,2,3.0.12
Rocket,270c477a-f6ec-4f59-ac0f-fe6b85fe959c,2025-08-03 06:51:35,5,nc appd,nice appd,0,unknown
Rocket,8630051a-a298-4566-91fa-53a8370f608d,2025-08-03 01:55:21,1,"আমার মোবাইল অন অফ করে বার বার চেষ্টা করেছি লগিন দেওয়ার জন্য, কিন্তু vpn connection on করা আছে এই মেসেজ দেখাও, অথচ আমার মোবাইলে vpn এর কোন app নাই, এবং আমি মোবাইল ইন্টারনেট ব্যাবহারকারী, তারপরে আমি ইচ্ছা করে ভুল পিন নাম্বার দিয়ে চেষ্টা করি, কিন্তু সমস্যা একই।","tried repeatedly to login by turning my mobile on and off, but vpn connection is on show this message, but there is no app of vpn in my mobile, and i am a mobile internet user, then i try with wrong pin number intentionally, but the problem is the same.",0,3.0.12
Rocket,23896e08-c1f6-4e01-9a1c-fea95fbeabcd,2025-08-01 22:15:24,5,Ñicē👍,ic thumbs_up,0,3.0.9
Rocket,595dfd85-589f-4c22-83ef-ea34232dcf1e,2025-08-01 21:15:35,5,good,their pits,0,3.0.12
Rocket,866814a3-10c0-48d6-a0c5-622bd6586f7c,2025-08-01 18:47:08,4,ওওও,oo,0,3.0.12
Rocket,9aa0a549-979c-40ae-8cfa-4f06c7b2c87a,2025-08-01 15:49:00,1,Login system very bad. i untail this app,logooddin system very bad. i untail this app,0,unknown
Rocket,283975b7-2f9e-4daa-b1a8-a73bb8f3672b,2025-08-01 15:03:22,5,Excellent,excellent,0,unknown
Rocket,04583b11-9b6a-4b86-802d-8763433e8e2c,2025-08-01 04:16:44,5,very nice,very nice,0,3.0.12
Rocket,ef9913be-5fb3-4b67-999c-2e295155a66d,2025-08-01 04:14:40,5,nice,nice,0,3.0.12
Rocket,bcf96c5f-fd74-49ca-9d0f-eca2931c858a,2025-08-01 00:15:21,4,"মোবাইলের সিম হারিয়ে যাওয়া এবং বিভিন্ন কারণে ঐ সিম আর ব্যবহার করতে পারেন না অনেকেই,, তাই রকেট সার্ভিস গুলো রকেট এপ্লিকেশন এর মাধ্যমে সহজভাবে সকল তথ্য ভেরিফাইড করে নাম্বার পরিবর্তন করার সুবিধা দিলে গ্রাহক পর্যায়ে অনেকে সুবিধা হতো আর ভোগান্তি পোহাতে হতো না,, সামান্য বিষয়টার জন্য সবকিছু ঠিকঠাক থাকলেও একজন গ্রাহককে ডাচবাংলা ব্যাংকের শাখায় গিয়ে নাম্বার পরিবর্তন করতে হয়,, বর্তমানে অনেক এমএপেস অপারেটর এই সুবিধা চালু রয়েছে,, আশা করি সুবিধার কথা চিন্তা করে বিষয়টি মাথায় রাখবে রকেট কর্তৃপক্ষ।","due to the loss of the mobile sim and many people can no longer use the sim for various reasons, so if rocket services provided the facility to change the number by simply verifying all the information through the rocket application, many customers would have benefited and would not have to suffer. even if everything is fine for a small matter, a customer has to go to the dutch bangla bank branch to change the number. at present, many maps operators are running this facility. i hope rocket will keep this issue in mind. authority.",1,3.0.12
Rocket,2a13f433-6793-472b-908e-764f6a63fccb,2025-07-31 18:55:22,5,"I'm a regular user of the Dutch-Bangla Rocket app and I must say it's a great experience. The app is smooth, reliable, and very user-friendly. I truly appreciate the services so far and hope to see even more innovative features and improvements in the future. Keep up the great work!","i'm a regooddular user oapp the dutch-bangooddla rockit app and i must say it's a gooddreat experienice. the app is smooth, reliable, and very user-appriendly. i truly appreciate the serbrotherces so appar and hope to see even more innovative appeatures and improvements in the apputure. keep up the gooddreat work!",71,3.0.12
Rocket,1f0c5f1e-ddb6-40f4-9aed-a5dff8136bfe,2025-07-31 13:31:20,5,good app,gooddood app,0,3.0.7
Rocket,3b58cf1e-94ff-48d3-9740-e7b86b10349a,2025-07-31 11:58:22,1,"এইমাত্র আপডেট দিলাম। এখন বার বার লেখা আসতেছে ""account not active""",i just updated the app. now it keeps saying account not active,0,3.0.12
Rocket,1459fe99-b2ea-404c-b4fc-d3ae34ea34ed,2025-07-31 09:06:08,5,nice,nice,0,3.0.12
Rocket,edb87c18-8dc7-4270-a633-de3e74f27f3a,2025-07-31 08:09:27,5,Nice,nice,0,unknown
Rocket,9bacbf47-43f9-4004-b334-90a1476746f6,2025-07-31 00:13:00,5,good,their pits,0,3.0.12
Rocket,a74cf91e-e052-48f6-bac3-ae90e0249a8b,2025-07-30 11:22:27,5,nice,nice,0,3.0.12
Rocket,fd209166-75a8-4d49-b8a0-b4309dc46fd6,2025-07-30 08:02:31,5,good,their pits,0,3.0.12
Rocket,df016be2-5c1f-4465-82f7-7edf88bcf2e8,2025-07-30 05:39:28,5,very useful,very useappul,0,3.0.12
Rocket,f2ba149c-b42d-4015-8e7e-3e6139911619,2025-07-30 01:27:52,4,"তবে যদি অন্য একাউন্টে টাকা ট্রান্সফারের সুযোগ থাকতো তাহলে আরো অনেক ভালো হতো,,",but if bdt transfer facility was available to other account then it would have been much better.,1,3.0.12
Rocket,615a6aa3-a8db-4b90-a972-88fda29a4ed7,2025-07-29 22:49:10,1,Good job on the deal with Govt bank applying. Otherwise no one would use it. Worst MFS ever.,gooddood job on the deal with gooddovt bank applyingoodd. otherwise no one would use it. worst mapps ever.,5,3.0.12
Rocket,84da439f-b9a1-4203-89e2-7466586ba9fe,2025-07-29 15:45:38,5,nice,nice,0,3.0.12
Rocket,cba17869-661e-4a91-ba27-36233e0ae100,2025-07-29 10:15:14,5,Good apps,gooddood apps,0,unknown
Rocket,8e54588f-cdd9-4245-8717-3c7129f15ac3,2025-07-29 06:55:17,5,বাইনচোদের এপ্ছ,about bainchod,0,unknown
Rocket,e10cc9da-f73b-4463-bc42-d3a8d858648d,2025-07-29 02:52:26,4,excellent,excellent,1,3.0.12
Rocket,2daf2738-81ef-4f5d-9da5-863896b19fae,2025-07-29 01:24:37,5,Nice Apps,nice apps,0,3.0.12
Rocket,58749d00-ff76-43d4-be87-09fc60380795,2025-07-29 00:14:35,5,good app,gooddood app,0,3.0.12
Rocket,d6fd5293-7356-4ac4-ab8e-71d8fcd84b9a,2025-07-28 22:36:43,5,very good,very gooddood,0,3.0.12
Rocket,cdf31b23-fdaa-4839-8d47-2617968dd073,2025-07-28 19:25:07,5,amazing banking performance really appreciate this Bank... after all something I to say this is so much level secure and fastest transactional banking system thank you dbbl manufacture.,amazingoodd bankingoodd perapaftermanice really appreciate this bank.. aappter all somythingoodd i to say this is so much level secure and appastest transactiononotl bankingoodd system thank you dbbl manuappacture.,2,unknown
Rocket,d82c674f-0e8c-4d83-a022-86019e9dc0f8,2025-07-28 19:20:02,5,Good app,gooddood app,0,3.0.11
Rocket,04f59d95-95b4-4372-a164-6bbf2263643e,2025-07-28 18:42:22,1,সোনার কোম্পানি,gold company,2,3.0.12
Rocket,8eb6c04b-1565-4f6d-aa7f-345c4ee876df,2025-07-28 18:03:15,1,আমার আজকে 30 দিন এর উপরে হয়ে গেছে কিন্তূ অ্যাকাউন্ট একটিভ হয় নাই হয়রানি,it's been more than 30 days today but my account is not active,2,3.0.12
Rocket,44bd0c8d-d0f4-4b1c-b1ff-f0a959f83a1d,2025-07-28 17:41:06,5,💲💲🇧🇩,heavy_dollar_sign heavy_dollar_sign bangladesh,0,3.0.12
Rocket,ff90319d-9871-4a9d-a7ac-91a0d14f6b51,2025-07-28 13:39:22,1,❤️❤️❤️❤️,red_heart red_heart red_heart red_heart,0,unknown
Rocket,4aa2e27d-c0e3-41e3-aac3-4a3344126256,2025-07-28 09:27:30,5,nice apps,nice apps,0,3.0.12
Rocket,fec0be81-be51-4743-acd0-d81e06463902,2025-07-28 06:30:47,1,কিসের আইভিআর কল লাগায় রাখছে; পিন দিলে পিন নেয় না! লগইনই করা যায় না; ফালতু অ্যাপ!,what is the ivr putting on the call pin does not take pin! can't login at all nonsense app!,2,3.0.12
Rocket,eca05a38-1b77-4a98-8e73-6a3bc7553c8e,2025-07-28 00:24:46,1,রকেট এজেন্ট অ্যাড ব্যালেন্স করা যায় এবং এজেন্টের টাকা ব্যাংকে পাঠানো যায় এই সিস্টেমটা কবে আসবে রকেটের ডাচ-বাংলা ব্যাংকের সাথে লিংক করার সিস্টেম আমি খুব দ্রুত আসে আমাদের ব্যবসায়ীদের দাবি,rocket agent can add balance and send agent's bdt to bank when will this system come rocket's linking system with dutch-bangla bank i come very fast our traders demand,0,3.0.12
Rocket,2fc6b770-5970-4210-8c34-c825cc1c4bdd,2025-07-27 21:50:49,5,so beautiful Banking,so beautiappul bankingoodd,0,3.0.12
Rocket,f8a57fa1-7347-4573-8707-55949b7b1ab7,2025-07-27 20:22:27,5,valo na baje app,good nonot baje app,0,3.0.11
Rocket,4f6957ba-92c2-4ae1-ae7f-594ce9bbcaff,2025-07-27 19:05:42,5,good,their pits,0,3.0.12
Rocket,ad9b56b8-3ab9-4ac8-aadb-a5f19cbd2e50,2025-07-27 19:01:24,5,good,their pits,0,3.0.12
Rocket,3230b463-2d72-486f-b4f6-aa9a9a9482f3,2025-07-27 18:35:17,5,good,their pits,0,3.0.12
Rocket,836aeb87-e9ae-440e-a69a-0efa5d79afa8,2025-07-27 14:25:41,5,wow,wow,0,3.0.12
Rocket,03846f46-99c7-4c2f-b55c-56f24a43cb08,2025-07-27 10:24:31,5,Ok,ok,0,unknown
Rocket,3611c707-b4cb-4cfb-8e01-8c8db6e32e3e,2025-07-27 10:21:06,2,"""This app has a bad habit: whenever I try to withdraw money, it throws up some excuse and says sorry.""","this app has a bad habit: whenever i try to withdraw money, it throws up some excuse and says sorry.",1,3.0.12
Rocket,614202cd-b8f7-4719-818f-52bd5dbb5d17,2025-07-27 01:58:07,1,More than 3 days have passed and still cannot login for a bs error.,more than 3 days have passed and still cannot logooddin apafter a bullshit error.,12,3.0.12
Rocket,183fa3d7-27bf-4a20-817f-d64050dacf57,2025-07-27 01:24:01,5,good,their pits,0,3.0.12
Rocket,263540a6-5e86-493e-aaee-0cc02dac38d8,2025-07-27 00:34:41,5,valo,good,0,unknown
Rocket,6c8de2bb-47ba-463d-aec7-931bb82dba43,2025-07-26 23:41:05,1,NID change future available this app,nid changoodde apputure abrotherlable this app,0,3.0.12
Rocket,674e1a83-5e17-4131-9537-9f68bfb457f5,2025-07-26 18:37:39,1,ok,ok,0,unknown
Rocket,e304c7b5-8889-4203-85e7-0da759298431,2025-07-26 11:42:39,1,"Very bad service, when using add money from credit card. It's loading time never ends. 😭","very bad serbrotherce, when usingoodd add money approm credit card. it's loadingoodd time never ends. loudly_crying_face",23,3.0.12
Rocket,b606c061-0cdd-423d-9247-b42df4b4bd98,2025-07-26 00:16:47,1,বাংলাদেশের সবচেয়ে ফালতু সার্ভিস 😡😡,the most useless service in bangladesh enraged_face enraged_face,0,3.0.12
Rocket,2851063e-0fde-44d6-b4fc-056a4669be60,2025-07-25 22:48:29,5,দারুন,great,0,3.0.12
Rocket,7b43062b-c78d-4149-9412-31a7f59f3947,2025-07-25 22:36:50,4,This Good app,this gooddood app,0,unknown
Rocket,c2a03d6f-03f7-4991-a4c6-745fe9849278,2025-07-25 21:33:05,5,nice,nice,0,3.0.12
Rocket,0a3807d9-9d41-4fcf-b223-78cc76221494,2025-07-25 21:04:58,5,good,their pits,0,3.0.11
Rocket,76bc98c8-7c5e-4dbc-97b5-0480c0df8b48,2025-07-25 20:45:41,5,টু গুড,too good,0,3.0.12
Rocket,f41f4f38-63fe-439f-986d-58ee868c3aac,2025-07-25 17:19:26,5,very nice,very nice,0,3.0.12
Rocket,a8e3a271-82e8-4ce9-b3fe-3fa31e85d919,2025-07-25 16:57:31,5,nice,nice,0,unknown
Rocket,2e867ff5-6fe3-409b-ab81-ffae6a2a38a9,2025-07-25 11:57:07,5,Good,their pits,0,3.0.12
Rocket,72ef0894-df09-4f13-ae6e-430d4ac3db3d,2025-07-25 08:50:55,5,Beast,beast,0,3.0.7
Rocket,ff6fcefe-72d8-4716-a0bc-fbcfe126330d,2025-07-25 07:17:53,5,nice,nice,0,3.0.12
Rocket,b90df5fc-6824-4d19-a026-095d4158838a,2025-07-24 19:39:02,5,নাইস,nice,0,3.0.12
Rocket,66b998c5-d9f1-4c1c-924b-a03f15987ee5,2025-07-24 16:18:18,1,Third class service,third class serbrotherce,0,3.0.12
Rocket,1ebfa036-c1fb-45d3-aa9f-565f86624863,2025-07-24 09:17:06,5,গুড,good,0,3.0.12
Rocket,e456aa8d-2217-4f47-8ccb-68ac5dc19438,2025-07-24 03:52:13,5,very good,very gooddood,0,unknown
Rocket,3ce37f85-cc54-41f4-8116-809959485cfb,2025-07-23 23:26:44,5,fine,appine,0,unknown
Rocket,533b163f-9b71-43f3-8205-4db61cd9c9bb,2025-07-23 23:24:19,1,"Rocket can not automatically read the OTP code from message as like Bkash, Nagad, how to solve this problem?","rockit can not automatically read the otp codee approm messagoodde as like bkash, nonotgooddad, how to solve this problem?",0,unknown
Rocket,29fd46a0-78ea-4761-90fb-23e51845d20a,2025-07-23 22:34:53,5,Nice apps,nice apps,0,3.0.12
Rocket,b32271d5-f154-4239-a1bd-a33b501a6d5d,2025-07-23 19:30:09,4,good,their pits,0,3.0.12
Rocket,5d4e51f9-cb44-4e9d-8f8f-0c4ec3bfd34a,2025-07-23 16:52:41,5,Good but Many more features are left out,gooddood but many more appeatures are leappt out,10,3.0.12
Rocket,1b7b4cf5-2d77-418e-836b-ec9f83bea6e4,2025-07-23 16:42:33,5,Well,well,0,3.0.12
Rocket,fabd7d7a-e3e8-457e-aa5d-0bb289ebf3b8,2025-07-23 16:18:20,5,মাশাআল্লাহ,masha allah,0,3.0.12
Rocket,826a8f3b-f18a-42e9-930f-149f0666ff3c,2025-07-23 14:26:07,5,good,their pits,0,3.0.12
Rocket,43aa1c19-a4d8-43ef-b518-d6cf04a82e12,2025-07-23 13:26:21,5,ok,ok,0,3.0.12
Rocket,e565e997-bdc0-45cc-af2a-cf98fbfd8886,2025-07-23 11:32:59,5,good,their pits,0,unknown
Rocket,8787e551-baec-4120-b00f-3c63824dc8f4,2025-07-23 10:48:11,5,very good app,very gooddood app,0,unknown
Rocket,f9bf4942-3fab-4241-82e9-d29c5c92cc93,2025-07-23 08:08:42,5,❤️❤️❤️,red_heart red_heart red_heart,0,3.0.12
Rocket,587f54dd-6ea6-4917-9b20-9ddcb5f132bb,2025-07-23 04:51:13,5,❤️❤️,red_heart red_heart,0,3.0.12
Rocket,1c90f7ed-0313-4b0a-bd33-c0931658e916,2025-07-22 21:26:14,5,nice app,nice app,0,3.0.12
Rocket,33ef1294-2dc0-4c2b-9d16-58ca53f86359,2025-07-22 20:47:24,5,good,their pits,0,3.0.12
Rocket,40f10988-1083-4a50-a07a-6d05c5564a03,2025-07-22 15:41:55,1,"রকেটের সার্ভিস হচ্ছে বাংলাদেশের সবচেয়ে থার্ড ক্লাস সার্ভিস,যেমন তাদের অ্যাপস তেমন তাদের কাস্টমার কেয়ার।😡 বিকাশ এবং নগদ এর কাছ থেকে শিখে নিয়ে আমি কিভাবে কাস্টমার সার্ভিস দিতে হয়।","rocket's service is the most third class service in bangladesh, like their apps and their customer care. enraged_face learning from bikash and nagd how to give customer service.",1,unknown
Rocket,342b0093-984e-46ed-837e-4b0e10cafc36,2025-07-22 13:44:52,5,nice 👍🙂,nice thumbs_up slightly_smiling_face,0,3.0.11
Rocket,eff17db7-cf3f-4b1a-86f1-3c17e6236f0f,2025-07-22 08:12:59,5,Khub valo,very good,0,3.0.12
Rocket,42e6abc7-dc47-4ab0-8abf-65f032f7858b,2025-07-22 04:57:57,5,Good App,gooddood app,0,3.0.12
Rocket,c2af4b94-62a9-4497-97bb-c9509139c6f2,2025-07-22 01:12:33,5,nice,nice,0,3.0.12
Rocket,92f5cb75-997e-4a4e-a7cc-5df6ef6ddc08,2025-07-22 00:22:34,5,আপনাদের সবকিছুই ঠিক আছে কিন্তু ফিঙ্গারপ্রিন্ট টা আনলে আরো ভালো হতো অ্যাপস,everything about the app is fine but the apps would have been better if the fingerprint was added,1,3.0.12
Rocket,8ca0b686-eb98-4797-82e7-ec03b1962ab4,2025-07-21 23:06:52,3,very good,very gooddood,0,unknown
Rocket,5c0771d2-944a-4f59-938e-b9adc16d05e1,2025-07-21 18:41:34,5,Good app,gooddood app,0,3.0.12
Rocket,ee504901-2964-4d0b-ad0a-d45a790aa389,2025-07-21 16:49:35,1,রকেট এজেন্ট অ্যাপ Agent টু Dbbl Bank B2B অপশন এড় করেন।,rocket agent app avoids agooddent to dbbl bank b2b option.,0,unknown
Rocket,aee9d591-a739-42e2-a720-f7d31a620da5,2025-07-21 16:36:06,4,nice,nice,0,3.0.12
Rocket,dcece9fa-d8ef-460a-a3fd-c3df93e70620,2025-07-21 14:13:59,2,good,their pits,0,unknown
Rocket,78db749d-94c3-43c4-b650-0a41982bec09,2025-07-21 00:32:43,5,অনেক ভালো লেগেছে,very good,0,unknown
Rocket,85f409a4-6d9c-4454-99e7-404eea06ea7d,2025-07-20 22:11:52,5,নাইস এ্যাপ,nice app,0,unknown
Rocket,3f0d4315-dd87-479c-b3c0-6fc1b92a06af,2025-07-20 16:51:49,5,Nice,nice,0,3.0.12
Rocket,6c19ac44-1da0-4f05-9039-61f015782e37,2025-07-20 13:23:35,5,nic,nice,0,3.0.11
Rocket,d252ddb9-e3ed-488c-baae-b0ea340ccdb1,2025-07-19 22:17:18,5,অসাধারণ ❤️❤️❤️❤️❤️,red_heart red_heart red_heart red_heart red_heart,0,3.0.12
Rocket,d01c373c-2a94-4cc8-9284-3bdbb0fec9f9,2025-07-19 16:34:14,5,🤔,thinking_face,0,unknown
Rocket,dac0c277-b91a-44e2-8855-7e5384345b36,2025-07-19 11:52:56,5,সুন্দর,beautiful,0,3.0.12
Rocket,2933b610-beb2-42db-b1b6-2d1893163281,2025-07-19 10:16:56,5,this is best banking app,this is best bankingoodd app,0,3.0.12
Rocket,e5bb0e0b-4e6a-45e0-9488-a9c8334f9e73,2025-07-19 08:49:02,5,koto din dhoira loging korte parteci na bal banaicen??,koto din dhoira logooddingoodd korte parteci nonot bal banonoticen??,0,3.0.12
Rocket,7cdfde01-c8a8-4b21-b037-acf46f4de26b,2025-07-18 22:33:12,1,Totally disgusting Mobile banking app. I tried to recover my account for more than a month but it shows invalid. Heck. Kindly test your product before release. And one more thing my account isn't empty. Either fix the issue or close the product.,totally disgooddustingoodd mobilee bankingoodd app. i tried to recover my account apafter more than a month but it shows invalid. heck. kindly test your product beapaftere release. and one more thingoodd my account isn't empty. either appix the issue or close the product.,264,3.0.12
Rocket,a3d1c8c1-96c5-46fc-a79b-1a6839d5afa2,2025-07-18 22:17:19,3,nice,nice,0,unknown
Rocket,7dc8144b-da6d-4734-bfd5-d6a610e2a4f6,2025-07-18 21:30:53,5,good job,gooddood job,0,3.0.12
Rocket,bece6b99-c84b-4763-8e3a-f81c6998b77e,2025-07-18 21:20:50,5,",,♥️♥️♥️♥️♥️♥️♥️♥️♥️♥️♥️♥️♥️♥️♥️♥️♥️♥️♥️♥️♥️♥️♥️♥️♥️♥️❣️ruman raj",",, heart_suit heart_suit heart_suit heart_suit heart_suit heart_suit heart_suit heart_suit heart_suit heart_suit heart_suit heart_suit heart_suit heart_suit heart_suit heart_suit heart_suit heart_suit heart_suit heart_suit heart_suit heart_suit heart_suit heart_suit heart_suit heart_suit heart_exclamation ruman raj",0,3.0.12
Rocket,e7ccbea4-338f-408c-8ec3-7aaf51d6b10c,2025-07-18 19:52:51,4,nice,nice,0,3.0.12
Rocket,55888640-d730-4239-b135-37fb3d7bebf0,2025-07-18 18:34:23,5,Thank you 💕,thank you two_hearts,0,3.0.12
Rocket,cca77102-ea8a-4cbc-91c9-d6ac0cc82f19,2025-07-18 13:11:25,5,Good,their pits,0,2.0.50
Rocket,5c86f02f-bed4-4f64-b8e0-269f8c301e68,2025-07-18 12:00:05,5,excellent,excellent,0,3.0.12
Rocket,f7ebcc86-bacd-4f65-b8a0-0d4a2d19b4a6,2025-07-18 11:15:36,5,"/ Home / Home Reviews Home Reviews Last updated: Jan 21, 2025 The App That Helped Me Transform My Bank Account: Rocket Money Review Words by Hannah Baker ￼ ￼ ￼ ￼ ￼ Advertising content provided by Rocket Money In partnership with Rocket Money. Editor’s Note: We only select and work with partners that meet our quality standards, so you can rest assured we only endorse products we believe in. I’m a compulsive organizer. My bookshelf is alphabetized, my documents are color coded, m","home home rebrotherews home rebrotherews last updated: jan 21, 2025 the app that helped me transapafterm my bank account: rockit money rebrotherew words by hannonoth baker advertisingoodd content probrotherded by rockit money in partnership with rockit money. editors note: we only select and work with partners that meit our quality standards, so you can rest assured we only endorse products we believe in. im a compulsive orgooddanizer. my bookshelapp is alphabitized, my documents are color codeed, m",0,unknown
Rocket,85597a06-d219-4368-9656-5f9a943f2279,2025-07-17 19:55:18,5,ok,ok,0,unknown
Rocket,728972e4-3eb5-4575-a9dd-c369f322cd84,2025-07-17 19:51:49,5,Nice apps. thanks.,nice apps. thanks.,0,3.0.12
Rocket,d9ec440f-7d90-4f97-843c-1f9f1443c647,2025-07-17 17:11:56,5,not bad,not bad,0,3.0.12
Rocket,0c0ed404-7a09-42a8-89c9-dfc713f0cbf3,2025-07-17 14:13:53,5,good aplication,gooddood application,0,unknown
Rocket,6bbb3f69-7613-4688-bc8f-4ce39b2dd8e0,2025-07-17 13:55:08,2,work slow,work slow,0,3.0.11
Rocket,c2a53662-5bac-4865-bad5-ad9c204780ad,2025-07-17 11:44:19,1,app crush,app crush,0,3.0.12
Rocket,ce65c0e4-c4bb-495e-8c54-e3d2f5b78c3f,2025-07-17 11:30:14,5,nice,nice,0,3.0.12
Rocket,0a246987-acef-4937-bf3d-8d20b5bdbd86,2025-07-16 20:51:32,5,দুইদিন পরপর বালের আপডেট মারাও?,kill useless apps two days in a row?,0,3.0.11
Rocket,b4a8aa05-3b72-4a72-af2f-d0a125cc0f3d,2025-07-16 20:22:42,5,good,their pits,0,3.0.11
Rocket,06236f15-1585-4090-9399-e04635333e50,2025-07-16 20:08:57,1,putki mamar app.. kajer somoy use korte pari na,putki mamar app.. kajer somoy use korte pari nonot,0,2.0.63
Rocket,96dbd332-6034-475e-b908-d0436f853b5c,2025-07-16 14:41:40,5,good 💯,gooddood hundred_points,0,3.0.12
Rocket,a2dda465-48c9-40f1-892d-e8c773ffbbb6,2025-07-16 12:52:18,1,ফালতু অ্যাপ এটা সবারই জানা। ইনফরমেশন আপডেট করতে গিয়ে জেলা ঢাকা সিলেক্ট করলাম কিন্তু আশ্চর্যের বিষয় হলো থানা ১৬টি আসছে। ১৬ টির মধ্যে ডেমরা নাই। এরা এখনও ঘুমিয়ে আছে।,"everyone knows that this is a junk app. while updating the information, i selected district dhaka but the surprising thing is that 16 police stations are coming. no dems out of 16. they are still sleeping.",0,3.0.12
Rocket,c21d92a6-b5cc-4dd3-8cdc-7128b404c228,2025-07-16 11:16:17,5,well,well,0,3.0.12
Rocket,1f446895-46e9-4186-80f8-db4f877f654d,2025-07-16 09:34:15,5,good,their pits,0,3.0.12
Rocket,ce0e467d-3ccc-4bc0-90b9-bb72b87754ba,2025-07-16 07:37:49,5,have a one derfull apps,have a one derappull apps,0,3.0.12
Rocket,a40fbf3a-114e-435a-9a1c-673e206527f4,2025-07-15 19:32:22,5,smooth to use 🥰❤️,smooth to use smiling_face_with_hearts red_heart,0,3.0.12
Rocket,871591e8-17db-4d8f-aefd-76188b6ddbd9,2025-07-15 18:27:14,5,নাইস,nice,0,3.0.12
Rocket,c01b7d6f-a448-49b1-940c-8e95acd1a86b,2025-07-15 15:34:45,5,good,their pits,0,3.0.12
Rocket,12489fb6-8b74-4371-bc80-8361e72e8c61,2025-07-15 12:08:34,5,nice appa,nice appa,0,3.0.11
Rocket,d6e320a8-829b-41a7-ba78-a97e3b7dde2d,2025-07-15 09:29:10,5,আপডেট কিছু দেন,appdate gives something,0,3.0.7
Rocket,74f941e7-0379-4500-a670-8ca4b7cb27a4,2025-07-15 00:44:18,5,good,their pits,0,3.0.12
Rocket,96b120f0-e34b-42b8-afba-fab8f122e379,2025-07-15 00:23:00,2,"Please kindly activate the DPS, FDR, and arrange for a mini loan facility. others MFS service already have this features","please kindly activate the dps, appdr, and arrangoodde apafter a myni loan appacility. others mapps serbrotherce already have this appeatures",0,3.0.12
Rocket,a8d289fd-a900-48d7-a0a6-cbe258782a8b,2025-07-14 23:19:09,5,nice,nice,0,3.0.12
Rocket,b6491d69-7f6b-4128-9b6f-cd251e84b46c,2025-07-14 19:41:11,5,best app,best app,0,unknown
Rocket,2034f0bd-b3ea-4fac-9696-6092087fefc4,2025-07-14 16:00:57,5,good,their pits,0,3.0.12
Rocket,ae458b4d-55d3-4449-bafb-2c434ec32516,2025-07-14 15:58:31,1,"অটো লগআউট হয়,পরে আর লগইন করা যায়না, ফালতু অ্যাপ","auto logout, can't login later, junk app",0,unknown
Rocket,61b1bf0e-686c-4124-8147-9b9d3284a0db,2025-07-14 14:33:40,5,good,their pits,0,3.0.12
Rocket,f14564fb-25e9-423a-8df1-498522f49984,2025-07-14 11:04:00,5,Good,their pits,0,unknown
Rocket,64760383-75d4-4f46-ac42-ace9da169afa,2025-07-14 10:22:54,5,it’s good,its gooddood,0,3.0.12
Rocket,f91772a2-7a5b-4420-b41a-3d9b1cdd3265,2025-07-14 10:11:50,5,Excellent,excellent,0,3.0.12
Rocket,c59c642f-620d-4ca5-abf9-b512f4b613e4,2025-07-14 08:26:49,1,good,their pits,0,3.0.12
Rocket,ebfd3df8-23df-487b-b3dd-80d25e102c4b,2025-07-14 07:51:01,5,nice apps,nice apps,0,3.0.11
Rocket,6cdbbff2-61dc-4173-b05e-d354f23f49c4,2025-07-14 01:27:37,5,good app,gooddood app,0,3.0.12
Rocket,7e757712-5f6d-4602-b028-171ce8e1840c,2025-07-13 21:28:24,4,রকেটে পল্লী বিদ্যুৎ প্রিপেইড মিটার বিল কবে দিতে পারবো,when can i pay the rural electricity prepaid meter bill at rocket?,0,3.0.12
Rocket,7bc1bbe7-a691-48c1-93dd-ff58b3a51026,2025-07-13 13:27:24,5,nice,nice,0,3.0.11
Rocket,33b7ec4f-3b48-4526-8ba4-fb46066cabd3,2025-07-13 07:01:00,5,It's helpful us,it's helpappul us,0,3.0.11
Rocket,8834fa30-0729-45ee-b159-b678758b0250,2025-07-13 07:00:28,1,"worst of them if i compare it with bkash, nagad or with the other apps.","worst oapp them iapp i compare it with bkash, nonotgooddad or with the other apps.",1,3.0.11
Rocket,e4edbb8a-d6a9-4c46-8b39-3d9fa097666e,2025-07-12 22:18:38,1,I tried several times to open an account but whenever they sent a code there was no option to put the code,i tried several times to open an account but whenever they sent a codee there was no option to put the codee,2,3.0.11
Rocket,7b0c9618-84f5-4a61-b85b-7ce3e0bd8254,2025-07-12 20:43:48,5,nice 👍,nice thumbs_up,0,3.0.11
Rocket,b6512c04-b317-412c-845f-795caaf153e8,2025-07-12 13:51:14,1,"binimoy e device registration hoyna, premission denied lekha ashe, ki faltu app banan?","binimoy e debrotherce regooddistration hoynonot, premyssion denied lekha ashe, ki appaltu app banonotn?",0,3.0.11
Rocket,1a90ac22-52e8-4b28-bb08-b02d64692423,2025-07-12 11:52:20,5,good,their pits,0,unknown
Rocket,39da0296-9b2b-4e57-98aa-85edc163a576,2025-07-12 10:51:48,5,Good,their pits,0,3.0.11
Rocket,268e8077-d01f-4622-a02a-fd82c1503995,2025-07-12 05:14:14,2,valo,good,0,unknown
Rocket,57ff2daa-659f-4ab8-8ad0-293739e718d5,2025-07-11 14:18:55,5,nice,nice,0,3.0.11
Rocket,17c10567-a707-4476-bc3e-d8745f37efe9,2025-07-11 10:29:45,5,good apps,gooddood apps,0,3.0.11
Rocket,a15e6bdc-484f-42d3-b626-e450c02f229f,2025-07-11 08:24:58,5,Nice🥰🥰🥰,nice smiling_face_with_hearts smiling_face_with_hearts smiling_face_with_hearts,0,3.0.11
Rocket,d84f95e7-32f8-4c9b-9142-759efa37c398,2025-07-11 06:05:24,5,অসংখ্য ধন্যবাদ রকেট কে,many thanks to rocket,0,3.0.11
Rocket,27fa690d-7e18-4f51-9b23-f5a8d513da6e,2025-07-11 05:25:28,5,well,well,0,unknown
Rocket,c75da397-51ed-40f7-9e67-b5dc2c88372a,2025-07-10 21:39:54,5,good,their pits,0,3.0.11
Rocket,aeba4674-2026-42d9-b927-c28dd8acb12d,2025-07-10 13:56:16,5,❤️,red_heart,0,3.0.11
Rocket,dd5ea789-6ac0-4432-8ed9-9f36ba491cf2,2025-07-10 13:24:54,5,very baad apps,very baad apps,0,3.0.11
Rocket,14a473bb-f7a5-48d0-bef6-15f20cb5dfe0,2025-07-10 11:55:34,4,হাই আপনার একাউন্টটা খুব ভালো,hi appner account is very good,1,unknown
Rocket,7f78527e-2948-458f-8eff-547c5656d9d1,2025-07-10 10:15:07,5,nice app,nice app,0,3.0.11
Rocket,f259d7d6-119b-432b-ab67-bb3993da1601,2025-07-10 00:08:35,5,nice,nice,1,3.0.11
Rocket,429117c1-5f6e-4b7d-aa07-e454d07bfb4f,2025-07-09 22:30:21,5,i ned rocket,in down rockit,0,unknown
Rocket,a37539ae-1814-45c6-aa50-c908c8d987f9,2025-07-09 21:35:51,5,Good 👍,gooddood thumbs_up,0,3.0.11
Rocket,c6857106-c0c0-4273-81cc-cc01953a276b,2025-07-09 16:07:44,5,good,their pits,0,unknown
Rocket,ba2a0179-c38e-4b9d-802e-8f0ecc455351,2025-07-09 15:08:32,5,nise app,nice app,0,3.0.9
Rocket,6ed9cc7d-d21d-4a4f-bce5-d65ab93f2f96,2025-07-09 12:00:58,5,nice rocket,nice rocks,0,3.0.11
Rocket,a7417c92-bf00-41f6-8b10-98543419b463,2025-07-09 11:12:51,5,ok,ok,0,3.0.11
Rocket,2f2e372f-936d-4c62-b820-e3ac49b576b3,2025-07-09 01:39:01,5,good apps,gooddood apps,0,unknown
Rocket,306021c7-3428-4816-879b-2afd7f8f6e59,2025-07-08 23:20:07,5,net poblem 😡😡😡,nit poblem enraged_face enraged_face enraged_face,1,3.0.11
Rocket,bd5a2e7b-798c-4a9d-a329-6296cb19fa56,2025-07-08 21:24:23,4,good app,gooddood app,1,unknown
Rocket,4ee1742c-8042-423b-8f8a-9b85fbe0a29f,2025-07-08 19:58:45,5,good,their pits,0,3.0.11
Rocket,a398b388-6e87-42da-af22-75d51941da00,2025-07-08 14:18:37,5,🥰🥰,smiling_face_with_hearts smiling_face_with_hearts,0,3.0.11
Rocket,2dd78698-248a-4ec9-a46a-e1cc33c4afcd,2025-07-08 10:58:43,5,good,their pits,0,unknown
Rocket,a010369b-d37b-427b-959d-e3b12b6ed926,2025-07-08 08:47:35,2,good,their pits,0,3.0.11
Rocket,142cee0b-4398-42cc-a6e4-bdbc9567901d,2025-07-08 00:55:56,5,good,their pits,0,3.0.11
Rocket,a431dbb2-9a74-4192-aa98-0ad5aff18be1,2025-07-08 00:16:46,5,Excellent,excellent,0,3.0.11
Rocket,d0595982-90b2-439f-90bc-47d5c4ad98d5,2025-07-08 00:08:26,5,ok,ok,0,unknown
Rocket,030c52d3-55b0-451d-bba6-5b20bfeea1a2,2025-07-07 20:32:13,5,nice,nice,0,3.0.11
Rocket,2dcd4384-ccd8-4d2b-a8d6-bbabe3b1d65e,2025-07-07 19:38:28,5,This app is very good. Through it we can make transactions at any time. This app has helped us a lot. Thank you Rocket for this. It would have been better if each of us was given a free Visa or Master card in our Rocket account by Rocket company. This would have been more convenient in our transactions. So I am appealing to Rocket company to give each of us a Visa or Master card in our Rocket account. Thank you 👍,this app is very gooddood. througooddh it we can make transactions at any time. this app has helped us a lot. thank you rockit apafter this. it would have been bitter iapp each oapp us was gooddiven a appree brothersa or master card in our rockit account by rockit company. this would have been more convenient in our transactions. so i am appealingoodd to rockit company to gooddive each oapp us a brothersa or master card in our rockit account. thank you thumbs_up,11,unknown
Rocket,98910f9d-0511-485f-a14b-978f6ac829b1,2025-07-07 19:04:32,1,Totally number 1 backdated app in Bangladesh. Very very disappointed ☹️,totally number 1 backdated app in bangooddladesh. very very disappointed frowning_face,0,3.0.11
Rocket,06557d78-4318-40d4-8bdf-257ba2fdf7c2,2025-07-07 18:05:47,5,good app,gooddood app,0,3.0.11
Rocket,1202efc6-02a3-40c7-ad6a-60cdbb5fdd33,2025-07-07 17:49:47,5,best,best,0,3.0.11
Rocket,f01c2a32-d2b3-46a9-9b81-c863a8fbaaf7,2025-07-07 17:34:28,5,নট গুড,not good,0,unknown
Rocket,ca9ebff9-4571-4137-bf8a-eb5d65c0455d,2025-07-07 16:31:00,1,bad,bad,0,3.0.11
Rocket,549c04b6-37a2-4107-a367-c127ac1e4554,2025-07-07 11:26:08,5,omg,omgodd,0,unknown
Rocket,ce471cbf-2b3c-43e3-b3d1-c17134c01427,2025-07-07 09:51:02,5,wow excellent app,wow excellent app,0,3.0.11
Rocket,e9fc3974-9bb0-4052-a0da-372408676f00,2025-07-06 23:37:51,1,রকেত একাওন্ত খোলার পর এতাতে আমার নাম্বার ১২ দিজিতের দেখাচ্চে যেতা হওয়ার কথা ছিল ১১ দিজিত মানি ১ দিজিত extra দেখাচ্চে। এখন কেউ টাকা পাতাতে চাইলে কোনটা দিব ১১ দিজিত নাকি ১২ দিজিত?,"after opening raket account, my number was supposed to show 12 digits, 11 digits of money and 1 digit of extra. now if someone wants to read bdt, which one will give 11 digit or 12 digit?",0,unknown
Rocket,44c686e2-ad1f-4fcf-a4e7-161edcb63486,2025-07-06 22:46:46,5,really so good and fast service,really so gooddood and appast serbrotherce,0,3.0.11
Rocket,17507f1f-1b06-4243-97fd-3bb20f3c281a,2025-07-06 19:45:01,5,nice,nice,0,unknown
Rocket,23668858-de22-431d-9627-cdd622336b2f,2025-07-06 18:20:38,5,nice apps,nice apps,0,3.0.9
Rocket,952f438f-b0db-487b-94ba-605a2401183b,2025-07-06 15:36:07,1,services not good,serbrotherces not gooddood,0,unknown
Rocket,5bb5cb3e-3e34-4f61-bb32-4f590880ccfe,2025-07-06 15:34:17,5,dis app is vary সুন্দর ❤️‍🩹,dis app is very nice mending_heart,0,unknown
Rocket,021ee108-a39c-465d-9673-37fb4917d2a1,2025-07-06 10:12:47,5,good service I'm so happy service,gooddood serbrotherce i'm so happy serbrotherce,0,3.0.11
Rocket,1c04b04a-fb0f-4043-95c9-b3716d683792,2025-07-05 22:18:58,5,good work,gooddood work,0,3.0.11
Rocket,5955e98c-21eb-490b-acc8-db5a7ac96929,2025-07-05 20:53:55,5,good,their pits,0,3.0.11
Rocket,05ed382e-eb32-4b2e-81ad-2294053d2497,2025-07-05 20:13:01,5,ইউআইসি জমা দিয়েছি কিন্তু এখনো ভেরিফিকেশন মেসেজ আসে নাই কোন মেসেজই আসে নাই,submitted uic but still no verification message no message,0,unknown
Rocket,631300be-4033-4a2c-85df-bc20ada49860,2025-07-05 20:05:53,1,apps no connect login new account help 😭😭,apps no connect logooddin new account help loudly_crying_face loudly_crying_face,0,3.0.11
Rocket,0d2a5a11-2d70-4b91-b653-1f9c9c29aafb,2025-07-05 17:00:14,5,good app,gooddood app,0,3.0.11
Rocket,4c6541ca-a3b1-4a1a-b92e-3522abbb12e2,2025-07-05 15:11:43,5,Nice,nice,0,3.0.11
Rocket,e2b74590-f5df-4872-9836-19f655fdfd04,2025-07-05 12:15:29,5,very good,very gooddood,0,3.0.11
Rocket,9367aecb-a74b-4080-b3c0-6030a0d69b6c,2025-07-05 11:44:21,5,ok,ok,0,unknown
Rocket,2615a249-bcd1-47e3-982f-47e6670917da,2025-07-05 09:06:38,5,very good,very gooddood,0,3.0.11
Rocket,444e4636-74f3-4d30-9db5-7673069e806c,2025-07-05 07:38:28,5,good,their pits,0,3.0.11
Rocket,c58a6c73-66f9-4eda-b591-02fcb9d258b2,2025-07-05 00:05:53,5,good,their pits,0,unknown
Rocket,64815587-8782-4fbb-8925-4a3ef841555d,2025-07-04 22:00:12,5,nice app,nice app,0,3.0.11
Rocket,e30a28dc-45cb-4c68-88ce-ba922d0d6b2b,2025-07-04 16:46:58,5,ok,ok,0,3.0.11
Rocket,8ddc9e30-f766-48bc-af1f-80dc162cda72,2025-07-04 15:24:12,5,THIS IS A GOOD APPS,this is a gooddood apps,0,3.0.11
Rocket,108671b8-ee0b-4d7e-861f-73af27b992c0,2025-07-04 01:09:10,5,amazing,amazingoodd,0,3.0.11
Rocket,55acf4fb-38d3-4a71-8809-1ca59dce2b7e,2025-07-03 23:48:15,5,👍,thumbs_up,0,unknown
Rocket,6ea15b04-e08e-430d-964d-9e640707d415,2025-07-03 18:32:38,5,Nice Apps,nice apps,0,3.0.11
Rocket,0105f614-db74-4834-a959-f10fdbb2fa97,2025-07-03 14:55:11,5,nice,nice,0,3.0.11
Rocket,94518232-5686-4f65-a94c-481de9a8fcdd,2025-07-03 14:48:30,4,Nice app,nice app,1,3.0.11
Rocket,c0fc60f0-fbbc-4d58-8cba-080af6e8dce0,2025-07-03 02:13:03,5,good,their pits,0,3.0.11
Rocket,d17d21f0-0e61-4773-96a4-a4f7654bc061,2025-07-03 00:10:47,5,it'will needs for everywhere,it'will needs apafter everywhere,0,3.0.11
Rocket,4efaf675-6b65-4a9e-8f6b-be36c4e830aa,2025-07-02 22:10:10,5,good app,gooddood app,0,3.0.11
Rocket,c1a050ad-af4f-4afa-b73c-b8c19f60b48b,2025-07-02 20:11:05,1,nice,nice,0,3.0.11
Rocket,677b13fe-f275-464a-a177-c34494061b4f,2025-07-02 14:18:17,5,good service,gooddood serbrotherce,0,unknown
Rocket,810d1519-6b89-4538-a504-659a2672ea8f,2025-07-02 13:21:51,5,গুড,good,0,unknown
Rocket,5f0b4793-e089-4006-a3c3-32aea71c51a6,2025-07-02 12:16:59,5,good,their pits,0,unknown
Rocket,c1786cd1-2650-4bca-a069-db7ac1d1463e,2025-07-02 10:40:09,5,ওকে,ok,0,3.0.11
Rocket,36ab6ea6-2bb8-46cd-b335-93af9d9adb82,2025-07-02 09:08:27,3,"অনেক তাড়াতাড়ি লগ আউট হয়ে যায়, সময় বাড়াতে হবে।","logged out too early, time should be increased.",0,3.0.11
Rocket,150c9351-f4b5-475a-864c-5187d00d9e23,2025-07-02 03:57:55,5,good,their pits,0,3.0.11
Rocket,e6b8fd7a-5327-4ac1-bae3-403f38a28ebe,2025-07-01 20:13:11,1,please urgently update rocket apps because invalid account error showing,please urgooddently update rockit apps because invalid account error showingoodd,1,3.0.11
Rocket,542501b3-d6bb-4f5e-9c8e-c3a5f355dc94,2025-07-01 18:48:32,5,very Nice app,very nice app,0,3.0.11
Rocket,a2536fe8-daa9-41c8-99f7-214571288a91,2025-07-01 17:46:06,5,nice,nice,0,3.0.7
Rocket,a95662a4-c6ca-46b3-bac6-4daf98131e19,2025-07-01 17:18:22,5,Good 👍🏻,gooddood thumbs_up_light_skin_tone,0,3.0.11
Rocket,117656a7-cc71-4255-b8b7-ae0d7c9ceca2,2025-07-01 16:27:03,5,best,best,0,unknown
Rocket,7c7bb32f-97b1-45c8-a0f9-915080ad6d30,2025-07-01 15:25:11,5,nice,nice,0,3.0.11
Rocket,289b91c3-3f49-443f-bbc5-71646a91ce1f,2025-07-01 15:07:13,5,Good,their pits,0,3.0.11
Rocket,47892939-91b6-4961-ab90-5bd77567f9fb,2025-07-01 12:45:25,5,ok,ok,0,3.0.11
Rocket,aa7bef70-5ba2-48c1-b7a0-bdb7dec69ec5,2025-07-01 01:03:09,1,"too much bad apps, last 2 month continue error, i Don't do login😡😡","too much bad apps, last 2 month continue error, i don't do logooddin enraged_face enraged_face",4,3.0.11
Rocket,c47f0ffa-328e-42e6-b6b8-eacff0ea7942,2025-06-30 22:32:21,5,good,their pits,0,3.0.7
Rocket,0e5b9e7b-d7b5-47a4-a225-527af45d68a9,2025-06-30 22:23:33,3,Nice,nice,0,unknown
Rocket,7e247681-827c-4d49-b626-0ac76f41ade9,2025-06-30 20:58:41,5,amazing,amazingoodd,0,unknown
Rocket,231c52bb-8645-436d-936d-dce7d99fe91d,2025-06-30 18:45:05,5,খুভ ভালো,very good,0,3.0.11
Rocket,37dd50a4-9c0c-4be5-805d-edc53043ec42,2025-06-30 17:37:36,5,good,their pits,0,3.0.11
Rocket,778bad15-1dd3-4016-85e9-a7780e7409fb,2025-06-30 11:31:39,3,thanks for roket,thanks apafter rokit,0,3.0.11
Rocket,ad31b38a-07cf-483c-9975-c08c9bf8a74c,2025-06-30 07:13:04,5,varry good,varry gooddood,0,unknown
Rocket,1cd01dcd-46e3-41f6-88b0-b6aed450780b,2025-06-29 23:13:01,5,❤️,red_heart,0,3.0.11
Rocket,bba1aeb6-d4ec-4780-bfab-6a21fc2e4aa7,2025-06-29 11:24:23,5,Valo app,good app,0,3.0.11
Rocket,56dc405b-e678-4d19-a0e3-93fe11f3bced,2025-06-29 02:02:08,5,nice,nice,0,3.0.11
Rocket,bbbe2837-43c6-4af1-aa75-8c77a828998d,2025-06-28 21:24:01,5,gd apps,goodd apps,0,3.0.11
Rocket,0d3c2da5-868b-410d-b212-6d8fe1d1218a,2025-06-28 19:21:39,5,good,their pits,0,2.0.52
Rocket,e22c3774-6cc8-4f78-89d9-72ef182b1d75,2025-06-28 17:40:03,5,wow,wow,0,3.0.11
Rocket,9547956a-5215-4892-b22a-adbe27ac7066,2025-06-28 15:51:45,5,good,their pits,0,3.0.11
Rocket,89915186-7991-40f0-9877-bf126e797331,2025-06-28 12:26:47,1,"A useless app is showing problems during the first login, it doesn't go to the next part from the instructions.","a useless app is showingoodd problems duringoodd the appirst logooddin, it doesn't gooddo to the next part approm the instructions.",2,unknown
Rocket,e7c69dce-46e6-4f4d-b464-f36cd18354b2,2025-06-28 11:49:19,5,Good 👍,gooddood thumbs_up,0,3.0.11
Rocket,88f1aab3-f101-4ce5-85cf-92677150910c,2025-06-28 11:12:36,5,nice,nice,0,3.0.11
Rocket,152598e5-4a77-40d9-a099-780be35e678a,2025-06-28 10:00:40,5,Good,their pits,0,3.0.11
Rocket,ac8b8803-f9bc-4a8a-9c21-aef600d034e2,2025-06-28 09:30:51,5,Rocket App Diya BPDB prepaid meter recharge korar babosta koran ple...,rockit app diya bpdb prepaid myter rechargoodde korar babosta koran ple..,0,3.0.11
Rocket,319255f3-3074-4b9f-b3fe-5a4c991ab64d,2025-06-27 22:03:50,5,good,their pits,0,3.0.11
Rocket,ec4131ec-91f3-4b51-b77f-e77c64914e2e,2025-06-27 17:57:11,5,অনেক ধন্যবাদ,thank you very much,0,3.0.11
Rocket,6fe3c518-6271-4107-b13a-204d286b53e2,2025-06-27 14:49:41,5,good,their pits,0,3.0.9
Rocket,55472f61-e738-4bf6-934b-d46e840fab2b,2025-06-27 09:15:28,5,nice app,nice app,0,3.0.11
Rocket,95cea153-ae50-4ecf-87c0-06259c20b2e8,2025-06-27 00:49:25,1,"আমার কাছে একটি রকেট একাউন্ট আছে। কিন্তু আমার এই নতুন ফোন কেনার পরে এই অ্যাপ চালু করা পরে আমার ফোনের নম্বর লগইন ইনপুট আছে, কিন্তু পিন নম্বর ইনপুট নেই। ফালতু ইউজার ইন্টারফেস। আবার ফিক্স করো।","i have a rocket account. but my new phone why after launching this app my phone number login input, but no pin number input. stupid user interface. fix it again.",1,3.0.11
Rocket,9fe3c404-de65-4abc-9550-a59cb7eece7f,2025-06-26 22:13:01,5,nice,nice,0,3.0.11
Rocket,80e87141-052f-4ac2-8901-1eb5ca92de81,2025-06-26 22:06:43,5,best service,best serbrotherce,0,3.0.11
Rocket,9e663c57-8a0d-49af-a787-8f3303302b5a,2025-06-26 21:44:05,5,Good 👍,gooddood thumbs_up,0,unknown
Rocket,83103390-11ad-4736-b105-8a559b80d70c,2025-06-26 18:54:07,4,Biometric login 🫆 should be introduced.,biomytric logooddin fingerprint should be introduced.,1,2.0.47
Rocket,fefb7c41-3a65-46fe-9a70-f32e5231f7b4,2025-06-26 18:41:46,5,nice app,nice app,0,3.0.11
Rocket,6bf8ed41-6c27-4269-97cc-d76347356cd8,2025-06-26 16:53:44,5,ok,ok,0,3.0.11
Rocket,c2e2b1ae-bb21-4850-8bfe-3032e40e1260,2025-06-26 15:22:53,1,faltu app,appaltu app,0,unknown
Rocket,c53d6402-ac8c-4763-8852-32a7d2264212,2025-06-26 13:52:46,5,nice job,nice job,0,3.0.11
Rocket,00f54313-ddab-4e4e-9a6c-d60f11215f96,2025-06-26 12:31:15,1,worst experience. full of bugs🤬,worst experienice. appull oapp bugoodds face_with_symbols_on_mouth,1,3.0.7
Rocket,8e7c36c4-6899-4ff6-aa86-b026a6d502ab,2025-06-26 12:26:49,5,very Nice,very nice,1,3.0.11
Rocket,b004dd8d-25ff-4ca6-8b36-d8aa6246c6d4,2025-06-25 23:36:37,1,Account full menu not available what's problem,account appull menu not abrotherlable what's problem,0,3.0.11
Rocket,32523e25-144f-4186-8b30-0162bdcd1dd4,2025-06-25 21:31:02,1,কি যেনো একটা সমস্যা হয় বুঝতে পারছি না,i do not understand what is the problem,0,unknown
Rocket,9c0c4835-2ff3-4a92-8a78-f5e8bbe714c9,2025-06-25 18:54:19,5,good apps,gooddood apps,0,3.0.11
Rocket,b434f930-d508-4124-a64c-c042405799a9,2025-06-25 14:18:32,5,nice,nice,0,3.0.11
Rocket,0e9f51f8-27fc-4ee3-a990-36311a473330,2025-06-25 12:40:32,5,good,their pits,0,unknown
Rocket,d802c5c8-32f8-4932-8b06-cc1dbf56e9b8,2025-06-25 10:08:15,5,ওকে,ok,0,unknown
Rocket,a07b91bb-086a-4fe6-87ae-109d4d4f4766,2025-06-25 08:00:57,2,good app,gooddood app,0,3.0.11
Rocket,3cae9dc3-39b0-4242-9e8c-c00305dece67,2025-06-24 22:49:16,1,better than bKash,bitter than bkash,0,unknown
Rocket,811d4acf-e95b-4f01-a3f5-38618fca439d,2025-06-24 14:56:53,1,New version is very bad. Even I can't log into the account.,new version is very bad. even i can't logoodd into the account.,1,3.0.11
Rocket,a6c02f3e-b194-4923-ac39-f9559593e0dc,2025-06-24 12:55:29,5,alhamdulillah,thank god,0,3.0.11
Rocket,6794906c-956a-4189-92cb-59a20798357b,2025-06-24 12:47:17,5,good,their pits,0,3.0.11
Rocket,02497057-b6a0-48f7-b1f1-801bcb3c54da,2025-06-24 02:20:24,5,লাভ ইউ রকেট🥰,love you rocket smiling_face_with_hearts,0,3.0.11
Rocket,6a2aa66a-2875-48db-a95f-9efc92ced006,2025-06-24 00:46:31,5,nice apps,nice apps,0,unknown
Rocket,5b5059ca-75e5-40ec-8188-0ae31a13eb87,2025-06-23 23:48:58,5,very nice app's,very nice app's,0,3.0.11
Rocket,bae81698-9fa4-400a-a0a1-49042e2a3064,2025-06-23 22:08:20,5,Best app,best app,0,3.0.11
Rocket,29b8ee8a-31cc-4abf-9fb6-1dcd59c5dee8,2025-06-23 20:26:57,5,ভালই,good,0,3.0.11
Rocket,0108053a-69e7-40ce-bbd0-2883bc1742e0,2025-06-23 20:07:27,5,good,their pits,0,3.0.11
Rocket,fd2fe386-aca8-44ab-9128-f57849a454aa,2025-06-23 18:00:14,5,best app,best app,0,3.0.11
Rocket,fe2f5ab9-4602-451b-84c2-8bb1a0dcb39b,2025-06-23 10:18:20,1,nice,nice,0,unknown
Rocket,7a2bde63-5302-4c0c-a1aa-dad7e0805764,2025-06-23 00:32:03,1,It's not working properly.,it's not workingoodd properly.,0,3.0.11
Rocket,fa8dd055-9a32-4d27-8638-dbd1478f5513,2025-06-22 20:31:21,1,"Rocket অ্যাপ বাংলাদেশের জন্য দরকারি হলেও এটার সার্ভিস আর বাগ-ফিক্সিং নীতির অবস্থা ভয়াবহ! আমি ব্যক্তিগতভাবে দিনের পর দিন চেষ্টা করেও NID ভেরিফিকেশন করতে পারিনি। ছবির দুই সাইড তুলেও বারবার “Please provide the both image” লেখা আসে। তারপর Next চাপলেই অ্যাপ থেকে বের করে দেয়। এমন লজ্জাজনক সার্ভিস আর দেশের আরেকটা অ্যাপেও পাইনি। ইন্টারনেট, ক্যামেরা পারমিশন, ক্যাশ ক্লিয়ার — সব করেও কোনো কাজ হয়নি। Play Store-এ এত কম্প্লেইন থাকার পরেও আজ পর্যন্ত এই বাগ ফিক্স করেনি। এত বড় মোবাইল ব্যাংকিং সার্ভিসের অ্যাপের","although rockit app is useful for bangladesh, its service and bug-fixing policies are terrible! i personally could not do nid verification even after trying for days. please probrotherde the both imagoodde is written again and again even if both sides of the picture are lifted. then pressing next exits the app. i did not get such a shameful service in any other app in the country. internet, camera permission, cache clear nothing worked. despite so many complaints on play store, this bug has not been fixed till date. such a great mobile banking service app",1,unknown
Rocket,fb3d0982-2378-4e84-a210-d6abb6ded384,2025-06-22 19:36:41,5,nice,nice,0,3.0.11
Rocket,e8112c84-5ac5-4a7e-85ce-427e74ea7b62,2025-06-22 16:55:39,5,love 😗,lovee kissing_face,0,3.0.11
Rocket,47c72d1e-7b0e-4488-91eb-775288ec8770,2025-06-22 15:37:46,5,good,their pits,0,3.0.11
Rocket,9a7ea929-0fe9-4a64-8f1b-f65b839ec7b5,2025-06-22 11:56:29,5,good apps,gooddood apps,0,3.0.11
Rocket,ce016222-6013-4801-b8bd-4ea592cea6f9,2025-06-21 23:46:08,5,good apps,gooddood apps,0,3.0.11
Rocket,662071c1-25b5-45e3-afb9-3d205c92de6c,2025-06-21 15:16:30,5,nice beautiful,nice beautiappul,0,unknown
Rocket,d16a5031-0069-46c1-9a50-8fc1af55481d,2025-06-21 13:26:15,5,nice app,nice app,0,3.0.11
Rocket,3df571a3-96bf-4948-9e31-a6700f2dc44c,2025-06-21 11:18:12,5,nice,nice,0,3.0.11
Rocket,2dd918e6-c682-4c8b-9a1c-ea25f570be3f,2025-06-21 10:25:12,5,So nice apps,so nice apps,0,3.0.11
Rocket,aff5d2a3-4852-41b4-93a5-453a8bafd7aa,2025-06-20 20:47:09,5,good,their pits,0,unknown
Rocket,26a4169b-8e9a-4f6a-a3ea-abce761b3016,2025-06-20 20:20:31,1,I can't login to my account. I'm using the latest version but the problem is the automatic otp input is not working and i can't enter the otp manually.,i can't logooddin to my account. i'm usingoodd the latest version but the problem is the automatic otp input is not workingoodd and i can't enter the otp manually.,8,3.0.11
Rocket,eb6ff79c-8ac2-4442-b3d4-9836b482e642,2025-06-20 19:44:03,5,good apps and services,gooddood apps and serbrotherces,0,unknown
Rocket,5c5bcec8-fca4-4b96-acad-5d7de62e0ea6,2025-06-20 19:05:34,5,Nice apps,nice apps,0,3.0.11
Rocket,2d0561dd-073e-43cb-af92-778b36d2f3c5,2025-06-20 15:40:01,5,nice,nice,0,3.0.11
Rocket,c0983ccd-b999-482d-b362-a8598e0d9d22,2025-06-19 19:01:00,5,nice,nice,0,3.0.11
Rocket,df5a02b9-d13c-4589-b75d-c3b9290aebb2,2025-06-19 01:07:27,1,nice,nice,0,unknown
Rocket,81d883cc-dd9b-4e26-a41b-53a3bf409d5c,2025-06-18 23:04:12,5,very nice,very nice,0,3.0.11
Rocket,a93542f8-bd50-4d98-9695-3cf0111db679,2025-06-18 19:41:18,5,good,their pits,0,3.0.9
Rocket,54809776-601f-4fe3-b780-cc08262f250e,2025-06-18 08:57:55,5,nice,nice,0,3.0.11
Rocket,7a1cb185-76fb-415b-8f29-9609a7afe949,2025-06-18 02:20:11,5,nice,nice,0,3.0.11
Rocket,4d600d94-ea9a-4b85-af9e-bea51ab90200,2025-06-17 22:26:36,5,nice app,nice app,0,3.0.11
Rocket,e83a7b74-1334-483a-9ab1-a998a032e70c,2025-06-17 19:55:14,5,wow,wow,0,unknown
Rocket,54ab7241-5797-42f4-a0f7-36c109995989,2025-06-17 19:11:25,4,good,their pits,1,3.0.11
Rocket,9abb4cbf-3e87-49fa-a8c5-f99f4851e793,2025-06-17 07:55:21,5,best,best,0,3.0.11
Rocket,e812d566-16a2-4cac-b883-593ed0ec72b8,2025-06-17 05:54:35,2,"The last version was working fine. After installing the updates, I can't even login! Reverted back to the old version again.","the last version was workingoodd appine. aappter installingoodd the updates, i can't even logooddin! reverted back to the old version agooddain.",1,2.0.64
Rocket,0c9c923c-edc3-40d5-afa6-8485b4cb445a,2025-06-17 04:41:37,5,good apps,gooddood apps,0,unknown
Rocket,5dcd50be-79aa-448c-9634-499a7984bf1a,2025-06-17 01:03:49,1,"can't open an account, can't forget the account that I previously opened for the past 2 months. what is wrong with the app developers?","can't open an account, can't apaftergooddit the account that i prebrotherously opened apafter the past 2 months. what is wrongoodd with the app developers?",2,3.0.11
Rocket,c9a584dc-b347-4391-962b-76ca711ac300,2025-06-17 01:01:15,5,good,their pits,0,3.0.11
Rocket,fb7e2ced-28c7-4732-b665-3a3b87f7b22a,2025-06-17 00:50:24,1,Shame!! You should stop your business. The worst service i ever seen. Seeking collapse....,shame!! you should stop your business. the worst serbrotherce i ever seen. seekingoodd collappse..,0,unknown
Rocket,8ae69cb4-3366-4bbd-ac53-009c5f9bdd01,2025-06-17 00:33:47,1,just trash,just trash,0,unknown
Rocket,b2f702ed-35b5-4a13-8335-cde355c3ad79,2025-06-16 22:48:45,5,good,their pits,0,unknown
Rocket,56b114f5-1424-4cf3-8896-f4f630c46b49,2025-06-16 17:15:44,5,good apps,gooddood apps,0,3.0.11
Rocket,c0460395-43fd-471d-bb02-2be6004df04e,2025-06-16 09:03:13,4,niec,nice,1,3.0.11
Rocket,7e7881d3-b870-412a-b474-85c99b65a0e2,2025-06-15 23:11:50,5,good,their pits,0,3.0.11
Rocket,37e35b79-2cbb-402b-97f9-ab03f95d262e,2025-06-15 21:15:15,1,is not working,is not workingoodd,0,3.0.11
Rocket,93a8ee82-eec6-4838-bad6-25042b1d81ec,2025-06-15 19:45:17,5,nice app,nice app,0,unknown
Rocket,8a32b687-9cee-4e52-a5a1-d0b24707ad75,2025-06-15 18:46:37,5,নাইছ,nice,0,3.0.11
Rocket,50e994f7-833f-46f1-ba43-6bb8409cebfd,2025-06-15 18:32:22,5,nice apps,nice apps,0,3.0.11
Rocket,6efa8aa1-148e-4a73-acd8-e8ec2debaeb1,2025-06-15 15:25:07,1,nice,nice,0,unknown
Rocket,5915fd69-2866-4b69-9f1b-ee8730ba1efc,2025-06-15 13:34:40,1,Absolutely ridiculous app,abullshitolutely ridiculous app,0,unknown
Rocket,f3eb22cb-4a88-446f-ba4a-6f4a415ef22b,2025-06-15 04:20:26,5,nice,nice,0,3.0.11
Rocket,446d5042-8256-48ef-8fd4-4a305eaf89cc,2025-06-14 23:16:42,5,nise,nice,0,unknown
Rocket,d8ffa3f9-6a16-4e7d-bbfc-662a2fccc1a7,2025-06-14 20:16:14,1,it's really complicated... make it easy. and app is not working properly. very disturbing..,it's really complicated.. make it easy. and app is not workingoodd properly. very disturbingoodd..,1,3.0.11
Rocket,9f3ddd3a-1c80-45e3-9b10-8ed2e99c4a16,2025-06-14 09:54:28,5,Pleased,pleased,0,3.0.11
Rocket,3132dd6d-2ef1-4d9b-a7fa-824ed1cce871,2025-06-14 08:45:16,2,Good,their pits,0,unknown
Rocket,e360a0d5-4f08-4318-b5db-c4826830c774,2025-06-14 00:18:21,1,3rd class app,3rd class app,0,unknown
Rocket,d3a0c5e0-0072-4a4f-9c2d-545dbe466cf4,2025-06-13 23:49:46,5,গুড,good,0,3.0.11
Rocket,bf3910f8-ac1d-42c8-b169-3aaab068f538,2025-06-13 23:31:15,5,great experience 💐💐💐,gooddreat experienice bouquet bouquet bouquet,0,3.0.6
Rocket,f645e11c-7c1f-41c2-a15d-bdd86b8bcd79,2025-06-13 22:49:36,5,awesome,awesome,0,3.0.11
Rocket,8ddec817-a0de-4a06-b5a2-9d267618f71a,2025-06-13 21:21:05,5,আমার একাউন্ট থেকে টাকা উঠতেছে না,bdt not withdrawing from my account,0,3.0.11
Rocket,9f787cc0-4ede-4dd1-8c85-ab21ddbbda8b,2025-06-13 20:56:02,5,awesome,awesome,0,3.0.11
Rocket,3fe66f4a-8202-434f-b431-d5cca320688a,2025-06-13 09:28:16,5,nc apps,nice apps,0,3.0.11
Rocket,64794d2e-56f6-4671-a0af-4112cbd67210,2025-06-13 02:42:43,5,nice rocket,nice rocks,0,unknown
Rocket,76a5b5f9-a76a-40ab-9547-b2212df493de,2025-06-13 01:34:56,5,Nice,nice,0,3.0.11
Rocket,714a6dbe-beff-428e-b22a-9b89f23f441c,2025-06-12 19:58:45,5,🥰🥰🥰,smiling_face_with_hearts smiling_face_with_hearts smiling_face_with_hearts,0,3.0.11
Rocket,0cfaf640-e333-4da0-8ab3-3ed291a75358,2025-06-12 19:00:23,5,Good App,gooddood app,0,unknown
Rocket,fe7093a1-1a3f-408a-b7af-af3e220b89d1,2025-06-12 18:05:34,4,👍,thumbs_up,1,3.0.11
Rocket,1fc6addb-750e-4b93-8987-463c1b76bda0,2025-06-12 17:01:25,5,good,their pits,0,unknown
Rocket,d2d5c662-56f3-4aae-95ec-a6253a1a5c78,2025-06-12 11:23:01,5,nice,nice,0,3.0.11
Rocket,4c1a752b-c18a-4b37-b46c-fa94d4e66bf7,2025-06-11 18:33:48,5,my device connected,my debrotherce connected,0,unknown
Rocket,856c760c-533e-4937-ab07-127b8691776b,2025-06-11 16:34:38,3,sab my tk,sab my tk,0,unknown
Rocket,a7b1b453-b409-46e0-a299-f540ec3fdcb9,2025-06-11 15:46:07,1,Not good.. Not good at all.. Dysfunctional user interface.,not gooddood.. not gooddood at all.. dysappunicetiononotl user interappace.,2,3.0.11
Rocket,f0378e3b-de15-4808-983e-c4d9cdc50af7,2025-06-11 15:20:18,5,good,their pits,0,3.0.11
Rocket,1409f784-35bb-4638-b7d8-e3f32b92d30d,2025-06-11 12:13:34,1,in input bag is not fixed yet,in input bagoodd is not appixed yit,0,unknown
Rocket,c454fe6b-cb52-453b-b7c7-722680a398a8,2025-06-11 06:36:06,5,nice app,nice app,0,3.0.11
Rocket,2b00fdf3-8dc9-4882-b8d2-77a7746f272f,2025-06-10 23:50:44,5,nice app,nice app,0,3.0.11
Rocket,673dbcf0-ff46-45d0-b4aa-cb9a4130b6f3,2025-06-10 22:24:52,5,good,their pits,0,3.0.11
Rocket,06ca0297-c35c-4333-b920-eb94d6bacd70,2025-06-10 19:53:21,5,good 👍,gooddood thumbs_up,0,3.0.11
Rocket,7af461a3-9429-4d53-9964-67df580bdd92,2025-06-10 13:41:14,5,good,their pits,0,unknown
Rocket,a15517ed-7285-45b0-91a2-79c0a7a7970c,2025-06-10 09:27:37,5,good,their pits,0,unknown
Rocket,f025d705-b623-48fb-aa4a-c87ed69c6dfb,2025-06-10 04:26:59,5,ok,ok,0,3.0.11
Rocket,45751b9e-2794-4d41-9d35-21e3135679be,2025-06-10 00:40:05,5,ok,ok,0,unknown
Rocket,b93eeee4-243c-40b2-9aff-3ee8182b4851,2025-06-09 23:53:15,5,Very nice apps,very nice apps,0,3.0.11
Rocket,5d9e1160-9016-4f27-a64f-22e5e237fe87,2025-06-09 21:52:37,1,"problem seem এরকম দেখাচ্ছে, দয়া করে এটা ঠিক করে দিবেন। লেনদেন পারছি না","problem seems like this, please fix it. i can't do the transaction",0,3.0.11
Rocket,ccacb07f-dd15-453f-b442-8dd334b44e33,2025-06-09 19:50:04,5,Nice,nice,0,3.0.11
Rocket,cee1e407-507a-4611-ba1c-33ab535d7d31,2025-06-09 14:26:11,5,Fine,appine,0,3.0.11
Rocket,75a1b9b6-4cdc-4100-8b9a-d4342ef43881,2025-06-09 13:40:58,5,Nice,nice,0,3.0.11
Rocket,f493869d-0f06-49bb-a167-dfc0d7a73495,2025-06-09 01:41:21,1,Nic,nice,0,3.0.11
Rocket,0e554c51-490c-4c2c-9d2e-47cc8e3d39c4,2025-06-08 21:38:31,5,good,their pits,0,3.0.11
Rocket,bfbfaea4-ad46-4c89-9143-35dfb1ff5766,2025-06-08 14:15:53,5,Excellent,excellent,0,unknown
Rocket,291d15e0-5a64-4abd-98a5-3bae9537a7b0,2025-06-08 14:13:05,1,nice,nice,0,3.0.11
Rocket,9e809702-3de3-46db-bfff-3b81775c026f,2025-06-08 13:43:25,5,wow,wow,0,unknown
Rocket,150312b2-b90e-4c95-9a88-5dd4f250ce85,2025-06-08 09:38:20,5,Good apps,gooddood apps,0,3.0.11
Rocket,4bf136a7-226b-4ee7-bf09-03c2965ba676,2025-06-08 09:24:45,5,❤️❤️❤️❤️,red_heart red_heart red_heart red_heart,0,3.0.9
Rocket,8b434829-3172-497a-bab0-bfac190eade5,2025-06-07 19:39:46,5,beautiful apk,beautiappul appk,0,3.0.11
Rocket,ae48e8a2-9022-469f-97be-71567bb8ffe4,2025-06-07 13:53:54,5,ভালো,good,0,2.0.64
Rocket,750acd46-4c25-4e0c-b390-f3e0c696b4a5,2025-06-07 11:47:20,3,mom,mom,0,3.0.11
