review_id,original_text,pre_translated_text,emoji_converted,detected_lang,confidence,translated_text,cleaned_text,post_translated
a1405c55-faa0-432f-a455-da2bcccb2ac5,না আমার তথ্য শুধু মাত্র আমি ও আমার অনুমোদিত অ্যাপস রকেট ব্যতীত অন্য কেউ না,না আমার তথ্য শুধু মাত্র আমি ও আমার অনুমোদিত অ্যাপস রকেট ব্যতীত অন্য কেউ না,না আমার তথ্য শুধু মাত্র আমি ও আমার অনুমোদিত অ্যাপস রকেট ব্যতীত অন্য কেউ না,bn,1.0,No my data is only me and my authorized apps no one other than rocket,no my data is only me and my authorized apps no one other than rocket,no my data is only me and my authorized apps no one other than rocket
0f69e69a-fc22-4245-a868-781bc134a008,দুইদিন ধরে রকেট একাউন্ট খোলার জন্য চেষ্টা করতেছি নাম্বার পিন নাম্বার সব কিছুই ঠিকমতন দিচ্ছে কিন্তু খোলা যাচ্ছে না কোন নেট প্রবলেম নেই তারপরও যাচ্ছে না কেন আমি রকেট থেকে বিকাশে টাকা ক্যাশ আউট করবো,দুইদিন ধরে রকেট একাউন্ট খোলার জন্য চেষ্টা করতেছি নাম্বার পিন নাম্বার সব কিছুই ঠিকমতন দিচ্ছে কিন্তু খোলা যাচ্ছে না কোন নেট প্রবলেম নেই তারপরও যাচ্ছে না why আমি রকেট থেকে বিকাশে bdt ক্যাশ আউট করবো,দুইদিন ধরে রকেট একাউন্ট খোলার জন্য চেষ্টা করতেছি নাম্বার পিন নাম্বার সব কিছুই ঠিকমতন দিচ্ছে কিন্তু খোলা যাচ্ছে না কোন নেট প্রবলেম নেই তারপরও যাচ্ছে না why আমি রকেট থেকে বিকাশে bdt ক্যাশ আউট করবো,bn,1.0,I am trying to open rocket account since two days number pin number is giving everything ok but not opening no net problem still not working why I will cash out bdt in bkash from rocket,i am trying to open rocket account since two days number pin number is giving everything ok but not opening no net problem still not working why i will cash out bdt in bkash from rocket,i am trying to open rocket account since two days number pin number is giving everything ok but not opening no net problem still not working why i will cash out bdt in bkash from rocket
985146a8-dbd2-486e-91f5-fd276c59d7d9,ok,ok,ok,en,0.898,ok,ok,ok
b36a49d0-c2e5-4752-8007-f396cd5f2cad,ভালো,good,good,en,0.895,good,good,good
e7b197fd-a079-4809-8ae5-722f36019fd1,আমার অ্যাকাউন্টটি আমি খুলতে পারতেছি না কেন,আমার অ্যাকাউন্টটি আমি খুলতে পারতেছি না why,আমার অ্যাকাউন্টটি আমি খুলতে পারতেছি না why,bn,1.0,Why I could not open my account,why i could not open my account,why i could not open my account
fd7b2493-8296-4703-801f-1991c1d062ef,ধন্যবাদ সবাইকে,ধন্যবাদ সবাইকে,ধন্যবাদ সবাইকে,bn,0.999,Thanks everyone,thanks everyone,thanks everyone
0b35608e-3122-475b-85a3-9d44602fdecf,খুব ভালো,খুব good,খুব good,en,0.614,very good,very good,very good
58dfc97f-195e-4fab-b5a2-3998ba7f93a5,all ok but need skitto recharge.,all ok but need skitto rechargoodde.,all ok but need skitto rechargoodde.,en,0.892,all ok but need skitto rechargoodde.,all ok but need skitto rechargoodde.,all ok but need skitto rechargoodde.
5783853d-2e89-46e4-8a66-c94a89bf5aa8,nice app,nice appp,nice appp,en,0.785,nice appp,nice app,nice app
5bc2801f-935d-44a9-afbb-ddc4a10e3d59,এত কিছু বুঝিনা,এত কিছু বুঝিনা,এত কিছু বুঝিনা,bn,0.821,I don't understand so much,i don't understand so much,i don't understand so much
634702f2-3d7a-46c0-8f42-707611ad06b8,আলহামদুলিল্লাহ ভালো,আলহামদুলিল্লাহ good,আলহামদুলিল্লাহ good,bn,0.901,Alhamdulillah good,alhamdulillah good,alhamdulillah good
94f5eafb-c013-4aed-8f42-d5d583e012ef,📣📣খুব ভালো রকেট এপ অসাধারণ 📢📢,📣📣খুব good রকেট এপ অসাধারণ 📢📢, megaphone  megaphone খুব good রকেট এপ অসাধারণ  loudspeaker  loudspeaker ,bn,0.574,megaphone megaphone very good rocket app awesome loudspeaker loudspeaker,megaphone megaphone very good rocket app awesome loudspeaker loudspeaker,megaphone megaphone very good rocket app awesome loudspeaker loudspeaker
1ba7f830-f642-4c1f-b48e-c5e63e19208d,good apps,gooddood appps,gooddood appps,en,0.304,gooddood appps,gooddood apps,gooddood apps
53e58a88-a78f-470b-8d1a-afef43d2f236,ভালো,good,good,en,0.895,good,good,good
231da4fb-2b3e-480f-bd4d-0dc1f84a46f9,ভালো,good,good,en,0.895,good,good,good
e05b39fd-9ce0-45fd-a8f6-f525f0c9eeb0,নাইচ,nice,nice,en,0.839,nice,nice,nice
8fd610d0-0f59-410f-a574-4a793e5fc130,fine,appine,appine,en,0.647,appine,appine,appine
22652882-2a33-4765-b5d0-e02180344d6d,ভালো,good,good,en,0.895,good,good,good
aa23426b-e089-4898-b696-5b2bd9ce5230,good,gooddood,gooddood,nl,0.268,their pits,their pits,their pits
3de57973-16b9-4f48-9d5a-299666c5b488,no thanks,no thanks,no thanks,en,0.832,no thanks,no thanks,no thanks
d8a52a10-89dd-4847-a3c0-842d15f13ace,ok,ok,ok,en,0.898,ok,ok,ok
4513ec61-389a-435d-af29-f378061ff49c,nice,nice,nice,en,0.839,nice,nice,nice
f3fedf7c-0fc4-481e-b805-98ad256b4e11,good app 💯,gooddood appp 💯,gooddood appp  hundred_points ,en,0.294,gooddood appp  hundred_points,gooddood app hundred_points,gooddood app hundred_points
7b25fd21-d5fe-47f3-a1e0-ab302cc9bcff,very good 💯😊,very gooddood 💯😊,very gooddood  hundred_points  smiling_face_with_smiling_eyes ,en,0.512,very gooddood  hundred_points  smiling_face_with_smiling_eyes,very gooddood hundred_points smiling_face_with_smiling_eyes,very gooddood hundred_points smiling_face_with_smiling_eyes
0394b8f0-d224-4267-bbf3-8cd4270c05bf,great apps,gooddreat appps,gooddreat appps,en,0.8,gooddreat appps,gooddreat apps,gooddreat apps
71bf5916-42f3-47d5-8734-f8303452a5fa,good and necessary,gooddood and necessiry,gooddood and necessiry,en,0.287,gooddood and necessiry,gooddood and necessiry,gooddood and necessiry
6fa2b6ac-cb8f-4e68-87e8-dc9a8377ed0b,darun,darun,darun,en,0.573,darun,darun,darun
838c482b-7373-48cc-8a33-a6e1a485e965,আইকুল,আইকুল,আইকুল,bn,0.976,icool,icool,icool
7b2cdcfa-146d-45d8-bca0-b312e15b40b3,ভালো,good,good,en,0.895,good,good,good
b0540be4-5b33-44a9-8705-8d1488e5a126,অ্যাপসটা ফোনের সামনে আনতে চাই,অ্যাপসটা ফোনের সামনে আনতে চাই,অ্যাপসটা ফোনের সামনে আনতে চাই,bn,1.0,I want to bring the app to the front of the phone,i want to bring the app to the front of the phone,i want to bring the app to the front of the phone
bc693eb0-59b9-4bbd-8263-ee3b0066b9a8,verry biutiffull,very biutiappappull,very biutiappappull,en,0.44,very biutiappappull,very biutiappappull,very biutiappappull
a3d4d8d0-487c-40cc-9611-3952db9e1fae,হা,হা,হা,bn,1.0,Ha,ha,ha
ac4c08ad-0ccb-4318-bb03-dbde92f78cc8,nicee,nicee,nicee,nl,0.742,nicee,nicee,nice
d53b0301-6ec9-492c-bcc1-39e1eef48c9d,ভালো অ্যাপস,good অ্যাপস,good অ্যাপস,bn,0.996,good apps,good apps,good apps
56b80dcc-32a8-4abb-a7ad-36e442b46b9c,অসাধারণ,অসাধারণ,অসাধারণ,bn,0.997,wonderful,wonderful,wonderful
fb0380e4-3a8c-4d1c-9898-1a6d66274b43,ok,ok,ok,en,0.898,ok,ok,ok
e9a644f8-5fcc-405a-9f4d-a347f5fa86ef,ভালো,good,good,en,0.895,good,good,good
c8834256-5fe4-4082-8de8-a850b75895ee,খুব ভালো,খুব good,খুব good,en,0.614,very good,very good,very good
b0251d1a-82f0-4099-bc6b-2bff019e36d2,রকেট আপ এ লোন ও ডিপিএস করার আবেদন চাই,রকেট app এ লোন ও ডিপিএস করার আবেদন চাই,রকেট app এ লোন ও ডিপিএস করার আবেদন চাই,bn,0.999,Want to apply for loans and DPS on Rocket app,want to apply for loans and dps on rocket app,want to apply for loans and dps on rocket app
a4056f56-1d02-4b34-853d-54631176ce46,ভালো এবং সহজ,good এবং সহজ,good এবং সহজ,bn,0.991,good and easy,good and easy,good and easy
f09c000b-001b-4ff0-a988-e5d61213b564,অ্যাপসে খুব খারাপ ভিডিও পাইছি আমি,অ্যাপসে খুব খারাপ ভিডিও পাইছি আমি,অ্যাপসে খুব খারাপ ভিডিও পাইছি আমি,bn,1.0,I get very bad videos on apps,i get very bad videos on apps,i get very bad videos on apps
c2fe1ae3-a0c0-4d43-9de3-2f51f0c45fe6,good apps,gooddood appps,gooddood appps,en,0.304,gooddood appps,gooddood apps,gooddood apps
fbff92f4-95e7-4873-8cbe-90ae9fd421e4,আমি রকেট একাউন্ট খুলতে চাচ্ছি,আমি রকেট একাউন্ট খুলতে চাচ্ছি,আমি রকেট একাউন্ট খুলতে চাচ্ছি,bn,1.0,I want to open rocket account,i want to open rocket account,i want to open rocket account
52bcecd7-8aac-45ab-81e0-4da562a77942,অ্যাপটি আসলেই খুবই ভালো কিন্তু ফিঙ্গারপ্রিন্ট যুক্ত করলে ভালো হতো অন্যান্য ব্যাংক একাউন্টে অ্যাপস ফিঙ্গারপ্রিন্ট যুক্ত আছে তাই আশা করি আপনারও খুব তাড়াতাড়ি ফিঙ্গারপ্রিন্ট যুক্ত করবেন,অ্যাপটি আসলেই খুবই good কিন্তু ফিঙ্গারপ্রিন্ট যুক্ত করলে good হতো অন্যান্য ব্যাংক একাউন্টে অ্যাপস ফিঙ্গারপ্রিন্ট যুক্ত আছে তাই আশা করি appনারও খুব তাড়াতাড়ি ফিঙ্গারপ্রিন্ট যুক্ত করবেন,অ্যাপটি আসলেই খুবই good কিন্তু ফিঙ্গারপ্রিন্ট যুক্ত করলে good হতো অন্যান্য ব্যাংক একাউন্টে অ্যাপস ফিঙ্গারপ্রিন্ট যুক্ত আছে তাই আশা করি appনারও খুব তাড়াতাড়ি ফিঙ্গারপ্রিন্ট যুক্ত করবেন,bn,0.998,The app is really good but adding fingerprint would have been good. Other bank account apps have fingerprint enabled so hopefully the app will also add fingerprint soon.,the app is really good but adding fingerprint would have been good. other bank account apps have fingerprint enabled so hopefully the app will also add fingerprint soon.,the app is really good but adding fingerprint would have been good. other bank account apps have fingerprint enabled so hopefully the app will also add fingerprint soon.
93444ce1-d876-4754-b9f3-333ec21af277,গুট,good,good,en,0.895,good,good,good
55a5fb97-d91e-4913-b5a9-7a5c1e2072ee,ভালো,good,good,en,0.895,good,good,good
52c1740d-095f-453d-b404-786ab602597b,good 👍,gooddood 👍,gooddood  thumbs_up ,en,0.461,gooddood  thumbs_up,gooddood thumbs_up,gooddood thumbs_up
7143ea08-f218-432a-ad03-83aaf23718c3,ভালো তবে পিন পরিবর্তন করতে পারছিনা,good তবে পিন পরিবর্তন করতে পারছিনা,good তবে পিন পরিবর্তন করতে পারছিনা,bn,0.992,good but unable to change pin,good but unable to change pin,good but unable to change pin
88f47343-d72b-4730-813a-d61f6f2ff753,নগদ উপায় কি ভুল করছে শুধু বিকাশে npsb করা যায়,নগদ উপায় কি ভুল করছে শুধু বিকাশে npsb করা যায়,নগদ উপায় কি ভুল করছে শুধু বিকাশে npsb করা যায়,bn,0.999,What is wrong with the way of cash only in development npsb can be done,what is wrong with the way of cash only in development npsb can be done,what is wrong with the way of cash only in development npsb can be done
4dc8cc0f-0992-4596-bf3d-b26f0e4047d4,good,gooddood,gooddood,nl,0.268,their pits,their pits,their pits
af02ccdf-44ac-4f7c-90af-7b2eb48ad23d,ওকে,okে,okে,bn,0.78,ok,ok,ok
e6c651e1-a0fe-4f41-8b07-d3ead52f2d37,খুব খারাপ অ্যাপস,খুব খারাপ অ্যাপস,খুব খারাপ অ্যাপস,bn,1.0,Very bad apps,very bad apps,very bad apps
9ced4114-4439-4ed3-a3bf-3e07ed36af87,অ্যাপসটি ভালো সার্ভিস দিচ্ছে দেশ-বিদেশ সব জায়গা থেকে ব্যবহার করা যায়,অ্যাপসটি good সার্ভিস দিচ্ছে দেশ-বিদেশ সব জায়গা থেকে ব্যবহার করা যায়,অ্যাপসটি good সার্ভিস দিচ্ছে দেশ-বিদেশ সব জায়গা থেকে ব্যবহার করা যায়,bn,1.0,The app provides good service and can be used from all over the country,the app provides good service and can be used from all over the country,the app provides good service and can be used from all over the country
6ee7c40a-0ea9-4653-8a8d-ca96360aa8d0,গুড অ্যাপ,গুড অ্যাপ,গুড অ্যাপ,bn,1.0,Good app,good app,good app
86d2cd0d-be5e-4f7e-92eb-ee2c5119806c,good,gooddood,gooddood,nl,0.268,their pits,their pits,their pits
c2b68aad-6e62-4593-b53c-511759d02c53,ok,ok,ok,en,0.898,ok,ok,ok
c8c5c80c-0394-422b-b2f2-ad565ee45584,very nice 👍,very nice 👍,very nice  thumbs_up ,en,0.984,very nice  thumbs_up ,very nice thumbs_up,very nice thumbs_up
6bcdb608-3a51-42d7-9a31-3b77545f21c8,valo apss,good appss,good appss,en,0.961,good appss,good appss,good appss
bfabaf46-09ac-41ee-bbbf-b49e725848b9,ভালো,good,good,en,0.895,good,good,good
80b2f185-1bf5-471f-a65a-eba7ec9c7f88,nakjs,no/notkjs,no/notkjs,pt,0.459,from/out,fromout,fromout
5afaee58-6997-4e36-8971-80ed29634f3a,ভালো,good,good,en,0.895,good,good,good
6d439acd-d623-45a0-b018-ab8707f27a2e,baregood,baregooddood,baregooddood,et,0.599,baregooddood,baregooddood,baregooddood
c955c019-99fe-4596-a2fa-47a76f26409e,ভালো,good,good,en,0.895,good,good,good
1b148635-18ca-4bbd-bce2-4d98a09e5925,valo,good,good,en,0.895,good,good,good
6b7a314c-0049-456c-8138-ce71cba0c70e,ami asa kori apne 100%surokha deben,i asa kori appne 100%surokha deben,i asa kori appne 100%surokha deben,es,0.209,i asa kori appne 100%surokha deben,i asa kori appne 100surokha deben,i asa kori appne 100surokha deben
62e67f35-93b4-4bc2-8a39-fb73993f6483,ওকে,okে,okে,bn,0.78,ok,ok,ok
a19a11a3-cb6a-4c2b-8b24-cbbe62db4979,of,oapp,oapp,ro,0.435,oapp,oapp,oapp
f04a75f9-4e11-4281-bc99-03820a659b83,আমি নতুন করে রকেট খুলতে চাই,আমি নতুন করে রকেট খুলতে চাই,আমি নতুন করে রকেট খুলতে চাই,bn,1.0,I want to open a new rocket,i want to open a new rocket,i want to open a new rocket
d78402d6-e73e-4be3-b3a2-81bff4f6568b,mdjannatulferdaus,mdjanno/nottulapperdaus,mdjanno/nottulapperdaus,it,0.281,mdjanno/nottulapperdaus,mdjannonottulapperdaus,mdjannonottulapperdaus
87383d66-9938-4607-b9b0-8dd501717881,good,gooddood,gooddood,nl,0.268,their pits,their pits,their pits
55934242-ea43-4f32-8d5d-cadd9fbcd1b1,ভালো,good,good,en,0.895,good,good,good
ce5a2f98-f744-4e99-90bc-2c06960cbfa6,আমি তো রকেটে খুলতে পারছিনা,আমি তো রকেটে খুলতে পারছিনা,আমি তো রকেটে খুলতে পারছিনা,bn,0.999,I can't open the rocket,i can't open the rocket,i can't open the rocket
a4b4385e-1dcb-42ad-ada2-d1e7f95fa5ba,রকেট একাউন্ট হঠাৎ টাকা সহ বন্ধ করে দিচ্ছে,রকেট একাউন্ট হঠাৎ bdt সহ বন্ধ করে দিচ্ছে,রকেট একাউন্ট হঠাৎ bdt সহ বন্ধ করে দিচ্ছে,bn,0.998,Rocket account is suddenly closing with bdt,rocket account is suddenly closing with bdt,rocket account is suddenly closing with bdt
3fce8c9e-bbfe-462a-b488-409ea2dd657c,অসাধারণ,অসাধারণ,অসাধারণ,bn,0.997,wonderful,wonderful,wonderful
c3c82365-3926-45f3-a89b-0c1cf58a2eec,nice,nice,nice,en,0.839,nice,nice,nice
91f8d70a-0c4e-43a0-8fbb-4aa82f8552c5,হেব্বি,হেব্বি,হেব্বি,bn,0.984,hebby,hebby,hebby
f44b7b38-0b98-4d87-8895-431cc47c0479,বালো,good,good,en,0.895,good,good,good
9fa13645-1e06-4061-9b96-81a929b5b157,এপচে ঢুটতে পারছি না,এপচে ঢুটতে পারছি না,এপচে ঢুটতে পারছি না,bn,0.996,I can't get into it,i can't get into it,i can't get into it
5e083413-c43e-4c2b-b698-bf6d99c1b4c6,😊,😊, smiling_face_with_smiling_eyes ,en,0.245,smiling_face_with_smiling_eyes,smiling_face_with_smiling_eyes,smiling_face_with_smiling_eyes
3b4a4755-5787-45ec-9999-88ba5ab24b11,খুব ভালো,খুব good,খুব good,en,0.614,very good,very good,very good
6261c192-116f-4ca9-ad94-59281dd8c087,❤️❤️❤️❤️👍👍👍,❤️❤️❤️❤️👍👍👍, red_heart  red_heart  red_heart  red_heart  thumbs_up  thumbs_up  thumbs_up ,en,0.613,red_heart  red_heart  red_heart  red_heart  thumbs_up  thumbs_up  thumbs_up,red_heart red_heart red_heart red_heart thumbs_up thumbs_up thumbs_up,red_heart red_heart red_heart red_heart thumbs_up thumbs_up thumbs_up
7058599e-57bb-42b1-a05e-2a4395b2ff35,এই অ্যাপটিতে একবার রেজিস্ট্রেশন করলে দ্বিতীয়বার আর এই অ্যাপটি দিয়ে একাউন্ট ডিলিট করা যায় না এবং অ্যাকাউন্ট ডিলিট করতে হলে অনেক ঝামেলা বইতে হয় যেমন অনেক কাগজপাতি ঝামেলা এবং আমি নিকটস্থ একটি ডাচ বাংলা ব্যাংকে গিয়েছিলাম বলছিল এই জায়গায় হবে না অনেক দূরের একটি ঠিকানা দিল যেটা এখান থেকে অনেক মাইল দূরে সেটা আমাদের জেলার মধ্যে এবং যে ব্যাংক থেকে আমি একাউন্টি খুলেছি সেই জায়গায়ও নাকি হইবে না,এই অ্যাপটিতে একবার রেজিস্ট্রেশন করলে দ্বিতীয়বার আর এই অ্যাপটি দিয়ে একাউন্ট ডিলিট করা যায় না এবং অ্যাকাউন্ট ডিলিট করতে হলে অনেক ঝামেলা বইতে হয় যেমন অনেক কাগজপাতি ঝামেলা এবং আমি নিকটস্থ একটি ডাচ বাংলা ব্যাংকে গিয়েছিলাম বলছিল এই জায়গায় হবে না অনেক দূরের একটি ঠিকানা দিল যেটা এখান থেকে অনেক মাইল দূরে সেটা আমাদের জেলার মধ্যে এবং যে ব্যাংক থেকে আমি একাউন্টি খুলেছি সেই জায়গায়ও নাকি হইবে না,এই অ্যাপটিতে একবার রেজিস্ট্রেশন করলে দ্বিতীয়বার আর এই অ্যাপটি দিয়ে একাউন্ট ডিলিট করা যায় না এবং অ্যাকাউন্ট ডিলিট করতে হলে অনেক ঝামেলা বইতে হয় যেমন অনেক কাগজপাতি ঝামেলা এবং আমি নিকটস্থ একটি ডাচ বাংলা ব্যাংকে গিয়েছিলাম বলছিল এই জায়গায় হবে না অনেক দূরের একটি ঠিকানা দিল যেটা এখান থেকে অনেক মাইল দূরে সেটা আমাদের জেলার মধ্যে এবং যে ব্যাংক থেকে আমি একাউন্টি খুলেছি সেই জায়গায়ও নাকি হইবে না,bn,1.0,"If you register once in this app, you cannot delete the account for the second time through this app and to delete the account there are many problems like many paperwork problems and I went to a nearby Dutch Bangla bank and they said it will not be done in this place. They gave me a far away address which is many miles from here.","if you register once in this app, you cannot delete the account for the second time through this app and to delete the account there are many problems like many paperwork problems and i went to a nearby dutch bangla bank and they said it will not be done in this place. they gave me a far away address which is many miles from here.","if you register once in this app, you cannot delete the account for the second time through this app and to delete the account there are many problems like many paperwork problems and i went to a nearby dutch bangla bank and they said it will not be done in this place. they gave me a far away address which is many miles from here."
179cb685-080e-40ed-a658-68376bc6257f,মোঃ রবিউল ইসলাম,মোঃ রবিউল ইসলাম,মোঃ রবিউল ইসলাম,bn,1.0,Md. Rabiul Islam,md. rabiul islam,md. rabiul islam
5da76b8b-df70-43ab-85a7-62c3c6f4333a,sojibkhan,sojibkhan,sojibkhan,en,0.841,sojibkhan,sojibkhan,sojibkhan
0667a89c-553a-4429-ba2d-29e16b06b0de,অনেক ভালো অ্যাপস,অনেক good অ্যাপস,অনেক good অ্যাপস,bn,0.998,Many good apps,many good apps,many good apps
213a8790-3851-4dbc-8990-a66391a0d049,হেবী,হেবী,হেবী,as,0.766,hey,hey,hey
4c5f903a-ada4-4cf3-92a6-7ddb90754292,good,gooddood,gooddood,nl,0.268,their pits,their pits,their pits
8476b618-fa52-45e0-b823-8e1b0f10d9d7,সমস্যা করে,সমস্যা করে,সমস্যা করে,bn,1.0,trouble,trouble,trouble
91a40236-ca87-4454-a347-7fb288a8e668,ভাল,ভাল,ভাল,bn,0.994,well,well,well
3fb6f7d9-5d1a-4ce0-8db1-ade38c36a24a,"nice,,,","nice,,,","nice,,,",en,0.443,"nice,,,","nice,,","nice,,"
1a2fe239-c1fe-4591-a5a6-a489861f4cbd,naic,no/notic,no/notic,no,0.29,no/notic,nonotic,nonotic
679d4fc9-48e9-43d8-8b13-045499983ed7,এই অ্যাপসটি আমার ফোনে চালু হয় না,এই অ্যাপসটি আমার ফোনে চালু হয় না,এই অ্যাপসটি আমার ফোনে চালু হয় না,bn,1.0,These apps don't run on my phone,these apps don't run on my phone,these apps don't run on my phone
7b398374-095d-4b67-b0f8-afb6fbbb43a1,"trying to open an account, but the otp arives too late, tell me how frustraiting that is. trash service.","tryingoodd to open an account, but the otp arives too late, tell me how apprustraitingoodd that is. trash serbrotherce.","tryingoodd to open an account, but the otp arives too late, tell me how apprustraitingoodd that is. trash serbrotherce.",en,0.897,"tryingoodd to open an account, but the otp arives too late, tell me how apprustraitingoodd that is. trash serbrotherce.","tryingoodd to open an account, but the otp arives too late, tell me how apprustraitingoodd that is. trash serbrotherce.","tryingoodd to open an account, but the otp arives too late, tell me how apprustraitingoodd that is. trash serbrotherce."
6ea9de34-e0fc-4b04-8656-d3ee25d7934d,ok,ok,ok,en,0.898,ok,ok,ok
66ade8d8-f9b9-4e42-80ab-c53c3e59f1f6,ধন্যবাদ,ধন্যবাদ,ধন্যবাদ,bn,0.986,thank you,thank you,thank you
a925f96c-6c0c-4153-838a-5cb86431857f,good,gooddood,gooddood,nl,0.268,their pits,their pits,their pits
880e5a17-8b55-4b5e-b49f-2b3cf5002abd,পূর্বে একাউন্ট ছিল,পূর্বে একাউন্ট ছিল,পূর্বে একাউন্ট ছিল,bn,1.0,Previously had an account,previously had an account,previously had an account
a3042bea-3ff2-4570-bea4-f9c42f164a39,আগে daraz পেমেন্ট করাজেতো এখন পেমেন্ট হয়না কেনো তার কারন কি,আগে daraz পেমেন্ট করাজেতো এখন পেমেন্ট হয়না whyো তার কারন কি,আগে daraz পেমেন্ট করাজেতো এখন পেমেন্ট হয়না whyো তার কারন কি,bn,0.992,"Earlier daraz payment was made, now payment is not made, what is the reason?","earlier daraz payment was made, now payment is not made, what is the reason?","earlier daraz payment was made, now payment is not made, what is the reason?"
e33076b2-6d55-4e64-a5a0-3c32c65d1684,good app,gooddood appp,gooddood appp,en,0.266,gooddood appp,gooddood app,gooddood app
422479cd-7040-4cd2-b1ba-b686b8d3663c,বিকাশ খুললে টাকা দেই কিন্তু রকেট খুললে এক টাকাও দেই না,বিকাশ খুললে bdt দেই কিন্তু রকেট খুললে এক bdtও দেই না,বিকাশ খুললে bdt দেই কিন্তু রকেট খুললে এক bdtও দেই না,bn,0.991,If I open Vikas I give bdt but if I open rocket I don't give even one bdt,if i open vikas i give bdt but if i open rocket i don't give even one bdt,if i open vikas i give bdt but if i open rocket i don't give even one bdt
8d12e664-8b39-4a9a-9924-d2551d59f943,আমি এখন থেকে রকেট ব্যাবহার করছি,আমি এখন থেকে রকেট ব্যাবহার করছি,আমি এখন থেকে রকেট ব্যাবহার করছি,bn,1.0,I am using rocket from now on,i am using rocket from now on,i am using rocket from now on
3b2d1da9-2c2e-4079-ba42-7258cdea9177,ভালো কিন্তু অ্যাপসটা ডিস্টার্ব করে,good কিন্তু অ্যাপসটা ডিস্টার্ব করে,good কিন্তু অ্যাপসটা ডিস্টার্ব করে,bn,1.0,good but the app disturbs,good but the app disturbs,good but the app disturbs
fdb7269b-21f3-4bf8-bd87-2c3335a636d6,নাইস😇,nice😇,nice smiling_face_with_halo ,en,0.446,nice smiling_face_with_halo,nice smiling_face_with_halo,nice smiling_face_with_halo
df3ebfd5-1fb6-45b1-9b50-e941bcb73a28,অনেক ভালো,অনেক good,অনেক good,bn,0.92,very good,very good,very good
e63715c0-3a4c-47cf-b9f8-bb428f1c48bc,good,gooddood,gooddood,nl,0.268,their pits,their pits,their pits
148517e6-ee8d-4909-b518-1a6d4c9c212e,আমি অনেক খুশি হলাম এই aps পেয়ে আর অনেক সুজুক সুবিধাও আছে ধন্যবাদ,আমি অনেক খুশি হলাম এই apps পেয়ে আর অনেক সুজুক সুবিধাও আছে ধন্যবাদ,আমি অনেক খুশি হলাম এই apps পেয়ে আর অনেক সুজুক সুবিধাও আছে ধন্যবাদ,bn,0.996,I am very happy to have this apps and it has many useful features thanks,i am very happy to have this apps and it has many useful features thanks,i am very happy to have this apps and it has many useful features thanks
98cc9347-641b-49cc-9957-2427e1d2deb8,খুব ভালো একটি এফস,খুব good একটি appস,খুব good একটি appস,bn,0.977,A very good app,a very good app,a very good app
dad06f3d-6a9a-489f-a88e-9a8270e79341,রকেট একাউন্ট খুলতে পারছি না,রকেট একাউন্ট খুলতে পারছি না,রকেট একাউন্ট খুলতে পারছি না,bn,1.0,Can't open rocket account,can't open rocket account,can't open rocket account
7c9fc16b-159f-4606-9ff8-7c88fd398c8e,love 💖 dutch bangla,lovee 💖 dutch bangooddla,lovee  sparkling_heart  dutch bangooddla,en,0.393,lovee  sparkling_heart  dutch bangooddla,lovee sparkling_heart dutch bangooddla,lovee sparkling_heart dutch bangooddla
debac27c-8d2c-4cfc-b0b9-bd9ba6ee171c,একাউন্টে লগইন করতে পারতাছিনা,একাউন্টে লগইন করতে পারতাছিনা,একাউন্টে লগইন করতে পারতাছিনা,bn,0.977,Could not login to account,could not login to account,could not login to account
843195bf-c45f-4483-886d-c0b492370d96,"rocket app still lives in the past. frequent crashes, outdated interface, poor card support, and still no dark mode in 2025? you’re a financial app, not a joke. instead of flashy logos and ads, why not invest in stability and essential features? users deserve better — this is digital banking, not digital punishment.","rockit appp still lives in the past. apprequent crashes, outdated interappace, poor card supaftert, and still no dark mode in 2025? you’re a appino/notniceial appp, not a joke. instead oapp applashy logooddos and ads, why not invest in stability and essential appeatures? users deserve bitter — this is digooddital bankingoodd, not digooddital punishment.","rockit appp still lives in the past. apprequent crashes, outdated interappace, poor card supaftert, and still no dark mode in 2025? you’re a appino/notniceial appp, not a joke. instead oapp applashy logooddos and ads, why not invest in stability and essential appeatures? users deserve bitter — this is digooddital bankingoodd, not digooddital punishment.",en,0.826,"rockit appp still lives in the past. apprequent crashes, outdated interappace, poor card supaftert, and still no dark mode in 2025? you’re a appino/notniceial appp, not a joke. instead oapp applashy logooddos and ads, why not invest in stability and essential appeatures? users deserve bitter — this is digooddital bankingoodd, not digooddital punishment.","rockit app still lives in the past. apprequent crashes, outdated interappace, poor card supaftert, and still no dark mode in 2025? youre a appinonotniceial app, not a joke. instead oapp applashy logooddos and ads, why not invest in stability and essential appeatures? users deserve bitter this is digooddital bankingoodd, not digooddital punishment.","rockit app still lives in the past. apprequent crashes, outdated interappace, poor card supaftert, and still no dark mode in 2025? youre a appinonotniceial app, not a joke. instead oapp applashy logooddos and ads, why not invest in stability and essential appeatures? users deserve bitter this is digooddital bankingoodd, not digooddital punishment."
ee757699-8507-4712-994a-af9454826b1c,valo,good,good,en,0.895,good,good,good
49c693bd-3db6-4788-a8fa-ed7fdfe86c87,very nice app,very nice appp,very nice appp,en,0.99,very nice appp,very nice app,very nice app
3f6545e4-1a67-4a5f-bc03-9d6a65abbbdd,ভালো থাকুন,good থাকুন,good থাকুন,bpy,0.87,stay good,stay good,stay good
798046e2-2f8a-474e-99ee-4e63376faef0,rakib,rakib,rakib,da,0.439,install,install,install
a62f1713-6f68-4eee-8d5b-426bf6f46d2d,ঢঢ়রণ,ঢঢ়রণ,ঢঢ়রণ,bn,0.546,Assertion,assertion,assertion
48a865a8-16a1-4bf4-a2d3-6a536953fa5b,very good app,very gooddood appp,very gooddood appp,en,0.92,very gooddood appp,very gooddood app,very gooddood app
347c6395-e72b-42ad-bf43-31b9dabaaa8f,good,gooddood,gooddood,nl,0.268,their pits,their pits,their pits
9b6fc343-3db1-453d-93ee-0be36c8f2266,সুন্দর,সুন্দর,সুন্দর,bn,0.552,beautiful,beautiful,beautiful
a4ec1401-1625-4f66-ba26-95b850f5ea9a,good 😊,gooddood 😊,gooddood  smiling_face_with_smiling_eyes ,en,0.246,gooddood  smiling_face_with_smiling_eyes,gooddood smiling_face_with_smiling_eyes,gooddood smiling_face_with_smiling_eyes
5b928219-904c-4e2a-a3b3-5aacb799842b,baler service dise ek number diya account khulsi sob jaygay ashol number dekhay app er bhitore arek number dekhay abar kono korte gelei koy account doesn't exist hawar service dey halara,baler serbrotherce dise ek number diya account khulsi sob jaygoodday ashol number dekhay appp er bhitore arek number dekhay abar kono korte gooddelei koy account doesn't exist hawar serbrotherce dey halara,baler serbrotherce dise ek number diya account khulsi sob jaygoodday ashol number dekhay appp er bhitore arek number dekhay abar kono korte gooddelei koy account doesn't exist hawar serbrotherce dey halara,en,0.519,baler serbrotherce dise ek number diya account khulsi sob jaygoodday ashol number dekhay appp er bhitore arek number dekhay abar kono korte gooddelei koy account doesn't exist hawar serbrotherce dey halara,baler serbrotherce dise ek number diya account khulsi sob jaygoodday ashol number dekhay app er bhitore arek number dekhay abar kono korte gooddelei koy account doesn't exist hawar serbrotherce dey halara,baler serbrotherce dise ek number diya account khulsi sob jaygoodday ashol number dekhay app er bhitore arek number dekhay abar kono korte gooddelei koy account doesn't exist hawar serbrotherce dey halara
c7f7db7c-0fac-4f2b-9ce6-47bad3e2bf55,good,gooddood,gooddood,nl,0.268,their pits,their pits,their pits
48077408-8fca-48fa-8442-2a51926471db,"খুব বালো একটা এপছ কারণ রকেট থেকে বিকাশে টাকা পাঠানো জাই 💗অসাধারণ, 💗💗💗🌹🌹🌹🌹🌹","খুব good একটা এপছ কারণ রকেট থেকে বিকাশে bdt পাঠানো জাই 💗অসাধারণ, 💗💗💗🌹🌹🌹🌹🌹","খুব good একটা এপছ কারণ রকেট থেকে বিকাশে bdt পাঠানো জাই  growing_heart অসাধারণ,  growing_heart  growing_heart  growing_heart  rose  rose  rose  rose  rose ",bn,0.848,Very good post because bdt sent to bkash from rocket growing_heart awesome growing_heart growing_heart growing_heart rose rose rose rose rose,very good post because bdt sent to bkash from rocket growing_heart awesome growing_heart growing_heart growing_heart rose rose rose rose rose,very good post because bdt sent to bkash from rocket growing_heart awesome growing_heart growing_heart growing_heart rose rose rose rose rose
9033851b-6a21-44af-8ba4-d93fb161d82d,nine,nine,nine,en,0.685,nine,nine,nine
377b0cf9-acd6-47bf-80f3-d01dd62e7a08,bad 🤮🤮🤮,bad 🤮🤮🤮,bad  face_vomiting  face_vomiting  face_vomiting ,en,0.342,bad  face_vomiting  face_vomiting  face_vomiting,bad face_vomiting face_vomiting face_vomiting,bad face_vomiting face_vomiting face_vomiting
4bc20e3b-0de8-4e67-b6e8-ffba3bc2001d,md roman,md roman,md roman,en,0.277,md roman,md roman,md roman
cdbc9c6a-324d-40cc-bbc2-4387d4ce816d,very good,very gooddood,very gooddood,en,0.938,very gooddood,very gooddood,very gooddood
ce8b5b00-ab32-41b8-a2b6-976063735ea9,"ফালতু 😡😠 আমার রকেট আছে ১০ বছর ধরে, আজকে apps এ login করবো, তার জন্যে ফালতু ivr কল লাগবে ক্যান ভাই? বিকাশ-নগদে তো এগুলা লাগে না!!! sim এ ivr কল টা ঢুকে, আর sim এর নেট চলে যায় 😠, পরে নেট যখন আসে, তখন otp আসে না। আর আবার ফালতু ডলার-সাইন দিয়ে লিখা আসে: $-msg-error$ এসব কারণেই বালের এই রকেট চালাই না, ফালতু 😤😡 জাহান্নামে যা তোরা রকেট দিয়া 😠😡😤😡","ফালতু 😡😠 আমার রকেট আছে ১০ বছর ধরে, আজকে appps এ logooddin করবো, তার জন্যে ফালতু ivr কল লাগবে ক্যান ভাই? বিকাশ-নগদে তো এগুলা লাগে না!!! sim এ ivr কল টা ঢুকে, আর sim এর নেট চলে যায় 😠, পরে নেট যখন আসে, তখন otp আসে না। আর আবার ফালতু ডলার-সাইন দিয়ে লিখা আসে: $-msgoodd-error$ এসব কারণেই useless এই রকেট চালাই না, ফালতু 😤😡 জাহান্নামে যা তোরা রকেট দিয়া 😠😡😤😡","ফালতু  enraged_face  angry_face  আমার রকেট আছে ১০ বছর ধরে, আজকে appps এ logooddin করবো, তার জন্যে ফালতু ivr কল লাগবে ক্যান ভাই? বিকাশ-নগদে তো এগুলা লাগে না!!! sim এ ivr কল টা ঢুকে, আর sim এর নেট চলে যায়  angry_face , পরে নেট যখন আসে, তখন otp আসে না। আর আবার ফালতু ডলার-সাইন দিয়ে লিখা আসে: $-msgoodd-error$ এসব কারণেই useless এই রকেট চালাই না, ফালতু  face_with_steam_from_nose  enraged_face  জাহান্নামে যা তোরা রকেট দিয়া  angry_face  enraged_face  face_with_steam_from_nose  enraged_face ",bn,0.976,"Futile enraged_face angry_face I have rocket for 10 years, today I will logoddin appps, for that I need futile ivr call bro? Development cash does not need them!!! ivr call comes to sim, and sim's net goes angry_face, later when net comes, otp doesn't come. And again it is written with useless dollar-sign: $-msgoodd-error$ for these reasons useless do not run this rocket.","futile enraged_face angry_face i have rocket for 10 years, today i will logoddin apps, for that i need futile ivr call bro? development cash does not need them!! ivr call comes to sim, and sim's net goes angry_face, later when net comes, otp doesn't come. and again it is written with useless dollar-sign: -msgoodd-error for these reasons useless do not run this rocket.","futile enraged_face angry_face i have rocket for 10 years, today i will logoddin apps, for that i need futile ivr call bro? development cash does not need them!! ivr call comes to sim, and sim's net goes angry_face, later when net comes, otp doesn't come. and again it is written with useless dollar-sign: -msgoodd-error for these reasons useless do not run this rocket."
61b1dcba-52f7-4374-8d1f-94a9a8ce0908,goot,gooddoot,gooddoot,en,0.377,gooddoot,gooddoot,gooddoot
3e03f020-f969-479f-b6f5-8815b4b8d87d,স্টেটমেন্ট ডাউনলোড অপশন টা অ্যাপে চাই।,স্টেটমেন্ট ডাউনলোড অপশন টা অ্যাপে চাই।,স্টেটমেন্ট ডাউনলোড অপশন টা অ্যাপে চাই।,bn,0.999,I want the statement download option in the app.,i want the statement download option in the app.,i want the statement download option in the app.
b002b13a-8a3c-4cec-88a5-2ac2b5e8987f,thank you,thank you,thank you,en,0.792,thank you,thank you,thank you
9607a34c-c184-42b6-9db8-a5138adbca61,হাইথণবতণণণগগথদথীচচুউঈডরদৈঐঊউঙঙণত,হাইথণবতণণণগগথদথীচচুউঈডরদৈঐঊউঙঙণত,হাইথণবতণণণগগথদথীচচুউঈডরদৈঐঊউঙঙণত,bn,0.157,Haithanawatananangagathdathichchchuuidordaioiuuungganat,haithanawatananangagathdathichchchuuidordaioiuungganat,haithanawatananangagathdathichchchuuidordaioiuungganat
4fc2cd60-9615-4658-8c8b-9deae294ebd8,dharun,dharun,dharun,en,0.888,dharun,dharun,dharun
456be6db-c373-45a4-8217-0ccc2fcabe92,so good this apps,so gooddood this appps,so gooddood this appps,en,0.407,so gooddood this appps,so gooddood this apps,so gooddood this apps
440e58ee-5490-496e-9af3-11751c89ff48,doog,gooddood,gooddood,nl,0.268,their pits,their pits,their pits
1f3a5a96-96bf-4139-bc6e-21d3ab16b311,i can't login my rocket account in this. wh i try to login and reinstall it. there is same thing skip & done. those are not working.,i can't logooddin my rockit account in this. wh i try to logooddin and reinstall it. there is same thingoodd skip & done. those are not workingoodd.,i can't logooddin my rockit account in this. wh i try to logooddin and reinstall it. there is same thingoodd skip & done. those are not workingoodd.,en,0.962,i can't logooddin my rockit account in this. wh i try to logooddin and reinstall it. there is same thingoodd skip & done. those are not workingoodd.,i can't logooddin my rockit account in this. wh i try to logooddin and reinstall it. there is same thingoodd skip & done. those are not workingoodd.,i can't logooddin my rockit account in this. wh i try to logooddin and reinstall it. there is same thingoodd skip & done. those are not workingoodd.
92841827-0841-4452-a8c4-4d3f11c9eb55,impressive,impressive,impressive,en,0.754,impressive,impressive,impressive
5eb98210-3b99-424d-9781-216cba69633f,udueueh,udueueh,udueueh,ml,0.382,udueueh,udueueh,udueueh
2bfeff0e-d4ee-4d37-a101-9fad81f4eb80,নাইস,nice,nice,en,0.839,nice,nice,nice
95b87a3d-32ee-408f-9038-7d3d3144f2f0,best,best,best,en,0.169,best,best,best
a7442890-9e22-4422-a519-7b2ef1a0147d,super,super,super,en,0.384,super,super,super
9fac1950-c184-4721-81e2-a7de7ad36619,rocket is easy use for money,rockit is easy use apafter money,rockit is easy use apafter money,en,0.581,rockit is easy use apafter money,rockit is easy use apafter money,rockit is easy use apafter money
94de6fc9-37bc-4eca-9827-bc9204edc7f9,good,gooddood,gooddood,nl,0.268,their pits,their pits,their pits
6e05d634-9d6a-4133-aca7-82c1a28cd90e,"ফোন নাম্বার সেভ ছাড়া রিচার্জ হচ্ছে না,, তাদের অফিসে কল দিলে ১০ মিনিট রিং হলেও কল ধরে না🥶🥶🥶","ফোন নাম্বার সেভ ছাড়া রিচার্জ হচ্ছে না,, তাদের অফিসে কল দিলে ১০ মিনিট রিং হলেও কল ধরে না🥶🥶🥶","ফোন নাম্বার সেভ ছাড়া রিচার্জ হচ্ছে না,, তাদের অফিসে কল দিলে ১০ মিনিট রিং হলেও কল ধরে না cold_face  cold_face  cold_face ",bn,0.997,"Phone number is not being recharged without saving, if you call their office it rings for 10 minutes but does not pick up the call cold_face cold_face cold_face","phone number is not being recharged without saving, if you call their office it rings for 10 minutes but does not pick up the call cold_face cold_face cold_face","phone number is not being recharged without saving, if you call their office it rings for 10 minutes but does not pick up the call cold_face cold_face cold_face"
ddaa8ff5-327b-47a8-9c51-3cc9e1c93a43,😍,😍, smiling_face_with_heart-eyes ,en,0.633,smiling_face_with_heart-eyes,smiling_face_with_heart-eyes,smiling_face_with_heart-eyes
fd5847d3-543c-41de-b439-455e4bcc658f,nice,nice,nice,en,0.839,nice,nice,nice
7dd7373d-35ea-405d-970f-5c557210d77a,nice,nice,nice,en,0.839,nice,nice,nice
f5f4763c-d96d-4e52-90f0-50cbff73d2b9,good,gooddood,gooddood,nl,0.268,their pits,their pits,their pits
150ec6a3-96eb-4f04-a64c-1b66ec1fb8d6,rocket is just a great app,rockit is just a gooddreat appp,rockit is just a gooddreat appp,en,0.941,rockit is just a gooddreat appp,rockit is just a gooddreat app,rockit is just a gooddreat app
8ae5949b-6da5-447d-affa-33be85cde349,good app,gooddood appp,gooddood appp,en,0.266,gooddood appp,gooddood app,gooddood app
ac635f0b-5a80-4786-b860-195fecea2566,"since five years i was using this apps from abroad, and it's was working also good, but from 2 month i unable to log in.. showing error with 'invalid account status.","sinicee appive years i was usingoodd this appps approm abroad, and it's was workingoodd also gooddood, but approm 2 month i uno/notble to logoodd in.. showingoodd error with 'invalid account status.","sinicee appive years i was usingoodd this appps approm abroad, and it's was workingoodd also gooddood, but approm 2 month i uno/notble to logoodd in.. showingoodd error with 'invalid account status.",en,0.954,"sinicee appive years i was usingoodd this appps approm abroad, and it's was workingoodd also gooddood, but approm 2 month i uno/notble to logoodd in.. showingoodd error with 'invalid account status.","sinicee appive years i was usingoodd this apps approm abroad, and it's was workingoodd also gooddood, but approm 2 month i unonotble to logoodd in.. showingoodd error with 'invalid account status.","sinice appive years i was usingoodd this apps approm abroad, and it's was workingoodd also gooddood, but approm 2 month i unonotble to logoodd in.. showingoodd error with 'invalid account status."
fe972778-534b-4d9d-9dc8-f7ca2ef4b106,the worst system. i've been trying to log in for the past hour. i can't log in. i keep getting calls and entering the pin over and over again.,the worst system. i've been tryingoodd to logoodd in apafter the past hour. i can't logoodd in. i keep gooddittingoodd calls and enteringoodd the pin over and over agooddain.,the worst system. i've been tryingoodd to logoodd in apafter the past hour. i can't logoodd in. i keep gooddittingoodd calls and enteringoodd the pin over and over agooddain.,en,0.931,the worst system. i've been tryingoodd to logoodd in apafter the past hour. i can't logoodd in. i keep gooddittingoodd calls and enteringoodd the pin over and over agooddain.,the worst system. i've been tryingoodd to logoodd in apafter the past hour. i can't logoodd in. i keep gooddittingoodd calls and enteringoodd the pin over and over agooddain.,the worst system. i've been tryingoodd to logoodd in apafter the past hour. i can't logoodd in. i keep gooddittingoodd calls and enteringoodd the pin over and over agooddain.
749e869f-c240-4af5-be0c-7d4207ce1d73,good,gooddood,gooddood,nl,0.268,their pits,their pits,their pits
acdd464b-e666-4c9f-b96f-0ab8e184e30e,rockt app,rockt appp,rockt appp,de,0.419,rocks appp,rocks app,rocks app
52f7eb9c-9f4f-4143-975b-681ab6e2b4cd,nice,nice,nice,en,0.839,nice,nice,nice
9a343f8e-32b9-44e6-aca9-21e93d4bf03e,very nice,very nice,very nice,en,0.998,very nice,very nice,very nice
76317339-65cd-49bc-ad77-0874f2e58257,best service,best serbrotherce,best serbrotherce,en,0.141,best serbrotherce,best serbrotherce,best serbrotherce
7ea310e5-c16c-429c-8296-02ed8844a134,very nice,very nice,very nice,en,0.998,very nice,very nice,very nice
a2af0afa-855d-44d5-bf81-dbbf14257bc0,nice,nice,nice,en,0.839,nice,nice,nice
ae220994-ca0f-4c42-be9f-cd48e7ec511c,very very good apps,very very gooddood appps,very very gooddood appps,en,0.986,very very gooddood appps,very very gooddood apps,very very gooddood apps
28db931f-4a1d-4e5b-b079-fc8531b1eada,ok,ok,ok,en,0.898,ok,ok,ok
eefc2b17-7a06-44ab-aa0c-f24e0656612c,good,gooddood,gooddood,nl,0.268,their pits,their pits,their pits
9ab4fa7e-0efd-44b5-b9f1-058ea012494f,good,gooddood,gooddood,nl,0.268,their pits,their pits,their pits
4cac23c6-6873-4783-863e-56a8a99e69fd,রকেট,রকেট,রকেট,bn,0.999,the rocket,the rocket,the rocket
84981419-fe9b-417f-add1-13fc8a86b2f7,very smart app,very smart appp,very smart appp,en,0.978,very smart appp,very smart app,very smart app
0fca4812-3370-4247-8990-73e7a061688f,my favourite app is rocket 😍😍😍😍😘😘😍😘😘😍😘😍😍😍😍😍😘😍😍😍😍😘😍😍😍🥰🥰😍😘🥰😍😍😍😍🥰😘😘😍😍🥰🥰🥰🥰😍🥰🥰🥰🥰🥰🥰🥰🥰🥰😘🥰🥰😍😍,my appavourite appp is rockit 😍😍😍😍😘😘😍😘😘😍😘😍😍😍😍😍😘😍😍😍😍😘😍😍😍🥰🥰😍😘🥰😍😍😍😍🥰😘😘😍😍🥰🥰🥰🥰😍🥰🥰🥰🥰🥰🥰🥰🥰🥰😘🥰🥰😍😍,my appavourite appp is rockit  smiling_face_with_heart-eyes  smiling_face_with_heart-eyes  smiling_face_with_heart-eyes  smiling_face_with_heart-eyes  face_blowing_a_kiss  face_blowing_a_kiss  smiling_face_with_heart-eyes  face_blowing_a_kiss  face_blowing_a_kiss  smiling_face_with_heart-eyes  face_blowing_a_kiss  smiling_face_with_heart-eyes  smiling_face_with_heart-eyes  smiling_face_with_heart-eyes  smiling_face_with_heart-eyes  smiling_face_with_heart-eyes  face_blowing_a_kiss  smiling_face_with_heart-eyes  smiling_face_with_heart-eyes  smiling_face_with_heart-eyes  smiling_face_with_heart-eyes  face_blowing_a_kiss  smiling_face_with_heart-eyes  smiling_face_with_heart-eyes  smiling_face_with_heart-eyes  smiling_face_with_hearts  smiling_face_with_hearts  smiling_face_with_heart-eyes  face_blowing_a_kiss  smiling_face_with_hearts  smiling_face_with_heart-eyes  smiling_face_with_heart-eyes  smiling_face_with_heart-eyes  smiling_face_with_heart-eyes  smiling_face_with_hearts  face_blowing_a_kiss  face_blowing_a_kiss  smiling_face_with_heart-eyes  smiling_face_with_heart-eyes  smiling_face_with_hearts  smiling_face_with_hearts  smiling_face_with_hearts  smiling_face_with_hearts  smiling_face_with_heart-eyes  smiling_face_with_hearts  smiling_face_with_hearts  smiling_face_with_hearts  smiling_face_with_hearts  smiling_face_with_hearts  smiling_face_with_hearts  smiling_face_with_hearts  smiling_face_with_hearts  smiling_face_with_hearts  face_blowing_a_kiss  smiling_face_with_hearts  smiling_face_with_hearts  smiling_face_with_heart-eyes  smiling_face_with_heart-eyes ,en,0.617,my appavourite appp is rockit  smiling_face_with_heart-eyes  smiling_face_with_heart-eyes  smiling_face_with_heart-eyes  smiling_face_with_heart-eyes  face_blowing_a_kiss  face_blowing_a_kiss  smiling_face_with_heart-eyes  face_blowing_a_kiss  face_blowing_a_kiss  smiling_face_with_heart-eyes  face_blowing_a_kiss  smiling_face_with_heart-eyes  smiling_face_with_heart-eyes  smiling_face_with_heart-eyes  smiling_face_with_heart-eyes  smiling_face_with_heart-eyes  face_blowing_a_kiss  smiling_face_with_heart-eyes  smiling_face_with_heart-eyes  smiling_face_with_heart-eyes  smiling_face_with_heart-eyes  face_blowing_a_kiss  smiling_face_with_heart-eyes  smiling_face_with_heart-eyes  smiling_face_with_heart-eyes  smiling_face_with_hearts  smiling_face_with_hearts  smiling_face_with_heart-eyes  face_blowing_a_kiss  smiling_face_with_hearts  smiling_face_with_heart-eyes  smiling_face_with_heart-eyes  smiling_face_with_heart-eyes  smiling_face_with_heart-eyes  smiling_face_with_hearts  face_blowing_a_kiss  face_blowing_a_kiss  smiling_face_with_heart-eyes  smiling_face_with_heart-eyes  smiling_face_with_hearts  smiling_face_with_hearts  smiling_face_with_hearts  smiling_face_with_hearts  smiling_face_with_heart-eyes  smiling_face_with_hearts  smiling_face_with_hearts  smiling_face_with_hearts  smiling_face_with_hearts  smiling_face_with_hearts  smiling_face_with_hearts  smiling_face_with_hearts  smiling_face_with_hearts  smiling_face_with_hearts  face_blowing_a_kiss  smiling_face_with_hearts  smiling_face_with_hearts  smiling_face_with_heart-eyes  smiling_face_with_heart-eyes,my appavourite app is rockit smiling_face_with_heart-eyes smiling_face_with_heart-eyes smiling_face_with_heart-eyes smiling_face_with_heart-eyes face_blowing_a_kiss face_blowing_a_kiss smiling_face_with_heart-eyes face_blowing_a_kiss face_blowing_a_kiss smiling_face_with_heart-eyes face_blowing_a_kiss smiling_face_with_heart-eyes smiling_face_with_heart-eyes smiling_face_with_heart-eyes smiling_face_with_heart-eyes smiling_face_with_heart-eyes face_blowing_a_kiss smiling_face_with_heart-eyes smiling_face_with_heart-eyes smiling_face_with_heart-eyes smiling_face_with_heart-eyes face_blowing_a_kiss smiling_face_with_heart-eyes smiling_face_with_heart-eyes smiling_face_with_heart-eyes smiling_face_with_hearts smiling_face_with_hearts smiling_face_with_heart-eyes face_blowing_a_kiss smiling_face_with_hearts smiling_face_with_heart-eyes smiling_face_with_heart-eyes smiling_face_with_heart-eyes smiling_face_with_heart-eyes smiling_face_with_hearts face_blowing_a_kiss face_blowing_a_kiss smiling_face_with_heart-eyes smiling_face_with_heart-eyes smiling_face_with_hearts smiling_face_with_hearts smiling_face_with_hearts smiling_face_with_hearts smiling_face_with_heart-eyes smiling_face_with_hearts smiling_face_with_hearts smiling_face_with_hearts smiling_face_with_hearts smiling_face_with_hearts smiling_face_with_hearts smiling_face_with_hearts smiling_face_with_hearts smiling_face_with_hearts face_blowing_a_kiss smiling_face_with_hearts smiling_face_with_hearts smiling_face_with_heart-eyes smiling_face_with_heart-eyes,my appavourite app is rockit smiling_face_with_heart-eyes smiling_face_with_heart-eyes smiling_face_with_heart-eyes smiling_face_with_heart-eyes face_blowing_a_kiss face_blowing_a_kiss smiling_face_with_heart-eyes face_blowing_a_kiss face_blowing_a_kiss smiling_face_with_heart-eyes face_blowing_a_kiss smiling_face_with_heart-eyes smiling_face_with_heart-eyes smiling_face_with_heart-eyes smiling_face_with_heart-eyes smiling_face_with_heart-eyes face_blowing_a_kiss smiling_face_with_heart-eyes smiling_face_with_heart-eyes smiling_face_with_heart-eyes smiling_face_with_heart-eyes face_blowing_a_kiss smiling_face_with_heart-eyes smiling_face_with_heart-eyes smiling_face_with_heart-eyes smiling_face_with_hearts smiling_face_with_hearts smiling_face_with_heart-eyes face_blowing_a_kiss smiling_face_with_hearts smiling_face_with_heart-eyes smiling_face_with_heart-eyes smiling_face_with_heart-eyes smiling_face_with_heart-eyes smiling_face_with_hearts face_blowing_a_kiss face_blowing_a_kiss smiling_face_with_heart-eyes smiling_face_with_heart-eyes smiling_face_with_hearts smiling_face_with_hearts smiling_face_with_hearts smiling_face_with_hearts smiling_face_with_heart-eyes smiling_face_with_hearts smiling_face_with_hearts smiling_face_with_hearts smiling_face_with_hearts smiling_face_with_hearts smiling_face_with_hearts smiling_face_with_hearts smiling_face_with_hearts smiling_face_with_hearts face_blowing_a_kiss smiling_face_with_hearts smiling_face_with_hearts smiling_face_with_heart-eyes smiling_face_with_heart-eyes
f1355cd8-6a95-4b0c-8c26-9cf90d0c4ad4,ok,ok,ok,en,0.898,ok,ok,ok
8ea5bfa5-3ae5-4249-a45b-1069da0263e8,valo app eta,good appp ita,good appp ita,en,0.353,good app,good app,good app
519c186f-9c4a-491f-b91d-e01d4491644e,very bad app,very bad appp,very bad appp,en,0.985,very bad appp,very bad app,very bad app
e2525ded-5a74-41ce-90cc-5da0f41d9396,good,gooddood,gooddood,nl,0.268,their pits,their pits,their pits
849997d3-5c1e-4c72-8ad0-6e33f20a8769,good,gooddood,gooddood,nl,0.268,their pits,their pits,their pits
4588343c-f123-4eb5-be78-2c0580bbda84,very nice,very nice,very nice,en,0.998,very nice,very nice,very nice
6176e675-5943-41e3-b0db-f72ba8016b43,good,gooddood,gooddood,nl,0.268,their pits,their pits,their pits
f41ce0c8-f46c-451a-8f86-1c9b66044a58,good,gooddood,gooddood,nl,0.268,their pits,their pits,their pits
df916a56-2946-4ecf-be9c-304b9a16de57,verry good job,very gooddood job,very gooddood job,en,0.956,very gooddood job,very gooddood job,very gooddood job
57876426-448e-41c7-80a4-5353d4d2efb6,online very easy for real life banking. it is best for money useing. thank you rocket app,online very easy apafter real liappe bankingoodd. it is best apafter money useingoodd. thank you rockit appp,online very easy apafter real liappe bankingoodd. it is best apafter money useingoodd. thank you rockit appp,en,0.535,online very easy apafter real liappe bankingoodd. it is best apafter money useingoodd. thank you rockit appp,online very easy apafter real liappe bankingoodd. it is best apafter money useingoodd. thank you rockit app,online very easy apafter real liappe bankingoodd. it is best apafter money useingoodd. thank you rockit app
e8f956c6-8aa6-454a-b4ab-f7774318c6e9,no money is taken from any bank or card.,no money is tawhy approm any bank or card.,no money is tawhy approm any bank or card.,en,0.925,no money is tawhy approm any bank or card.,no money is tawhy approm any bank or card.,no money is tawhy approm any bank or card.
743e8dc6-3657-4b76-a4d3-5d47dac36a59,"rocket is just a great app — super simple and easy to use. sending money, paying bills, recharging my phone, checking balance, it all just works. fast transactions, instant notifications, no crashes or weird glitches. the app is lightweight, doesn't kill my battery, and works fine even on slow internet. plus agents are everywhere, so cash-in/out is never a hassle. honestly, it makes life easier without overcomplicating things. big thumbs up!","rockit is just a gooddreat appp — super simple and easy to use. sendingoodd money, payingoodd bills, rechargooddingoodd my phone, checkingoodd balanicee, it all just works. appast transactions, instant notiappications, no crashes or weird gooddlitches. the appp is ligooddhtweigooddht, doesn't kill my bittery, and works appine even on slow internit. plus agooddents are everywhere, so cash-in/out is never a hassle. honestly, it makes liappe easier without overcomplicatingoodd thingoodds. bigoodd thumbullshit up!","rockit is just a gooddreat appp — super simple and easy to use. sendingoodd money, payingoodd bills, rechargooddingoodd my phone, checkingoodd balanicee, it all just works. appast transactions, instant notiappications, no crashes or weird gooddlitches. the appp is ligooddhtweigooddht, doesn't kill my bittery, and works appine even on slow internit. plus agooddents are everywhere, so cash-in/out is never a hassle. honestly, it makes liappe easier without overcomplicatingoodd thingoodds. bigoodd thumbullshit up!",en,0.868,"rockit is just a gooddreat appp — super simple and easy to use. sendingoodd money, payingoodd bills, rechargooddingoodd my phone, checkingoodd balanicee, it all just works. appast transactions, instant notiappications, no crashes or weird gooddlitches. the appp is ligooddhtweigooddht, doesn't kill my bittery, and works appine even on slow internit. plus agooddents are everywhere, so cash-in/out is never a hassle. honestly, it makes liappe easier without overcomplicatingoodd thingoodds. bigoodd thumbullshit up!","rockit is just a gooddreat app super simple and easy to use. sendingoodd money, payingoodd bills, rechargooddingoodd my phone, checkingoodd balanicee, it all just works. appast transactions, instant notiappications, no crashes or weird gooddlitches. the app is ligooddhtweigooddht, doesn't kill my bittery, and works appine even on slow internit. plus agooddents are everywhere, so cash-inout is never a hassle. honestly, it makes liappe easier without overcomplicatingoodd thingoodds. bigoodd thumbullshit up!","rockit is just a gooddreat app super simple and easy to use. sendingoodd money, payingoodd bills, rechargooddingoodd my phone, checkingoodd balanice, it all just works. appast transactions, instant notiappications, no crashes or weird gooddlitches. the app is ligooddhtweigooddht, doesn't kill my bittery, and works appine even on slow internit. plus agooddents are everywhere, so cash-inout is never a hassle. honestly, it makes liappe easier without overcomplicatingoodd thingoodds. bigoodd thumbullshit up!"
af7c2de9-7492-4203-820f-fe79555da6d1,usefull for me ❤️‍🩹,useappull apafter me ❤️‍🩹,useappull apafter me  mending_heart ,en,0.399,useappull apafter me  mending_heart,useappull apafter me mending_heart,useappull apafter me mending_heart
d4ed32cd-35f0-4120-9894-be19d0c60d16,good,gooddood,gooddood,nl,0.268,their pits,their pits,their pits
939e5cf7-e0e2-40b6-91aa-6225cb85fac8,"ui system faltu , registration er process purai complicated kfc non kfc ?? user friendly na specially bangladesh er moto sadharon manus er jonno na","ui system appaltu , regooddistration er process purai complicated kappc non kappc ?? user appriendly no/not specially bangooddladesh er moto sadharon manus er jonno no/not","ui system appaltu , regooddistration er process purai complicated kappc non kappc ?? user appriendly no/not specially bangooddladesh er moto sadharon manus er jonno no/not",no,0.191,"ui system appaltu , regooddistration er process purai complicated kappc non kappc ?? user appriendly no/not specially bangooddladesh er moto sadharon manus er jonno no/not","ui system appaltu , regooddistration er process purai complicated kappc non kappc ?? user appriendly nonot specially bangooddladesh er moto sadharon manus er jonno nonot","ui system appaltu , regooddistration er process purai complicated kappc non kappc ?? user appriendly nonot specially bangooddladesh er moto sadharon manus er jonno nonot"
a1556300-8648-40f7-bd21-5fb30ca0aa58,nice,nice,nice,en,0.839,nice,nice,nice
dfa4089e-a592-4565-ac58-fbf1aabb7c87,good 👍,gooddood 👍,gooddood  thumbs_up ,en,0.461,gooddood  thumbs_up,gooddood thumbs_up,gooddood thumbs_up
66446a69-fefe-4634-a1d6-c219fd4044eb,good,gooddood,gooddood,nl,0.268,their pits,their pits,their pits
39f77701-4cc5-4248-ac09-e9662beb08af,"i just recently opened a rocket remittance account...but whenever i try to add money i can't...it shows i have exceeded my transaction limit,..even why i try to transfer 1000 taka..what should i do?.i can't even contact with customer care","i just recently opened a rockit remyttanicee account...but whenever i try to add money i can't...it shows i have exceeded my transaction limyt,..even why i try to transapper 1000 taka..what should i do?.i can't even contact with customer care","i just recently opened a rockit remyttanicee account...but whenever i try to add money i can't...it shows i have exceeded my transaction limyt,..even why i try to transapper 1000 taka..what should i do?.i can't even contact with customer care",en,0.894,"i just recently opened a rockit remyttanicee account...but whenever i try to add money i can't...it shows i have exceeded my transaction limyt,..even why i try to transapper 1000 taka..what should i do?.i can't even contact with customer care","i just recently opened a rockit remyttanicee account..but whenever i try to add money i can't..it shows i have exceeded my transaction limyt,..even why i try to transapper 100 taka..what should i do?.i can't even contact with customer care","i just recently opened a rockit remyttanice account..but whenever i try to add money i can't..it shows i have exceeded my transaction limyt,..even why i try to transapper 100 taka..what should i do?.i can't even contact with customer care"
948bccfd-ddf7-406f-b0d4-fbe3144d3b15,good,gooddood,gooddood,nl,0.268,their pits,their pits,their pits
664614bb-b9d0-4cb2-8154-0aa63b76711d,এই শালারা আমারটা ঠিক হয় কেন,এই শালারা আমারটা ঠিক হয় why,এই শালারা আমারটা ঠিক হয় why,bn,1.0,Why are these shalas just right for me?,why are these shalas just right for me?,why are these shalas just right for me?
ef094ba6-4470-40fb-b30b-dd182cd2e25b,rocket login failed to initiate ivr call 😔,rockit logooddin appailed to initiate ivr call 😔,rockit logooddin appailed to initiate ivr call  pensive_face ,en,0.584,rockit logooddin appailed to initiate ivr call  pensive_face,rockit logooddin appailed to initiate ivr call pensive_face,rockit logooddin appailed to initiate ivr call pensive_face
25282733-aee8-4439-b58b-62580d15fcd7,nice,nice,nice,en,0.839,nice,nice,nice
7610c433-08d4-406e-a6fc-b1a720478abc,nice,nice,nice,en,0.839,nice,nice,nice
8dd48d9a-1d5f-472e-8d8d-51bd254faf7f,nice,nice,nice,en,0.839,nice,nice,nice
58c6f502-dcaa-4f31-91e8-69ce44ba6e4b,very good apps excellent service,very gooddood appps excellent serbrotherce,very gooddood appps excellent serbrotherce,en,0.711,very gooddood appps excellent serbrotherce,very gooddood apps excellent serbrotherce,very gooddood apps excellent serbrotherce
55c06e09-e3ef-4ce1-b54f-aa77ff70be53,❤️❤️❤️❤️,❤️❤️❤️❤️, red_heart  red_heart  red_heart  red_heart ,en,0.378,red_heart  red_heart  red_heart  red_heart,red_heart red_heart red_heart red_heart,red_heart red_heart red_heart red_heart
59df020e-00c5-4386-8e1a-b70db83af94e,good service,gooddood serbrotherce,gooddood serbrotherce,fr,0.143,gooddood serbrotherce,gooddood serbrotherce,gooddood serbrotherce
56536351-fb07-41cf-b386-b5790d73dc70,what a problem,what a problem,what a problem,en,0.937,what a problem,what a problem,what a problem
b2afd3ae-1fa9-4579-9300-4d2c2e4ed661,thank you,thank you,thank you,en,0.792,thank you,thank you,thank you
096b216f-a616-4385-a98c-1e151e80765e,i use this app. this app works well.,i use this appp. this appp works well.,i use this appp. this appp works well.,en,0.861,i use this appp. this appp works well.,i use this app. this app works well.,i use this app. this app works well.
8871ca35-fd19-4032-9674-ebfdad1f6950,nice,nice,nice,en,0.839,nice,nice,nice
d2991d83-e3e5-4499-ab64-7c9be55eff7b,good,gooddood,gooddood,nl,0.268,their pits,their pits,their pits
924ea953-dd44-492a-9fbd-600f1dfe6917,good,gooddood,gooddood,nl,0.268,their pits,their pits,their pits
c40b8763-5dc9-45d0-b294-5be46ad6f23e,😇😇😇😇🐯😇😇😇😇,😇😇😇😇🐯😇😇😇😇, smiling_face_with_halo  smiling_face_with_halo  smiling_face_with_halo  smiling_face_with_halo  tiger_face  smiling_face_with_halo  smiling_face_with_halo  smiling_face_with_halo  smiling_face_with_halo ,en,0.362,smiling_face_with_halo  smiling_face_with_halo  smiling_face_with_halo  smiling_face_with_halo  tiger_face  smiling_face_with_halo  smiling_face_with_halo  smiling_face_with_halo  smiling_face_with_halo,smiling_face_with_halo smiling_face_with_halo smiling_face_with_halo smiling_face_with_halo tiger_face smiling_face_with_halo smiling_face_with_halo smiling_face_with_halo smiling_face_with_halo,smiling_face_with_halo smiling_face_with_halo smiling_face_with_halo smiling_face_with_halo tiger_face smiling_face_with_halo smiling_face_with_halo smiling_face_with_halo smiling_face_with_halo
09943732-cb9a-467c-9d02-e16680a09133,it is helpful apps.this system is very updated.,it is helpappul appps.this system is very updated.,it is helpappul appps.this system is very updated.,en,0.946,it is helpappul appps.this system is very updated.,it is helpappul apps.this system is very updated.,it is helpappul apps.this system is very updated.
cc000311-a5f4-44a6-8ed2-fcb65cce4c95,nice,nice,nice,en,0.839,nice,nice,nice
ff1b6b40-8003-45db-8d61-703216fb2958,very bad service this apps,very bad serbrotherce this appps,very bad serbrotherce this appps,en,0.83,very bad serbrotherce this appps,very bad serbrotherce this apps,very bad serbrotherce this apps
46899d9e-2a64-469e-a96e-2ceeeb43c894,ok,ok,ok,en,0.898,ok,ok,ok
239645ac-855c-48d9-93af-2e60e3d0e528,good,gooddood,gooddood,nl,0.268,their pits,their pits,their pits
557a3bf5-dfae-4f97-81c3-331b752275c1,নাইছ,nice,nice,en,0.839,nice,nice,nice
918ec03f-ccc0-4449-9990-c8fa249ffe31,well,well,well,en,0.998,well,well,well
ad7aa546-2c92-402b-8781-411231c40285,best mobile bank,best mobilee bank,best mobilee bank,en,0.666,best mobilee bank,best mobilee bank,best mobilee bank
2b987d5f-42ed-4c30-b6ff-7143cfca60ad,manish pawar 💯,manish pawar 💯,manish pawar  hundred_points ,en,0.55,manish pawar  hundred_points,manish pawar hundred_points,manish pawar hundred_points
a5b17389-0bde-4fda-861d-1973a731c9e3,add biometrics on login app or small transaction,add biomytrics on logooddin appp or small transaction,add biomytrics on logooddin appp or small transaction,en,0.556,add biomytrics on logooddin appp or small transaction,add biomytrics on logooddin app or small transaction,add biomytrics on logooddin app or small transaction
62e8fe45-8e3c-4d54-850c-1f711d425f5a,rocket,rockit,rockit,it,0.272,rockit,rockit,rockit
29cf8cc1-477f-482d-bba0-aa56ce5af3d2,দারুন,দারুন,দারুন,bn,1.0,great,great,great
704ddbce-573a-48f6-b558-25eb94c0e640,nice apps,nice appps,nice appps,en,0.78,nice appps,nice apps,nice apps
61c6c571-8893-421f-b353-a1cc96d6a2de,"sometimes i feel like the app is running very slowly. i have been clicking the home button for like 3 minutes straight but still it didn't go into that section. also when i was trying to give pic of the front side of my nid, the right arrow is too high for which it's difficult to press that. overall,the app is good no doubt but i think the authority should take measures of such small mistakes.","somytimes i appeel like the appp is runningoodd very slowly. i have been clickingoodd the home button apafter like 3 mynutes straigooddht but still it didn't gooddo into that section. also when i was tryingoodd to gooddive pic oapp the appront side oapp my nid, the rigooddht arrow is too higooddh apafter which it's diappappicult to press that. overall,the appp is gooddood no doubt but i think the authority should take measures oapp such small mystakes.","somytimes i appeel like the appp is runningoodd very slowly. i have been clickingoodd the home button apafter like 3 mynutes straigooddht but still it didn't gooddo into that section. also when i was tryingoodd to gooddive pic oapp the appront side oapp my nid, the rigooddht arrow is too higooddh apafter which it's diappappicult to press that. overall,the appp is gooddood no doubt but i think the authority should take measures oapp such small mystakes.",en,0.969,"somytimes i appeel like the appp is runningoodd very slowly. i have been clickingoodd the home button apafter like 3 mynutes straigooddht but still it didn't gooddo into that section. also when i was tryingoodd to gooddive pic oapp the appront side oapp my nid, the rigooddht arrow is too higooddh apafter which it's diappappicult to press that. overall,the appp is gooddood no doubt but i think the authority should take measures oapp such small mystakes.","somytimes i appeel like the app is runningoodd very slowly. i have been clickingoodd the home button apafter like 3 mynutes straigooddht but still it didn't gooddo into that section. also when i was tryingoodd to gooddive pic oapp the appront side oapp my nid, the rigooddht arrow is too higooddh apafter which it's diappappicult to press that. overall,the app is gooddood no doubt but i think the authority should take measures oapp such small mystakes.","somytimes i appeel like the app is runningoodd very slowly. i have been clickingoodd the home button apafter like 3 mynutes straigooddht but still it didn't gooddo into that section. also when i was tryingoodd to gooddive pic oapp the appront side oapp my nid, the rigooddht arrow is too higooddh apafter which it's diappappicult to press that. overall,the app is gooddood no doubt but i think the authority should take measures oapp such small mystakes."
9a8a22d4-2908-4f3e-8f04-7a51d8c719a3,ok,ok,ok,en,0.898,ok,ok,ok
467449ed-68e5-407f-81db-e4128ff190c4,"it's a useless app, i'm downloading it but it's not working.","it's a useless appp, i'm downloadingoodd it but it's not workingoodd.","it's a useless appp, i'm downloadingoodd it but it's not workingoodd.",en,0.944,"it's a useless appp, i'm downloadingoodd it but it's not workingoodd.","it's a useless app, i'm downloadingoodd it but it's not workingoodd.","it's a useless app, i'm downloadingoodd it but it's not workingoodd."
e404f193-3b08-4493-af31-cba0e5d7e9b4,good app,gooddood appp,gooddood appp,en,0.266,gooddood appp,gooddood app,gooddood app
0b169992-835b-4a92-89dd-6414b17ec886,nice,nice,nice,en,0.839,nice,nice,nice
df73cec5-bfdf-4355-9d56-9ba802097dc0,নাইচ,nice,nice,en,0.839,nice,nice,nice
979e6126-8215-48c7-be39-2ae06ece048d,মনে হয় রকেটে ডিপিএস এবং লোনের অপশন রাখলে ভালো হয়,মনে হয় রকেটে ডিপিএস এবং লোনের অপশন রাখলে good হয়,মনে হয় রকেটে ডিপিএস এবং লোনের অপশন রাখলে good হয়,bn,1.0,It seems that putting DPS and loan option in rocket is good,it seems that putting dps and loan option in rocket is good,it seems that putting dps and loan option in rocket is good
e7d9ca54-d266-476a-beeb-fdb7cb849964,"i've transferred money from rocket to bkash but the money haven't been added to bkash and cut out from the rocket account...i waited for 40 minutes but there is no update...and i can't submit the complain in app , always says a problem has occurred.","i've transapperred money approm rockit to bkash but the money haven't been added to bkash and cut out approm the rockit account...i waited apafter 40 mynutes but there is no update...and i can't submyt the complain in appp , always says a problem has occurred.","i've transapperred money approm rockit to bkash but the money haven't been added to bkash and cut out approm the rockit account...i waited apafter 40 mynutes but there is no update...and i can't submyt the complain in appp , always says a problem has occurred.",en,0.954,"i've transapperred money approm rockit to bkash but the money haven't been added to bkash and cut out approm the rockit account...i waited apafter 40 mynutes but there is no update...and i can't submyt the complain in appp , always says a problem has occurred.","i've transapperred money approm rockit to bkash but the money haven't been added to bkash and cut out approm the rockit account..i waited apafter 40 mynutes but there is no update..and i can't submyt the complain in app , always says a problem has occurred.","i've transapperred money approm rockit to bkash but the money haven't been added to bkash and cut out approm the rockit account..i waited apafter 40 mynutes but there is no update..and i can't submyt the complain in app , always says a problem has occurred."
4c632796-8db4-4c7c-8fea-4766312c5cfd,nice app,nice appp,nice appp,en,0.785,nice appp,nice app,nice app
b5aff5c1-30d1-42a8-b1f5-2205bf69acbb,good,gooddood,gooddood,nl,0.268,their pits,their pits,their pits
d4e8e12e-f3b4-4411-8443-6fb8c9c0db0f,"এদের কাস্টমার সাভিস সেন্টারে কল দিয়ে পাওয়াই যায়, ফালতু ম্যানেজম্যান্ট 🤬","এদের কাস্টমার সাভিস সেন্টারে কল দিয়ে পাওয়াই যায়, ফালতু ম্যানেজম্যান্ট 🤬","এদের কাস্টমার সাভিস সেন্টারে কল দিয়ে পাওয়াই যায়, ফালতু ম্যানেজম্যান্ট  face_with_symbols_on_mouth ",bn,0.997,"They can be reached by calling their customer service center, the crappy management face_with_symbols_on_mouth.","they can be reached by calling their customer service center, the crappy management face_with_symbols_on_mouth.","they can be reached by calling their customer service center, the crappy management face_with_symbols_on_mouth."
64cbdcd2-2872-4afb-bd5d-5cc6e092c6b6,very good app,very gooddood appp,very gooddood appp,en,0.92,very gooddood appp,very gooddood app,very gooddood app
389a122e-d9f6-400a-836a-20e640710c40,need to take less time to activate an account. ..,need to take less time to activate an account. ..,need to take less time to activate an account. ..,en,0.881,need to take less time to activate an account. ..,need to take less time to activate an account. ..,need to take less time to activate an account. ..
5d08d94f-b309-4b27-9205-e091f483dfba,good,gooddood,gooddood,nl,0.268,their pits,their pits,their pits
2ff7353c-530c-4426-a214-f4e9948d3018,nice app,nice appp,nice appp,en,0.785,nice appp,nice app,nice app
3a7b2837-6028-47b2-8927-261d7ba8ac17,good,gooddood,gooddood,nl,0.268,their pits,their pits,their pits
45327969-8690-43ce-a73b-8e516b962cd8,🖤,🖤, black_heart ,en,0.377,black_heart,black_heart,black_heart
451631cf-b2cd-4192-affd-a556ae3d1017,thanks for everything,thanks apafter everythingoodd,thanks apafter everythingoodd,en,0.587,thanks apafter everythingoodd,thanks apafter everythingoodd,thanks apafter everythingoodd
30adb5ea-8329-4e36-945e-e5fc2475a36e,very easy,very easy,very easy,en,0.99,very easy,very easy,very easy
3a603f63-3716-4d01-bcb4-daafa43b2e63,nice.,nice.,nice.,en,0.962,nice.,nice.,nice.
df1c0c53-e073-4903-8c69-889418ec022b,nice apps,nice appps,nice appps,en,0.78,nice appps,nice apps,nice apps
4e270f38-1836-40d4-94aa-c6d7ab3ae938,enjoy,enjoy,enjoy,en,0.994,enjoy,enjoy,enjoy
6d8d341a-785a-4894-854e-0625672cc0f9,done...!!💓,done...!!💓,done...!! beating_heart ,en,0.804,done...!! beating_heart,done..!! beating_heart,done..!! beating_heart
d8708d21-23c2-41f5-b34d-d62e2e5b3344,নাইস,nice,nice,en,0.839,nice,nice,nice
66666e96-c080-4d59-b7f3-fe74451ea8fb,nice app,nice appp,nice appp,en,0.785,nice appp,nice app,nice app
46339736-56eb-42c9-9ba4-9a9d385949a9,fantastic app✌️,appantastic appp✌️,appantastic appp victory_hand ,en,0.734,appantastic appp victory_hand,appantastic app victory_hand,appantastic app victory_hand
06676fa4-ebee-4572-99ac-251f499408f3,valo na,good no/not,good no/not,no,0.541,good no/not,good nonot,good nonot
d195cc2f-20fa-422f-a885-b1ec9c46d837,অনেক ভালো 🥰🥰,অনেক good 🥰🥰,অনেক good  smiling_face_with_hearts  smiling_face_with_hearts ,en,0.42,অনেক good  smiling_face_with_hearts  smiling_face_with_hearts,good smiling_face_with_hearts smiling_face_with_hearts,good smiling_face_with_hearts smiling_face_with_hearts
c1e93e2b-e827-43a4-9a30-382bbafeec9b,good,gooddood,gooddood,nl,0.268,their pits,their pits,their pits
6b6b28ad-c8f4-4198-bda6-3fd29f49c061,cooo,cooo,cooo,en,0.544,cooo,coo,coo
e8e67501-e834-4edf-baae-45aa6cffbcb4,nice,nice,nice,en,0.839,nice,nice,nice
9463b366-c025-419c-957e-935ee8d29e1c,nice,nice,nice,en,0.839,nice,nice,nice
13138418-fed3-4a37-9f3c-e5ae98c658c3,good,gooddood,gooddood,nl,0.268,their pits,their pits,their pits
e5b0fb9d-b2a7-454c-9f68-c09dc4369fc4,nice,nice,nice,en,0.839,nice,nice,nice
cda9fbc7-7ec2-42d7-a3e8-4afc5d4e7821,very very nice,very very nice,very very nice,en,1.0,very very nice,very very nice,very very nice
5631f03b-c995-44c5-a2c8-9476a9e222ca,রকেট apps বাজে আনেক ট্রাই করার পরও আসে না 👎👎,রকেট appps বাজে আনেক ট্রাই করার পরও আসে না 👎👎,রকেট appps বাজে আনেক ট্রাই করার পরও আসে না  thumbs_down  thumbs_down ,bn,0.941,Rocket appps sucks after many tries thumbs_down thumbs_down,rocket apps sucks after many tries thumbs_down thumbs_down,rocket apps sucks after many tries thumbs_down thumbs_down
01279e0f-94cc-4bbc-8c62-1eebd43c280e,🥰🥰🥰,🥰🥰🥰, smiling_face_with_hearts  smiling_face_with_hearts  smiling_face_with_hearts ,en,0.494,smiling_face_with_hearts  smiling_face_with_hearts  smiling_face_with_hearts,smiling_face_with_hearts smiling_face_with_hearts smiling_face_with_hearts,smiling_face_with_hearts smiling_face_with_hearts smiling_face_with_hearts
be7d906e-d558-4b42-8f00-6d539fdb9cec,খুব ভালো এফ টা,খুব good app টা,খুব good app টা,bn,0.672,Very good app,very good app,very good app
b0404ca2-48d1-4460-8fbd-15540de8f009,the photo taken for nid verification cannot be uploaded because their mobile software ui is not right. the tick mark goes under the battery icon. they cannot hire a good software developer while doing business worth crores of taka. shameful.,the photo tawhy apafter nid veryappication cannot be uploaded because their mobilee soapptware ui is not rigooddht. the tick mark gooddoes under the bittery icon. they cannot hire a gooddood soapptware developer while doingoodd business worth crores oapp taka. shameappul.,the photo tawhy apafter nid veryappication cannot be uploaded because their mobilee soapptware ui is not rigooddht. the tick mark gooddoes under the bittery icon. they cannot hire a gooddood soapptware developer while doingoodd business worth crores oapp taka. shameappul.,en,0.892,the photo tawhy apafter nid veryappication cannot be uploaded because their mobilee soapptware ui is not rigooddht. the tick mark gooddoes under the bittery icon. they cannot hire a gooddood soapptware developer while doingoodd business worth crores oapp taka. shameappul.,the photo tawhy apafter nid veryappication cannot be uploaded because their mobilee soapptware ui is not rigooddht. the tick mark gooddoes under the bittery icon. they cannot hire a gooddood soapptware developer while doingoodd business worth crores oapp taka. shameappul.,the photo tawhy apafter nid veryappication cannot be uploaded because their mobilee soapptware ui is not rigooddht. the tick mark gooddoes under the bittery icon. they cannot hire a gooddood soapptware developer while doingoodd business worth crores oapp taka. shameappul.
ce66b0dc-71ab-4201-b0cc-777aee70027f,nic app,nice appp,nice appp,en,0.785,nice appp,nice app,nice app
f402848a-d3d4-463d-90d9-f47d24f37e85,good app,gooddood appp,gooddood appp,en,0.266,gooddood appp,gooddood app,gooddood app
060e7c78-cf8d-493a-9b5c-3bcd8d90988d,"improve your numpad, add border to numbers","improve your numpad, add border to numbers","improve your numpad, add border to numbers",en,0.338,"improve your numpad, add border to numbers","improve your numpad, add border to numbers","improve your numpad, add border to numbers"
4a5ec98d-8e39-43bb-9d30-c8898868ae34,ভেরি নাইস অ্যাপ,ভেরি nice অ্যাপ,ভেরি nice অ্যাপ,bn,0.999,Very nice app,very nice app,very nice app
040ff23f-527b-4040-8e34-38e0e53b9ee7,doesn't work....,doesn't work....,doesn't work....,en,0.997,doesn't work....,doesn't work..,doesn't work..
51118e86-ef49-4503-a45d-c2489b40ae63,nice,nice,nice,en,0.839,nice,nice,nice
a44733b7-4b36-479c-9470-f37934d89af9,good,gooddood,gooddood,nl,0.268,their pits,their pits,their pits
0a9dcaf3-5f91-4461-8f69-dbe7aea6de59,good,gooddood,gooddood,nl,0.268,their pits,their pits,their pits
46bfd9c3-7759-4a19-a350-33b51a142377,nice,nice,nice,en,0.839,nice,nice,nice
3a097910-ff6d-4850-a57a-f488ad74d0d7,good,gooddood,gooddood,nl,0.268,their pits,their pits,their pits
a0d2d228-e7f5-41fc-aa19-6c330023184c,average,averagoodde,averagoodde,en,0.426,averagoodde,averagoodde,averagoodde
8ae84088-ab05-42bb-aa23-6511edc50a33,good,gooddood,gooddood,nl,0.268,their pits,their pits,their pits
c7bb6bed-3394-4fe1-a3e1-8fac334ff8ab,হাগামাগা কুত্তা,হাগামাগা কুত্তা,হাগামাগা কুত্তা,bn,0.997,Hagamaga dog,hagamaga dog,hagamaga dog
a0a98fcf-cc5a-4c33-8d52-1bb3d3ac5559,good app,gooddood appp,gooddood appp,en,0.266,gooddood appp,gooddood app,gooddood app
bda85bd0-0fc6-49f5-8d81-11446a86c897,bad,bad,bad,en,0.295,bad,bad,bad
733361f8-5cbe-453b-99a9-56819e5574bf,👍👍👍,👍👍👍, thumbs_up  thumbs_up  thumbs_up ,en,0.837,thumbs_up  thumbs_up  thumbs_up,thumbs_up thumbs_up thumbs_up,thumbs_up thumbs_up thumbs_up
ed3abafc-7761-4df2-8269-4d0516cb0eb4,very good,very gooddood,very gooddood,en,0.938,very gooddood,very gooddood,very gooddood
27711b8a-1350-4393-b3a4-4bdc4bcb83aa,please add the add money option to rocket agent app,please add the add money option to rockit agooddent appp,please add the add money option to rockit agooddent appp,en,0.546,please add the add money option to rockit agooddent appp,please add the add money option to rockit agooddent app,please add the add money option to rockit agooddent app
38d2c1f2-dd8b-4225-923e-ac5108a39921,বেস্ট,বেস্ট,বেস্ট,bn,1.0,the best,the best,the best
d6d569de-ce66-4705-892c-6889b8ed5a33,good,gooddood,gooddood,nl,0.268,their pits,their pits,their pits
42a474d1-01ee-4d64-b425-b43e6b200900,ওকে জহ,okে জহ,okে জহ,bn,0.95,ok jah,ok jah,ok jah
c255bede-fdf5-48a0-8687-1806075acc8f,👍👍,👍👍, thumbs_up  thumbs_up ,en,0.835,thumbs_up  thumbs_up,thumbs_up thumbs_up,thumbs_up thumbs_up
d89ff9e6-da68-46e2-b2f9-8a9ccaf305c5,good app,gooddood appp,gooddood appp,en,0.266,gooddood appp,gooddood app,gooddood app
b591c74d-5f31-42d6-b4a7-8f624676dd68,cas out,cas out,cas out,ru,0.412,cas out,cas out,cas out
115b8a31-1741-440f-8360-d9736726f184,ট্রানজেকশন হিস্টোরিতে ক্যাশ আউট অথবা সেন্ড মানি নাম্বার দেখা যায় না,ট্রানজেকশন হিস্টোরিতে ক্যাশ আউট অথবা সেন্ড মানি নাম্বার দেখা যায় না,ট্রানজেকশন হিস্টোরিতে ক্যাশ আউট অথবা সেন্ড মানি নাম্বার দেখা যায় না,bn,1.0,Cash out or send money numbers are not visible in transaction history,cash out or send money numbers are not visible in transaction history,cash out or send money numbers are not visible in transaction history
a526c9a7-b2c3-4719-8fe3-c894638036c6,খুব ভালো এইটা,খুব good এইটা,খুব good এইটা,bn,0.813,This is very good,this is very good,this is very good
c783813c-c125-49f6-b969-1890f53a1f3c,nice 🥰,nice 🥰,nice  smiling_face_with_hearts ,en,0.568,nice  smiling_face_with_hearts,nice smiling_face_with_hearts,nice smiling_face_with_hearts
7dc86ab7-1b26-40f2-9b8e-e54cfbbbdcda,অনেক ঁভালো,অনেক ঁgood,অনেক ঁgood,bn,0.898,Very good,very good,very good
6ba52b38-55e8-48aa-9f94-14bdf1ab6e56,teletalk mnp sim e rocket app login hoyna ivr call kaj kore na ivr system ta bad den,telitalk mnp sim e rockit appp logooddin hoyno/not ivr call kaj kore no/not ivr system ta bad den,telitalk mnp sim e rockit appp logooddin hoyno/not ivr call kaj kore no/not ivr system ta bad den,eo,0.535,telitalk mnp sim e rockit appp logooddin hoyno/not ivr call kaj kore no/not ivr system ta bad den,telitalk mnp sim e rockit app logooddin hoynonot ivr call kaj kore nonot ivr system ta bad den,telitalk mnp sim e rockit app logooddin hoynonot ivr call kaj kore nonot ivr system ta bad den
34f7776a-c7b5-4d66-8037-7702bebe6f22,"excellent, wonderful and simple.","excellent, wonderappul and simple.","excellent, wonderappul and simple.",en,0.767,"excellent, wonderappul and simple.","excellent, wonderappul and simple.","excellent, wonderappul and simple."
3c1a9fe9-8b6f-433e-ab5e-7060984290f6,very very nice😊😊,very very nice😊😊,very very nice smiling_face_with_smiling_eyes  smiling_face_with_smiling_eyes ,en,0.68,very very nice smiling_face_with_smiling_eyes  smiling_face_with_smiling_eyes,very very nice smiling_face_with_smiling_eyes smiling_face_with_smiling_eyes,very very nice smiling_face_with_smiling_eyes smiling_face_with_smiling_eyes
174b5451-1dfe-4ce9-8124-26e408417da3,wow,wow,wow,ceb,0.366,wow,wow,wow
5ae46257-46e3-4fa9-af3e-0466e33b0260,রকেট এবং চালু হচ্ছে না কেন,রকেট এবং চালু হচ্ছে না why,রকেট এবং চালু হচ্ছে না why,bn,0.999,Rocket and not launching why,rocket and not launching why,rocket and not launching why
d7592851-7497-4441-917c-df1847d5cbcd,good,gooddood,gooddood,nl,0.268,their pits,their pits,their pits
450f423a-860a-48f5-907b-b5513c24354e,good,gooddood,gooddood,nl,0.268,their pits,their pits,their pits
7f7c316c-d0e6-499a-9703-74d8a709f40f,ok,ok,ok,en,0.898,ok,ok,ok
cb3249a0-ba9b-45ce-ad3e-9de124da78c7,good,gooddood,gooddood,nl,0.268,their pits,their pits,their pits
2a4a98a5-58cf-4f8a-8b9d-34e07d1295ed,naice,no/notice,no/notice,no,0.385,no/notice,nonotice,nonotice
9d1e39b6-d0c9-484d-af36-82afbd881467,good apps,gooddood appps,gooddood appps,en,0.304,gooddood appps,gooddood apps,gooddood apps
6df70905-4fbd-4638-9c2f-91cd8a5f0c4d,"it is very smart. but as a corporate salary, it is free for withdraw from atm and free for send money. we hope, it should be same for legal remittances senders.","it is very smart. but as a corafterate salary, it is appree apafter withdraw approm atm and appree apafter send money. we hope, it should be same apafter legooddal remyttanicees senders.","it is very smart. but as a corafterate salary, it is appree apafter withdraw approm atm and appree apafter send money. we hope, it should be same apafter legooddal remyttanicees senders.",en,0.9,"it is very smart. but as a corafterate salary, it is appree apafter withdraw approm atm and appree apafter send money. we hope, it should be same apafter legooddal remyttanicees senders.","it is very smart. but as a corafterate salary, it is appree apafter withdraw approm atm and appree apafter send money. we hope, it should be same apafter legooddal remyttanicees senders.","it is very smart. but as a corafterate salary, it is appree apafter withdraw approm atm and appree apafter send money. we hope, it should be same apafter legooddal remyttanices senders."
5a3a7cda-3e0e-49a3-9a19-f1aec7aece0c,ভালো।,good।,good।,bn,0.408,good।,good,good
75609d45-c2f1-4485-9939-c541225b6a1d,good 👍👍👍👍👍,gooddood 👍👍👍👍👍,gooddood  thumbs_up  thumbs_up  thumbs_up  thumbs_up  thumbs_up ,en,0.752,gooddood  thumbs_up  thumbs_up  thumbs_up  thumbs_up  thumbs_up,gooddood thumbs_up thumbs_up thumbs_up thumbs_up thumbs_up,gooddood thumbs_up thumbs_up thumbs_up thumbs_up thumbs_up
4bdf4311-4461-4a08-85aa-83d5c36aa121,very bad apps,very bad appps,very bad appps,en,0.981,very bad appps,very bad apps,very bad apps
781c88e2-d974-4451-b31d-f79ad11cf2d3,app says time out and then call,appp says time out and then call,appp says time out and then call,en,0.937,appp says time out and then call,app says time out and then call,app says time out and then call
85cb3bd7-5d79-4b35-867c-e8e83bf1277e,best,best,best,en,0.169,best,best,best
c924cee9-3293-40c0-818a-ce383f464b78,good,gooddood,gooddood,nl,0.268,their pits,their pits,their pits
16548958-079d-4f18-a580-7d83471a9a95,good,gooddood,gooddood,nl,0.268,their pits,their pits,their pits
bb4add93-3756-420c-a913-4dea0fea72e1,good app,gooddood appp,gooddood appp,en,0.266,gooddood appp,gooddood app,gooddood app
8175ea94-0077-452b-ad7a-db7f3ddc38b6,nice,nice,nice,en,0.839,nice,nice,nice
b691530a-02bf-407d-9760-084485bfda64,nice ........app,nice ........appp,nice ........appp,pt,0.309,nice ........appp,nice ..app,nice ..app
1d919899-e39e-49da-8014-f6cdca7ce302,nice apps,nice appps,nice appps,en,0.78,nice appps,nice apps,nice apps
2a946822-2a58-48f6-8fdc-f9388349ea96,hossain লোন নিতেই চাই,hossain লোন নিতেই চাই,hossain লোন নিতেই চাই,bn,0.883,Hossain wants to take a loan,hossain wants to take a loan,hossain wants to take a loan
4d5c6d0c-0f52-46c7-8941-17b242a16d81,good,gooddood,gooddood,nl,0.268,their pits,their pits,their pits
377b6cf3-5ced-453a-9e38-7c5eb1110a2f,সামসাং গ্যালাক্সি এ 17 5g টেকনো স্পার্ক 30 প্রো ইনফিনিক্স হট 60 প্রো এই তিনটা ডিভাইসের মধ্যে একটি ডিভাইসের আমার রকেট একাউন্ট অ্যাপস লগইন হয় না অফিসে কল দিলে বলে দেখতেছি আপনাকে জানাবো তারপরে কোন রেসপন্স পাই না আমি বিহিত 5 মাস ধরে এই সমস্যা ভুগতেছি,সামসাং গ্যালাক্সি এ 17 5goodd টেকনো স্পার্ক 30 প্রো ইনফিনিক্স হট 60 প্রো এই তিনটা ডিভাইসের মধ্যে একটি ডিভাইসের আমার রকেট একাউন্ট অ্যাপস লগইন হয় না অফিসে কল দিলে বলে দেখতেছি appনাকে জানাবো তারপরে কোন রেসপন্স পাই না আমি বিহিত 5 মাস ধরে এই সমস্যা ভুগতেছি,সামসাং গ্যালাক্সি এ 17 5goodd টেকনো স্পার্ক 30 প্রো ইনফিনিক্স হট 60 প্রো এই তিনটা ডিভাইসের মধ্যে একটি ডিভাইসের আমার রকেট একাউন্ট অ্যাপস লগইন হয় না অফিসে কল দিলে বলে দেখতেছি appনাকে জানাবো তারপরে কোন রেসপন্স পাই না আমি বিহিত 5 মাস ধরে এই সমস্যা ভুগতেছি,bn,1.0,Samsung Galaxy A17 5goodd Tecno Spark 30 Pro Infinix Hot 60 Pro One of these three devices my rocket account apps are not login when I call the office I see the app will notify me then no response I have been suffering from this problem for about 5 months,samsung galaxy a17 5goodd tecno spark 30 pro infinix hot 60 pro one of these three devices my rocket account apps are not login when i call the office i see the app will notify me then no response i have been suffering from this problem for about 5 months,samsung galaxy a17 5goodd tecno spark 30 pro infinix hot 60 pro one of these three devices my rocket account apps are not login when i call the office i see the app will notify me then no response i have been suffering from this problem for about 5 months
96d66a76-bcb3-4bbb-9162-ce62664becc5,nice apps,nice appps,nice appps,en,0.78,nice appps,nice apps,nice apps
e915e249-6ba7-47a4-9c54-636bfffb72cf,perfect,perappect,perappect,en,0.605,perappect,perappect,perappect
a8b3a772-96f4-48f5-b7b4-38cc140d5e64,wow so happy rocket ❤️❤️❤️❤️❤️🥰👍,wow so happpy rockit ❤️❤️❤️❤️❤️🥰👍,wow so happpy rockit  red_heart  red_heart  red_heart  red_heart  red_heart  smiling_face_with_hearts  thumbs_up ,en,0.504,wow so happpy rockit  red_heart  red_heart  red_heart  red_heart  red_heart  smiling_face_with_hearts  thumbs_up,wow so happy rockit red_heart red_heart red_heart red_heart red_heart smiling_face_with_hearts thumbs_up,wow so happy rockit red_heart red_heart red_heart red_heart red_heart smiling_face_with_hearts thumbs_up
cf19b579-d2e7-4eb4-b1e1-e38b48b39105,good,gooddood,gooddood,nl,0.268,their pits,their pits,their pits
d5fa1a53-eee2-4a78-b164-f26689505676,good,gooddood,gooddood,nl,0.268,their pits,their pits,their pits
3b8f1f5e-cbd2-45d7-b271-153bb03aa620,চাপট করেনা,চাপট করেনা,চাপট করেনা,bn,0.999,does not pressure,does not pressure,does not pressure
dcf5b6ea-8c95-4bf2-8d2a-11a6f45c6c1e,rocket update cai...,rockit update cai...,rockit update cai...,pt,0.479,rockit update horses...,rockit update horses..,rockit update horses..
ee5e89f8-cb56-415f-8d9f-3f2efc1622dc,ok,ok,ok,en,0.898,ok,ok,ok
b840c637-afbc-4009-b1c4-742ef5df977e,good,gooddood,gooddood,nl,0.268,their pits,their pits,their pits
5be3b445-7f80-46ce-9931-643851ed3b36,good,gooddood,gooddood,nl,0.268,their pits,their pits,their pits
3ff2ecee-c0aa-48a6-964a-d5f8537cf8b9,good,gooddood,gooddood,nl,0.268,their pits,their pits,their pits
5775511b-9a05-4447-84ab-7e2530feb571,flooding with notifications!!,apploodingoodd with notiappications!!,apploodingoodd with notiappications!!,en,0.73,apploodingoodd with notiappications!!,apploodingoodd with notiappications!!,apploodingoodd with notiappications!!
04388b55-b515-4752-9e39-85dc0135cec4,i like this appp love,i like this apppp lovee,i like this apppp lovee,en,0.512,i like this apppp lovee,i like this app lovee,i like this app lovee
c4a7042d-7928-4b7d-a9c0-dce2ab05e9f9,good job,gooddood job,gooddood job,en,0.416,gooddood job,gooddood job,gooddood job
31f6a694-63bc-44d6-a9a6-b3df72216176,good app,gooddood appp,gooddood appp,en,0.266,gooddood appp,gooddood app,gooddood app
980fdbfc-62c5-4b1f-ba06-061ddf1c5df5,❤️‍🩹,❤️‍🩹, mending_heart ,en,0.499,mending_heart,mending_heart,mending_heart
5db868d3-64f9-46d4-a6fa-ee7cc396599d,nice 🙂,nice 🙂,nice  slightly_smiling_face ,en,0.516,nice  slightly_smiling_face,nice slightly_smiling_face,nice slightly_smiling_face
75369268-e72c-478a-9ce5-49656e3b78e6,good,gooddood,gooddood,nl,0.268,their pits,their pits,their pits
d3c6557e-8ee1-472a-972d-827905d9dc28,"আমার ধনের এপ্স বানাইসো ভাইয়া,সেই হইছে খানকির পোলারা। কোন নাম্বারে টাকা সেন্ড করে সমস্যায় পরলে,পরে আর সে নাম্বার টাই শো করেনা। এইসব বালচাল বানাও কেনো?বিকাশ নগদ দেখে শিখো কিছু বাইঞ্চুদেরা।","আমার ধনের এপ্স বাniceো ভাইয়া,সেই হইছে খানকির পোলারা। কোন নাম্বারে bdt সেন্ড করে সমস্যায় পরলে,পরে আর সে নাম্বার টাই শো করেনা। এইসব বালচাল বানাও whyো?বিকাশ নগদ দেখে শিখো কিছু বাইঞ্চুদেরা।","আমার ধনের এপ্স বাniceো ভাইয়া,সেই হইছে খানকির পোলারা। কোন নাম্বারে bdt সেন্ড করে সমস্যায় পরলে,পরে আর সে নাম্বার টাই শো করেনা। এইসব বালচাল বানাও whyো?বিকাশ নগদ দেখে শিখো কিছু বাইঞ্চুদেরা।",bn,0.999,"My money app is Baniceo brother, that's Khanki's polara. If you get into trouble by sending bdt to any number, then that number doesn't show. Why make these balchals? Learn some bainchudas by watching development cash.","my money app is baniceo brother, that's khanki's polara. if you get into trouble by sending bdt to any number, then that number doesn't show. why make these balchals? learn some bainchudas by watching development cash.","my money app is baniceo brother, that's khanki's polara. if you get into trouble by sending bdt to any number, then that number doesn't show. why make these balchals? learn some bainchudas by watching development cash."
e9794cee-3a83-44eb-a485-c7014ec22c4e,very good,very gooddood,very gooddood,en,0.938,very gooddood,very gooddood,very gooddood
f12beaa8-ca33-4d0b-ada2-681160b303ab,good apps,gooddood appps,gooddood appps,en,0.304,gooddood appps,gooddood apps,gooddood apps
0823727c-2f49-41ca-a707-ede87cbdd374,valo,good,good,en,0.895,good,good,good
537a535b-8a6d-4379-9a17-e2187f93a324,very helpfully,very helpappully,very helpappully,en,0.934,very helpappully,very helpappully,very helpappully
c7c748db-a931-4ef9-a7b7-4c939786c324,good app,gooddood appp,gooddood appp,en,0.266,gooddood appp,gooddood app,gooddood app
d67f2e3b-1c11-438a-a1f6-846f9b69f162,app service good👍,appp serbrotherce gooddood👍,appp serbrotherce gooddood thumbs_up ,en,0.35,appp serbrotherce gooddood thumbs_up,app serbrotherce gooddood thumbs_up,app serbrotherce gooddood thumbs_up
96c7cf4e-1ae2-40b0-9b0f-e60579735ac1,good service rocket app,gooddood serbrotherce rockit appp,gooddood serbrotherce rockit appp,en,0.214,gooddood serbrotherce rockit appp,gooddood serbrotherce rockit app,gooddood serbrotherce rockit app
48036907-aba6-4bb9-8951-291f46f20b31,i transferred my rocket balance to bkash through mfs but my money was not added to bkash. i checked the number many times and even took a screenshot of it. then i see my balance is not there.,i transapperred my rockit balanicee to bkash througooddh mapps but my money was not added to bkash. i checked the number many times and even took a screenshot oapp it. then i see my balanicee is not there.,i transapperred my rockit balanicee to bkash througooddh mapps but my money was not added to bkash. i checked the number many times and even took a screenshot oapp it. then i see my balanicee is not there.,en,0.976,i transapperred my rockit balanicee to bkash througooddh mapps but my money was not added to bkash. i checked the number many times and even took a screenshot oapp it. then i see my balanicee is not there.,i transapperred my rockit balanicee to bkash througooddh mapps but my money was not added to bkash. i checked the number many times and even took a screenshot oapp it. then i see my balanicee is not there.,i transapperred my rockit balanice to bkash througooddh mapps but my money was not added to bkash. i checked the number many times and even took a screenshot oapp it. then i see my balanice is not there.
dfb86db6-525e-4205-b71a-87e572ed0c09,good apps,gooddood appps,gooddood appps,en,0.304,gooddood appps,gooddood apps,gooddood apps
9074c41d-5f6f-41b1-9803-f9ff08c19302,good app,gooddood appp,gooddood appp,en,0.266,gooddood appp,gooddood app,gooddood app
dc246397-e2b6-48a5-8424-4f14e9cb8eff,হা,হা,হা,bn,1.0,Ha,ha,ha
b362a183-3182-41d8-b5bc-8534dbd49caa,বালের app verification error.,useless appp veryappication error.,useless appp veryappication error.,en,0.366,useless appp veryappication error.,useless app veryappication error.,useless app veryappication error.
00714d69-26e5-4ef8-9e30-17fe4d403022,nice,nice,nice,en,0.839,nice,nice,nice
6e28e699-268d-485e-ae87-35abcc290273,💜💜,💜💜, purple_heart  purple_heart ,en,0.445,purple_heart  purple_heart,purple_heart purple_heart,purple_heart purple_heart
236d55b3-66ee-4d09-862b-c9db65533136,good,gooddood,gooddood,nl,0.268,their pits,their pits,their pits
c0d94637-1234-4239-a844-73ee72dd1681,good service🌴,gooddood serbrotherce🌴,gooddood serbrotherce palm_tree ,en,0.258,gooddood serbrotherce palm_tree,gooddood serbrotherce palm_tree,gooddood serbrotherce palm_tree
21438979-afa2-4ff8-b979-ee9e5120f5a7,excellent,excellent,excellent,en,0.821,excellent,excellent,excellent
f2176f24-7e16-40c3-a418-0b3406aadb62,ekbar receipt na nile pore ar receipt er jonno abedon kora jae na. number o dekha jae na cash out korle,ekbar receipt no/not nile aftere ar receipt er jonno abedon kora jappp no/not. number o dekha jappp no/not cash out korle,ekbar receipt no/not nile aftere ar receipt er jonno abedon kora jappp no/not. number o dekha jappp no/not cash out korle,pt,0.227,ekbar receipt no/not nile aftere ar receipt er jonno abedon kora japp no/not. number o dekha japp no/not cash out korle,ekbar receipt nonot nile aftere ar receipt er jonno abedon kora japp nonot. number o dekha japp nonot cash out korle,ekbar receipt nonot nile aftere ar receipt er jonno abedon kora japp nonot. number o dekha japp nonot cash out korle
57930145-c8a6-4160-99ed-4984e909403d,good,gooddood,gooddood,nl,0.268,their pits,their pits,their pits
b859ae88-89b8-4ef9-9406-300779c190a1,excellent,excellent,excellent,en,0.821,excellent,excellent,excellent
4a1edc05-72a0-40dc-a0e7-ab8125f83209,good app,gooddood appp,gooddood appp,en,0.266,gooddood appp,gooddood app,gooddood app
1dff0858-3931-47e9-8eb7-932e27996e87,nice,nice,nice,en,0.839,nice,nice,nice
41230a13-b5fe-473a-9963-4a62313aabf6,very nice,very nice,very nice,en,0.998,very nice,very nice,very nice
be2c5bd2-4ad4-450b-a649-7871c88e67e2,very good,very gooddood,very gooddood,en,0.938,very gooddood,very gooddood,very gooddood
da87528c-1840-4394-baae-3e8337a75290,code get late,codee gooddit late,codee gooddit late,en,0.679,vote gooddit late,vote gooddit late,vote gooddit late
d8811fa0-ce17-4aae-b4dc-462cda658d81,excellent,excellent,excellent,en,0.821,excellent,excellent,excellent
b5c8d58c-fb63-4f15-9535-693be5dce1ff,ok,ok,ok,en,0.898,ok,ok,ok
97816300-b109-4ed2-b1a4-5aba0a452a3c,💝,💝, heart_with_ribbon ,en,0.727,heart_with_ribbon,heart_with_ribbon,heart_with_ribbon
8efca394-2758-4d10-b23f-ba018cdc80c8,ভালো সার্ভিস দেই না কেনো,good সার্ভিস দেই না whyো,good সার্ভিস দেই না whyো,bn,0.871,Why not give good service,why not give good service,why not give good service
ef3622bf-09ac-411a-9b89-8f0ec014d06a,sir account hosa na kano sir,sir account hosa no/not kano sir,sir account hosa no/not kano sir,en,0.27,sir account hosa no/not kano sir,sir account hosa nonot kano sir,sir account hosa nonot kano sir
8a49d472-742c-4a1e-b0e1-f9c653f6d468,good,gooddood,gooddood,nl,0.268,their pits,their pits,their pits
cfef5e25-ccdb-448f-944c-dd31a3bb7e61,nice,nice,nice,en,0.839,nice,nice,nice
07d5ad25-29b7-47e2-b16e-cae235432709,not good,not gooddood,not gooddood,en,0.225,not gooddood,not gooddood,not gooddood
85f3aa00-0d3b-403c-bffd-0261cfe070b8,nice,nice,nice,en,0.839,nice,nice,nice
ade2f288-6969-4936-8923-2f2b5f514718,simply garbage 🗑️,simply gooddarbagoodde 🗑️,simply gooddarbagoodde  wastebasket ,en,0.526,simply gooddarbagoodde  wastebasket,simply gooddarbagoodde wastebasket,simply gooddarbagoodde wastebasket
85e0c9bc-2861-4b4f-b3ae-d98d5800ff0f,nice,nice,nice,en,0.839,nice,nice,nice
d8bc6895-4e75-4728-9dfc-85a3d1236850,nice,nice,nice,en,0.839,nice,nice,nice
71e6ab4f-ce4b-402b-90e0-fa3047b8079a,excellent,excellent,excellent,en,0.821,excellent,excellent,excellent
ba44bce7-bd67-45b1-bf6e-e66337b7b87c,so good,so gooddood,so gooddood,lb,0.221,so gooddood,so gooddood,so gooddood
60b5e236-c8d4-45f6-8c29-1769b4c4ae10,nice,nice,nice,en,0.839,nice,nice,nice
3d93d72b-a703-4d71-97f2-37bf6b0a12ab,👎👎👎 system and design and security,👎👎👎 system and desigooddn and security, thumbs_down  thumbs_down  thumbs_down  system and desigooddn and security,en,0.671,thumbs_down  thumbs_down  thumbs_down  system and desigooddn and security,thumbs_down thumbs_down thumbs_down system and desigooddn and security,thumbs_down thumbs_down thumbs_down system and desigooddn and security
7e1bc096-cd00-4f3a-aacf-7b728ed1b9bb,👍🏼,👍🏼, thumbs_up_medium-light_skin_tone ,en,0.726,thumbs_up_medium-light_skin_tone,thumbs_up_medium-light_skin_tone,thumbs_up_medium-light_skin_tone
e53d2d5e-2d01-43cb-a7d0-69652406b068,nice,nice,nice,en,0.839,nice,nice,nice
bf0dbdd3-1c43-49b1-9493-1c8aba180d64,wow nice,wow nice,wow nice,en,0.574,wow nice,wow nice,wow nice
fd2057f4-1406-4952-84d5-404f4eaf517b,goof,gooddooapp,gooddooapp,nl,0.285,gooddooapp,gooddooapp,gooddooapp
78677623-a9ca-4cf1-81b4-2a54e2b712ed,মাই বিলারে সেভ করা একাউন্ট ডিলেট করলেও ডিলেট হয় না কেন। লগআউট করলে আবার চলে আসো 😰,মাই বিলারে সেভ করা একাউন্ট ডিলেট করলেও ডিলেট হয় না why। লগআউট করলে আবার চলে আসো 😰,মাই বিলারে সেভ করা একাউন্ট ডিলেট করলেও ডিলেট হয় না why। লগআউট করলে আবার চলে আসো  anxious_face_with_sweat ,bn,0.963,"Even if the account saved in My Biller is deleted, it is not deleted. Logout and come back anxious_face_with_sweat","even if the account saved in my biller is deleted, it is not deleted. logout and come back anxious_face_with_sweat","even if the account saved in my biller is deleted, it is not deleted. logout and come back anxious_face_with_sweat"
6f75c6df-b5ae-4324-9790-5bd4cea330d6,good,gooddood,gooddood,nl,0.268,their pits,their pits,their pits
55ba0f9a-7668-4625-8e0e-c031b2ca200a,nice,nice,nice,en,0.839,nice,nice,nice
f1eec134-bb19-49c1-a234-2b3447d8245d,"রকেট এজেন্ট অ্যাপস এ অ্যাড মানি অপশন চালু করা উচিত, যেন ব্যবসা আরো বেশি প্রসারিত করা যায়।","রকেট এজেন্ট অ্যাপস এ অ্যাড মানি অপশন চালু করা উচিত, যেন ব্যবসা আরো বেশি প্রসারিত করা যায়।","রকেট এজেন্ট অ্যাপস এ অ্যাড মানি অপশন চালু করা উচিত, যেন ব্যবসা আরো বেশি প্রসারিত করা যায়।",bn,1.0,Ad money option should be enabled in rocket agent apps to expand the business further.,ad money option should be enabled in rocket agent apps to expand the business further.,ad money option should be enabled in rocket agent apps to expand the business further.
1032258f-f301-489a-9348-eb35f2c39465,nice,nice,nice,en,0.839,nice,nice,nice
d868c379-54ce-425c-8b63-a5309904d22c,অ্যাকাউন্ট হয় না কেন,অ্যাকাউন্ট হয় না why,অ্যাকাউন্ট হয় না why,bn,0.997,The account does not account for why,the account does not account for why,the account does not account for why
5e9dd00c-5f2c-4074-93fd-22faf533220c,😍😍😍,😍😍😍, smiling_face_with_heart-eyes  smiling_face_with_heart-eyes  smiling_face_with_heart-eyes ,en,0.637,smiling_face_with_heart-eyes  smiling_face_with_heart-eyes  smiling_face_with_heart-eyes,smiling_face_with_heart-eyes smiling_face_with_heart-eyes smiling_face_with_heart-eyes,smiling_face_with_heart-eyes smiling_face_with_heart-eyes smiling_face_with_heart-eyes
f5098716-82ba-4f63-8137-a8651c7a1842,good app,gooddood appp,gooddood appp,en,0.266,gooddood appp,gooddood app,gooddood app
46e9f77a-b52d-4105-8f41-5dbe6f86b928,good,gooddood,gooddood,nl,0.268,their pits,their pits,their pits
9a983d7a-f826-4689-b622-2ad52ab919c0,ok,ok,ok,en,0.898,ok,ok,ok
539fb7aa-0d69-4fd8-a471-edf24c7c9ce9,rocket er kaj manuser taka chori kora ami ekjon vukthovugi jibone rocket use korbo na eder kono help center nay jeta ache seter nam chor center,rockit er kaj manuser taka chori kora i ekjon vukthovugooddi jibone rockit use korbo no/not eder kono help center no/noty jita ache siter no/notm chor center,rockit er kaj manuser taka chori kora i ekjon vukthovugooddi jibone rockit use korbo no/not eder kono help center no/noty jita ache siter no/notm chor center,tr,0.196,rockit er kaj manuser taka chori kora i ekjon vukthovugooddi jibone rockit use korbo no/not eder kono help center no/noty jita ache siter no/notm chor center,rockit er kaj manuser taka chori kora i ekjon vukthovugooddi jibone rockit use korbo nonot eder kono help center nonoty jita ache siter nonotm chor center,rockit er kaj manuser taka chori kora i ekjon vukthovugooddi jibone rockit use korbo nonot eder kono help center nonoty jita ache siter nonotm chor center
488bf4d4-dbe3-4042-8a08-6e34661804fe,good apps,gooddood appps,gooddood appps,en,0.304,gooddood appps,gooddood apps,gooddood apps
28a1a966-7a2a-4105-9b83-940a01975c93,নাইচ,nice,nice,en,0.839,nice,nice,nice
69285dc8-2d3e-4e7f-b3fd-5397429d5cb7,good app,gooddood appp,gooddood appp,en,0.266,gooddood appp,gooddood app,gooddood app
bf797084-0cce-4c91-8744-9d75f08874d1,rocket app really good,rockit appp really gooddood,rockit appp really gooddood,en,0.829,rockit appp really gooddood,rockit app really gooddood,rockit app really gooddood
3cddfc3d-b010-4f7d-afa5-cde42343408d,great app's,gooddreat appp's,gooddreat appp's,en,0.913,gooddreat appp's,gooddreat app's,gooddreat app's
f6433180-f7c4-40ca-9231-f390611e7b74,good app,gooddood appp,gooddood appp,en,0.266,gooddood appp,gooddood app,gooddood app
0f826119-b58f-4903-a7b8-b481d3726f9c,nice roket apps,nice rokit appps,nice rokit appps,cs,0.284,nice rocket appps,nice rocket apps,nice rocket apps
336b945f-bbe0-4b8a-a9b4-298474edb257,parsonal,persono/notl,persono/notl,it,0.287,person/notl,personnotl,personnotl
a84f1a78-fe6c-47b6-9309-542a818f3621,rooket is one kind of money debit cradit,rookit is one kind oapp money debit cradit,rookit is one kind oapp money debit cradit,en,0.829,rookit is one kind oapp money debit cradit,rookit is one kind oapp money debit cradit,rookit is one kind oapp money debit cradit
c9582d45-86cb-4a63-b1c1-baa66cbe6c06,good application,gooddood appplication,gooddood appplication,en,0.495,gooddood appplication,gooddood application,gooddood application
55bdfb9f-2388-4a4c-a58d-cf357addf181,it is good,it is gooddood,it is gooddood,en,0.881,it is gooddood,it is gooddood,it is gooddood
30b95977-f487-4cc5-9368-4d6ea50beab6,woow,woow,woow,en,0.741,wow,wow,wow
c416e0e5-62f8-4145-abb8-fab2047cfb20,good,gooddood,gooddood,nl,0.268,their pits,their pits,their pits
d5927e82-22b6-4be2-b07f-cd4799fa8c8a,good,gooddood,gooddood,nl,0.268,their pits,their pits,their pits
04e78b90-4d5c-4e0a-8431-4648f014fc57,very nice,very nice,very nice,en,0.998,very nice,very nice,very nice
8b4ebb75-2867-41ff-a1ea-2ce012940172,my rockets device active,my rockits debrotherce active,my rockits debrotherce active,en,0.559,my rockits debrotherce active,my rockits debrotherce active,my rockits debrotherce active
f73bb10f-3af2-411f-8fc0-0d7f63bcecdb,can you tell me how to delete rocket apps inside company recharge notification?,can you tell me how to delite rockit appps inside company rechargoodde notiappication?,can you tell me how to delite rockit appps inside company rechargoodde notiappication?,en,0.839,can you tell me how to delite rockit appps inside company rechargoodde notiappication?,can you tell me how to delite rockit apps inside company rechargoodde notiappication?,can you tell me how to delite rockit apps inside company rechargoodde notiappication?
4d50af51-1a59-4b8d-b21a-d89d65a815a3,nice,nice,nice,en,0.839,nice,nice,nice
1cd6ec65-f1fd-4df9-b0a6-6300671195bf,খুব খারাপ,খুব খারাপ,খুব খারাপ,bn,0.99,very bad,very bad,very bad
87854a83-2797-4d9a-b2b4-1331708eb1b3,wow,wow,wow,ceb,0.366,wow,wow,wow
3021158e-3fbb-4912-afc9-7938468e2703,good,gooddood,gooddood,nl,0.268,their pits,their pits,their pits
f5c7014a-c5b7-4462-863e-686f0b6d69b1,💕💕💕💕,💕💕💕💕, two_hearts  two_hearts  two_hearts  two_hearts ,en,0.56,two_hearts  two_hearts  two_hearts  two_hearts,two_hearts two_hearts two_hearts two_hearts,two_hearts two_hearts two_hearts two_hearts
293f522b-f263-43e3-91f4-ff7219fecf90,good,gooddood,gooddood,nl,0.268,their pits,their pits,their pits
5ef1d17a-939a-4728-b355-7578cecf119a,naic apps,no/notic appps,no/notic appps,ko,0.277,no/notic appps,nonotic apps,nonotic apps
e318d6a6-6857-43d1-b30c-0723cbac9694,best,best,best,en,0.169,best,best,best
c7107c25-875f-4816-b718-004a720a9dae,very nice 👍,very nice 👍,very nice  thumbs_up ,en,0.984,very nice  thumbs_up ,very nice thumbs_up,very nice thumbs_up
e881ce71-94d4-4f74-8714-fad2c649aeac,too good,too gooddood,too gooddood,en,0.393,too gooddood,too gooddood,too gooddood
bad4ca2a-4226-4890-8864-428f91fa14f8,good apps,gooddood appps,gooddood appps,en,0.304,gooddood appps,gooddood apps,gooddood apps
0b2fe4f7-e61e-4dcd-b4df-f47c7d3fde51,excellent app for mobile banking,excellent appp apafter mobilee bankingoodd,excellent appp apafter mobilee bankingoodd,en,0.627,excellent appp apafter mobilee bankingoodd,excellent app apafter mobilee bankingoodd,excellent app apafter mobilee bankingoodd
b69684c3-468e-4a37-81e3-20fc71f7a190,dont transfer money statmen full,dont transapper money statmen appull,dont transapper money statmen appull,fr,0.314,dont transapper money statmen appull,dont transapper money statmen appull,dont transapper money statmen appull
11ee993a-b54b-4de4-ac6c-e63a6938d924,good,gooddood,gooddood,nl,0.268,their pits,their pits,their pits
42a06973-81cc-410c-8637-45fc2b3bc21e,"account registered hobar por 15 tk dise tarpor ami 1500 tk recharge korsi.. aj 5-7 din por account is not active dekhacche , call center a call korlam 7 bar call korar por ek mohila fon receive korse ovodro mohila.. ashe pashe kono rocket er office nai , bollo mouchak market a office ache , bollam thikana ta sms koren bollo , option nai , bollam fon number der oi office er bollo option nai... ekhon kotha hocche mouchak giye office kivabe khuje ber korbo.. r jodi jhamela thekei thake tahole....","account regooddistered hobar after 15 tk dise tarafter i 1500 tk rechargoodde korsi.. aj 5-7 din after account is not active dekhacche , call center a call korlam 7 bar call korar after ek mohila appon receive korse ovodro mohila.. ashe pashe kono rockit er oappappice no/noti , bollo mouchak markit a oappappice ache , bollam thikano/not ta sms koren bollo , option no/noti , bollam appon number der oi oappappice er bollo option no/noti... ekhon kotha hocche mouchak gooddiye oappappice kivabe khuje ber korbo.. r jodi jhamela thekei thake tahole....","account regooddistered hobar after 15 tk dise tarafter i 1500 tk rechargoodde korsi.. aj 5-7 din after account is not active dekhacche , call center a call korlam 7 bar call korar after ek mohila appon receive korse ovodro mohila.. ashe pashe kono rockit er oappappice no/noti , bollo mouchak markit a oappappice ache , bollam thikano/not ta sms koren bollo , option no/noti , bollam appon number der oi oappappice er bollo option no/noti... ekhon kotha hocche mouchak gooddiye oappappice kivabe khuje ber korbo.. r jodi jhamela thekei thake tahole....",en,0.175,"account regooddistered hobar after 15 tk dise tarafter i 1500 tk rechargoodde korsi.. aj 5-7 din after account is not active dekhacche , call center a call korlam 7 bar call korar after ek mohila appon receive korse ovodro mohila.. ashe pashe kono rockit er oappappice no/noti , bollo mouchak markit a oappappice ache , bollam thikano/not ta sms koren bollo , option no/noti , bollam appon number der oi oappappice er bollo option no/noti... ekhon kotha hocche mouchak gooddiye oappappice kivabe khuje ber korbo.. r jodi jhamela thekei thake tahole....","account regooddistered hobar after 15 tk dise tarafter i 1500 tk rechargoodde korsi.. aj 5-7 din after account is not active dekhacche , call center a call korlam 7 bar call korar after ek mohila appon receive korse ovodro mohila.. ashe pashe kono rockit er oappappice nonoti , bollo mouchak markit a oappappice ache , bollam thikanonot ta sms koren bollo , option nonoti , bollam appon number der oi oappappice er bollo option nonoti.. ekhon kotha hocche mouchak gooddiye oappappice kivabe khuje ber korbo.. r jodi jhamela thekei thake tahole..","account regooddistered hobar after 15 tk dise tarafter i 1500 tk rechargoodde korsi.. aj 5-7 din after account is not active dekhacche , call center a call korlam 7 bar call korar after ek mohila appon receive korse ovodro mohila.. ashe pashe kono rockit er oappappice nonoti , bollo mouchak markit a oappappice ache , bollam thikanonot ta sms koren bollo , option nonoti , bollam appon number der oi oappappice er bollo option nonoti.. ekhon kotha hocche mouchak gooddiye oappappice kivabe khuje ber korbo.. r jodi jhamela thekei thake tahole.."
89cf1419-3b64-46e8-98ce-d3b64dfc7e19,good,gooddood,gooddood,nl,0.268,their pits,their pits,their pits
4212cd8a-d74f-4ed9-9e12-d98988ecf976,rocket is cool 😎😎😎,rockit is cool 😎😎😎,rockit is cool  smiling_face_with_sunglasses  smiling_face_with_sunglasses  smiling_face_with_sunglasses ,en,0.287,rockit is cool  smiling_face_with_sunglasses  smiling_face_with_sunglasses  smiling_face_with_sunglasses,rockit is cool smiling_face_with_sunglasses smiling_face_with_sunglasses smiling_face_with_sunglasses,rockit is cool smiling_face_with_sunglasses smiling_face_with_sunglasses smiling_face_with_sunglasses
877bf28d-0498-4703-8430-545d6f15e818,কোনো ভাবেই লগ ইন করতে পারছি না কাস্টমার সার্ভিস এ ফোন করে কোনো সমাধান পাই নাই এখন কি করা যায় ??,কোনো ভাবেই লগ ইন করতে পারছি না কাস্টমার সার্ভিস এ ফোন করে কোনো সমাধান পাই নাই এখন কি করা যায় ??,কোনো ভাবেই লগ ইন করতে পারছি না কাস্টমার সার্ভিস এ ফোন করে কোনো সমাধান পাই নাই এখন কি করা যায় ??,bn,1.0,"I can't log in any way, I called the customer service and didn't get any solution, what can I do now??","i can't log in any way, i called the customer service and didn't get any solution, what can i do now??","i can't log in any way, i called the customer service and didn't get any solution, what can i do now??"
ee8d2d7c-7ecd-442f-bf56-c16dec49f63a,"রকেট এজেন্ট অ্যাপে 'ব্যাংক টু বিটুবি' (bank to b2b) সুবিধাটি অন্তর্ভুক্ত করা অত্যন্ত জরুরি। এর মাধ্যমে এজেন্টগণ যেকোনো সময় ডিবিবিএল বুথ থেকে বিনা মাশুলে নগদ অর্থ উত্তোলন এবং ব্যাংক অ্যাকাউন্ট থেকে রকেট এজেন্ট অ্যাকাউন্টে ব্যালেন্স স্থানান্তর করতে পারবেন। আশা করি, সংশ্লিষ্ট কর্তৃপক্ষ বিষয়টি গুরুত্বের সাথে বিবেচনা করবেন।","রকেট এজেন্ট অ্যাপে 'ব্যাংক টু বিটুবি' (bank to b2b) সুবিধাটি অন্তর্ভুক্ত করা অত্যন্ত জরুরি। এর মাধ্যমে এজেন্টগণ যেকোনো সময় ডিবিবিএল বুথ থেকে বিনা মাশুলে নগদ অর্থ উত্তোলন এবং ব্যাংক অ্যাকাউন্ট থেকে রকেট এজেন্ট অ্যাকাউন্টে ব্যালেন্স স্থানান্তর করতে পারবেন। আশা করি, সংশ্লিষ্ট কর্তৃপক্ষ বিষয়টি গুরুত্বের সাথে বিবেচনা করবেন।","রকেট এজেন্ট অ্যাপে 'ব্যাংক টু বিটুবি' (bank to b2b) সুবিধাটি অন্তর্ভুক্ত করা অত্যন্ত জরুরি। এর মাধ্যমে এজেন্টগণ যেকোনো সময় ডিবিবিএল বুথ থেকে বিনা মাশুলে নগদ অর্থ উত্তোলন এবং ব্যাংক অ্যাকাউন্ট থেকে রকেট এজেন্ট অ্যাকাউন্টে ব্যালেন্স স্থানান্তর করতে পারবেন। আশা করি, সংশ্লিষ্ট কর্তৃপক্ষ বিষয়টি গুরুত্বের সাথে বিবেচনা করবেন।",bn,0.999,"It is very important to include the 'bank to b2b' facility in the Rocket Agent app. Through this agents can withdraw cash anytime from DBBL booth without any charges and transfer balance from bank account to Rocket Agent account. Hope, concerned authorities will consider the matter seriously.","it is very important to include the 'bank to b2b' facility in the rocket agent app. through this agents can withdraw cash anytime from dbbl booth without any charges and transfer balance from bank account to rocket agent account. hope, concerned authorities will consider the matter seriously.","it is very important to include the 'bank to b2b' facility in the rocket agent app. through this agents can withdraw cash anytime from dbbl booth without any charges and transfer balance from bank account to rocket agent account. hope, concerned authorities will consider the matter seriously."
4504a6f9-af78-419e-9380-14ca1b8aaab3,very nice app 👍,very nice appp 👍,very nice appp  thumbs_up ,en,0.972,very nice appp  thumbs_up ,very nice app thumbs_up,very nice app thumbs_up
f83d9a78-f2b0-4a32-bee5-582da3c8a7ae,নাইচ,nice,nice,en,0.839,nice,nice,nice
61b22fe4-7290-4fae-ad92-6ce3de0b574b,nice,nice,nice,en,0.839,nice,nice,nice
650fa728-dbc6-41d2-89a5-1ab3033839f1,nice apps.,nice appps.,nice appps.,en,0.972,nice appps.,nice apps.,nice apps.
1ab8769d-d818-44c2-ab35-3ed0694cebb7,faltu,appaltu,appaltu,fi,0.882,contract,contract,contract
02775669-107a-491c-9623-bd875c976a9e,"rocket is falling behind. the ui feels incredibly outdated and cluttered compared to other mfs apps. on top of that, the app logo desperately needs a modern redesign to stay relevant. most importantly, the app is consistently laggy and slow, making simple transactions frustrating. it’s high time for a complete overhaul, a new look, and better performance optimization!","rockit is appallingoodd behind. the ui appeels iniceredibly outdated and cluttered compared to other mapps appps. on top oapp that, the appp logooddo desperately needs a modern redesigooddn to stay relevant. most imaftertantly, the appp is consistently lagooddgooddy and slow, makingoodd simple transactions apprustratingoodd. it’s higooddh time apafter a complite overhaul, a new look, and bitter perapaftermanicee optimyzation!","rockit is appallingoodd behind. the ui appeels iniceredibly outdated and cluttered compared to other mapps appps. on top oapp that, the appp logooddo desperately needs a modern redesigooddn to stay relevant. most imaftertantly, the appp is consistently lagooddgooddy and slow, makingoodd simple transactions apprustratingoodd. it’s higooddh time apafter a complite overhaul, a new look, and bitter perapaftermanicee optimyzation!",en,0.847,"rockit is appallingoodd behind. the ui appeels iniceredibly outdated and cluttered compared to other mapps appps. on top oapp that, the appp logooddo desperately needs a modern redesigooddn to stay relevant. most imaftertantly, the appp is consistently lagooddgooddy and slow, makingoodd simple transactions apprustratingoodd. it’s higooddh time apafter a complite overhaul, a new look, and bitter perapaftermanicee optimyzation!","rockit is appallingoodd behind. the ui appeels iniceredibly outdated and cluttered compared to other mapps apps. on top oapp that, the app logooddo desperately needs a modern redesigooddn to stay relevant. most imaftertantly, the app is consistently lagooddgooddy and slow, makingoodd simple transactions apprustratingoodd. its higooddh time apafter a complite overhaul, a new look, and bitter perapaftermanicee optimyzation!","rockit is appallingoodd behind. the ui appeels iniceredibly outdated and cluttered compared to other mapps apps. on top oapp that, the app logooddo desperately needs a modern redesigooddn to stay relevant. most imaftertantly, the app is consistently lagooddgooddy and slow, makingoodd simple transactions apprustratingoodd. its higooddh time apafter a complite overhaul, a new look, and bitter perapaftermanice optimyzation!"
1aee57fa-9388-44f3-8cd3-53522558e693,nice,nice,nice,en,0.839,nice,nice,nice
90274659-1873-499a-b231-b90e7e4f5bd7,good banking app,gooddood bankingoodd appp,gooddood bankingoodd appp,en,0.523,gooddood bankingoodd appp,gooddood bankingoodd app,gooddood bankingoodd app
bab6878e-4000-4b8d-8abf-a03661555fcf,nic,nice,nice,en,0.839,nice,nice,nice
6abfe505-8c29-42bc-a87a-0f9aa36a3ea6,good,gooddood,gooddood,nl,0.268,their pits,their pits,their pits
bc1c5f87-0aa6-4965-974d-42f6248b45c7,অনেক ভালো,অনেক good,অনেক good,bn,0.92,very good,very good,very good
2074e7c5-0985-47fb-886d-c61cfc6cca3c,good,gooddood,gooddood,nl,0.268,their pits,their pits,their pits
48e2584b-8d26-4303-b226-e632cac1abae,well,well,well,en,0.998,well,well,well
5ebad355-831b-4472-a9a6-5d860f51622e,good,gooddood,gooddood,nl,0.268,their pits,their pits,their pits
3020b068-26b2-4bdd-927b-117762ff452a,good,gooddood,gooddood,nl,0.268,their pits,their pits,their pits
18105e4d-a1b0-4a0f-b1fe-24064cdb5df4,ok,ok,ok,en,0.898,ok,ok,ok
95c9c0e0-5758-4ba1-aca1-bfbe352d4413,it's a life saving app easy to use with lots of options.,it's a liappe sabrotherngoodd appp easy to use with lots oapp options.,it's a liappe sabrotherngoodd appp easy to use with lots oapp options.,en,0.914,it's a liappe sabrotherngoodd appp easy to use with lots oapp options.,it's a liappe sabrotherngoodd app easy to use with lots oapp options.,it's a liappe sabrotherngoodd app easy to use with lots oapp options.
8a26144d-b901-4d05-a6a1-ccf8631d4843,good,gooddood,gooddood,nl,0.268,their pits,their pits,their pits
1a59eef5-910c-46d4-89c4-cf695c9cc775,good,gooddood,gooddood,nl,0.268,their pits,their pits,their pits
efbd2728-4ecc-4d74-8ab0-d95feedbe541,good app,gooddood appp,gooddood appp,en,0.266,gooddood appp,gooddood app,gooddood app
8350aadf-a2e9-4612-a743-b3401100011d,great app,gooddreat appp,gooddreat appp,en,0.804,gooddreat appp,gooddreat app,gooddreat app
318972b7-2a34-4505-8c39-a5cc5819d1dc,very good 👍👍👍,very gooddood 👍👍👍,very gooddood  thumbs_up  thumbs_up  thumbs_up ,en,0.885,very gooddood  thumbs_up  thumbs_up  thumbs_up,very gooddood thumbs_up thumbs_up thumbs_up,very gooddood thumbs_up thumbs_up thumbs_up
dd09c7c6-7ad9-405d-a8bd-b29fd0e3b94d,nice,nice,nice,en,0.839,nice,nice,nice
01e180be-0c39-44f4-87c8-1238f82b31d7,good luck 🍀🍀🍀,gooddood luck 🍀🍀🍀,gooddood luck  four_leaf_clover  four_leaf_clover  four_leaf_clover ,en,0.505,gooddood luck  four_leaf_clover  four_leaf_clover  four_leaf_clover,gooddood luck four_leaf_clover four_leaf_clover four_leaf_clover,gooddood luck four_leaf_clover four_leaf_clover four_leaf_clover
390731cb-5fd6-460f-b556-bae07e46d1ad,good,gooddood,gooddood,nl,0.268,their pits,their pits,their pits
af5805ec-9058-4b8f-b1a7-08ffb29188f6,app inside how to delete notifications?,appp inside how to delite notiappications?,appp inside how to delite notiappications?,en,0.82,appp inside how to delite notiappications?,app inside how to delite notiappications?,app inside how to delite notiappications?
f7ce292d-47e8-46a1-af38-ab3f83231a01,rocket account nibandhan garbo,rockit account nibandhan gooddarbo,rockit account nibandhan gooddarbo,en,0.334,rockit account nibandhan gooddarbo,rockit account nibandhan gooddarbo,rockit account nibandhan gooddarbo
657eb3e1-ffd4-4298-ab14-28b8b32d0292,nice..,nice..,nice..,de,0.457,nice..,nice..,nice..
83e0d2b7-ff2e-4cbf-96c6-f7489d2e15ab,good,gooddood,gooddood,nl,0.268,their pits,their pits,their pits
c698d09b-936c-4f0e-9493-93ae5ac7415a,good app,gooddood appp,gooddood appp,en,0.266,gooddood appp,gooddood app,gooddood app
014eea13-f786-4df0-941b-3206e6963a55,naice apps,no/notice appps,no/notice appps,ko,0.221,no/notice appps,nonotice apps,nonotice apps
459a5915-f71a-4268-b4d8-05d65fd9a780,নাইছ,nice,nice,en,0.839,nice,nice,nice
6f773a12-568f-41da-a133-42387c0f5a75,love,lovee,lovee,fr,0.639,lovee,lovee,lovee
3c0db0b4-26c4-442b-bea2-e12042b37d0c,nice,nice,nice,en,0.839,nice,nice,nice
c2228081-79c8-431a-8022-8ec1462e4625,nice app,nice appp,nice appp,en,0.785,nice appp,nice app,nice app
f4160ae1-60ef-4859-933d-bd17255bc176,good,gooddood,gooddood,nl,0.268,their pits,their pits,their pits
2d81e8b0-cddc-41e4-a62c-b8b37687ba54,excellent,excellent,excellent,en,0.821,excellent,excellent,excellent
f1b514c0-7be9-4701-b394-2d8814eb0841,"a very good app, it would be better if fingerprint was added, the cash out fee of 1000/- needs to be made less than that of bkash. best wishes to the dutch bangla bank authorities.","a very gooddood appp, it would be bitter iapp appingoodderprint was added, the cash out appee oapp 1000/- needs to be made less than that oapp bkash. best wishes to the dutch bangooddla bank authorities.","a very gooddood appp, it would be bitter iapp appingoodderprint was added, the cash out appee oapp 1000/- needs to be made less than that oapp bkash. best wishes to the dutch bangooddla bank authorities.",en,0.969,"a very gooddood appp, it would be bitter iapp appingoodderprint was added, the cash out appee oapp 1000/- needs to be made less than that oapp bkash. best wishes to the dutch bangooddla bank authorities.","a very gooddood app, it would be bitter iapp appingoodderprint was added, the cash out appee oapp 100- needs to be made less than that oapp bkash. best wishes to the dutch bangooddla bank authorities.","a very gooddood app, it would be bitter iapp appingoodderprint was added, the cash out appee oapp 100- needs to be made less than that oapp bkash. best wishes to the dutch bangooddla bank authorities."
969412fb-a593-429f-9850-562ba9cf4d0a,nice apps,nice appps,nice appps,en,0.78,nice appps,nice apps,nice apps
a9b6249d-d847-47cc-a0cd-9e4d42dacc13,goob,gooddoob,gooddoob,en,0.378,gooddoob,gooddoob,gooddoob
a645802b-450b-4f3f-a995-410549a6d87b,best,best,best,en,0.169,best,best,best
fe23ed4e-4ba7-4d4c-bdb8-0d40a05c18ae,good,gooddood,gooddood,nl,0.268,their pits,their pits,their pits
52d6d83f-2c8d-472a-8697-6777e28c06a2,ভালো,good,good,en,0.895,good,good,good
912dc6a4-7c1f-4b12-adad-39b55575c1eb,valo,good,good,en,0.895,good,good,good
665863cb-9787-43d4-b6c4-e7e21f677129,nice,nice,nice,en,0.839,nice,nice,nice
98d3c956-d170-4fa5-92f0-3240ae6d4323,ওকে,okে,okে,bn,0.78,ok,ok,ok
44d888d7-4d41-44c2-9313-033cb75fd2f6,💔,💔, broken_heart ,en,0.604,broken_heart,broken_heart,broken_heart
9bbcda05-87d6-4b48-ab0f-7f4e2785bb38,আমি kyc সাবমিট করার সময় ছবি তুলেছি। কিন্তু right ✅ দেওয়ার সময় ক্লিক হচ্ছে না কারণ এইটা একেবারে ডানদিকের কর্নার এ থাকে। আমি অনেক চেষ্টা করেছি। এইটা ডিসপ্লে এর বাইরে চলে গেছে।,আমি kyc সাবমিট করার সময় ছবি তুলেছি। কিন্তু rigooddht ✅ দেওয়ার সময় ক্লিক হচ্ছে না কারণ এইটা একেবারে ডানদিকের কর্নার এ থাকে। আমি অনেক চেষ্টা করেছি। এইটা ডিসপ্লে এর বাইরে চলে গেছে।,আমি kyc সাবমিট করার সময় ছবি তুলেছি। কিন্তু rigooddht  check_mark_button  দেওয়ার সময় ক্লিক হচ্ছে না কারণ এইটা একেবারে ডানদিকের কর্নার এ থাকে। আমি অনেক চেষ্টা করেছি। এইটা ডিসপ্লে এর বাইরে চলে গেছে।,bn,0.999,I took photo while submitting kyc. But when giving rigooddht check_mark_button is not getting clicked because it is in the far right corner. I tried a lot. It has gone beyond the display.,i took photo while submitting kyc. but when giving rigooddht check_mark_button is not getting clicked because it is in the far right corner. i tried a lot. it has gone beyond the display.,i took photo while submitting kyc. but when giving rigooddht check_mark_button is not getting clicked because it is in the far right corner. i tried a lot. it has gone beyond the display.
72de8224-f3db-485b-90f4-3398c0538098,ভালো একটা অ্যাপস রকেট,good একটা অ্যাপস রকেট,good একটা অ্যাপস রকেট,bn,0.999,good is an apps rocket,good is an apps rocket,good is an apps rocket
6317d8ac-a942-4ac5-9eab-9bf801e68d40,good,gooddood,gooddood,nl,0.268,their pits,their pits,their pits
deaa260f-48dd-41fb-a265-c1fef2f8d5b0,মনিরহোসে,মনিরহোসে,মনিরহোসে,bn,0.961,Monirhose,monirhose,monirhose
8c2fa75c-b500-4786-b71a-d0d8e68cdb79,ভালো,good,good,en,0.895,good,good,good
35cca305-6bb6-4b33-b07a-d3a5bce4b9b8,good,gooddood,gooddood,nl,0.268,their pits,their pits,their pits
3f0080de-e7a3-499c-86e0-203cf238c783,excellent,excellent,excellent,en,0.821,excellent,excellent,excellent
0737268d-cfbf-413b-b1ef-cd86715e1f2f,very nice apps.,very nice appps.,very nice appps.,en,0.997,very nice appps.,very nice apps.,very nice apps.
bcc365ef-7f56-47ce-8de1-844112e95e66,good,gooddood,gooddood,nl,0.268,their pits,their pits,their pits
24efac31-c883-4380-bbe9-c33a22bcce5c,good,gooddood,gooddood,nl,0.268,their pits,their pits,their pits
a5e5c4bf-0ce3-4f75-84c1-922189da6516,ok,ok,ok,en,0.898,ok,ok,ok
335be47a-4be9-494f-9480-cc6636d74eca,naice,no/notice,no/notice,no,0.385,no/notice,nonotice,nonotice
5a206be0-b1c3-40a3-a197-4f31c6aaf064,nice,nice,nice,en,0.839,nice,nice,nice
7e412e2d-90a6-4f53-b9a0-56bdd9dc2dd2,"trxid should 1 click to copy,trxid copy feature should be added to the rocket apps","trxid should 1 click to copy,trxid copy appeature should be added to the rockit appps","trxid should 1 click to copy,trxid copy appeature should be added to the rockit appps",en,0.754,"trxid should 1 click to copy,trxid copy appeature should be added to the rockit appps","trxid should 1 click to copy,trxid copy appeature should be added to the rockit apps","trxid should 1 click to copy,trxid copy appeature should be added to the rockit apps"
5dea0589-5d2e-44e7-80f4-f6f0f04643d9,nice app,nice appp,nice appp,en,0.785,nice appp,nice app,nice app
5223d9e4-6847-4ae5-84c2-545c71629c74,extra ordinary,extra ordino/notry,extra ordino/notry,no,0.286,extra ordino/notry,extra ordinonotry,extra ordinonotry
0e70a5b5-4c30-4620-854f-411868bd61d5,good,gooddood,gooddood,nl,0.268,their pits,their pits,their pits
5697aaa0-4ca3-4d66-bd9e-c1f348a86cb1,good,gooddood,gooddood,nl,0.268,their pits,their pits,their pits
1f4d18d8-6f6e-4edc-9273-293e0b263b84,great apps,gooddreat appps,gooddreat appps,en,0.8,gooddreat appps,gooddreat apps,gooddreat apps
df23c230-9e06-493f-847b-80e396339a23,awesome,awesome,awesome,en,0.413,awesome,awesome,awesome
a77c9494-589f-440f-adc8-cc1d00528a69,সোনালি ব্যাংকের শাখা এড করা প্রয়োজন। তা ছাড়া সকল দিকেই অনেক সুবিধা,সোনালি ব্যাংকের শাখা এড করা প্রয়োজন। তা ছাড়া সকল দিকেই অনেক সুবিধা,সোনালি ব্যাংকের শাখা এড করা প্রয়োজন। তা ছাড়া সকল দিকেই অনেক সুবিধা,bn,1.0,Sonali Bank branch needs to be added. Apart from that there are many advantages in all aspects,sonali bank branch needs to be added. apart from that there are many advantages in all aspects,sonali bank branch needs to be added. apart from that there are many advantages in all aspects
2e7b93cd-c3c0-44af-b6a2-3eba218e7880,nice 👍,nice 👍,nice  thumbs_up ,en,0.859,nice  thumbs_up,nice thumbs_up,nice thumbs_up
f47bc2d5-59b4-4f8d-b4d2-0481cbfc4189,"- আসসালামু আলাইকুম, এই rocket apsটি ব্যবহার করে অনেক ভালো লাগে 🥰 - খুব সুন্দর আয়োজন 🌺 - সবার উচিত রকেট এপস ব্যবহার করা 🥀","- আসসালামু আলাইকুম, এই rockit appsটি ব্যবহার করে অনেক good লাগে 🥰 - খুব সুন্দর আয়োজন 🌺 - সবার উচিত রকেট এপস ব্যবহার করা 🥀","- আসসালামু আলাইকুম, এই rockit appsটি ব্যবহার করে অনেক good লাগে  smiling_face_with_hearts  - খুব সুন্দর আয়োজন  hibiscus  - সবার উচিত রকেট এপস ব্যবহার করা  wilted_flower ",bn,0.975,"- Assalamu Alaikum, using this rockit apps feels so good smiling_face_with_hearts - very nice arrangement hibiscus - everyone should use rocket apps wilted_flower","- assalamu alaikum, using this rockit apps feels so good smiling_face_with_hearts - very nice arrangement hibiscus - everyone should use rocket apps wilted_flower","- assalamu alaikum, using this rockit apps feels so good smiling_face_with_hearts - very nice arrangement hibiscus - everyone should use rocket apps wilted_flower"
e6dc6aa9-7cd3-4df7-9701-65a19322e329,good,gooddood,gooddood,nl,0.268,their pits,their pits,their pits
e4c47883-060f-421e-9414-98ec7c3689b2,awesome app 👍👍,awesome appp 👍👍,awesome appp  thumbs_up  thumbs_up ,en,0.769,awesome appp  thumbs_up  thumbs_up,awesome app thumbs_up thumbs_up,awesome app thumbs_up thumbs_up
1e426ae5-90af-451e-a11d-39815ce2fcfe,best,best,best,en,0.169,best,best,best
e750e9d0-8b39-4432-bae5-c8117cdc37c5,nice rocket,nice rockit,nice rockit,en,0.36,nice rocks,nice rocks,nice rocks
93defda3-b966-48dc-be0c-0618dee14c8c,nice app,nice appp,nice appp,en,0.785,nice appp,nice app,nice app
960566ff-6e0b-4e9d-8dac-c1d56f3d8d4c,good apps,gooddood appps,gooddood appps,en,0.304,gooddood appps,gooddood apps,gooddood apps
7b3bce11-0613-4162-b291-862f46f9e372,nice,nice,nice,en,0.839,nice,nice,nice
0cf8d5a4-6cd7-4f83-b483-0bc1b48e0821,nice,nice,nice,en,0.839,nice,nice,nice
1fb68a09-6575-44aa-937c-bff0a1055f22,nice,nice,nice,en,0.839,nice,nice,nice
67190dd9-7904-4232-b93d-53448cc2b5d4,👍,👍, thumbs_up ,en,0.827,thumbs_up,thumbs_up,thumbs_up
f670521c-bf2f-4241-b0f3-52cd7ef8d87c,good 👍,gooddood 👍,gooddood  thumbs_up ,en,0.461,gooddood  thumbs_up,gooddood thumbs_up,gooddood thumbs_up
eb7d5ce6-7ec0-4652-8a64-1f5827d1c6ee,nice,nice,nice,en,0.839,nice,nice,nice
dd7a52f7-fca5-4d45-8220-1eb1579c3a41,good,gooddood,gooddood,nl,0.268,their pits,their pits,their pits
9731eca9-3a38-4a42-8e11-bd6241dd4c0e,good app,gooddood appp,gooddood appp,en,0.266,gooddood appp,gooddood app,gooddood app
f7d8ea28-f903-4dcb-818a-67ca512bc341,❤️❤️,❤️❤️, red_heart  red_heart ,en,0.376,red_heart  red_heart,red_heart red_heart,red_heart red_heart
d4f0bfdd-f7ce-4ed7-9289-b232bb0b00bd,like it,like it,like it,en,0.977,like it,like it,like it
9d3fe0a0-fa5a-4897-9502-50220b91e22c,good,gooddood,gooddood,nl,0.268,their pits,their pits,their pits
84c6b3cc-ef3b-450c-a1fe-8fc34c1ab983,good,gooddood,gooddood,nl,0.268,their pits,their pits,their pits
94c2f237-6f17-4aee-acc0-2c5f93b7b70a,rocket agent to bank tranfer chalu hobe kondin tahole apnader aro beshi sell hobe distribution taka dite pare na oggrim b2b na dile. ete takar risk thake agent er. anpana bkash er moto rocket to dbbl bank linked system update korle agent upokrito hobe.,rockit agooddent to bank trano/notpper start hobe kondin tahole appno/notder aro beshi sell hobe distribution taka dite pare no/not ogooddgooddrim b2b no/not dile. ite takar risk thake agooddent er. anpano/not bkash er moto rockit to dbbl bank linked system update korle agooddent upokrito hobe.,rockit agooddent to bank trano/notpper start hobe kondin tahole appno/notder aro beshi sell hobe distribution taka dite pare no/not ogooddgooddrim b2b no/not dile. ite takar risk thake agooddent er. anpano/not bkash er moto rockit to dbbl bank linked system update korle agooddent upokrito hobe.,en,0.223,rockit agooddent to bank trano/notpper start hobe kondin tahole appno/notder aro beshi sell hobe distribution taka dite pare no/not ogooddgooddrim b2b no/not dile. ite takar risk thake agooddent er. anpano/not bkash er moto rockit to dbbl bank linked system update korle agooddent upokrito hobe.,rockit agooddent to bank tranonotpper start hobe kondin tahole appnonotder aro beshi sell hobe distribution taka dite pare nonot ogooddgooddrim b2b nonot dile. ite takar risk thake agooddent er. anpanonot bkash er moto rockit to dbbl bank linked system update korle agooddent upokrito hobe.,rockit agooddent to bank tranonotpper start hobe kondin tahole appnonotder aro beshi sell hobe distribution taka dite pare nonot ogooddgooddrim b2b nonot dile. ite takar risk thake agooddent er. anpanonot bkash er moto rockit to dbbl bank linked system update korle agooddent upokrito hobe.
6e17d989-5463-4ee7-a022-b928a6038f25,wow,wow,wow,ceb,0.366,wow,wow,wow
c90cb0ab-07b7-4b0a-86aa-2e3ffbb323b3,good,gooddood,gooddood,nl,0.268,their pits,their pits,their pits
5b16b871-b014-42a0-b4b5-a68ef918d11a,"i have been trying for a long time but i can't log in, what can i do now, i need to send my college money for admission, why has this app become so bad?","i have been tryingoodd apafter a loangoodd time but i can't logoodd in, what can i do now, i need to send my collegoodde money apafter admyssion, why has this appp become so bad?","i have been tryingoodd apafter a loangoodd time but i can't logoodd in, what can i do now, i need to send my collegoodde money apafter admyssion, why has this appp become so bad?",en,0.963,"i have been tryingoodd apafter a loangoodd time but i can't logoodd in, what can i do now, i need to send my collegoodde money apafter admyssion, why has this appp become so bad?","i have been tryingoodd apafter a loangoodd time but i can't logoodd in, what can i do now, i need to send my collegoodde money apafter admyssion, why has this app become so bad?","i have been tryingoodd apafter a loangoodd time but i can't logoodd in, what can i do now, i need to send my collegoodde money apafter admyssion, why has this app become so bad?"
b82c13e1-444c-4c94-895b-29255fced5ac,good experience,gooddood experienicee,gooddood experienicee,nl,0.485,gooddood experienicee,gooddood experienicee,gooddood experienice
96a57758-e005-4d3b-a201-405415b6e6c1,good app,gooddood appp,gooddood appp,en,0.266,gooddood appp,gooddood app,gooddood app
2395ba4d-7961-4cc1-a2be-901d00cf6a82,nice,nice,nice,en,0.839,nice,nice,nice
5277eef1-68af-4717-93b2-baef2794f565,ok,ok,ok,en,0.898,ok,ok,ok
5dbb17d7-a7e4-4dbc-a8b4-865ecc625fda,ok,ok,ok,en,0.898,ok,ok,ok
70fb4230-b617-4fa3-a0fa-f61428234c91,এপ্স দিয়ে যখন আমি সেন্ড মানি করবো তখন নাম্বার দেওয়ার পর কার নামে অ্যাকাউন্ট টা কার নামে আছে সেটা যদি সু করত ভালো হতো তাহলে ভুল নাম্বারে টাকা যেত না যেমন আপনাদের নেক্সাস পে মধ্যে আছে 🤐,এপ্স দিয়ে যখন আমি সেন্ড মানি করবো তখন নাম্বার দেওয়ার পর কার নামে অ্যাকাউন্ট টা কার নামে আছে সেটা যদি সু করত good হতো তাহলে ভুল নাম্বারে bdt যেত না যেমন appনাদের নেক্সাস পে মধ্যে আছে 🤐,এপ্স দিয়ে যখন আমি সেন্ড মানি করবো তখন নাম্বার দেওয়ার পর কার নামে অ্যাকাউন্ট টা কার নামে আছে সেটা যদি সু করত good হতো তাহলে ভুল নাম্বারে bdt যেত না যেমন appনাদের নেক্সাস পে মধ্যে আছে  zipper-mouth_face ,bn,0.998,"When I send money through the app, after giving the number, it would have been good if it would have been correct in whose name the account is in whose name, then the bdt would not have gone to the wrong number, as in the app they have nexus pay zipper-mouth_face","when i send money through the app, after giving the number, it would have been good if it would have been correct in whose name the account is in whose name, then the bdt would not have gone to the wrong number, as in the app they have nexus pay zipper-mouth_face","when i send money through the app, after giving the number, it would have been good if it would have been correct in whose name the account is in whose name, then the bdt would not have gone to the wrong number, as in the app they have nexus pay zipper-mouth_face"
737ba81b-3ad2-409d-bed5-c8f81aa7f224,good,gooddood,gooddood,nl,0.268,their pits,their pits,their pits
105376f3-45e4-40cd-9dab-72af58934788,good,gooddood,gooddood,nl,0.268,their pits,their pits,their pits
cc0147dc-70d6-414e-9d7c-53e60d2c75f6,wow,wow,wow,ceb,0.366,wow,wow,wow
fbf40df1-2a24-43a4-9cd3-32a8d03d7a23,happy,happpy,happpy,en,0.787,happpy,happy,happy
12a06b20-a527-4f62-a6fa-d850b7e52930,good app,gooddood appp,gooddood appp,en,0.266,gooddood appp,gooddood app,gooddood app
24a3cb30-0bc2-427a-a393-d64d2956bf57,good,gooddood,gooddood,nl,0.268,their pits,their pits,their pits
53bdf2bf-c26e-41d8-9602-c5177698c69b,good app.,gooddood appp.,gooddood appp.,en,0.308,gooddood appp.,gooddood app.,gooddood app.
fa2ce508-65f3-42c3-9670-01e6ee5d57c2,bolo package acchi nahin chutkule ji rocket account,bolo packagoodde acchi no/nothin chutkule ji rockit account,bolo packagoodde acchi no/nothin chutkule ji rockit account,en,0.197,bolo packagoodde acchi no/nothin jokes ji rockit account,bolo packagoodde acchi nonothin jokes ji rockit account,bolo packagoodde acchi nonothin jokes ji rockit account
2815d640-8df6-464b-a94f-812819a22cfc,good apps,gooddood appps,gooddood appps,en,0.304,gooddood appps,gooddood apps,gooddood apps
764ad094-3e5d-4f78-9f9b-642ff0384e16,nice,nice,nice,en,0.839,nice,nice,nice
440533f6-3f20-4f5a-8eba-ed4fd31df47d,improve kyc system,improve kyc system,improve kyc system,en,0.662,improve kyc system,improve kyc system,improve kyc system
dfcdfeaa-a0af-43e1-b797-031687bd14a5,khob valo,very good,very good,en,0.999,very good,very good,very good
612b2fe5-796f-4b61-8b52-a60906a223b6,nice apps,nice appps,nice appps,en,0.78,nice appps,nice apps,nice apps
5dcf03e7-6ca1-4e74-8273-41e3e164aacb,nice,nice,nice,en,0.839,nice,nice,nice
9e010bdb-df9d-49c3-8e8e-d66c4554b7c4,good app,gooddood appp,gooddood appp,en,0.266,gooddood appp,gooddood app,gooddood app
638cca2f-35d1-457d-836e-2bffa1a2711e,supar,super,super,en,0.384,super,super,super
e447a325-933a-426f-85dc-e6fae3e7c160,very nice apps,very nice appps,very nice appps,en,0.987,very nice appps,very nice apps,very nice apps
7ba54c88-50b7-4a11-8a24-878545f4f179,good,gooddood,gooddood,nl,0.268,their pits,their pits,their pits
9a928cd5-393c-49e6-9560-79434737d6fc,💷💷,💷💷, pound_banknote  pound_banknote ,en,0.504,pound_banknote  pound_banknote,pound_banknote pound_banknote,pound_banknote pound_banknote
18dd1c2a-8f60-4917-96c7-9541d880ae17,best apps,best appps,best appps,en,0.449,best appps,best apps,best apps
e34df45d-db52-479e-81d3-2d9121d82b69,ফালতু সিস্টেম লগইন হয় না,ফালতু সিস্টেম লগইন হয় না,ফালতু সিস্টেম লগইন হয় না,bn,0.999,No nonsense system login,no nonsense system login,no nonsense system login
409129ac-e24c-450a-8606-2a7af3bfab98,mini statement এ কাস্টমারের নাম্বার দিয়ে search করার অপশন add করেন,myni statement এ কাস্টমারের নাম্বার দিয়ে search করার অপশন add করেন,myni statement এ কাস্টমারের নাম্বার দিয়ে search করার অপশন add করেন,bn,0.996,Add option to search by customer number in myni statement,add option to search by customer number in myni statement,add option to search by customer number in myni statement
f17360bb-a61a-4fb2-aaca-10032f1bb067,নাইচ,nice,nice,en,0.839,nice,nice,nice
92df5be9-9131-4c04-a977-b5204bcff87e,good aps,gooddood apps,gooddood apps,en,0.267,gooddood apps,gooddood apps,gooddood apps
f80545ad-bbaf-4dac-bf92-4b234ba78ba9,very nice,very nice,very nice,en,0.998,very nice,very nice,very nice
c8e6992d-ebc1-4fe6-a626-c452c224841b,nice app,nice appp,nice appp,en,0.785,nice appp,nice app,nice app
dca850b3-2900-4db8-82e2-070ad25591bb,good apk,gooddood appk,gooddood appk,nl,0.309,gooddood appk,gooddood appk,gooddood appk
55974717-f4cc-4190-9955-bace975224fc,খুবই ভালো একটা এপ্চ,খুবই good একটা এপ্চ,খুবই good একটা এপ্চ,bn,0.921,Very good app,very good app,very good app
4ee74e82-a75b-451e-a724-f3bc42d388ca,good app,gooddood appp,gooddood appp,en,0.266,gooddood appp,gooddood app,gooddood app
0a71ad1f-0616-4e3f-abea-d1663c472c96,wow,wow,wow,ceb,0.366,wow,wow,wow
466d5980-aac5-4bce-9b7d-8ca75c28ead0,nice 💯 app,nice 💯 appp,nice  hundred_points  appp,en,0.499,nice  hundred_points  appp,nice hundred_points app,nice hundred_points app
ad2f4fbe-ed16-4350-a563-b1c5cbd7383c,নিম্ন মানের একটা এপ শুধু পবলেম আর পবলেম,নিম্ন মানের একটা এপ শুধু পবলেম আর পবলেম,নিম্ন মানের একটা এপ শুধু পবলেম আর পবলেম,bn,1.0,A poor quality app is just problems and problems,a poor quality app is just problems and problems,a poor quality app is just problems and problems
3ba1fb98-d256-4cf7-a450-09a861214590,good,gooddood,gooddood,nl,0.268,their pits,their pits,their pits
cc716d75-deb5-4dae-9377-bd5e7b3ff179,rocket customer service is so weak it seems like it is an illegal site it is so bad that it goes without saying that since rocket is operating all over bangladesh its customer service is so bad i called rocket customer service and they deducted all the money in my sim card while i was waiting and still i did not get the calling service. in my opinion no one should use rocket apps because i wasted my time on it but i did not get the service someone will be in danger then what to do if i do not ge,rockit customer serbrotherce is so weak it seems like it is an illegooddal site it is so bad that it gooddoes without sayingoodd that sinicee rockit is operatingoodd all over bangooddladesh its customer serbrotherce is so bad i called rockit customer serbrotherce and they deducted all the money in my sim card while i was waitingoodd and still i did not gooddit the callingoodd serbrotherce. in my opinion no one should use rockit appps because i wasted my time on it but i did not gooddit the serbrotherce someone will be in dangoodder then what to do iapp i do not goodde,rockit customer serbrotherce is so weak it seems like it is an illegooddal site it is so bad that it gooddoes without sayingoodd that sinicee rockit is operatingoodd all over bangooddladesh its customer serbrotherce is so bad i called rockit customer serbrotherce and they deducted all the money in my sim card while i was waitingoodd and still i did not gooddit the callingoodd serbrotherce. in my opinion no one should use rockit appps because i wasted my time on it but i did not gooddit the serbrotherce someone will be in dangoodder then what to do iapp i do not goodde,en,0.945,rockit customer serbrotherce is so weak it seems like it is an illegooddal site it is so bad that it gooddoes without sayingoodd that sinicee rockit is operatingoodd all over bangooddladesh its customer serbrotherce is so bad i called rockit customer serbrotherce and they deducted all the money in my sim card while i was waitingoodd and still i did not gooddit the callingoodd serbrotherce. in my opinion no one should use rockit appps because i wasted my time on it but i did not gooddit the serbrotherce someone will be in dangoodder then what to do iapp i do not goodde,rockit customer serbrotherce is so weak it seems like it is an illegooddal site it is so bad that it gooddoes without sayingoodd that sinicee rockit is operatingoodd all over bangooddladesh its customer serbrotherce is so bad i called rockit customer serbrotherce and they deducted all the money in my sim card while i was waitingoodd and still i did not gooddit the callingoodd serbrotherce. in my opinion no one should use rockit apps because i wasted my time on it but i did not gooddit the serbrotherce someone will be in dangoodder then what to do iapp i do not goodde,rockit customer serbrotherce is so weak it seems like it is an illegooddal site it is so bad that it gooddoes without sayingoodd that sinice rockit is operatingoodd all over bangooddladesh its customer serbrotherce is so bad i called rockit customer serbrotherce and they deducted all the money in my sim card while i was waitingoodd and still i did not gooddit the callingoodd serbrotherce. in my opinion no one should use rockit apps because i wasted my time on it but i did not gooddit the serbrotherce someone will be in dangoodder then what to do iapp i do not goodde
2dba4d81-c2cd-4b28-9a54-a1a900b8e5a7,"very good apps.. robi,gp,airtel all discount package offer update need....","very gooddood appps.. robi,gooddp,airtel all discount packagoodde oappapper update need....","very gooddood appps.. robi,gooddp,airtel all discount packagoodde oappapper update need....",en,0.576,"very gooddood appps.. robi,gooddp,airtel all discount packagoodde oappapper update need....","very gooddood apps.. robi,gooddp,airtel all discount packagoodde oappapper update need..","very gooddood apps.. robi,gooddp,airtel all discount packagoodde oappapper update need.."
1da5f37f-15ec-4975-a37e-3ccbbcbcd0de,nice app,nice appp,nice appp,en,0.785,nice appp,nice app,nice app
5e3f1260-1591-455a-aa0d-11664c13f416,good apps,gooddood appps,gooddood appps,en,0.304,gooddood appps,gooddood apps,gooddood apps
dd8ac555-dfb4-45d4-a674-08e35e35bf6e,good,gooddood,gooddood,nl,0.268,their pits,their pits,their pits
a1725f99-721a-4301-8280-dfed9c820e14,good mobile banking,gooddood mobilee bankingoodd,gooddood mobilee bankingoodd,en,0.539,gooddood mobilee bankingoodd,gooddood mobilee bankingoodd,gooddood mobilee bankingoodd
a604daad-8a65-412b-a255-ee74bec5751e,ekdom dhoner app...khule account e taka thaka r porew account not active dekhai...kono help nebo...okhanew dekhai account not active 😂,ekdom dhoner appp...khule account e taka thaka r afterew account not active dekhai...kono help nebo...okhanew dekhai account not active 😂,ekdom dhoner appp...khule account e taka thaka r afterew account not active dekhai...kono help nebo...okhanew dekhai account not active  face_with_tears_of_joy ,en,0.708,ekdom dhoner appp...khule account e taka thaka r afterew account not active dekhai...kono help nebo...okhanew dekhai account not active face_with_tears_of_joy,ekdom dhoner app..khule account e taka thaka r afterew account not active dekhai..kono help nebo..okhanew dekhai account not active face_with_tears_of_joy,ekdom dhoner app..khule account e taka thaka r afterew account not active dekhai..kono help nebo..okhanew dekhai account not active face_with_tears_of_joy
cc14542d-2604-422c-ad89-f1193b0e349d,good,gooddood,gooddood,nl,0.268,their pits,their pits,their pits
7e4435eb-5689-4769-86d2-03f90b90b9fd,nice,nice,nice,en,0.839,nice,nice,nice
362055fb-208c-4ebd-af03-6203105a9ecd,very nice,very nice,very nice,en,0.998,very nice,very nice,very nice
9e9314a3-d21a-420c-83b8-cbe0c2f76835,good service of rocket ✔️,gooddood serbrotherce oapp rockit ✔️,gooddood serbrotherce oapp rockit  check_mark ,en,0.262,gooddood serbrotherce oapp rockit  check_mark,gooddood serbrotherce oapp rockit check_mark,gooddood serbrotherce oapp rockit check_mark
630c1790-6bc4-4ed6-ab59-cee9e0908cbf,good,gooddood,gooddood,nl,0.268,their pits,their pits,their pits
533e9f7a-2d51-4438-9015-e88883af7860,nice,nice,nice,en,0.839,nice,nice,nice
7bf076b8-60ea-43d0-88d4-9604c42826d0,ivr call not receive 😵😵,ivr call not receive 😵😵,ivr call not receive  face_with_crossed-out_eyes  face_with_crossed-out_eyes ,en,0.545,ivr call not receive  face_with_crossed-out_eyes  face_with_crossed-out_eyes,ivr call not receive face_with_crossed-out_eyes face_with_crossed-out_eyes,ivr call not receive face_with_crossed-out_eyes face_with_crossed-out_eyes
fb76b977-da87-4ed3-bc38-39580c0824bd,"the rocket app is overall great for transactions, but there's a minor issue that needs fixing. currently, we cannot copy the transaction id (trxid) directly from the success screen or history. manually typing it out is time-consuming and prone to errors. please add a 'copy' button or allow long-press to copy the trxid in the next update. it would make the app much more user-friendly.","the rockit appp is overall gooddreat apafter transactions, but there's a mynor issue that needs appixingoodd. currently, we cannot copy the transaction id (trxid) directly approm the success screen or history. manually typingoodd it out is time-consumyngoodd and prone to errors. please add a 'copy' button or allow loangoodd-press to copy the trxid in the next update. it would make the appp much more user-appriendly.","the rockit appp is overall gooddreat apafter transactions, but there's a mynor issue that needs appixingoodd. currently, we cannot copy the transaction id (trxid) directly approm the success screen or history. manually typingoodd it out is time-consumyngoodd and prone to errors. please add a 'copy' button or allow loangoodd-press to copy the trxid in the next update. it would make the appp much more user-appriendly.",en,0.887,"the rockit appp is overall gooddreat apafter transactions, but there's a mynor issue that needs appixingoodd. currently, we cannot copy the transaction id (trxid) directly approm the success screen or history. manually typingoodd it out is time-consumyngoodd and prone to errors. please add a 'copy' button or allow loangoodd-press to copy the trxid in the next update. it would make the appp much more user-appriendly.","the rockit app is overall gooddreat apafter transactions, but there's a mynor issue that needs appixingoodd. currently, we cannot copy the transaction id (trxid) directly approm the success screen or history. manually typingoodd it out is time-consumyngoodd and prone to errors. please add a 'copy' button or allow loangoodd-press to copy the trxid in the next update. it would make the app much more user-appriendly.","the rockit app is overall gooddreat apafter transactions, but there's a mynor issue that needs appixingoodd. currently, we cannot copy the transaction id (trxid) directly approm the success screen or history. manually typingoodd it out is time-consumyngoodd and prone to errors. please add a 'copy' button or allow loangoodd-press to copy the trxid in the next update. it would make the app much more user-appriendly."
8eb5b361-49a6-4da0-9c79-88b075f90120,"great app, idk why this fell behind bkash and nagad.","gooddreat appp, idk why this appell behind bkash and no/notgooddad.","gooddreat appp, idk why this appell behind bkash and no/notgooddad.",en,0.703,"gooddreat appp, idk why this appell behind bkash and no/notgooddad.","gooddreat app, idk why this appell behind bkash and nonotgooddad.","gooddreat app, idk why this appell behind bkash and nonotgooddad."
26602e02-30ff-470a-b780-a03418fa7627,wonderful apps and service,wonderappul appps and serbrotherce,wonderappul appps and serbrotherce,en,0.541,wonderappul appps and serbrotherce,wonderappul apps and serbrotherce,wonderappul apps and serbrotherce
e9b3c4a8-eb90-4502-b37b-ebe893bc8e1b,rata apps on,rthis appps on,rthis appps on,en,0.86,rthis appps on,rthis apps on,rthis apps on
0cfa0389-62be-4378-9377-d3f108dab14a,nice apps,nice appps,nice appps,en,0.78,nice appps,nice apps,nice apps
ece0a99c-d92f-4731-bd57-26b55ae26324,nice,nice,nice,en,0.839,nice,nice,nice
ab159583-9728-4888-8a80-152b4c4acc47,হয়,হয়,হয়,as,0.7,is,is,is
8f5f3c9e-36e4-4cdd-a503-20a9bc2a5074,good app,gooddood appp,gooddood appp,en,0.266,gooddood appp,gooddood app,gooddood app
26f5d6f4-c4bd-4f6e-99e2-975c2ff78404,ok,ok,ok,en,0.898,ok,ok,ok
75794292-cf8e-4c1d-b9a4-5fa494ebfcdc,3500কামআহি বহ৷,3500কামআহি বহ৷,3500কামআহি বহ৷,as,0.846,3500 km,3500 km,3500 km
08370c62-4753-472c-9b4c-904297ab7f03,"sauar app akta, login faild dekhay bar bar","sauar appp akta, logooddin appaild dekhay bar bar","sauar appp akta, logooddin appaild dekhay bar bar",en,0.09,"sauar appp acta, logoddin appaild dekhay again and again","sauar app acta, logoddin appaild dekhay again and again","sauar app acta, logoddin appaild dekhay again and again"
9fefa423-9619-4948-afd5-16477e651f46,ok,ok,ok,en,0.898,ok,ok,ok
934cd825-9bde-4ba7-bf5f-0b67bc9dcba4,good app,gooddood appp,gooddood appp,en,0.266,gooddood appp,gooddood app,gooddood app
3eb01f8f-5bf2-4ca0-8d6d-28344e6ef6de,nice,nice,nice,en,0.839,nice,nice,nice
c4844b2a-fb6f-430e-8841-0b8ddd130f32,nice,nice,nice,en,0.839,nice,nice,nice
bdc4b3cf-af90-4e93-90ef-2f01330a29d6,nice,nice,nice,en,0.839,nice,nice,nice
fb8e7bd1-4610-40fe-b1ed-865c7c68216c,good apps,gooddood appps,gooddood appps,en,0.304,gooddood appps,gooddood apps,gooddood apps
0f19e0f2-b3c2-42f2-8c43-77482c314a66,nice,nice,nice,en,0.839,nice,nice,nice
c8126d18-1e58-479f-bf45-0373f8a08f61,add card and bank account,add card and bank account,add card and bank account,en,0.881,add card and bank account,add card and bank account,add card and bank account
40fe1d4d-ae65-4953-837e-e0d42aa62462,nice,nice,nice,en,0.839,nice,nice,nice
afc75904-d67b-49c4-970b-741be74b88f8,good,gooddood,gooddood,nl,0.268,their pits,their pits,their pits
b822f473-e69d-4a87-bff4-6bc3946818f8,helpful,helpappul,helpappul,eo,0.283,helpapple,helpapple,helpapple
0466ba7b-95a3-40aa-8bae-9cf1279218a8,nice to,nice to,nice to,en,0.99,nice to,nice to,nice to
9459af89-1605-4a2b-bec1-135ce8d73d10,nice app,nice appp,nice appp,en,0.785,nice appp,nice app,nice app
ac82e9d1-12ad-42c9-8186-baa99a415d5d,বাংলাদেশের প্রথম মোবাইল ব্যাংকিং কোম্পানি। আমার জীবনে প্রথম মোবাইল ব্যাংকিং ব্যবহার করি রকেটের মাধ্যমে। রকেট একটি বিশ্বস্ত মাধ্যম।,বাংলাদেশের প্রথম মোবাইল ব্যাংকিং কোম্পানি। আমার জীবনে প্রথম মোবাইল ব্যাংকিং ব্যবহার করি রকেটের মাধ্যমে। রকেট একটি বিশ্বস্ত মাধ্যম।,বাংলাদেশের প্রথম মোবাইল ব্যাংকিং কোম্পানি। আমার জীবনে প্রথম মোবাইল ব্যাংকিং ব্যবহার করি রকেটের মাধ্যমে। রকেট একটি বিশ্বস্ত মাধ্যম।,bn,1.0,Bangladesh's first mobile banking company. First time using mobile banking in my life through rocket. Rocket is a trusted medium.,bangladesh's first mobile banking company. first time using mobile banking in my life through rocket. rocket is a trusted medium.,bangladesh's first mobile banking company. first time using mobile banking in my life through rocket. rocket is a trusted medium.
751c4eb8-30b6-4b61-bb24-26f0453fdbcb,good,gooddood,gooddood,nl,0.268,their pits,their pits,their pits
688ffaf6-c912-4237-a08e-9ded932afd8c,"রকেট অ্যাপস এর, যত ফিউচার বা সার্ভিস রয়েছে,, আমার কাছে খুবই ভালো লেগেছে, লেনদেন করা যায় খুবই সহজে, এবং প্রতারণা হওয়ার ভয় নাই, সবমিলিয়ে রকেট অ্যাপস এর, যতগুলো সার্ভিস আছে সবই আমার ভালো লেগেছে। ধন্যবাদ।।","রকেট অ্যাপস এর, যত ফিউচার বা সার্ভিস রয়েছে,, আমার কাছে খুবই good লেগেছে, লেনদেন করা যায় খুবই সহজে, এবং প্রতারণা হওয়ার ভয় নাই, সবমিলিয়ে রকেট অ্যাপস এর, যতগুলো সার্ভিস আছে সবই আমার good লেগেছে। ধন্যবাদ।।","রকেট অ্যাপস এর, যত ফিউচার বা সার্ভিস রয়েছে,, আমার কাছে খুবই good লেগেছে, লেনদেন করা যায় খুবই সহজে, এবং প্রতারণা হওয়ার ভয় নাই, সবমিলিয়ে রকেট অ্যাপস এর, যতগুলো সার্ভিস আছে সবই আমার good লেগেছে। ধন্যবাদ।।",bn,1.0,"I like all the futures or services of Rocket Apps, transactions are very easy, and there is no fear of being cheated. All in all, all the services of Rocket Apps are good for me. Thank you.","i like all the futures or services of rocket apps, transactions are very easy, and there is no fear of being cheated. all in all, all the services of rocket apps are good for me. thank you.","i like all the futures or services of rocket apps, transactions are very easy, and there is no fear of being cheated. all in all, all the services of rocket apps are good for me. thank you."
b1cc09f5-4f43-4b87-8c3e-9d6c920d7c84,good apps 2026,gooddood appps 2026,gooddood appps 2026,en,0.232,gooddood appps 2026,gooddood apps 2026,gooddood apps 2026
6f2836cf-31f7-47f6-a5ad-fbabe865233d,amazing app!,amazingoodd appp!,amazingoodd appp!,en,0.576,amazingoodd appp!,amazingoodd app!,amazingoodd app!
90ba236e-9cc4-437f-be97-ba85888b4600,naic,no/notic,no/notic,no,0.29,no/notic,nonotic,nonotic
2779b02c-beeb-4323-9c46-d94df4065a2e,রকেট এজেন্ট অ্যাপস আলাদা প্লে স্টোর যুক্ত করুন agent fund transfer to/from his own linked dbbl core banking account new update please b2b received bank and b2b send bank,রকেট এজেন্ট অ্যাপস আলাদা প্লে স্টোর যুক্ত করুন agooddent appund transapper to/approm his own linked dbbl core bankingoodd account new update please b2b received bank and b2b send bank,রকেট এজেন্ট অ্যাপস আলাদা প্লে স্টোর যুক্ত করুন agooddent appund transapper to/approm his own linked dbbl core bankingoodd account new update please b2b received bank and b2b send bank,bn,0.744,Add rocket agent apps separate play store agooddent appund transapper to/approm his own linked dbbl core bankingoodd account new update please b2b received bank and b2b send bank,add rocket agent apps separate play store agooddent appund transapper toapprom his own linked dbbl core bankingoodd account new update please b2b received bank and b2b send bank,add rocket agent apps separate play store agooddent appund transapper toapprom his own linked dbbl core bankingoodd account new update please b2b received bank and b2b send bank
d6aecdc9-18ee-40d1-8fa7-663a6ebe9b9e,nice,nice,nice,en,0.839,nice,nice,nice
c0865020-8cc4-446a-90cb-7e9edc80ec57,good apps,gooddood appps,gooddood appps,en,0.304,gooddood appps,gooddood apps,gooddood apps
fc4f1080-7846-4db3-b47a-76102b23ddca,good app,gooddood appp,gooddood appp,en,0.266,gooddood appp,gooddood app,gooddood app
25c82c62-65d3-4fea-87a9-e1e14d927b4b,sayem bhuiyan,sayem bhuiyan,sayem bhuiyan,en,0.277,sayem bhuiyan,sayem bhuiyan,sayem bhuiyan
b07f5cc2-1edf-4877-89a8-6d904096b965,good,gooddood,gooddood,nl,0.268,their pits,their pits,their pits
f646a6c3-a723-4d77-8faf-b49043242e1a,খুব দারুন আপ,খুব দারুন app,খুব দারুন app,bn,0.997,Very cool app,very cool app,very cool app
ee13b7fe-49bc-43a2-86f7-dc1e980d8521,op,op,op,nl,1.0,op,op,op
d23f608c-49f1-4b71-8799-c7660eef9dc2,good app,gooddood appp,gooddood appp,en,0.266,gooddood appp,gooddood app,gooddood app
f89f7405-a6ba-49c6-aef8-506cb9822135,good,gooddood,gooddood,nl,0.268,their pits,their pits,their pits
16ffc7ab-15e7-48ec-8a70-48794a470bd3,login system too conplex and hard,logooddin system too conplex and hard,logooddin system too conplex and hard,en,0.825,logooddin system too conplex and hard,logooddin system too conplex and hard,logooddin system too conplex and hard
87b002cf-0384-4350-8b54-c1ac0057b3bf,nice,nice,nice,en,0.839,nice,nice,nice
651398cb-3d34-4aae-bd9c-da7bdbce985a,nice,nice,nice,en,0.839,nice,nice,nice
525273e7-350b-47d6-b00d-2711d730721f,"সাউওয়ার এপ বানাইছে, লগ ইন করতেই জান বের হয়ে যায়, বিকাশ বা নগদ এপের মতো স্মুথলি সার্ভিস না দিতে পারলে বালের এপ বানায়া লাভ কি?","সাউওয়ার এপ বাniceে, লগ ইন করতেই জান বের হয়ে যায়, বিকাশ বা নগদ এপের মতো স্মুথলি সার্ভিস না দিতে পারলে useless এপ বানায়া লাভ কি?","সাউওয়ার এপ বাniceে, লগ ইন করতেই জান বের হয়ে যায়, বিকাশ বা নগদ এপের মতো স্মুথলি সার্ভিস না দিতে পারলে useless এপ বানায়া লাভ কি?",bn,1.0,"In Sauwar app, the user gets lost after logging in, what is the point of making a useless app if you can't provide smooth service like Bikash or Cash app?","in sauwar app, the user gets lost after logging in, what is the point of making a useless app if you can't provide smooth service like bikash or cash app?","in sauwar app, the user gets lost after logging in, what is the point of making a useless app if you can't provide smooth service like bikash or cash app?"
3e923b32-7593-4bde-ba64-ab15e5dc60ed,wow,wow,wow,ceb,0.366,wow,wow,wow
48f49ee0-ad45-4efc-86d8-7fe94ba66b5a,nice,nice,nice,en,0.839,nice,nice,nice
c602789c-6c88-4a6d-bc02-6acbf6539f30,beast app,beast appp,beast appp,en,0.512,beast appp,beast app,beast app
458c0073-dce4-45ad-a393-2d229efa2e82,wonderful,wonderappul,wonderappul,en,0.251,wonderappul,wonderappul,wonderappul
0a4d03d7-1ec6-4f05-977a-74f8e37e73d4,good,gooddood,gooddood,nl,0.268,their pits,their pits,their pits
ad9b528c-5300-4ec9-b7ea-5fc3f21746f6,nice,nice,nice,en,0.839,nice,nice,nice
768534cd-46aa-4340-8018-c25760d04013,good,gooddood,gooddood,nl,0.268,their pits,their pits,their pits
8c1c4552-b942-49e7-81b7-d6a478148812,amazing,amazingoodd,amazingoodd,en,0.517,amazingoodd,amazingoodd,amazingoodd
d67d067f-6328-4c88-abee-9b47971ed181,good,gooddood,gooddood,nl,0.268,their pits,their pits,their pits
7546142d-b04d-4cc1-b01e-f2663fc78e2b,log in problem,logoodd in problem,logoodd in problem,en,0.947,logoodd in problem,logoodd in problem,logoodd in problem
f14ac2ca-c683-4532-b45e-25db6fda2533,faltu,appaltu,appaltu,fi,0.882,contract,contract,contract
b005694c-222e-4111-96ac-6ce2e1d52e68,very good,very gooddood,very gooddood,en,0.938,very gooddood,very gooddood,very gooddood
c0e56581-f1b5-42ea-b71e-7f37a7cb17d4,nice,nice,nice,en,0.839,nice,nice,nice
6a670c51-9099-45da-8409-e228cb5bf9a8,nic app,nice appp,nice appp,en,0.785,nice appp,nice app,nice app
b562dcc0-8a4d-475c-ae40-8eab20707344,nice,nice,nice,en,0.839,nice,nice,nice
67a22f1b-9418-4e9f-a028-b97ae2a2ba14,nice,nice,nice,en,0.839,nice,nice,nice
8cdcad0c-0356-4c8a-831d-4fb1174a0ced,nice,nice,nice,en,0.839,nice,nice,nice
4a71d948-b69e-4393-afa9-6f2590337130,good,gooddood,gooddood,nl,0.268,their pits,their pits,their pits
3d1fa532-833a-4881-a13d-e623305d8d62,👍👍👍👍,👍👍👍👍, thumbs_up  thumbs_up  thumbs_up  thumbs_up ,en,0.838,thumbs_up  thumbs_up  thumbs_up  thumbs_up,thumbs_up thumbs_up thumbs_up thumbs_up,thumbs_up thumbs_up thumbs_up thumbs_up
dc0f76e0-77f0-4530-950b-f7ddb7688c6b,can't log in,can't logoodd in,can't logoodd in,en,0.999,can't logoodd in,can't logoodd in,can't logoodd in
ff2694d5-54b0-45fa-b75e-7873f8a4d540,good,gooddood,gooddood,nl,0.268,their pits,their pits,their pits
3d4f09d4-dccf-4d23-8333-44fb61a90a46,ভালো,good,good,en,0.895,good,good,good
15bb06d7-6d05-490e-98a9-338d243c92a1,i am the agent,i am the agooddent,i am the agooddent,en,0.657,i am the agooddent,i am the agooddent,i am the agooddent
d830eaec-d6a0-4b90-888b-b6ea983408a0,wow,wow,wow,ceb,0.366,wow,wow,wow
ce61cfe8-6e40-4c2b-b4f0-51c4525e1d05,good,gooddood,gooddood,nl,0.268,their pits,their pits,their pits
9a320f51-4d54-4434-9b8b-3864a0df868c,kub valo,kub good,kub good,en,0.734,gold good,gold good,gold good
aa590cf0-afdd-49ba-931c-8faead423739,ভালো,good,good,en,0.895,good,good,good
9f235a11-6415-4838-a0f7-83654545100e,good apps,gooddood appps,gooddood appps,en,0.304,gooddood appps,gooddood apps,gooddood apps
e5815c2c-5277-4c4b-8009-d8513fb1d628,💟💟,💟💟, heart_decoration  heart_decoration ,en,0.623,heart_decoration  heart_decoration,heart_decoration heart_decoration,heart_decoration heart_decoration
4ea653a4-bce4-4663-b371-8f02166b3adb,good experience,gooddood experienicee,gooddood experienicee,nl,0.485,gooddood experienicee,gooddood experienicee,gooddood experienice
1b7ae9d1-f3ff-46c6-a7b3-c21398ae7aad,best,best,best,en,0.169,best,best,best
e052b499-03d0-4fe8-a968-6c527ca6d371,super app,super appp,super appp,en,0.525,super appp,super app,super app
a6283531-a5e5-464d-8aca-6f4a411c25e3,good apps,gooddood appps,gooddood appps,en,0.304,gooddood appps,gooddood apps,gooddood apps
3dae9688-6d04-415e-a29b-94973307e7fa,good rokat,gooddood rokat,gooddood rokat,cs,0.346,rocket launchers,rocket launchers,rocket launchers
610087b8-e28a-4d5c-9587-3d0f71afebd7,good,gooddood,gooddood,nl,0.268,their pits,their pits,their pits
07289682-b935-4177-b0b2-7f0796d6ac09,রকেট এপস আপডেট আছে তাও লগ‌ইন সমস্যা হয় লগ‌ইন করা যায় না এপস এই লেখাটি আসে/ error a problem seems to have occurred. please try after some time. ok এটা কোনো আপডেটের মাধ্যমে ঠিক করলে ভালো হয় ধন্যবাদ 🥰,রকেট এপস appডেট আছে তাও লগ‌ইন সমস্যা হয় লগ‌ইন করা যায় না এপস এই লেখাটি আসে/ error a problem seems to have occurred. please try aappter some time. ok এটা কোনো appডেটের মাধ্যমে ঠিক করলে good হয় ধন্যবাদ 🥰,রকেট এপস appডেট আছে তাও লগ‌ইন সমস্যা হয় লগ‌ইন করা যায় না এপস এই লেখাটি আসে/ error a problem seems to have occurred. please try aappter some time. ok এটা কোনো appডেটের মাধ্যমে ঠিক করলে good হয় ধন্যবাদ  smiling_face_with_hearts ,bn,0.95,"Even if there is rocket app update, there is a login problem, the app cannot be logged in. This text appears / error a problem seems to have occurred. please try appter some time. ok it's good to fix it with an app update thanks smiling_face_with_hearts","even if there is rocket app update, there is a login problem, the app cannot be logged in. this text appears error a problem seems to have occurred. please try appter some time. ok it's good to fix it with an app update thanks smiling_face_with_hearts","even if there is rocket app update, there is a login problem, the app cannot be logged in. this text appears error a problem seems to have occurred. please try appter some time. ok it's good to fix it with an app update thanks smiling_face_with_hearts"
a0591688-f82d-4ab0-84fa-38df28625336,ok,ok,ok,en,0.898,ok,ok,ok
0521fb45-db2a-429f-ba16-7ddb23348c84,good job,gooddood job,gooddood job,en,0.416,gooddood job,gooddood job,gooddood job
3f1e5cc4-21c8-4e7e-87bb-1d597a7ad9b3,nice,nice,nice,en,0.839,nice,nice,nice
9af39a0c-a489-43ff-a329-687d067b861e,nice,nice,nice,en,0.839,nice,nice,nice
16cb488f-e09b-4476-bf6f-d1068fdfb45d,nice,nice,nice,en,0.839,nice,nice,nice
0affe45c-9d19-48bd-a29a-6c7791e3bfeb,ok,ok,ok,en,0.898,ok,ok,ok
7eb6594c-b542-4794-afaa-76208b8021e2,good,gooddood,gooddood,nl,0.268,their pits,their pits,their pits
1d93c938-e1da-4988-96d2-7931bfd130e9,good app,gooddood appp,gooddood appp,en,0.266,gooddood appp,gooddood app,gooddood app
0f22828b-5b64-4e81-b04b-91133ec7f54e,very very good apps,very very gooddood appps,very very gooddood appps,en,0.986,very very gooddood appps,very very gooddood apps,very very gooddood apps
c256d538-e6d9-441d-8c2e-7d2cba19b92b,nice apps,nice appps,nice appps,en,0.78,nice appps,nice apps,nice apps
cdcff278-9e31-4711-88a0-1ec124af7f2e,good 👍,gooddood 👍,gooddood  thumbs_up ,en,0.461,gooddood  thumbs_up,gooddood thumbs_up,gooddood thumbs_up
b41e59ea-60d5-42a2-98aa-fe40c998ecf5,nice app otp,nice appp otp,nice appp otp,en,0.77,nice app otp,nice app otp,nice app otp
ec912192-92a0-4c15-9041-dcfd71cd178a,worst app total trash too much bugs so many problems,worst appp total trash too much bugoodds so many problems,worst appp total trash too much bugoodds so many problems,en,0.943,worst appp total trash too much bugoodds so many problems,worst app total trash too much bugoodds so many problems,worst app total trash too much bugoodds so many problems
b0c4f7db-d5b8-476e-8413-e1dfda578a07,nice,nice,nice,en,0.839,nice,nice,nice
59bc3d9c-c867-4f86-bcc8-70838201e2c7,there is no option to register😤,there is no option to regooddister😤,there is no option to regooddister face_with_steam_from_nose ,en,0.616,there is no option to regooddister face_with_steam_from_nose,there is no option to regooddister face_with_steam_from_nose,there is no option to regooddister face_with_steam_from_nose
1b1c61fd-35e4-48f0-b0ae-ba8821b2f468,usefull,useappull,useappull,en,0.653,useappull,useappull,useappull
cc04f66e-0074-41ad-9c43-790e2a2047f8,"বিশ্বাস করেন ভাই আমার দেখা একে বারে পালতু একটু মোবাইল ওয়ালেট 😡। একটা একাউন্ট আমি আজকে ৪ মাস ধরে খোলার চেষ্টা করতেছি। খুলতেছেই না। ivr আসলে ওটিপি আসেনা, কল রিসিব করে পিন দিলে বলে, দুঃখিত, যাও সেল্প একাউন্ট খোলা হয়, সকল ইনফরমেশন দেওয়ার পরে দিয়া, ঐ গুলা নিতে, চায় না😫। মানে চিন্তা করেন একটা একাউন্ট খোলার জন্য কি পরিমানে প্যারা নেওয়া লাগতেছে😡। কেনরে ভাই বাংলাদেশ এ তো অনেক গুলা মোবাইল ওয়ালেট আছে। কই ঐ গুলাতে তো এত ঝামেলা পোহানো লাগে না, মানে ভাই বলার ভাষা নেই, বিশ্বাস করেন মুখ দিয়ে গালি চলে আসে","বিশ্বাস করেন ভাই আমার দেখা একে বারে পালতু একটু মোবাইল ওয়ালেট 😡। একটা একাউন্ট আমি আজকে ৪ মাস ধরে খোলার চেষ্টা করতেছি। খুলতেছেই না। ivr আসলে ওটিপি আসেনা, কল রিসিব করে পিন দিলে বলে, দুঃখিত, যাও সেল্প একাউন্ট খোলা হয়, সকল ইনফরমেশন দেওয়ার পরে দিয়া, ঐ গুলা নিতে, চায় না😫। মানে চিন্তা করেন একটা একাউন্ট খোলার জন্য কি পরিমানে প্যারা নেওয়া লাগতেছে😡। whyরে ভাই বাংলাদেশ এ তো অনেক গুলা মোবাইল ওয়ালেট আছে। কই ঐ গুলাতে তো এত ঝামেলা পোহানো লাগে না, মানে ভাই বলার ভাষা নেই, বিশ্বাস করেন মুখ দিয়ে গালি চলে আসে","বিশ্বাস করেন ভাই আমার দেখা একে বারে পালতু একটু মোবাইল ওয়ালেট  enraged_face । একটা একাউন্ট আমি আজকে ৪ মাস ধরে খোলার চেষ্টা করতেছি। খুলতেছেই না। ivr আসলে ওটিপি আসেনা, কল রিসিব করে পিন দিলে বলে, দুঃখিত, যাও সেল্প একাউন্ট খোলা হয়, সকল ইনফরমেশন দেওয়ার পরে দিয়া, ঐ গুলা নিতে, চায় না tired_face । মানে চিন্তা করেন একটা একাউন্ট খোলার জন্য কি পরিমানে প্যারা নেওয়া লাগতেছে enraged_face । whyরে ভাই বাংলাদেশ এ তো অনেক গুলা মোবাইল ওয়ালেট আছে। কই ঐ গুলাতে তো এত ঝামেলা পোহানো লাগে না, মানে ভাই বলার ভাষা নেই, বিশ্বাস করেন মুখ দিয়ে গালি চলে আসে",bn,0.999,"Believe me, brother, I have seen him once in a while. I have been trying to open an account for 4 months now. Not opening. ivr actually doesn't come OTP, after receiving the call and pin it says, sorry, go help account is opened, after giving all the information, don't want to take those things tired_face. I mean, think how much it takes to open an account enraged_face. Why bro, there are many mobile wallets in Bangladesh. Where those people don't need to put up with so much trouble, I mean they don't have the language to say brother, they believe that insults come through their mouths.","believe me, brother, i have seen him once in a while. i have been trying to open an account for 4 months now. not opening. ivr actually doesn't come otp, after receiving the call and pin it says, sorry, go help account is opened, after giving all the information, don't want to take those things tired_face. i mean, think how much it takes to open an account enraged_face. why bro, there are many mobile wallets in bangladesh. where those people don't need to put up with so much trouble, i mean they don't have the language to say brother, they believe that insults come through their mouths.","believe me, brother, i have seen him once in a while. i have been trying to open an account for 4 months now. not opening. ivr actually doesn't come otp, after receiving the call and pin it says, sorry, go help account is opened, after giving all the information, don't want to take those things tired_face. i mean, think how much it takes to open an account enraged_face. why bro, there are many mobile wallets in bangladesh. where those people don't need to put up with so much trouble, i mean they don't have the language to say brother, they believe that insults come through their mouths."
4670e877-f9b2-420b-8b1d-2da542213321,ekyc update problem,ekyc update problem,ekyc update problem,en,0.546,ekyc update problem,ekyc update problem,ekyc update problem
c030aee3-6095-4983-acac-32c26430f305,nice,nice,nice,en,0.839,nice,nice,nice
f644d04e-0d0a-4f7c-8b9f-5409210286fb,nice,nice,nice,en,0.839,nice,nice,nice
ce161010-73f5-4923-8a89-411dd081bdc6,"this app is not good at all. this app does not give otp to the sim. it causes a lot of problems. in my opinion, bkash and nagad apps are better than this.","this appp is not gooddood at all. this appp does not gooddive otp to the sim. it causes a lot oapp problems. in my opinion, bkash and no/notgooddad appps are bitter than this.","this appp is not gooddood at all. this appp does not gooddive otp to the sim. it causes a lot oapp problems. in my opinion, bkash and no/notgooddad appps are bitter than this.",en,0.942,"this appp is not gooddood at all. this appp does not gooddive otp to the sim. it causes a lot oapp problems. in my opinion, bkash and no/notgooddad appps are bitter than this.","this app is not gooddood at all. this app does not gooddive otp to the sim. it causes a lot oapp problems. in my opinion, bkash and nonotgooddad apps are bitter than this.","this app is not gooddood at all. this app does not gooddive otp to the sim. it causes a lot oapp problems. in my opinion, bkash and nonotgooddad apps are bitter than this."
a512f74a-8c27-4203-aaf1-229864df140b,bad apps,bad appps,bad appps,en,0.546,bad appps,bad apps,bad apps
44a6db24-329b-4d4b-a5ff-84ddc0c98d63,নাইচ,nice,nice,en,0.839,nice,nice,nice
02d6aa45-fe96-4527-b470-d958a023cb90,nice,nice,nice,en,0.839,nice,nice,nice
785d11ac-ec4a-4f05-a00a-cac81b6d2f55,too bad sevice.complain section does not work.app management is too horrible.,too bad sebrotherce.complain section does not work.appp mano/notgooddement is too horrible.,too bad sebrotherce.complain section does not work.appp mano/notgooddement is too horrible.,en,0.768,too bad sebrotherce.complain section does not work.appp mano/notgooddement is too horrible.,too bad sebrotherce.complain section does not work.app manonotgooddement is too horrible.,too bad sebrotherce.complain section does not work.app manonotgooddement is too horrible.
585d81dd-e0ea-4124-ae68-f5530e8dadad,good,gooddood,gooddood,nl,0.268,their pits,their pits,their pits
ede1130a-f928-4c4f-bde9-232d4514f839,হবে,হবে,হবে,bn,0.998,will be,will be,will be
cb3172a2-7a11-464d-bfe9-20c3a34570ef,ভালো,good,good,en,0.895,good,good,good
29d74ba9-50f3-495c-906f-29d147024012,app not working,appp not workingoodd,appp not workingoodd,en,0.85,appp not workingoodd,app not workingoodd,app not workingoodd
897af1f3-a178-4e34-9a20-bebf24745f56,nice,nice,nice,en,0.839,nice,nice,nice
e43bc117-7af4-4699-addb-a411b59a728a,good app,gooddood appp,gooddood appp,en,0.266,gooddood appp,gooddood app,gooddood app
b0a574e4-ce93-4f96-8edb-da83100ae5d9,সুন্দর,সুন্দর,সুন্দর,bn,0.552,beautiful,beautiful,beautiful
9e216412-68c4-45c6-a85c-4c82dcdad8ca,wow,wow,wow,ceb,0.366,wow,wow,wow
900298da-e85d-4e4f-ac03-b0eaf2ba4401,nice,nice,nice,en,0.839,nice,nice,nice
d715fdd4-073d-4ebf-9fbb-10f73b823f05,খুব ভালো,খুব good,খুব good,en,0.614,very good,very good,very good
c8bdeba4-4e78-427d-b810-85e1490dae65,good,gooddood,gooddood,nl,0.268,their pits,their pits,their pits
4d4b232c-549b-445c-a393-54e2f3961b7e,nice,nice,nice,en,0.839,nice,nice,nice
873dcc2b-4d72-458b-a878-b5c67e0ff967,good,gooddood,gooddood,nl,0.268,their pits,their pits,their pits
128625cf-c1c9-4896-8272-fe66361b9de0,best,best,best,en,0.169,best,best,best
cd023453-c253-4914-b778-deb3ae92a8ec,nice ap,nice app,nice app,en,0.909,nice app,nice app,nice app
7bd15c73-170d-4317-85a6-48cf7d07d5ba,so nice,so nice,so nice,en,0.564,so nice,so nice,so nice
86433f44-09cd-47b8-98fc-471020333b0e,নাইস,nice,nice,en,0.839,nice,nice,nice
f4fbc95d-33e0-4b88-93e0-3ffde9248071,good,gooddood,gooddood,nl,0.268,their pits,their pits,their pits
b4cbb8f3-3c90-44ba-889a-19d898ecc944,এই অ্যাপ টা আমার মোবাইলে লগিন হচ্ছে না,এই অ্যাপ টা আমার মোবাইলে লগিন হচ্ছে না,এই অ্যাপ টা আমার মোবাইলে লগিন হচ্ছে না,bn,1.0,This app is not logging in my mobile,this app is not logging in my mobile,this app is not logging in my mobile
d28c4bda-00b9-482c-b750-0f8319b49394,nice,nice,nice,en,0.839,nice,nice,nice
e869a29a-5933-4980-9052-b4e9f68cec2a,good,gooddood,gooddood,nl,0.268,their pits,their pits,their pits
5ad30042-9855-4737-8423-edc94a08e6fe,help me peace আমি একাউন্ট নিবন্ধনের করছি একাউন্ট ডুকতে পাড়তাছি না কেন,help me peace আমি একাউন্ট নিবন্ধনের করছি একাউন্ট ডুকতে পাড়তাছি না why,help me peace আমি একাউন্ট নিবন্ধনের করছি একাউন্ট ডুকতে পাড়তাছি না why,bn,0.998,help me peace I am registering an account but I can't login why,help me peace i am registering an account but i can't login why,help me peace i am registering an account but i can't login why
450076a2-9b33-4b65-aa38-c8bbcc557258,💖,💖, sparkling_heart ,en,0.516,sparkling_heart,sparkling_heart,sparkling_heart
99eb0620-06d5-448c-93c1-7d02ef83bde7,i am getting a lot of help from this app.,i am gooddittingoodd a lot oapp help approm this appp.,i am gooddittingoodd a lot oapp help approm this appp.,en,0.875,i am gooddittingoodd a lot oapp help approm this appp.,i am gooddittingoodd a lot oapp help approm this app.,i am gooddittingoodd a lot oapp help approm this app.
02959366-fddb-44ff-b1f4-90d1b13f9dd0,thank you,thank you,thank you,en,0.792,thank you,thank you,thank you
e54094a0-f321-43b0-85dd-b9c0596b9a6c,best,best,best,en,0.169,best,best,best
85a6ff96-ec4a-437c-abc7-4ba55ddf98fc,"rocket app is installed on my smartphone and one rocket account is currently logged in. however, there is no option within the app to log in with another rocket account. as a result, i have to uninstall the rocket app, then download it again and complete the verification process using the number of the account i want to log in with. this whole process is quite time-consuming and inconvenient. therefore, i kindly request the rocket app management team to add an option to log out and log in with","rockit appp is installed on my smartphone and one rockit account is currently logooddgoodded in. however, there is no option within the appp to logoodd in with another rockit account. as a result, i have to uninstall the rockit appp, then download it agooddain and complite the veryappication process usingoodd the number oapp the account i want to logoodd in with. this whole process is quite time-consumyngoodd and iniceonvenient. thereapaftere, i kindly request the rockit appp mano/notgooddement team to add an option to logoodd out and logoodd in with","rockit appp is installed on my smartphone and one rockit account is currently logooddgoodded in. however, there is no option within the appp to logoodd in with another rockit account. as a result, i have to uninstall the rockit appp, then download it agooddain and complite the veryappication process usingoodd the number oapp the account i want to logoodd in with. this whole process is quite time-consumyngoodd and iniceonvenient. thereapaftere, i kindly request the rockit appp mano/notgooddement team to add an option to logoodd out and logoodd in with",en,0.918,"rockit appp is installed on my smartphone and one rockit account is currently logooddgoodded in. however, there is no option within the appp to logoodd in with another rockit account. as a result, i have to uninstall the rockit appp, then download it agooddain and complite the veryappication process usingoodd the number oapp the account i want to logoodd in with. this whole process is quite time-consumyngoodd and iniceonvenient. thereapaftere, i kindly request the rockit appp mano/notgooddement team to add an option to logoodd out and logoodd in with","rockit app is installed on my smartphone and one rockit account is currently logooddgoodded in. however, there is no option within the app to logoodd in with another rockit account. as a result, i have to uninstall the rockit app, then download it agooddain and complite the veryappication process usingoodd the number oapp the account i want to logoodd in with. this whole process is quite time-consumyngoodd and iniceonvenient. thereapaftere, i kindly request the rockit app manonotgooddement team to add an option to logoodd out and logoodd in with","rockit app is installed on my smartphone and one rockit account is currently logooddgoodded in. however, there is no option within the app to logoodd in with another rockit account. as a result, i have to uninstall the rockit app, then download it agooddain and complite the veryappication process usingoodd the number oapp the account i want to logoodd in with. this whole process is quite time-consumyngoodd and iniceonvenient. thereapaftere, i kindly request the rockit app manonotgooddement team to add an option to logoodd out and logoodd in with"
3b062ab4-8120-4a38-bef4-4c21c93fe69b,অনেক ভালো একটা app আমি ব্যবহার করছি আপনার ও করতে পারেন অনেক মজা পাবেন কথা দিচ্ছি🥰🥰,অনেক good একটা appp আমি ব্যবহার করছি appনার ও করতে পারেন অনেক মজা পাবেন কথা দিচ্ছি🥰🥰,অনেক good একটা appp আমি ব্যবহার করছি appনার ও করতে পারেন অনেক মজা পাবেন কথা দিচ্ছি smiling_face_with_hearts  smiling_face_with_hearts ,bn,0.988,Very good app. I am using it. You can have fun.,very good app. i am using it. you can have fun.,very good app. i am using it. you can have fun.
04235286-0484-4536-a32a-6c8c9fbc58cf,sir amar phonne suport nissce na,sir amar phonne suaftert nissce no/not,sir amar phonne suaftert nissce no/not,it,0.412,sir amar phonne suaftert nissce no/not,sir amar phonne suaftert nissce nonot,sir amar phonne suaftert nissce nonot
d56aa8bb-563d-4f3e-885a-fbabbb956697,সুন্দর এপ,সুন্দর এপ,সুন্দর এপ,bn,0.974,nice app,nice app,nice app
ecc7e922-ca6e-406b-8464-2493b9a844f2,wow,wow,wow,ceb,0.366,wow,wow,wow
a4d55465-788f-47e5-90f1-8a3512b7b9b3,good,gooddood,gooddood,nl,0.268,their pits,their pits,their pits
65190545-83de-4a88-8347-bfd328d621dc,nice,nice,nice,en,0.839,nice,nice,nice
ba9a3e14-b69c-4dea-8c74-b62e5309c185,100% payment platform ♥️♥️♥️,100% payment platapafterm ♥️♥️♥️,100% payment platapafterm  heart_suit  heart_suit  heart_suit ,en,0.509,100% payment platapafterm  heart_suit  heart_suit  heart_suit,100 payment platapafterm heart_suit heart_suit heart_suit,100 payment platapafterm heart_suit heart_suit heart_suit
ad990500-8c4f-49b0-b589-4915f9fef6b7,good luck,gooddood luck,gooddood luck,nl,0.233,gooddood luck,gooddood luck,gooddood luck
eb22edcb-c526-47e3-8da1-a1610d0f1b43,nice 👍,nice 👍,nice  thumbs_up ,en,0.859,nice  thumbs_up,nice thumbs_up,nice thumbs_up
7ee46af6-1405-4ab1-bcaa-2d0b482e7e78,scrolling problem,scrollingoodd problem,scrollingoodd problem,en,0.748,scrollingoodd problem,scrollingoodd problem,scrollingoodd problem
140c01e8-9f81-4811-8304-c42d61cd946f,very good,very gooddood,very gooddood,en,0.938,very gooddood,very gooddood,very gooddood
127df338-5ea9-4394-acef-80c44bd915c5,"bpdb prepaid meter's old series like 101100***** are not listed for validation please solve this issue. also, the rocket app has ui issue (not in safe area)on my device. my device is samsung m21. rocket app development team release new update recently. i do not see any changes yet, which suggestions are mentioned by me. so, it will cost you a one star. tia!","bpdb prepaid myter's old series like 101100***** are not listed apafter validation please solve this issue. also, the rockit appp has ui issue (not in saappe area)on my debrotherce. my debrotherce is samsungoodd m21. rockit appp development team release new update recently. i do not see any changooddes yit, which sugooddgooddestions are mentioned by me. so, it will cost you a one star. tia!","bpdb prepaid myter's old series like 101100***** are not listed apafter validation please solve this issue. also, the rockit appp has ui issue (not in saappe area)on my debrotherce. my debrotherce is samsungoodd m21. rockit appp development team release new update recently. i do not see any changooddes yit, which sugooddgooddestions are mentioned by me. so, it will cost you a one star. tia!",en,0.92,"bpdb prepaid myter's old series like 101100***** are not listed apafter validation please solve this issue. also, the rockit appp has ui issue (not in saappe area)on my debrotherce. my debrotherce is samsungoodd m21. rockit appp development team release new update recently. i do not see any changooddes yit, which sugooddgooddestions are mentioned by me. so, it will cost you a one star. tia!","bpdb prepaid myter's old series like 101100 are not listed apafter validation please solve this issue. also, the rockit app has ui issue (not in saappe area)on my debrotherce. my debrotherce is samsungoodd m21. rockit app development team release new update recently. i do not see any changooddes yit, which sugooddgooddestions are mentioned by me. so, it will cost you a one star. tia!","bpdb prepaid myter's old series like 101100 are not listed apafter validation please solve this issue. also, the rockit app has ui issue (not in saappe area)on my debrotherce. my debrotherce is samsungoodd m21. rockit app development team release new update recently. i do not see any changooddes yit, which sugooddgooddestions are mentioned by me. so, it will cost you a one star. tia!"
dbf6d8be-cf1c-41b7-baec-3160dabcda5e,fine apk,appine appk,appine appk,en,0.593,appine appk,appine appk,appine appk
795a7a0c-dd4b-46e3-bde6-26c645adfc00,"if there is a dutch-bangla bank atm booth near your home or office, then rocket is the best option for you. if you withdraw money using an atm, you can withdraw money at the lowest rate in the market (tk 9 per thousand). also, if you are a student (on scholarship) or a dbbl bank customer, rocket is a must have on your phone. but in terms of smoothness and user experience of the app, it may lag behind bikash or cash. rating: ⭐⭐⭐⭐ (4.2/5) - best for atm users.","iapp there is a dutch-bangooddla bank atm booth near your home or oappappice, then rockit is the best option apafter you. iapp you withdraw money usingoodd an atm, you can withdraw money at the lowest rate in the markit (tk 9 per thousend). also, iapp you are a student (on scholarship) or a dbbl bank customer, rockit is a must have on your phone. but in terms oapp smoothness and user experienicee oapp the appp, it may lagoodd behind bkashh or cash. ratingoodd: ⭐⭐⭐⭐ (4.2/5) - best apafter atm users.","iapp there is a dutch-bangooddla bank atm booth near your home or oappappice, then rockit is the best option apafter you. iapp you withdraw money usingoodd an atm, you can withdraw money at the lowest rate in the markit (tk 9 per thousend). also, iapp you are a student (on scholarship) or a dbbl bank customer, rockit is a must have on your phone. but in terms oapp smoothness and user experienicee oapp the appp, it may lagoodd behind bkashh or cash. ratingoodd:  star  star  star  star  (4.2/5) - best apafter atm users.",en,0.902,"iapp there is a dutch-bangooddla bank atm booth near your home or oappappice, then rockit is the best option apafter you. iapp you withdraw money usingoodd an atm, you can withdraw money at the lowest rate in the markit (tk 9 per thousend). also, iapp you are a student (on scholarship) or a dbbl bank customer, rockit is a must have on your phone. but in terms oapp smoothness and user experienicee oapp the appp, it may lagoodd behind bkashh or cash. ratingoodd:  star  star  star  star  (4.2/5) - best apafter atm users.","iapp there is a dutch-bangooddla bank atm booth near your home or oappappice, then rockit is the best option apafter you. iapp you withdraw money usingoodd an atm, you can withdraw money at the lowest rate in the markit (tk 9 per thousend). also, iapp you are a student (on scholarship) or a dbbl bank customer, rockit is a must have on your phone. but in terms oapp smoothness and user experienicee oapp the app, it may lagoodd behind bkashh or cash. ratingoodd: star star star star (4.25) - best apafter atm users.","iapp there is a dutch-bangooddla bank atm booth near your home or oappappice, then rockit is the best option apafter you. iapp you withdraw money usingoodd an atm, you can withdraw money at the lowest rate in the markit (tk 9 per thousend). also, iapp you are a student (on scholarship) or a dbbl bank customer, rockit is a must have on your phone. but in terms oapp smoothness and user experienice oapp the app, it may lagoodd behind bkashh or cash. ratingoodd: star star star star (4.25) - best apafter atm users."
feb8cbe4-187a-48b0-85e5-0a2c8a0fdba2,nice,nice,nice,en,0.839,nice,nice,nice
5a2d78b9-bd63-4966-811e-e887e81799dc,good cish,gooddood cish,gooddood cish,en,0.379,Good morning,good morning,good morning
e7683dd8-4ee8-4a46-8dad-42c305daeddc,good app,gooddood appp,gooddood appp,en,0.266,gooddood appp,gooddood app,gooddood app
0554b260-6501-4c43-8f7c-7170cbcfe232,রকেট এ ন্যানো লোন চালু করুন। সব গ্রাহক যেন এই লোন নিতে পারে। লোন লিমিট ৫০ হাজার। লোন পরিশোধ এর মেয়াদ ১২ মাস। এগুলো করলে সবাই উপকৃত হবে।,রকেট এ ন্যানো লোন চালু করুন। সব গ্রাহক যেন এই লোন নিতে পারে। লোন লিমিট ৫০ হাজার। লোন পরিশোধ এর মেয়াদ ১২ মাস। এগুলো করলে সবাই উপকৃত হবে।,রকেট এ ন্যানো লোন চালু করুন। সব গ্রাহক যেন এই লোন নিতে পারে। লোন লিমিট ৫০ হাজার। লোন পরিশোধ এর মেয়াদ ১২ মাস। এগুলো করলে সবাই উপকৃত হবে।,bn,1.0,Launch Rocket A Nano Loan. All customers can take this loan. Loan limit is 50 thousand. The loan repayment period is 12 months. Everyone will benefit by doing this.,launch rocket a nano loan. all customers can take this loan. loan limit is 50 thousand. the loan repayment period is 12 months. everyone will benefit by doing this.,launch rocket a nano loan. all customers can take this loan. loan limit is 50 thousand. the loan repayment period is 12 months. everyone will benefit by doing this.
e4e29c66-d1c9-45e3-9fc4-4e4227a953f0,nice,nice,nice,en,0.839,nice,nice,nice
e94bbfd7-4477-41c5-847c-0325325e1f59,too bad 👎👎👎,too bad 👎👎👎,too bad  thumbs_down  thumbs_down  thumbs_down ,en,0.331,too bad  thumbs_down  thumbs_down  thumbs_down,too bad thumbs_down thumbs_down thumbs_down,too bad thumbs_down thumbs_down thumbs_down
3bf686fa-2ea1-49b9-b1f2-0a1c0e2cee5c,kyc problem nid pic no uploaded app maintained missing,kyc problem nid pic no uploaded appp maintained myssingoodd,kyc problem nid pic no uploaded appp maintained myssingoodd,en,0.959,kyc problem nid pic no uploaded appp maintained myssingoodd,kyc problem nid pic no uploaded app maintained myssingoodd,kyc problem nid pic no uploaded app maintained myssingoodd
95113f96-0dce-4e69-acf5-7d65b71489e3,প্লিজ ভাইয়া সফটওয়্যারটা ইমারজেন্সি আপডেট করুন,প্লিজ ভাইয়া সফটওয়্যারটা ইমারজেন্সি appডেট করুন,প্লিজ ভাইয়া সফটওয়্যারটা ইমারজেন্সি appডেট করুন,bn,0.999,Please brother update the software emergency app,please brother update the software emergency app,please brother update the software emergency app
2bac068a-0fda-45e3-94b2-b2b926c0841e,nice,nice,nice,en,0.839,nice,nice,nice
c95b0731-b98e-43b6-aeec-6b6189bed404,flawless app.,applawless appp.,applawless appp.,en,0.238,applauseless app.,applauseless app.,applauseless app.
ff2b3eeb-ffe1-48ee-8e48-0778aa2eb3d0,helpfull app,helpappull appp,helpappull appp,en,0.271,helpappull appp,helpappull app,helpappull app
c9ff1eb5-2f83-41ab-a4de-036b194127b1,"রকেট অ্যাপস ইনস্টল নিচ্ছে না, আমি সঠিক পিন দিয়েও প্রবেশ করতে পারতেছিনা, পিন কোড দিলে ত্রুটি সমস্যা হয়েছে আবার চেষ্টা করুন এই লেখাটি আছে সমাধান চাই","রকেট অ্যাপস ইনস্টল নিচ্ছে না, আমি সঠিক পিন দিয়েও প্রবেশ করতে পারতেছিনা, পিন কোড দিলে ত্রুটি সমস্যা হয়েছে আবার চেষ্টা করুন এই লেখাটি আছে সমাধান চাই","রকেট অ্যাপস ইনস্টল নিচ্ছে না, আমি সঠিক পিন দিয়েও প্রবেশ করতে পারতেছিনা, পিন কোড দিলে ত্রুটি সমস্যা হয়েছে আবার চেষ্টা করুন এই লেখাটি আছে সমাধান চাই",bn,1.0,"Rocket apps are not installing, I can't login even with correct pin, error problem after entering pin code try again this text want solution","rocket apps are not installing, i can't login even with correct pin, error problem after entering pin code try again this text want solution","rocket apps are not installing, i can't login even with correct pin, error problem after entering pin code try again this text want solution"
f389c500-57a6-4f65-a5ad-53abcd5a6273,good apps,gooddood appps,gooddood appps,en,0.304,gooddood appps,gooddood apps,gooddood apps
712fd99c-62a8-46af-97e8-f40b4be56ac0,good👌,gooddood👌,gooddood OK_hand ,en,0.219,gooddood OK_hand,gooddood ok_hand,gooddood ok_hand
0d8ef16e-8186-43a1-941d-3ac7d74a6415,great app,gooddreat appp,gooddreat appp,en,0.804,gooddreat appp,gooddreat app,gooddreat app
e8b78916-e44e-4dd5-9c2d-8f1c56fd2c9f,good👍,gooddood👍,gooddood thumbs_up ,en,0.461,gooddood thumbs_up,gooddood thumbs_up,gooddood thumbs_up
7500b0a9-1a08-4dbf-8db4-83e1fe03d941,ni❤️❤️❤️,ni❤️❤️❤️,ni red_heart  red_heart  red_heart ,en,0.287,ni red_heart  red_heart  red_heart,ni red_heart red_heart red_heart,ni red_heart red_heart red_heart
fc2b7cc7-00d2-45c5-8fe6-09f913e21db2,nice,nice,nice,en,0.839,nice,nice,nice
56621c58-ed72-4e37-867e-ff6410383ea5,good app,gooddood appp,gooddood appp,en,0.266,gooddood appp,gooddood app,gooddood app
fb6e0160-96b3-4476-b2ae-b2af4548ef14,এজেন্ট এ অ্যাড মানি সিস্টেম করুন যেন 24 ঘন্টা বি 2 বি নেওয়া যায়,এজেন্ট এ অ্যাড মানি সিস্টেম করুন যেন 24 ঘন্টা বি 2 বি নেওয়া যায়,এজেন্ট এ অ্যাড মানি সিস্টেম করুন যেন 24 ঘন্টা বি 2 বি নেওয়া যায়,bn,1.0,Make agent ad money system to take 24 hours b2b,make agent ad money system to take 24 hours b2b,make agent ad money system to take 24 hours b2b
0f2ff052-464e-42c4-a8d8-c6e4d014b009,nice,nice,nice,en,0.839,nice,nice,nice
40e4e137-7398-4315-9042-3d5dbe277751,thanks 👍 you ❤️ you ❤️,thanks 👍 you ❤️ you ❤️,thanks  thumbs_up  you  red_heart  you  red_heart ,en,0.794,thanks  thumbs_up  you  red_heart  you  red_heart,thanks thumbs_up you red_heart you red_heart,thanks thumbs_up you red_heart you red_heart
52f9111f-065d-405a-a939-876660e0076a,nice apps,nice appps,nice appps,en,0.78,nice appps,nice apps,nice apps
c3cab6ee-06f9-4a79-a611-d727f4e23d9d,l can't create an account. there is no option.,l can't create an account. there is no option.,l can't create an account. there is no option.,en,0.934,l can't create an account. there is no option.,l can't create an account. there is no option.,l can't create an account. there is no option.
ba93a336-4e86-425c-b0bf-69103df29149,good,gooddood,gooddood,nl,0.268,their pits,their pits,their pits
025420e4-ca34-4814-9821-5f75fc8a1c4a,kus vu nahi hota solo hota he kew,kus vu no/nothi hota solo hota he kew,kus vu no/nothi hota solo hota he kew,no,0.185,kus vu no/nothi hota solo hota he kew,kus vu nonothi hota solo hota he kew,kus vu nonothi hota solo hota he kew
9a312c93-f6bf-4f1b-aa08-e86cf409e653,so nice app😍,so nice appp😍,so nice appp smiling_face_with_heart-eyes ,en,0.641,so nice appp smiling_face_with_heart-eyes,so nice app smiling_face_with_heart-eyes,so nice app smiling_face_with_heart-eyes
b7567a9b-cd9e-4960-9bc7-681638f025f7,good app,gooddood appp,gooddood appp,en,0.266,gooddood appp,gooddood app,gooddood app
aa94fe90-07c2-4d46-8000-020863f05475,i can't log into my account on the app on my phone. this is very frustrating.,i can't logoodd into my account on the appp on my phone. this is very apprustratingoodd.,i can't logoodd into my account on the appp on my phone. this is very apprustratingoodd.,en,0.983,i can't logoodd into my account on the appp on my phone. this is very apprustratingoodd.,i can't logoodd into my account on the app on my phone. this is very apprustratingoodd.,i can't logoodd into my account on the app on my phone. this is very apprustratingoodd.
6f81070a-f710-4164-8b73-7b33bcddb715,full statement dekha jayna kon number e cash out korsi help,appull statement dekha jayno/not kon number e cash out korsi help,appull statement dekha jayno/not kon number e cash out korsi help,en,0.385,appull statement dekha jayno/not kon number e cash out korsi help,appull statement dekha jaynonot kon number e cash out korsi help,appull statement dekha jaynonot kon number e cash out korsi help
a057ebf0-fcc5-4889-88d1-2140707f2f05,good,gooddood,gooddood,nl,0.268,their pits,their pits,their pits
02933b4d-f776-4130-9a2c-37d56a468940,nice app,nice appp,nice appp,en,0.785,nice appp,nice app,nice app
468f7789-b144-4048-afc7-4d92098ef451,good,gooddood,gooddood,nl,0.268,their pits,their pits,their pits
f999612f-90dc-418d-b1aa-5192e0c06d47,"did not receive otp code, and not opening","did not receive otp codee, and not openingoodd","did not receive otp codee, and not openingoodd",en,0.988,"did not receive otp codee, and not openingoodd","did not receive otp codee, and not openingoodd","did not receive otp codee, and not openingoodd"
7a60e55c-cb5d-4535-b2ce-f663fad78a87,nice,nice,nice,en,0.839,nice,nice,nice
9ad627cc-5b0f-4bb2-a5f2-34c4139c5071,nice,nice,nice,en,0.839,nice,nice,nice
426fcd04-889e-4669-ba30-b591888451cb,"every time i get an otp, but the phone can't copy the otp,,the permission box for copying the otp isn't coming. i already gave all permissions for this app. still the problem is facing.my phone is samsung galaxy a06. fix it immediately.","every time i gooddit an otp, but the phone can't copy the otp,,the permyssion box apafter copyingoodd the otp isn't comyngoodd. i already gooddave all permyssions apafter this appp. still the problem is appacingoodd.my phone is samsungoodd gooddalaxy a06. appix it immediately.","every time i gooddit an otp, but the phone can't copy the otp,,the permyssion box apafter copyingoodd the otp isn't comyngoodd. i already gooddave all permyssions apafter this appp. still the problem is appacingoodd.my phone is samsungoodd gooddalaxy a06. appix it immediately.",en,0.881,"every time i gooddit an otp, but the phone can't copy the otp,,the permyssion box apafter copyingoodd the otp isn't comyngoodd. i already gooddave all permyssions apafter this appp. still the problem is appacingoodd.my phone is samsungoodd gooddalaxy a06. appix it immediately.","every time i gooddit an otp, but the phone can't copy the otp,,the permyssion box apafter copyingoodd the otp isn't comyngoodd. i already gooddave all permyssions apafter this app. still the problem is appacingoodd.my phone is samsungoodd gooddalaxy a06. appix it immediately.","every time i gooddit an otp, but the phone can't copy the otp,,the permyssion box apafter copyingoodd the otp isn't comyngoodd. i already gooddave all permyssions apafter this app. still the problem is appacingoodd.my phone is samsungoodd gooddalaxy a06. appix it immediately."
d56cab50-84ba-4bb5-98da-ac2506928765,thanks you,thanks you,thanks you,en,0.968,thanks you,thanks you,thanks you
c437fc25-e9a4-4c23-a221-9f070bd5f5b4,im talking about rocket agent...please active bank to rocket agent for b2b...need 24hours money for customer n utility bills n any other services....,im talkingoodd about rockit agooddent...please active bank to rockit agooddent apafter b2b...need 24hours money apafter customer n utility bills n any other serbrotherces....,im talkingoodd about rockit agooddent...please active bank to rockit agooddent apafter b2b...need 24hours money apafter customer n utility bills n any other serbrotherces....,en,0.478,im talkingoodd about rockit agooddent...please active bank to rockit agooddent apafter b2b...need 24hours money apafter customer n utility bills n any other serbrotherces....,im talkingoodd about rockit agooddent..please active bank to rockit agooddent apafter b2b..need 24hours money apafter customer n utility bills n any other serbrotherces..,im talkingoodd about rockit agooddent..please active bank to rockit agooddent apafter b2b..need 24hours money apafter customer n utility bills n any other serbrotherces..
40100f4b-ddb2-486d-9868-2dcfcff09fec,অনেক ভালো একটা অ্যাপস,অনেক good একটা অ্যাপস,অনেক good একটা অ্যাপস,bn,0.998,A very good app,a very good app,a very good app
15582135-f6f7-4d12-b515-163bde0f520c,good 😊,gooddood 😊,gooddood  smiling_face_with_smiling_eyes ,en,0.246,gooddood  smiling_face_with_smiling_eyes,gooddood smiling_face_with_smiling_eyes,gooddood smiling_face_with_smiling_eyes
39773e9c-7ae3-413f-8989-2004c228c993,not too good,not too gooddood,not too gooddood,en,0.49,not too gooddood,not too gooddood,not too gooddood
3ea1eff7-2871-48ab-8090-be26a115c800,good ui and smooth interfaces,gooddood ui and smooth interappaces,gooddood ui and smooth interappaces,en,0.523,gooddood ui and smooth interappaces,gooddood ui and smooth interappaces,gooddood ui and smooth interappaces
af73398f-95fc-42cf-9699-981ed885860b,nice app,nice appp,nice appp,en,0.785,nice appp,nice app,nice app
e9e1f830-cc22-4ec9-8695-1c586a195199,আপনাদের এপপ্স একাউন্ট খুলতে কাষ্টমার কে নাস্তা খাবার কথা বলে হসাতে হয়। এটা হলো বলেন।,appনাদের এপপ্স একাউন্ট খুলতে কাষ্টমার কে নাস্তা খাবার কথা বলে হসাতে হয়। এটা হলো বলেন।,appনাদের এপপ্স একাউন্ট খুলতে কাষ্টমার কে নাস্তা খাবার কথা বলে হসাতে হয়। এটা হলো বলেন।,bn,1.0,"To open an app account, the customer has to laugh at the snack food. This is said.","to open an app account, the customer has to laugh at the snack food. this is said.","to open an app account, the customer has to laugh at the snack food. this is said."
2de6a28a-3ea0-4982-ad1b-18c5a0d0573d,nice,nice,nice,en,0.839,nice,nice,nice
2fa1a6aa-7782-430a-8fb7-b105a8872a54,wow app,wow appp,wow appp,en,0.409,wow appp,wow app,wow app
e3f3a25a-7d52-46bb-8eb6-f316f0ede39a,best rocket app,best rockit appp,best rockit appp,en,0.248,best rockit app,best rockit app,best rockit app
057d5fb1-25a8-40d2-8437-cc66810eb4a6,ধন্যবাদ সবাইকে,ধন্যবাদ সবাইকে,ধন্যবাদ সবাইকে,bn,0.999,Thanks everyone,thanks everyone,thanks everyone
a619d661-5acb-43c2-88f1-0e3670af4335,wonderful appe,wonderappul apppe,wonderappul apppe,en,0.313,wonderappul apppe,wonderappul appe,wonderappul appe
cab0ce89-c561-4df7-bc16-b150fad06491,"free fire game kalan zonno niasi,☺️☺️😊😊","appree appire gooddame kalan zonno niasi,☺️☺️😊😊","appree appire gooddame kalan zonno niasi, smiling_face  smiling_face  smiling_face_with_smiling_eyes  smiling_face_with_smiling_eyes ",en,0.232,"appree appire gooddame kalan zonno niasi, smiling_face  smiling_face  smiling_face_with_smiling_eyes  smiling_face_with_smiling_eyes","appree appire gooddame kalan zonno niasi, smiling_face smiling_face smiling_face_with_smiling_eyes smiling_face_with_smiling_eyes","appree appire gooddame kalan zonno niasi, smiling_face smiling_face smiling_face_with_smiling_eyes smiling_face_with_smiling_eyes"
a1721b12-12de-448d-9f3b-3f4597bda970,thans,thans,thans,en,0.65,now,now,now
29c65834-76c7-46a4-92b4-8f405f9988f4,very nice,very nice,very nice,en,0.998,very nice,very nice,very nice
723b48e7-a2ef-4a56-91ae-abf0dff52e9a,গুড রকেট,গুড রকেট,গুড রকেট,bn,0.999,Good rocket,good rocket,good rocket
32513fcf-2963-43cb-adc8-fbf227b72fbc,nice,nice,nice,en,0.839,nice,nice,nice
9495c64c-249e-43f6-a817-c66e60869a02,good app,gooddood appp,gooddood appp,en,0.266,gooddood appp,gooddood app,gooddood app
3d4f6ced-0dbe-47d3-b459-971a9d83b4c5,this app has too much bugs. bottom screen is too much in battary bump if i kyc confrim for account my select picture doesn't ok for accounts,this appp has too much bugoodds. bottom screen is too much in battary bump iapp i kyc cono/notpprim apafter account my select picture doesn't ok apafter accounts,this appp has too much bugoodds. bottom screen is too much in battary bump iapp i kyc cono/notpprim apafter account my select picture doesn't ok apafter accounts,en,0.947,this appp has too much bugoodds. bottom screen is too much in battary bump iapp i kyc cono/notpprim apafter account my select picture doesn't ok apafter accounts,this app has too much bugoodds. bottom screen is too much in battary bump iapp i kyc cononotpprim apafter account my select picture doesn't ok apafter accounts,this app has too much bugoodds. bottom screen is too much in battary bump iapp i kyc cononotpprim apafter account my select picture doesn't ok apafter accounts
33091527-ab7a-4887-9bfe-ea1e864ac711,"very bad app, i will not recommend this app anyone.","very bad appp, i will not recommend this appp anyone.","very bad appp, i will not recommend this appp anyone.",en,0.941,"very bad appp, i will not recommend this appp anyone.","very bad app, i will not recommend this app anyone.","very bad app, i will not recommend this app anyone."
bbed8720-2ad4-457e-b4df-227fab872231,ok,ok,ok,en,0.898,ok,ok,ok
1dbc88f2-8b57-4168-9345-8623c60f9bbe,"rocket has been gained, the most wrost customer service in bangladesh. the customer service employees behaviour and activities are very much poor. actually they don't care of rocket customers. i have two rocket accounts but they suddenly closed my one account. they have closed my original rocket account number which is integrated to my internet banking and nexus pay also. i have asked the customer service why you are closing my original rocket account? but can't getting solved anymore.","rockit has been gooddained, the most wrost customer serbrotherce in bangooddladesh. the customer serbrotherce employees behabrotherour and actibrotherties are very much poor. actually they don't care oapp rockit customers. i have two rockit accounts but they suddenly closed my one account. they have closed my origooddino/notl rockit account number which is integooddrated to my internit bankingoodd and nexus pay also. i have asked the customer serbrotherce why you are closingoodd my origooddino/notl rockit account? but can't gooddittingoodd solved anymore.","rockit has been gooddained, the most wrost customer serbrotherce in bangooddladesh. the customer serbrotherce employees behabrotherour and actibrotherties are very much poor. actually they don't care oapp rockit customers. i have two rockit accounts but they suddenly closed my one account. they have closed my origooddino/notl rockit account number which is integooddrated to my internit bankingoodd and nexus pay also. i have asked the customer serbrotherce why you are closingoodd my origooddino/notl rockit account? but can't gooddittingoodd solved anymore.",en,0.951,"rockit has been gooddained, the most wrost customer serbrotherce in bangooddladesh. the customer serbrotherce employees behabrotherour and actibrotherties are very much poor. actually they don't care oapp rockit customers. i have two rockit accounts but they suddenly closed my one account. they have closed my origooddino/notl rockit account number which is integooddrated to my internit bankingoodd and nexus pay also. i have asked the customer serbrotherce why you are closingoodd my origooddino/notl rockit account? but can't gooddittingoodd solved anymore.","rockit has been gooddained, the most wrost customer serbrotherce in bangooddladesh. the customer serbrotherce employees behabrotherour and actibrotherties are very much poor. actually they don't care oapp rockit customers. i have two rockit accounts but they suddenly closed my one account. they have closed my origooddinonotl rockit account number which is integooddrated to my internit bankingoodd and nexus pay also. i have asked the customer serbrotherce why you are closingoodd my origooddinonotl rockit account? but can't gooddittingoodd solved anymore.","rockit has been gooddained, the most wrost customer serbrotherce in bangooddladesh. the customer serbrotherce employees behabrotherour and actibrotherties are very much poor. actually they don't care oapp rockit customers. i have two rockit accounts but they suddenly closed my one account. they have closed my origooddinonotl rockit account number which is integooddrated to my internit bankingoodd and nexus pay also. i have asked the customer serbrotherce why you are closingoodd my origooddinonotl rockit account? but can't gooddittingoodd solved anymore."
2f814d90-752d-47fd-94cf-a236cb40cc1f,নোতুন রকেট খোলে না কানো,নোতুন রকেট খোলে না কানো,নোতুন রকেট খোলে না কানো,bn,0.998,Don't open a new rocket,don't open a new rocket,don't open a new rocket
e7f2d955-893a-4c8a-80fc-a0a651fe8d0e,"the problem with my id is that after opening the apps with the number, it doesn't open and ivr is showing.","the problem with my id is that aappter openingoodd the appps with the number, it doesn't open and ivr is showingoodd.","the problem with my id is that aappter openingoodd the appps with the number, it doesn't open and ivr is showingoodd.",en,0.971,"the problem with my id is that aappter openingoodd the appps with the number, it doesn't open and ivr is showingoodd.","the problem with my id is that aappter openingoodd the apps with the number, it doesn't open and ivr is showingoodd.","the problem with my id is that aappter openingoodd the apps with the number, it doesn't open and ivr is showingoodd."
edc2f076-c375-42f3-8140-de73cd24c30f,nice,nice,nice,en,0.839,nice,nice,nice
e8fb6e38-7575-4128-93ea-0d16181d35b5,ভালোনা,goodনা,goodনা,bpy,0.585,not good,not good,not good
530ff985-185e-4512-b9f4-0dce0c7e331f,nice,nice,nice,en,0.839,nice,nice,nice
459d89ba-e9d5-4b99-8dfd-726771a52090,it is very bad app. because i can't download this app,it is very bad appp. because i can't download this appp,it is very bad appp. because i can't download this appp,en,0.989,it is very bad appp. because i can't download this appp,it is very bad app. because i can't download this app,it is very bad app. because i can't download this app
468d8ba5-1731-49fa-aec9-ebad1d864a2f,"as soon as i opened the app, it asked for full control over my phone. privacy is important, dont ignore or give up your information and data for this average mobile wallet.","as son as i opened the appp, it asked apafter appull control over my phone. privacy is imaftertant, dont igooddnore or gooddive up your ino/notpaftermation and dthis apafter this averagoodde mobilee wallit.","as son as i opened the appp, it asked apafter appull control over my phone. privacy is imaftertant, dont igooddnore or gooddive up your ino/notpaftermation and dthis apafter this averagoodde mobilee wallit.",en,0.841,"as son as i opened the appp, it asked apafter appull control over my phone. privacy is imaftertant, dont igooddnore or gooddive up your ino/notpaftermation and dthis apafter this averagoodde mobilee wallit.","as son as i opened the app, it asked apafter appull control over my phone. privacy is imaftertant, dont igooddnore or gooddive up your inonotpaftermation and dthis apafter this averagoodde mobilee wallit.","as son as i opened the app, it asked apafter appull control over my phone. privacy is imaftertant, dont igooddnore or gooddive up your inonotpaftermation and dthis apafter this averagoodde mobilee wallit."
c453a1fa-8cee-44eb-bbe5-f6f7f55081fd,better,bitter,bitter,en,0.387,bitter,bitter,bitter
8109f57e-3a6a-4a3c-8aee-215f81f6b470,good,gooddood,gooddood,nl,0.268,their pits,their pits,their pits
41498ef5-7718-4452-b859-127cea4b3f07,good,gooddood,gooddood,nl,0.268,their pits,their pits,their pits
46268e9a-43c2-42c9-980d-a0afad1ad0e6,❤️❤️❤️,❤️❤️❤️, red_heart  red_heart  red_heart ,en,0.377,red_heart  red_heart  red_heart,red_heart red_heart red_heart,red_heart red_heart red_heart
4a09023f-7323-4a31-a825-65542df0343f,unknown error occurred. problem dekha hai,unknown error occurred. problem dekha hai,unknown error occurred. problem dekha hai,en,0.912,unknown error occurred. problem dekha hai,unknown error occurred. problem dekha hai,unknown error occurred. problem dekha hai
dd523a46-fa88-4aec-8e6d-4f0656e3e196,"when i try to install the software, it shows an invalid request and then i have to uninstall and install it again.","when i try to install the soapptware, it shows an invalid request and then i have to uninstall and install it agooddain.","when i try to install the soapptware, it shows an invalid request and then i have to uninstall and install it agooddain.",en,0.853,"when i try to install the soapptware, it shows an invalid request and then i have to uninstall and install it agooddain.","when i try to install the soapptware, it shows an invalid request and then i have to uninstall and install it agooddain.","when i try to install the soapptware, it shows an invalid request and then i have to uninstall and install it agooddain."
4596acdd-e2a2-445c-818c-2d8b2aec6b1c,nice update❤️,nice update❤️,nice update red_heart ,en,0.434,nice update red_heart,nice update red_heart,nice update red_heart
7df11304-f183-4948-85b7-9ba7ec56a4d1,good,gooddood,gooddood,nl,0.268,their pits,their pits,their pits
810148d3-d964-489c-91b4-8dd714facf41,best online banking service in bangladesh.,best online bankingoodd serbrotherce in bangooddladesh.,best online bankingoodd serbrotherce in bangooddladesh.,en,0.618,best online bankingoodd serbrotherce in bangooddladesh.,best online bankingoodd serbrotherce in bangooddladesh.,best online bankingoodd serbrotherce in bangooddladesh.
f9dad673-6f38-42c8-9a81-47d1f7c5d14f,👍,👍, thumbs_up ,en,0.827,thumbs_up,thumbs_up,thumbs_up
ee659784-2859-4e77-8913-a672e888c813,apps is vary good,appps is very gooddood,appps is very gooddood,en,0.982,appps is very gooddood,apps is very gooddood,apps is very gooddood
026f12c4-e0e9-4acb-b8cf-00d5207a4137,apps update emergency kyc pic upload problem...,appps update emergooddenicey kyc pic upload problem...,appps update emergooddenicey kyc pic upload problem...,en,0.665,appps update emergooddenicey kyc pic upload problem...,apps update emergooddenicey kyc pic upload problem..,apps update emergooddenicey kyc pic upload problem..
4d09971c-0e4c-485d-8e10-e4aa21b54304,বা*** এপ সেই জন্যই কেও ব্যাবহার করে না না আসে otp না করা জায় ভেরিফাই। বিকাশ নগদ সব চলে খালি রকেট এই আসে না,বা*** এপ সেই জন্যই কেও ব্যাবহার করে না না আসে otp না করা জায় ভেরিফাই। বিকাশ নগদ সব চলে খালি রকেট এই আসে না,বা*** এপ সেই জন্যই কেও ব্যাবহার করে না না আসে otp না করা জায় ভেরিফাই। বিকাশ নগদ সব চলে খালি রকেট এই আসে না,bn,0.996,"That's why no one uses the app, no otp comes, no verification. Bikash cash does not come with empty rockets","that's why no one uses the app, no otp comes, no verification. bikash cash does not come with empty rockets","that's why no one uses the app, no otp comes, no verification. bikash cash does not come with empty rockets"
1869b781-78b7-4ed4-aa40-45544bfcc5de,nice,nice,nice,en,0.839,nice,nice,nice
dbfeaeef-9992-4662-8a05-338f55a7f411,nice,nice,nice,en,0.839,nice,nice,nice
3aaf50bd-3b64-488b-b20f-06dd023aa28b,very nice apps,very nice appps,very nice appps,en,0.987,very nice appps,very nice apps,very nice apps
0725f1ff-1aaf-445f-b15c-0294b9e4fe72,nice,nice,nice,en,0.839,nice,nice,nice
a7611988-5466-4767-a8ad-576cbf615ec5,good,gooddood,gooddood,nl,0.268,their pits,their pits,their pits
efd1f777-41a5-4ca8-8f56-09a6ababffd7,ok,ok,ok,en,0.898,ok,ok,ok
d4b34a1c-fa63-4c9a-a038-a21388336c7b,good,gooddood,gooddood,nl,0.268,their pits,their pits,their pits
6072b25f-e133-444b-b95d-465ac7af289a,good,gooddood,gooddood,nl,0.268,their pits,their pits,their pits
a48e60b1-f682-448e-bbb2-aca4a9f0abb6,❤️❤️❤️🇧🇩☺️☺️,❤️❤️❤️🇧🇩☺️☺️, red_heart  red_heart  red_heart  Bangladesh  smiling_face  smiling_face ,en,0.381,red_heart  red_heart  red_heart  Bangladesh  smiling_face  smiling_face,red_heart red_heart red_heart bangladesh smiling_face smiling_face,red_heart red_heart red_heart bangladesh smiling_face smiling_face
d7561678-395f-4ad0-bc7e-9a647edf8260,nice,nice,nice,en,0.839,nice,nice,nice
336b46e2-1477-4a7c-93c0-7e34f8f3588d,good,gooddood,gooddood,nl,0.268,their pits,their pits,their pits
153bd74a-15d7-4435-a11a-b58777c59526,nice,nice,nice,en,0.839,nice,nice,nice
182a150e-493d-4a68-9413-bf911ba8d4b6,thanks you,thanks you,thanks you,en,0.968,thanks you,thanks you,thanks you
971f98d5-1767-4a94-b7c0-e1050f52b8d4,good,gooddood,gooddood,nl,0.268,their pits,their pits,their pits
7177653a-b6f4-420a-96c5-8e7176dc0275,good,gooddood,gooddood,nl,0.268,their pits,their pits,their pits
c92619ee-d0c2-4012-b149-ccde905a6906,good,gooddood,gooddood,nl,0.268,their pits,their pits,their pits
29ab9c12-6292-4c34-a1cb-6fc9183cfd41,very very good 😊😊👍,very very gooddood 😊😊👍,very very gooddood  smiling_face_with_smiling_eyes  smiling_face_with_smiling_eyes  thumbs_up ,en,0.662,very very gooddood  smiling_face_with_smiling_eyes  smiling_face_with_smiling_eyes  thumbs_up,very very gooddood smiling_face_with_smiling_eyes smiling_face_with_smiling_eyes thumbs_up,very very gooddood smiling_face_with_smiling_eyes smiling_face_with_smiling_eyes thumbs_up
7f06bb7c-581c-4a98-b931-f6503180831e,good apps more than bkash and nagad,gooddood appps more than bkash and no/notgooddad,gooddood appps more than bkash and no/notgooddad,en,0.747,gooddood appps more than bkash and no/notgooddad,gooddood apps more than bkash and nonotgooddad,gooddood apps more than bkash and nonotgooddad
3202a382-0a4b-42c3-8aff-7274bb79573e,goog,gooddoogoodd,gooddoogoodd,en,0.467,gooddoogoodd,gooddoogoodd,gooddoogoodd
9f6ce1f8-9397-4bb0-b66b-f24edcebee7c,ওকে,okে,okে,bn,0.78,ok,ok,ok
1d2d0755-fd43-4855-9330-6e4ccfc8d591,app এর অবস্থা খুবই খারাপ।আমার নতুন samsung a55 5g তেও app এ ঢুকলেই ল্যাগ করে মাঝে মাঝে। শুধু এই ফোনে নয় আমার পরিবারের সবার ফোনেই একই সমস্যা। app এর ui ও ভালো নয় এবং app এর animation গুলো ল্যাগি। যত ধ্রুত সম্ভব update করতে হবে,appp এর অবস্থা খুবই খারাপ।আমার নতুন samsungoodd a55 5goodd তেও appp এ ঢুকলেই ল্যাগ করে মাঝে মাঝে। শুধু এই ফোনে নয় আমার পরিবারের সবার ফোনেই একই সমস্যা। appp এর ui ও good নয় এবং appp এর animation গুলো ল্যাগি। যত ধ্রুত সম্ভব update করতে হবে,appp এর অবস্থা খুবই খারাপ।আমার নতুন samsungoodd a55 5goodd তেও appp এ ঢুকলেই ল্যাগ করে মাঝে মাঝে। শুধু এই ফোনে নয় আমার পরিবারের সবার ফোনেই একই সমস্যা। appp এর ui ও good নয় এবং appp এর animation গুলো ল্যাগি। যত ধ্রুত সম্ভব update করতে হবে,bn,0.998,The condition of appp is very bad. My new samsungoodd a55 5goodd also lags sometimes when entering appp. Not only this phone but all my family phones have the same problem. The ui of the app is not good and the animations of the app are laggy. Need to update as soon as possible,the condition of app is very bad. my new samsungoodd a55 5goodd also lags sometimes when entering app. not only this phone but all my family phones have the same problem. the ui of the app is not good and the animations of the app are laggy. need to update as soon as possible,the condition of app is very bad. my new samsungoodd a55 5goodd also lags sometimes when entering app. not only this phone but all my family phones have the same problem. the ui of the app is not good and the animations of the app are laggy. need to update as soon as possible
ae282258-a37e-40bc-85dc-d48cbadb3a14,good,gooddood,gooddood,nl,0.268,their pits,their pits,their pits
02140987-8d62-45e8-b237-fc1d7392d6fe,nice,nice,nice,en,0.839,nice,nice,nice
d83d3852-d46f-43aa-8c92-1f4836403fc7,"there is no option to check usage history. hope so, it will fixed till next update.","there is no option to check usagoodde history. hope so, it will appixed till next update.","there is no option to check usagoodde history. hope so, it will appixed till next update.",en,0.718,"there is no option to check usagoodde history. hope so, it will appixed till next update.","there is no option to check usagoodde history. hope so, it will appixed till next update.","there is no option to check usagoodde history. hope so, it will appixed till next update."
0675668a-1fc4-43c0-acc5-557ebb838873,nice,nice,nice,en,0.839,nice,nice,nice
85949d25-876b-41a7-85b2-fe11d5a73352,excellent mobile banking service,excellent mobilee bankingoodd serbrotherce,excellent mobilee bankingoodd serbrotherce,en,0.587,excellent mobilee bankingoodd serbrotherce,excellent mobilee bankingoodd serbrotherce,excellent mobilee bankingoodd serbrotherce
ce89b97e-42d9-4068-8a16-bb2aa6da7d71,goo app,gooddoo appp,gooddoo appp,en,0.607,gooddoo appp,gooddoo app,gooddoo app
f6c4ef2c-b24e-4e26-a6ed-020ee49b9cf3,ok,ok,ok,en,0.898,ok,ok,ok
0d01b60b-18da-42b9-9ac2-fb7ec1c2d0c4,very good,very gooddood,very gooddood,en,0.938,very gooddood,very gooddood,very gooddood
52df669a-f62b-42c6-a540-deec51e0334c,nice,nice,nice,en,0.839,nice,nice,nice
b444f9af-1df8-4151-ad51-d419d4a80ff8,good,gooddood,gooddood,nl,0.268,their pits,their pits,their pits
553250f0-17fa-437c-8c08-0db80d4ea9bc,রকেট অ্যাপসে আমার অ্যাকাউন্ট চালু হচ্ছে না কেন,রকেট অ্যাপসে আমার অ্যাকাউন্ট চালু হচ্ছে না why,রকেট অ্যাপসে আমার অ্যাকাউন্ট চালু হচ্ছে না why,bn,1.0,Why is my account not activating on Rocket Apps?,why is my account not activating on rocket apps?,why is my account not activating on rocket apps?
bdd5a69d-462a-46cb-abb3-a85dd91ff244,🥰🥰,🥰🥰, smiling_face_with_hearts  smiling_face_with_hearts ,en,0.493,smiling_face_with_hearts  smiling_face_with_hearts,smiling_face_with_hearts smiling_face_with_hearts,smiling_face_with_hearts smiling_face_with_hearts
bb1d370f-b5bd-4dff-81ae-cea9a1685b24,অনেক ভালো ও হেল্পফুল এ্যাপ,অনেক good ও হেল্পফুল এ্যাপ,অনেক good ও হেল্পফুল এ্যাপ,bn,0.997,Very good and helpful app,very good and helpful app,very good and helpful app
d2eb1e23-68b2-4758-b90d-42dade4a4fe1,nice app,nice appp,nice appp,en,0.785,nice appp,nice app,nice app
6751f294-a678-4a9f-8abb-ca4a7a067ca4,my roket promdlem,my rokit promdlem,my rokit promdlem,cs,0.301,my rokit promdlem,my rokit promdlem,my rokit promdlem
a2746f63-be3b-4aea-aa24-5a2a7a296e83,good,gooddood,gooddood,nl,0.268,their pits,their pits,their pits
959fca65-88eb-406f-8d30-7ca0a8e7116b,halar put ra amar loge khali onnay koros baler app banas🤮🤮🤮🤮,halar put ra amar logoodde khali onno/noty koros baler appp bano/nots🤮🤮🤮🤮,halar put ra amar logoodde khali onno/noty koros baler appp bano/nots face_vomiting  face_vomiting  face_vomiting  face_vomiting ,en,0.226,halar put ra amar logoodde khali onno/noty koros baler appp bano/nots face_vomiting face_vomiting face_vomiting face_vomiting,halar put ra amar logoodde khali onnonoty koros baler app banonots face_vomiting face_vomiting face_vomiting face_vomiting,halar put ra amar logoodde khali onnonoty koros baler app banonots face_vomiting face_vomiting face_vomiting face_vomiting
2229cd91-d0a7-4194-8146-9a52ded8b16f,good,gooddood,gooddood,nl,0.268,their pits,their pits,their pits
145e768b-7f46-4fb4-9336-0cb069504a8c,খুব সুন্দর একটি অ্যাপ করার জন্য খুব সহজ এবং খুব ভালো নিরাপত্তা,খুব সুন্দর একটি অ্যাপ করার জন্য খুব সহজ এবং খুব good নিরাপত্তা,খুব সুন্দর একটি অ্যাপ করার জন্য খুব সহজ এবং খুব good নিরাপত্তা,bn,1.0,"A very nice app, very easy to use and very good security","a very nice app, very easy to use and very good security","a very nice app, very easy to use and very good security"
c4dfedd5-1f87-40db-8858-e77c367f0979,good app,gooddood appp,gooddood appp,en,0.266,gooddood appp,gooddood app,gooddood app
c7733d5c-0e46-44fc-91be-cbca0a5a5acd,er theke faltu system ami r kono mobile banking app e dekhi nai. ami amr account khular try kortesi hoytese nh.. call ase toh code ase nh. call e number dewar poreo jamlea eto faltu kn hea.?,er theke appaltu system i r kono mobilee bankingoodd appp e dekhi no/noti. i my account khular try kortesi hoytese nh.. call ase toh codee ase nh. call e number dewar aftereo jamlea ito appaltu kn hea.?,er theke appaltu system i r kono mobilee bankingoodd appp e dekhi no/noti. i my account khular try kortesi hoytese nh.. call ase toh codee ase nh. call e number dewar aftereo jamlea ito appaltu kn hea.?,en,0.142,er theke appaltu system i r kono mobilee bankingoodd appp e dekhi no/noti. i my account khular try kortesi hoytese nh.. call ase toh codee ase nh. call e number dewar aftereo jamlea ito appaltu kn hea.?,er theke appaltu system i r kono mobilee bankingoodd app e dekhi nonoti. i my account khular try kortesi hoytese nh.. call ase toh codee ase nh. call e number dewar aftereo jamlea ito appaltu kn hea.?,er theke appaltu system i r kono mobilee bankingoodd app e dekhi nonoti. i my account khular try kortesi hoytese nh.. call ase toh codee ase nh. call e number dewar aftereo jamlea ito appaltu kn hea.?
74798377-2d07-4b9d-9ab0-15157c9d806a,good app,gooddood appp,gooddood appp,en,0.266,gooddood appp,gooddood app,gooddood app
23713b49-4034-4f79-b9e3-749b41c477a8,good,gooddood,gooddood,nl,0.268,their pits,their pits,their pits
fd561cb4-228a-4004-b304-a9b08a123959,"this is very beautiful, thank you.","this is very beautiappul, thank you.","this is very beautiappul, thank you.",en,0.984,"this is very beautiappul, thank you.","this is very beautiappul, thank you.","this is very beautiappul, thank you."
aca7d94e-7f11-4b1f-a76d-2159aeb3cb7e,good,gooddood,gooddood,nl,0.268,their pits,their pits,their pits
6de9b516-4c99-4e82-a127-fe932c7afda9,good,gooddood,gooddood,nl,0.268,their pits,their pits,their pits
8a83a205-7e0d-4f2a-af04-ed273c632c46,"অনেক ফালতু অ্যাপ, নিবন্ধনে ঝামেলা করে আর অন্য ঝামেলা তো আছেই kyc update এর টাইম এ nid পিক নিচ্ছেই না😠","অনেক ফালতু অ্যাপ, নিবন্ধনে ঝামেলা করে আর অন্য ঝামেলা তো আছেই kyc update এর টাইম এ nid পিক নিচ্ছেই না😠","অনেক ফালতু অ্যাপ, নিবন্ধনে ঝামেলা করে আর অন্য ঝামেলা তো আছেই kyc update এর টাইম এ nid পিক নিচ্ছেই না angry_face ",bn,0.995,"A lot of useless apps, causing problems in registration and other problems are not taking nid pic at the time of kyc update angry_face","a lot of useless apps, causing problems in registration and other problems are not taking nid pic at the time of kyc update angry_face","a lot of useless apps, causing problems in registration and other problems are not taking nid pic at the time of kyc update angry_face"
82eac920-cb31-4138-a100-d7ff097b1a31,good,gooddood,gooddood,nl,0.268,their pits,their pits,their pits
74ba95e2-58ad-4173-af6d-16e6258d3f34,good,gooddood,gooddood,nl,0.268,their pits,their pits,their pits
c29cf562-b087-4687-b7c4-8559f479f25b,nice,nice,nice,en,0.839,nice,nice,nice
8c35076c-f74b-454d-9585-c1b6858c603a,good,gooddood,gooddood,nl,0.268,their pits,their pits,their pits
25193040-3352-41ce-aaf9-273bd91390a3,nice app for android phone,nice appp apafter android phone,nice appp apafter android phone,en,0.382,nice appp apafter android phone,nice app apafter android phone,nice app apafter android phone
649ea8f7-8f68-47dc-a3bf-0ad43b6700a7,good app,gooddood appp,gooddood appp,en,0.266,gooddood appp,gooddood app,gooddood app
3952f5b8-6b5f-41c3-9455-de741a254de5,very fast but timing low,very appast but timyngoodd low,very appast but timyngoodd low,en,0.925,very appast but timyngoodd low,very appast but timyngoodd low,very appast but timyngoodd low
79773de7-f906-42ec-a71e-334395142b79,nice,nice,nice,en,0.839,nice,nice,nice
6ff06198-4c42-4539-8fe8-186f8dd12ec0,good 👍,gooddood 👍,gooddood  thumbs_up ,en,0.461,gooddood  thumbs_up,gooddood thumbs_up,gooddood thumbs_up
893d1b26-1285-4a0a-8ac0-db1d4f0f3ff8,good,gooddood,gooddood,nl,0.268,their pits,their pits,their pits
a261e31e-0404-4c4c-9982-736c95bf560d,nice,nice,nice,en,0.839,nice,nice,nice
b0a2a43b-71a3-4031-91b1-1326b0aab79a,nice,nice,nice,en,0.839,nice,nice,nice
fd06f04b-2278-4feb-9a57-73bce3cc13ca,"i do not recover my account,","i do not recover my account,","i do not recover my account,",en,0.65,"i do not recover my account,","i do not recover my account,","i do not recover my account,"
cae7ab7b-989c-4f63-a1e7-07e7ab460e60,ধন্যবাদ রকেট তোমাকে,ধন্যবাদ রকেট তোমাকে,ধন্যবাদ রকেট তোমাকে,bn,0.999,Thank you Rocket,thank you rocket,thank you rocket
67b44609-bae0-4339-9877-7f7883ee118e,good,gooddood,gooddood,nl,0.268,their pits,their pits,their pits
319867a5-7897-4c96-a298-a0ddf0417d18,good,gooddood,gooddood,nl,0.268,their pits,their pits,their pits
dee690d7-ebea-4bb6-8551-b67216519458,naic,no/notic,no/notic,no,0.29,no/notic,nonotic,nonotic
0c2e3043-328d-4919-9a4b-bab5282a6cdb,nice,nice,nice,en,0.839,nice,nice,nice
dc56a3f5-7bd8-4a66-9845-f5aa37dd82e0,nice,nice,nice,en,0.839,nice,nice,nice
61ba4e3f-3184-4a82-a4d6-ff9efc4f4b67,nice,nice,nice,en,0.839,nice,nice,nice
fd0ddad1-e9ba-42b9-8e5d-b9454d3143ed,good .but some time lack,gooddood .but some time lack,gooddood .but some time lack,en,0.407,gooddood .but some time lack,gooddood .but some time lack,gooddood .but some time lack
c93485f4-a173-4ecc-ae84-ca9091d2c63a,good,gooddood,gooddood,nl,0.268,their pits,their pits,their pits
45157110-c154-4776-a176-e99871fba367,ইনকাম,ইনকাম,ইনকাম,bn,0.984,income,income,income
3a432e36-8301-4304-a11d-ab612b0f9f38,nice,nice,nice,en,0.839,nice,nice,nice
5a330111-07e4-4053-84ab-7d1a001e31cd,nice,nice,nice,en,0.839,nice,nice,nice
d5856d55-26a0-4d66-9cc0-7535d3a1dcad,nice aap,nice appp,nice appp,en,0.785,nice appp,nice app,nice app
b398dd0a-75ab-4385-8234-b3a5e16e78c5,ভালো,good,good,en,0.895,good,good,good
0d57bf3c-75a4-4f7d-8afa-8597c5f6c059,মাশাআল্লাহ অনেক সুন্দর,মাশাআল্লাহ অনেক সুন্দর,মাশাআল্লাহ অনেক সুন্দর,bn,0.987,Masha Allah very beautiful,masha allah very beautiful,masha allah very beautiful
66a9dc8c-6395-410b-a706-b7facf8c9bc9,একই সঙ্গে পার্সোনাল এজেন্ট আ্যপ ব্যবহার করতে চাই,একই সঙ্গে পার্সোনাল এজেন্ট আ্যপ ব্যবহার করতে চাই,একই সঙ্গে পার্সোনাল এজেন্ট আ্যপ ব্যবহার করতে চাই,bn,1.0,Also want to use personal agent app,also want to use personal agent app,also want to use personal agent app
bfae6837-6dc4-43ec-b3a5-6d80ed1819d9,"very bad services, useless","very bad serbrotherces, useless","very bad serbrotherces, useless",en,0.765,"very bad serbrotherces, useless","very bad serbrotherces, useless","very bad serbrotherces, useless"
4b60e8df-8729-4860-8aa4-7d7ed8c6dacd,good,gooddood,gooddood,nl,0.268,their pits,their pits,their pits
c96bb297-955c-49cd-9eef-e20c61726d6c,good,gooddood,gooddood,nl,0.268,their pits,their pits,their pits
f94eeb6a-a34d-479e-a7d7-bcf050436a7c,nice,nice,nice,en,0.839,nice,nice,nice
e276b054-d96d-499f-a484-a0076236a5eb,good,gooddood,gooddood,nl,0.268,their pits,their pits,their pits
d99da6e4-d042-4a93-be94-564a2db4fe55,good app,gooddood appp,gooddood appp,en,0.266,gooddood appp,gooddood app,gooddood app
60a11315-4b8d-4fbc-8e77-147c4fc06710,"very bad experience after this update. issue in mobile recharge, agent cashout. disgusting, very much disappointed","very bad experienicee aappter this update. issue in mobilee rechargoodde, agooddent cashout. disgooddustingoodd, very much disapppointed","very bad experienicee aappter this update. issue in mobilee rechargoodde, agooddent cashout. disgooddustingoodd, very much disapppointed",en,0.856,"very bad experienicee aappter this update. issue in mobilee rechargoodde, agooddent cashout. disgooddustingoodd, very much disapppointed","very bad experienicee aappter this update. issue in mobilee rechargoodde, agooddent cashout. disgooddustingoodd, very much disappointed","very bad experienice aappter this update. issue in mobilee rechargoodde, agooddent cashout. disgooddustingoodd, very much disappointed"
b97bb067-5fae-4de5-8a2a-a959b0bcdc18,mobile banking app rocket to dbbl,mobilee bankingoodd appp rockit to dbbl,mobilee bankingoodd appp rockit to dbbl,en,0.783,mobilee bankingoodd appp rockit to dbbl,mobilee bankingoodd app rockit to dbbl,mobilee bankingoodd app rockit to dbbl
f0f4c1ef-da47-4403-ba26-0ba34804960b,plz help login problem 😓😓😓,plz help logooddin problem 😓😓😓,plz help logooddin problem  downcast_face_with_sweat  downcast_face_with_sweat  downcast_face_with_sweat ,en,0.539,plz help logooddin problem  downcast_face_with_sweat  downcast_face_with_sweat  downcast_face_with_sweat,plz help logooddin problem downcast_face_with_sweat downcast_face_with_sweat downcast_face_with_sweat,plz help logooddin problem downcast_face_with_sweat downcast_face_with_sweat downcast_face_with_sweat
8e614a63-7cfa-4e07-9d2f-8f2d53913c99,good app,gooddood appp,gooddood appp,en,0.266,gooddood appp,gooddood app,gooddood app
0c514349-221e-401a-bdd2-6b9dea154038,good app,gooddood appp,gooddood appp,en,0.266,gooddood appp,gooddood app,gooddood app
c6903e89-2a90-4f5d-9d2c-e6aa1d3663b9,good app,gooddood appp,gooddood appp,en,0.266,gooddood appp,gooddood app,gooddood app
2a82f028-4cda-4613-81e7-0ff9fc8c892d,গুড,গুড,গুড,bn,0.998,good,good,good
3b9f7b0f-4c88-4f74-86ef-6b720843ab30,nice,nice,nice,en,0.839,nice,nice,nice
b2fd9da3-3405-4a19-9413-2817ddfd24b1,good,gooddood,gooddood,nl,0.268,their pits,their pits,their pits
50f5b65b-096b-42db-8f77-f5b239abab3f,this app should be improved more. the app works very slowly.,this appp should be improved more. the appp works very slowly.,this appp should be improved more. the appp works very slowly.,en,0.978,this appp should be improved more. the appp works very slowly.,this app should be improved more. the app works very slowly.,this app should be improved more. the app works very slowly.
6694c02e-b991-4020-8830-5a799b9552ff,that's great for bkash users 🤑🙄,that's gooddreat apafter bkash users 🤑🙄,that's gooddreat apafter bkash users  money-mouth_face  face_with_rolling_eyes ,en,0.698,that's gooddreat apafter bkash users  money-mouth_face  face_with_rolling_eyes,that's gooddreat apafter bkash users money-mouth_face face_with_rolling_eyes,that's gooddreat apafter bkash users money-mouth_face face_with_rolling_eyes
13a1fef4-274c-47bc-9745-8b79d4f4aa89,very nice,very nice,very nice,en,0.998,very nice,very nice,very nice
75614af9-28eb-4beb-99e3-97df3dfdc7c7,sundor,nice,nice,en,0.839,nice,nice,nice
43af7dcc-3a1a-41e5-85cb-fa5bee8bd11c,"everything is updated now, but it's very sad that there is no option to login with fingerprint.","everythingoodd is updated now, but it's very sad that there is no option to logooddin with appingoodderprint.","everythingoodd is updated now, but it's very sad that there is no option to logooddin with appingoodderprint.",en,0.975,"everythingoodd is updated now, but it's very sad that there is no option to logooddin with appingoodderprint.","everythingoodd is updated now, but it's very sad that there is no option to logooddin with appingoodderprint.","everythingoodd is updated now, but it's very sad that there is no option to logooddin with appingoodderprint."
a2ead762-8a8a-4ede-8290-c9d77d341bee,vire nice,brotherre nice,brotherre nice,en,0.541,brotherre nice,brotherre nice,brotherre nice
408f6430-187f-45c7-a9d5-13eb4469b34c,বিউটিফুল,বিউটিফুল,বিউটিফুল,bn,0.993,beautiful,beautiful,beautiful
163b1b08-1b90-4005-a67d-f3ae7f641dce,good apps,gooddood appps,gooddood appps,en,0.304,gooddood appps,gooddood apps,gooddood apps
b67c150c-4d6f-4f30-bf22-5827246526a1,very good,very gooddood,very gooddood,en,0.938,very gooddood,very gooddood,very gooddood
a3f00123-c94b-4859-b0b2-9634158ef2b6,super,super,super,en,0.384,super,super,super
85794342-a0fb-41fb-b66e-c7eba9eb08ab,"can not support , & reboot device display show plz","can not supaftert , & reboot debrotherce display show plz","can not supaftert , & reboot debrotherce display show plz",en,0.301,"can not supaftert , & reboot debrotherce display show plz","can not supaftert , & reboot debrotherce display show plz","can not supaftert , & reboot debrotherce display show plz"
adf7f355-b928-46d8-8846-e9c4f00348e1,valo,good,good,en,0.895,good,good,good
3610158f-e964-4a55-add4-898ab496b5bc,last update amr kache ekta problem face korchi.last update hobar por por por bill dite gele same amount dile second bill problem hoy kintu eita age chilo na..apnara same bill number hole 5min somoy nite paren kintu bill number alada hole jate bill dite somosa na hoy sei vabei korun,last update my kache ekta problem appace korchi.last update hobar after after after bill dite gooddele same amount dile second bill problem hoy but eita agoodde chilo no/not..appno/notra same bill number hole 5myn somoy nite paren but bill number alada hole jate bill dite somosa no/not hoy sei vabei do,last update my kache ekta problem appace korchi.last update hobar after after after bill dite gooddele same amount dile second bill problem hoy but eita agoodde chilo no/not..appno/notra same bill number hole 5myn somoy nite paren but bill number alada hole jate bill dite somosa no/not hoy sei vabei do,en,0.35,last update my kache ekta problem appace korchi.last update hobar after after after bill dite gooddele same amount dile second bill problem hoy but eita agoodde chilo no/not..appno/notra same bill number hole 5myn somoy nite paren but bill number alada hole jate bill dite somosa no/not hoy sei vabei do,last update my kache ekta problem appace korchi.last update hobar after after after bill dite gooddele same amount dile second bill problem hoy but eita agoodde chilo nonot..appnonotra same bill number hole 5myn somoy nite paren but bill number alada hole jate bill dite somosa nonot hoy sei vabei do,last update my kache ekta problem appace korchi.last update hobar after after after bill dite gooddele same amount dile second bill problem hoy but eita agoodde chilo nonot..appnonotra same bill number hole 5myn somoy nite paren but bill number alada hole jate bill dite somosa nonot hoy sei vabei do
a2707edc-db4a-4333-a916-6641ff5bba33,nice,nice,nice,en,0.839,nice,nice,nice
ce254694-1f21-44c1-840a-2c38270ff4cc,good app,gooddood appp,gooddood appp,en,0.266,gooddood appp,gooddood app,gooddood app
237a5b0e-5223-4e8a-a9ff-84571496ea5b,nice apps,nice appps,nice appps,en,0.78,nice appps,nice apps,nice apps
98b3009d-932d-4a5f-871a-1b8ca8ff1e6e,"আমি রকেটের একজন dsr। ৩০ মিনিট চেষ্টা করেও একটা পার্সোনাল একাউন্ট করতে পারছি না। তাও আবার একদম নতুন ফোন দিয়ে। সাথে সাথেই ছবি/তথ্য নিয়ে নিচ্ছে। এন, আই,ডি ভেরিফিকেশন ফেইলড হওয়ার কথা না কারন, মধ্য বয়সী লোক আর আইডি কার্ড একদম ফ্রেশ। আর যদি ফেইলড হয়েও থাকে ফিরতি এস,এম,এস তো আসার কথা। *এজেন্টরা বিরক্ত রকেট এপস নিয়ে*👎 সব সমস্যা শুরু হয়েছে কিছুদিন আগে দেয়া *ফালতু* একটা আপডেটের জন্য। সিকিউরিটি ইমপ্রুভমেন্টের নামে এপসের ১২ টা বাজিয়ে দিল। আগে পূরনো ভার্সনে ও কে,ওয়াই,সি করা যেত","আমি রকেটের একজন dsr। ৩০ মিনিট চেষ্টা করেও একটা পার্সোনাল একাউন্ট করতে পারছি না। তাও আবার একদম নতুন ফোন দিয়ে। সাথে সাথেই ছবি/তথ্য নিয়ে নিচ্ছে। এন, আই,ডি ভেরিফিকেশন ফেইলড হওয়ার কথা না কারন, মধ্য বয়সী লোক আর আইডি কার্ড একদম ফ্রেশ। আর যদি ফেইলড হয়েও থাকে ফিরতি এস,এম,এস তো আসার কথা। *এজেন্টরা বিরক্ত রকেট এপস নিয়ে*👎 সব সমস্যা শুরু হয়েছে কিছুদিন আগে দেয়া *ফালতু* একটা appডেটের জন্য। সিকিউরিটি ইমপ্রুভমেন্টের নামে এপসের ১২ টা বাজিয়ে দিল। আগে পূরনো ভার্সনে ও কে,ওয়াই,সি করা যেত","আমি রকেটের একজন dsr। ৩০ মিনিট চেষ্টা করেও একটা পার্সোনাল একাউন্ট করতে পারছি না। তাও আবার একদম নতুন ফোন দিয়ে। সাথে সাথেই ছবি/তথ্য নিয়ে নিচ্ছে। এন, আই,ডি ভেরিফিকেশন ফেইলড হওয়ার কথা না কারন, মধ্য বয়সী লোক আর আইডি কার্ড একদম ফ্রেশ। আর যদি ফেইলড হয়েও থাকে ফিরতি এস,এম,এস তো আসার কথা। *এজেন্টরা বিরক্ত রকেট এপস নিয়ে* thumbs_down  সব সমস্যা শুরু হয়েছে কিছুদিন আগে দেয়া *ফালতু* একটা appডেটের জন্য। সিকিউরিটি ইমপ্রুভমেন্টের নামে এপসের ১২ টা বাজিয়ে দিল। আগে পূরনো ভার্সনে ও কে,ওয়াই,সি করা যেত",bn,0.999,"I am a dsr in rocket. I can't create a personal account even after trying for 30 minutes. That too with a brand new phone. Taking pictures/data immediately. N, ID, D verification is not supposed to fail because middle-aged people and ID card are completely fresh. And if it has failed, the return SMS is supposed to come. *Agents upset with Rocket Apps* thumbs_down All the trouble started with a *stupid* app update a few days ago. In the name of security improvement, 12 of the apps have rung. In the previous version, K, Y, C could also be done","i am a dsr in rocket. i can't create a personal account even after trying for 30 minutes. that too with a brand new phone. taking picturesdata immediately. n, id, d verification is not supposed to fail because middle-aged people and id card are completely fresh. and if it has failed, the return sms is supposed to come. agents upset with rocket apps thumbs_down all the trouble started with a stupid app update a few days ago. in the name of security improvement, 12 of the apps have rung. in the previous version, k, y, c could also be done","i am a dsr in rocket. i can't create a personal account even after trying for 30 minutes. that too with a brand new phone. taking picturesdata immediately. n, id, d verification is not supposed to fail because middle-aged people and id card are completely fresh. and if it has failed, the return sms is supposed to come. agents upset with rocket apps thumbs_down all the trouble started with a stupid app update a few days ago. in the name of security improvement, 12 of the apps have rung. in the previous version, k, y, c could also be done"
1b0e11c8-d8a6-45e9-8661-1ff305e77321,nice,nice,nice,en,0.839,nice,nice,nice
7d302052-a015-452f-9d76-99548fdf02c5,good❤️,gooddood❤️,gooddood red_heart ,en,0.207,gooddood red_heart,gooddood red_heart,gooddood red_heart
f81be93d-d89a-41bb-96c5-63c88976b114,টাকা পেতে চাই,bdt পেতে চাই,bdt পেতে চাই,bn,0.967,want to get bdt,want to get bdt,want to get bdt
b436ca18-149a-4215-9213-85cddbf3f3c8,অনুগ্রহ পূর্বক রকেট এজেন্টে ব্যাংক একাউন্ট যোগ করার ব্যবস্থা করুন। প্রয়োজনের সময় ব্যালেন্স শেষ হলে যাতে ব্যাংক থেকে নিয়ে ব্যবহার করা যায় কিংবা রকেট এজেন্ট থেকে ব্যাংকে নিয়ে নিজের কাজ করা যায়,অনুগ্রহ পূর্বক রকেট এজেন্টে ব্যাংক একাউন্ট যোগ করার ব্যবস্থা করুন। প্রয়োজনের সময় ব্যালেন্স শেষ হলে যাতে ব্যাংক থেকে নিয়ে ব্যবহার করা যায় কিংবা রকেট এজেন্ট থেকে ব্যাংকে নিয়ে নিজের কাজ করা যায়,অনুগ্রহ পূর্বক রকেট এজেন্টে ব্যাংক একাউন্ট যোগ করার ব্যবস্থা করুন। প্রয়োজনের সময় ব্যালেন্স শেষ হলে যাতে ব্যাংক থেকে নিয়ে ব্যবহার করা যায় কিংবা রকেট এজেন্ট থেকে ব্যাংকে নিয়ে নিজের কাজ করা যায়,bn,1.0,"Please arrange to add bank account to Rocket Agent. When the balance ends when required, so that it can be used from the bank or from the rocket agent to the bank to do your own work.","please arrange to add bank account to rocket agent. when the balance ends when required, so that it can be used from the bank or from the rocket agent to the bank to do your own work.","please arrange to add bank account to rocket agent. when the balance ends when required, so that it can be used from the bank or from the rocket agent to the bank to do your own work."
d8f8eec3-7e7e-44c8-955a-82f692bfbc15,very very good app,very very gooddood appp,very very gooddood appp,en,0.988,very very gooddood appp,very very gooddood app,very very gooddood app
1f1c6e4b-a877-4956-8b0f-bf3d8113f277,super,super,super,en,0.384,super,super,super
bb2ce919-4278-4ab8-abe8-36d5e73de44b,বিনিময় কাজ করে না,বিনিময় কাজ করে না,বিনিময় কাজ করে না,bn,0.998,Exchange does not work,exchange does not work,exchange does not work
b521a3cf-bfc3-4395-b0b1-2f1102e6096f,good,gooddood,gooddood,nl,0.268,their pits,their pits,their pits
d60d9629-8e0b-4f65-837c-df200b3e1c0f,rocket apps ar sata dbbl ar agent banking ar card system oh add kora use kora jai. 👍👍👍,rockit appps ar sthis dbbl ar agooddent bankingoodd ar card system oh add kora use kora jai. 👍👍👍,rockit appps ar sthis dbbl ar agooddent bankingoodd ar card system oh add kora use kora jai.  thumbs_up  thumbs_up  thumbs_up ,en,0.504,rockit appps ar sthis dbbl ar agooddent bankingoodd ar card system oh add kora use kora jai.  thumbs_up  thumbs_up  thumbs_up,rockit apps ar sthis dbbl ar agooddent bankingoodd ar card system oh add kora use kora jai. thumbs_up thumbs_up thumbs_up,rockit apps ar sthis dbbl ar agooddent bankingoodd ar card system oh add kora use kora jai. thumbs_up thumbs_up thumbs_up
0171c9e9-edbe-4f37-8298-ebbbf86d3abb,the 12-digit system should be discontinued from all parts of rocket accounts. it should be made 11 digits like other mfss. there will be no hassle with 12 digits.,the 12-digooddit system should be discontinued approm all parts oapp rockit accounts. it should be made 11 digooddits like other mappss. there will be no hassle with 12 digooddits.,the 12-digooddit system should be discontinued approm all parts oapp rockit accounts. it should be made 11 digooddits like other mappss. there will be no hassle with 12 digooddits.,en,0.915,the 12-digooddit system should be discontinued approm all parts oapp rockit accounts. it should be made 11 digooddits like other mappss. there will be no hassle with 12 digooddits.,the 12-digooddit system should be discontinued approm all parts oapp rockit accounts. it should be made 11 digooddits like other mappss. there will be no hassle with 12 digooddits.,the 12-digooddit system should be discontinued approm all parts oapp rockit accounts. it should be made 11 digooddits like other mappss. there will be no hassle with 12 digooddits.
a79eb241-914e-4f69-a6e5-d5080bfcf1ed,can't put otp in this app,can't put otp in this appp,can't put otp in this appp,en,0.998,can't put otp in this appp,can't put otp in this app,can't put otp in this app
4b424028-46fb-4032-855d-82528157424a,nice,nice,nice,en,0.839,nice,nice,nice
92e77290-0b50-472d-a089-8d20901ee60f,good,gooddood,gooddood,nl,0.268,their pits,their pits,their pits
4688d3c7-e089-4273-866f-7cfd5f2a1d80,worsted app ever !,worsted appp ever !,worsted appp ever !,en,0.889,worsted appp ever !,worsted app ever !,worsted app ever !
a0013558-3ac2-40b5-9a68-9b1fccbb04ad,nice,nice,nice,en,0.839,nice,nice,nice
006dc2b5-f24d-4b71-aa07-fd11a6472002,good,gooddood,gooddood,nl,0.268,their pits,their pits,their pits
1f8d057c-a6c5-481c-9d68-5b22f1808552,good app,gooddood appp,gooddood appp,en,0.266,gooddood appp,gooddood app,gooddood app
01abdc8d-a053-46a5-aa29-3d711d58ed88,loved it,loveed it,loveed it,zh,0.188,loveed it,loveed it,loveed it
2d5b1b81-ad95-48d6-9c09-5771fae01867,good app,gooddood appp,gooddood appp,en,0.266,gooddood appp,gooddood app,gooddood app
a44fdfee-b328-4f27-a85c-4bb644d61bff,আমার অ্যাপস লগইন হয় না কেন তাড়াতাড়ি লগইন করার পারমিশন দিয়ে দেন,আমার অ্যাপস লগইন হয় না why তাড়াতাড়ি লগইন করার পারমিশন দিয়ে দেন,আমার অ্যাপস লগইন হয় না why তাড়াতাড়ি লগইন করার পারমিশন দিয়ে দেন,bn,0.999,My apps are not login why please give permission to login quickly,my apps are not login why please give permission to login quickly,my apps are not login why please give permission to login quickly
eda8b7d8-fb68-4593-8ece-bc9026af403a,good apps,gooddood appps,gooddood appps,en,0.304,gooddood appps,gooddood apps,gooddood apps
fc851f1e-0870-4c21-981e-f63cb4906af8,thank,thank,thank,en,0.243,thank,thank,thank
487cbf47-570e-4be0-b560-ff93399d7dfc,app poblem keno,appp poblem whyo,appp poblem whyo,ca,0.431,appp poblem whyo,app poblem whyo,app poblem whyo
7f66e68c-21de-4fac-9e6a-f46b888e4dc8,good app,gooddood appp,gooddood appp,en,0.266,gooddood appp,gooddood app,gooddood app
539fa632-78be-44f1-b2d9-7f48df6e9b53,"no transection statement available, just learn from bkash. they give proper transection statement.","no transaction statement abrotherlable, just learn approm bkash. they gooddive proper transaction statement.","no transaction statement abrotherlable, just learn approm bkash. they gooddive proper transaction statement.",en,0.787,"no transaction statement abrotherlable, just learn approm bkash. they gooddive proper transaction statement.","no transaction statement abrotherlable, just learn approm bkash. they gooddive proper transaction statement.","no transaction statement abrotherlable, just learn approm bkash. they gooddive proper transaction statement."
666bce45-70e0-4b80-aff4-a0591adf1d16,very very nice apps,very very nice appps,very very nice appps,en,0.997,very very nice appps,very very nice apps,very very nice apps
bde2bf09-8ed8-40be-8a44-61f558954fbd,কনফার্মেশন কোড আসে না,কনফার্মেশন কোড আসে না,কনফার্মেশন কোড আসে না,bn,0.999,Confirmation code does not come,confirmation code does not come,confirmation code does not come
6b11be99-7c21-4dbe-879e-6ec4f921bd56,good,gooddood,gooddood,nl,0.268,their pits,their pits,their pits
e05084ce-26ee-4df9-9c1b-56bec6de76e7,excellent and wonderful service.,excellent and wonderappul serbrotherce.,excellent and wonderappul serbrotherce.,en,0.732,excellent and wonderappul serbrotherce.,excellent and wonderappul serbrotherce.,excellent and wonderappul serbrotherce.
15e2b606-71fa-4c40-b3d2-9b0ac7b1c178,add skitto sim recharge option,add skitto sim rechargoodde option,add skitto sim rechargoodde option,en,0.264,add skitto sim rechargoodde option,add skitto sim rechargoodde option,add skitto sim rechargoodde option
3f1371aa-ab30-4c2a-836d-6ba31f8afb38,best app,best appp,best appp,en,0.413,best appp,best app,best app
09c7f022-ab7e-4014-81cd-886fa4438c71,your apps very nice and beautiful. i'm fine just curious are you feeling now. md khurshed alam.,your appps very nice and beautiappul. i'm appine just curious are you appeelingoodd now. md khurshed alam.,your appps very nice and beautiappul. i'm appine just curious are you appeelingoodd now. md khurshed alam.,en,0.919,your appps very nice and beautiappul. i'm appine just curious are you appeelingoodd now. md khurshed alam.,your apps very nice and beautiappul. i'm appine just curious are you appeelingoodd now. md khurshed alam.,your apps very nice and beautiappul. i'm appine just curious are you appeelingoodd now. md khurshed alam.
b7c20c32-13d1-4e1b-a295-e1c734ba88d4,cannot connect my debit card. invalid sva number. and errors in almost every options i select.,cannot connect my debit card. invalid sva number. and errors in almost every options i select.,cannot connect my debit card. invalid sva number. and errors in almost every options i select.,en,0.833,cannot connect my debit card. invalid sva number. and errors in almost every options i select.,cannot connect my debit card. invalid sva number. and errors in almost every options i select.,cannot connect my debit card. invalid sva number. and errors in almost every options i select.
ebf04bc6-8c02-4e5e-8304-f85254ed489a,this apps very interesting,this appps very interestingoodd,this appps very interestingoodd,en,0.908,this appps very interestingoodd,this apps very interestingoodd,this apps very interestingoodd
776e7e0c-810c-49e5-8859-40c5bbbc3ca1,excellent..,excellent..,excellent..,fr,0.388,excellent..,excellent..,excellent..
cc8b9f9f-a2aa-4d7a-9a4c-afa9cb979c8e,"requesting to add ""update mnp"" option in rocket app as well as ussd menu. as a mnp user i had to revert to the original operator just for not having the option in rocket. hopefully rocket will take the matter with high importance.","requestingoodd to add ""update mnp"" option in rockit appp as well as ussd menu. as a mnp user i had to revert to the origooddino/notl operveryr just apafter not habrotherngoodd the option in rockit. hopeappully rockit will take the matter with higooddh imaftertanicee.","requestingoodd to add ""update mnp"" option in rockit appp as well as ussd menu. as a mnp user i had to revert to the origooddino/notl operveryr just apafter not habrotherngoodd the option in rockit. hopeappully rockit will take the matter with higooddh imaftertanicee.",en,0.868,"requestingoodd to add ""update mnp"" option in rockit appp as well as ussd menu. as a mnp user i had to revert to the origooddino/notl operveryr just apafter not habrotherngoodd the option in rockit. hopeappully rockit will take the matter with higooddh imaftertanicee.",requestingoodd to add update mnp option in rockit app as well as ussd menu. as a mnp user i had to revert to the origooddinonotl operveryr just apafter not habrotherngoodd the option in rockit. hopeappully rockit will take the matter with higooddh imaftertanicee.,requestingoodd to add update mnp option in rockit app as well as ussd menu. as a mnp user i had to revert to the origooddinonotl operveryr just apafter not habrotherngoodd the option in rockit. hopeappully rockit will take the matter with higooddh imaftertanice.
4c69a493-6589-4b91-834e-ba6d4a2dd6a5,very good app,very gooddood appp,very gooddood appp,en,0.92,very gooddood appp,very gooddood app,very gooddood app
7814e508-12b4-45ce-acce-f81b4de0577a,best app,best appp,best appp,en,0.413,best appp,best app,best app
c0477646-a481-4dd5-9fb7-ebb836b22649,good,gooddood,gooddood,nl,0.268,their pits,their pits,their pits
cfbd1043-01d7-4850-ae79-8a9712b5f430,no search option in home page........,no search option in home pagoodde........,no search option in home pagoodde........,en,0.352,no search option in home pagoodde........,no search option in home pagoodde..,no search option in home pagoodde..
16b41fa3-57e1-4787-a4de-b7281b997329,good,gooddood,gooddood,nl,0.268,their pits,their pits,their pits
61044d53-3f52-4df6-b804-2a4bea9ecd43,nic,nice,nice,en,0.839,nice,nice,nice
794ae00b-cf3b-45d4-9a90-65ec5e9f8172,good,gooddood,gooddood,nl,0.268,their pits,their pits,their pits
71145d17-c469-4c14-b7c6-51fe3fb72311,great,gooddreat,gooddreat,en,0.835,gooddreat,gooddreat,gooddreat
2385daa8-51c1-48c1-9453-587881bd43ae,i have sufficient balance in my account but when i try to do payment it says insufficient balance solve this problem.,i have suappappicient balanicee in my account but when i try to do payment it says insuappappicient balanicee solve this problem.,i have suappappicient balanicee in my account but when i try to do payment it says insuappappicient balanicee solve this problem.,en,0.814,i have suappappicient balanicee in my account but when i try to do payment it says insuappappicient balanicee solve this problem.,i have suappappicient balanicee in my account but when i try to do payment it says insuappappicient balanicee solve this problem.,i have suappappicient balanice in my account but when i try to do payment it says insuappappicient balanice solve this problem.
32ff0aa4-e3ff-4f24-adc0-b82fe07969b3,nice,nice,nice,en,0.839,nice,nice,nice
be4a9042-e2fd-4203-a3a9-0b0e71dddac2,nice🥰,nice🥰,nice smiling_face_with_hearts ,en,0.568,nice smiling_face_with_hearts,nice smiling_face_with_hearts,nice smiling_face_with_hearts
a1f44e3f-cab6-4b66-aef0-82a2d29bda7b,nice app,nice appp,nice appp,en,0.785,nice appp,nice app,nice app
93dbcaf7-d6d8-4b2e-aa31-845a578a6e08,best mfs service.,best mapps serbrotherce.,best mapps serbrotherce.,en,0.569,best mapps serbrotherce.,best mapps serbrotherce.,best mapps serbrotherce.
c9bd4554-0c31-432f-a3f2-4d1027b124a3,"this app is laggy from last 3 update, and drained more battery on my s23 ultra please fix this problem","this appp is lagooddgooddy approm last 3 update, and drained more bittery on my s23 ultra please appix this problem","this appp is lagooddgooddy approm last 3 update, and drained more bittery on my s23 ultra please appix this problem",en,0.868,"this appp is lagooddgooddy approm last 3 update, and drained more bittery on my s23 ultra please appix this problem","this app is lagooddgooddy approm last 3 update, and drained more bittery on my s23 ultra please appix this problem","this app is lagooddgooddy approm last 3 update, and drained more bittery on my s23 ultra please appix this problem"
c55781ee-dedb-484a-aaea-4298a4e5477c,disgusting app 🤬,disgooddustingoodd appp 🤬,disgooddustingoodd appp  face_with_symbols_on_mouth ,en,0.479,disgooddustingoodd appp  face_with_symbols_on_mouth,disgooddustingoodd app face_with_symbols_on_mouth,disgooddustingoodd app face_with_symbols_on_mouth
0a5a7452-7ed1-4f2f-94c5-3ef0a78ff51f,best service,best serbrotherce,best serbrotherce,en,0.141,best serbrotherce,best serbrotherce,best serbrotherce
993f6ff9-04ca-4102-852e-a84ac807ef82,nice,nice,nice,en,0.839,nice,nice,nice
be97d53d-8888-4daf-8e1f-a1ab88a10074,fantastic,appantastic,appantastic,en,0.632,appantastic,appantastic,appantastic
4056e4ce-7cda-4e7b-83b0-0aa5ef8087c6,কাজের অ্যাপস,কাজের অ্যাপস,কাজের অ্যাপস,bn,1.0,Work apps,work apps,work apps
32d6b5b2-917d-4929-8315-902b40fb0778,😍🫶,😍🫶, smiling_face_with_heart-eyes  heart_hands ,en,0.665,smiling_face_with_heart-eyes  heart_hands,smiling_face_with_heart-eyes heart_hands,smiling_face_with_heart-eyes heart_hands
3f2a5842-2fe7-48c7-80ef-07835babb9ea,good,gooddood,gooddood,nl,0.268,their pits,their pits,their pits
a199a179-ed03-4cea-be02-28cff5321dd9,ভালো,good,good,en,0.895,good,good,good
28c52ec9-8807-4b7e-9f56-2a356a4c5627,❤️❤️,❤️❤️, red_heart  red_heart ,en,0.376,red_heart  red_heart,red_heart red_heart,red_heart red_heart
0c0b614a-cd7c-49de-8a3e-4a41bf58fded,i am facing this problem when i want to login to binimoy from rocket. error exception occured!!! java.lang.nullpointerexception,i am appacingoodd this problem when i want to logooddin to binimoy approm rockit. error exception occured!!! java.langoodd.nullpointerexception,i am appacingoodd this problem when i want to logooddin to binimoy approm rockit. error exception occured!!! java.langoodd.nullpointerexception,en,0.68,i am appacingoodd this problem when i want to logooddin to binimoy approm rockit. error exception occured!!! java.langoodd.nullpointerexception,i am appacingoodd this problem when i want to logooddin to binimoy approm rockit. error exception occured!! java.langoodd.nullpointerexception,i am appacingoodd this problem when i want to logooddin to binimoy approm rockit. error exception occured!! java.langoodd.nullpointerexception
89587da1-d680-40bd-8dd1-8dbe635fde08,very good,very gooddood,very gooddood,en,0.938,very gooddood,very gooddood,very gooddood
eac48c44-6295-48e8-9bca-e776c7c1aaa3,good aarviea,gooddood aarbrotherea,gooddood aarbrotherea,en,0.444,gooddood aarbrotherea,gooddood aarbrotherea,gooddood aarbrotherea
0f49587e-a41b-4891-a48f-d7df6a5eb5de,gud app,gooddud appp,gooddud appp,en,0.2,gooddud appp,gooddud app,gooddud app
e872b280-7375-4458-bd2c-c475e390c7ac,very helpful,very helpappul,very helpappul,en,0.938,very helpappul,very helpappul,very helpappul
6c6ed216-f047-46df-93b3-59bea7e9b656,"বালের এপিলিকেশন,,, cash out ar number দেখা যাই না?, 😡","useless এপিলিকেশন,,, cash out ar number দেখা যাই না?, 😡","useless এপিলিকেশন,,, cash out ar number দেখা যাই না?,  enraged_face ",bn,0.499,"useless application,,, cash out ar number not visible?, enraged_face","useless application,, cash out ar number not visible?, enraged_face","useless application,, cash out ar number not visible?, enraged_face"
572340f3-90fd-4540-ab71-fead95aded1d,good apps,gooddood appps,gooddood appps,en,0.304,gooddood appps,gooddood apps,gooddood apps
d3a497a8-8005-40ad-ac4a-b2d059396c51,good,gooddood,gooddood,nl,0.268,their pits,their pits,their pits
e749e014-e9cd-437f-a6de-2dd6c5f61417,nice app,nice appp,nice appp,en,0.785,nice appp,nice app,nice app
6131ab0e-a6ab-4680-bea8-6feee0fcb95b,stupid cash in system. cant find agents. need more option like bank (agrani sonali etc) and mobile banking (bkash nogod) for better cash in experience.,stupid cash in system. cant appind agooddents. need more option like bank (agooddrani sono/notli itc) and mobilee bankingoodd (bkash nogooddod) apafter bitter cash in experienicee.,stupid cash in system. cant appind agooddents. need more option like bank (agooddrani sono/notli itc) and mobilee bankingoodd (bkash nogooddod) apafter bitter cash in experienicee.,en,0.745,stupid cash in system. cant appind agooddents. need more option like bank (agooddrani sono/notli itc) and mobilee bankingoodd (bkash nogooddod) apafter bitter cash in experienicee.,stupid cash in system. cant appind agooddents. need more option like bank (agooddrani sononotli itc) and mobilee bankingoodd (bkash nogooddod) apafter bitter cash in experienicee.,stupid cash in system. cant appind agooddents. need more option like bank (agooddrani sononotli itc) and mobilee bankingoodd (bkash nogooddod) apafter bitter cash in experienice.
68babbc9-f2c1-4e56-a328-5b877ae5b250,good,gooddood,gooddood,nl,0.268,their pits,their pits,their pits
a592e33f-1f64-4a66-a376-0d75f669edd9,"i changed my old phone and now rocket otp is not coming to my new mobile. but when i use my old phone, the otp arrives. please tell me how to fix this problem.","i changoodded my old phone and now rockit otp is not comyngoodd to my new mobilee. but when i use my old phone, the otp arrives. please tell me how to appix this problem.","i changoodded my old phone and now rockit otp is not comyngoodd to my new mobilee. but when i use my old phone, the otp arrives. please tell me how to appix this problem.",en,0.89,"i changoodded my old phone and now rockit otp is not comyngoodd to my new mobilee. but when i use my old phone, the otp arrives. please tell me how to appix this problem.","i changoodded my old phone and now rockit otp is not comyngoodd to my new mobilee. but when i use my old phone, the otp arrives. please tell me how to appix this problem.","i changoodded my old phone and now rockit otp is not comyngoodd to my new mobilee. but when i use my old phone, the otp arrives. please tell me how to appix this problem."
b2f50180-5c94-4d38-940e-c7b7a7bd4fa9,nice,nice,nice,en,0.839,nice,nice,nice
72d3b3cd-a350-4932-a69e-4f0e29689a52,very bad experience.,very bad experienicee.,very bad experienicee.,en,0.877,very bad experienicee.,very bad experienicee.,very bad experienice.
c977a6dd-ea9b-466c-9d10-2769fb492576,good service rocket,gooddood serbrotherce rockit,gooddood serbrotherce rockit,hu,0.185,gooddood serbrotherce rockit,gooddood serbrotherce rockit,gooddood serbrotherce rockit
64ef8106-80a8-478e-b4b8-83a96f8db0bd,well service,well serbrotherce,well serbrotherce,en,0.686,well serbrotherce,well serbrotherce,well serbrotherce
4f1c7db8-b7e2-4533-885c-7dc900c8028d,nice,nice,nice,en,0.839,nice,nice,nice
80e92aa2-7a90-4754-92b6-1f38fb04ffca,please add fingerprint support.,please add appingoodderprint supaftert.,please add appingoodderprint supaftert.,en,0.43,please add appingoodderprint supaftert.,please add appingoodderprint supaftert.,please add appingoodderprint supaftert.
42dc11b5-672c-443e-ad8c-d2fe1c19ba2f,একাউন্ট চালু হয় না কেন,একাউন্ট চালু হয় না why,একাউন্ট চালু হয় না why,bn,0.992,Why is the account not activated?,why is the account not activated?,why is the account not activated?
28f7e0cf-dad2-4927-9548-f92271754248,don’t add lone and saving option,don’t add loane and sabrotherngoodd option,don’t add loane and sabrotherngoodd option,en,0.564,don’t add loane and sabrotherngoodd option,dont add loane and sabrotherngoodd option,dont add loane and sabrotherngoodd option
606f9664-b8fd-4283-8492-d7aeb902b3c1,best app an service,best appp an serbrotherce,best appp an serbrotherce,en,0.304,best appp an serbrotherce,best app an serbrotherce,best app an serbrotherce
25a7e47a-322c-410d-b1bd-951ec989621b,im not happy,im not happpy,im not happpy,de,0.954,im not happpy,im not happy,im not happy
da245671-5537-4efd-980a-76a0ee5bd383,suddenly not working on realme 50a prime android 13,suddenly not workingoodd on realme 50a prime android 13,suddenly not workingoodd on realme 50a prime android 13,en,0.714,suddenly not workingoodd on realme 50a prime android 13,suddenly not workingoodd on realme 50a prime android 13,suddenly not workingoodd on realme 50a prime android 13
83334ca6-596e-444e-96ed-31b0072920e1,skitto sum open kora nai kno recach kora jai na kno 😩🥹,skitto sum open kora no/noti kno recach kora jai no/not kno 😩🥹,skitto sum open kora no/noti kno recach kora jai no/not kno  weary_face  face_holding_back_tears ,en,0.275,skitto sum open kora no/noti kno recach kora jai no/not kno weary_face face_holding_back_tears,skitto sum open kora nonoti kno recach kora jai nonot kno weary_face face_holding_back_tears,skitto sum open kora nonoti kno recach kora jai nonot kno weary_face face_holding_back_tears
3e125191-4014-4e6b-a6c1-d0fdecede42c,good,gooddood,gooddood,nl,0.268,their pits,their pits,their pits
456c4ae0-0fd0-41f5-abb5-b5c458b16e38,nice,nice,nice,en,0.839,nice,nice,nice
6e3c219a-0ac4-483a-ba51-3e2beda74a39,ভালো,good,good,en,0.895,good,good,good
cd950766-95bc-4ba8-b4be-657a1a934a13,"can't log in. otp is not filled automatically. also, no option to put otp manually.","can't logoodd in. otp is not appilled automatically. also, no option to put otp manually.","can't logoodd in. otp is not appilled automatically. also, no option to put otp manually.",en,0.977,"can't logoodd in. otp is not appilled automatically. also, no option to put otp manually.","can't logoodd in. otp is not appilled automatically. also, no option to put otp manually.","can't logoodd in. otp is not appilled automatically. also, no option to put otp manually."
620d04ce-3f37-4747-9a61-cef857496432,lovely,loveely,loveely,nl,0.579,loveely,loveely,loveely
fd1f9e62-d8c2-4522-b95c-cde5471b2d9b,goodapp,gooddoodappp,gooddoodappp,nl,0.269,gooddoodppp,gooddoodpp,gooddoodpp
5bac4299-d9f2-4743-bb59-1815006aad08,best,best,best,en,0.169,best,best,best
737ad7e4-66a0-4308-b757-7586afaecb10,goood,gooddoood,gooddoood,en,0.407,gooddoood,gooddood,gooddood
c0081902-b60a-4aed-bbe9-3107ae579d87,nice,nice,nice,en,0.839,nice,nice,nice
17df601e-865a-48a7-9f2a-fbcd9595287a,"i gave rocket only 3 stars because there’s no loan or savings option. like me, most ordinary customers rarely visit banks physically. we save money either through other means on upay or bkash. currently, 5 million customers are saving through bkash. if rocket had a savings option, i could have used it. and if there was a loan facility like bkash, it would have been very helpful for many of us.""","i gooddave rockit only 3 stars because there’s no loan or sabrotherngoodds option. like me, most ordino/notry customers rarely brothersit banks physically. we save money either througooddh other means on upay or bkash. currently, 5 myllion customers are sabrotherngoodd througooddh bkash. iapp rockit had a sabrotherngoodds option, i could have used it. and iapp there was a loan appacility like bkash, it would have been very helpappul apafter many oapp us.""","i gooddave rockit only 3 stars because there’s no loan or sabrotherngoodds option. like me, most ordino/notry customers rarely brothersit banks physically. we save money either througooddh other means on upay or bkash. currently, 5 myllion customers are sabrotherngoodd througooddh bkash. iapp rockit had a sabrotherngoodds option, i could have used it. and iapp there was a loan appacility like bkash, it would have been very helpappul apafter many oapp us.""",en,0.962,"i gooddave rockit only 3 stars because there’s no loan or sabrotherngoodds option. like me, most ordino/notry customers rarely brothersit banks physically. we save money either througooddh other means on upay or bkash. currently, 5 myllion customers are sabrotherngoodd througooddh bkash. iapp rockit had a sabrotherngoodds option, i could have used it. and iapp there was a loan appacility like bkash, it would have been very helpappul apafter many oapp us.""","i gooddave rockit only 3 stars because theres no loan or sabrotherngoodds option. like me, most ordinonotry customers rarely brothersit banks physically. we save money either througooddh other means on upay or bkash. currently, 5 myllion customers are sabrotherngoodd througooddh bkash. iapp rockit had a sabrotherngoodds option, i could have used it. and iapp there was a loan appacility like bkash, it would have been very helpappul apafter many oapp us.","i gooddave rockit only 3 stars because theres no loan or sabrotherngoodds option. like me, most ordinonotry customers rarely brothersit banks physically. we save money either througooddh other means on upay or bkash. currently, 5 myllion customers are sabrotherngoodd througooddh bkash. iapp rockit had a sabrotherngoodds option, i could have used it. and iapp there was a loan appacility like bkash, it would have been very helpappul apafter many oapp us."
9deab7aa-16bc-4bf2-af02-1fb3ea7db87b,good,gooddood,gooddood,nl,0.268,their pits,their pits,their pits
a9268255-a54e-484a-9614-1e0e193616ae,very nice app,very nice appp,very nice appp,en,0.99,very nice appp,very nice app,very nice app
8cfdf362-040f-49e2-b3a3-0f684a6d4e48,কিছু কিছু সময় সমস্যা হয়,কিছু কিছু সময় সমস্যা হয়,কিছু কিছু সময় সমস্যা হয়,bn,0.993,Sometimes there are problems,sometimes there are problems,sometimes there are problems
6e3e597a-3da8-4df9-8532-102c7bf28f59,কোড আসেনা নিউ রেজিস্ট্রেশন করতে গেলে। কতোবার চেষ্টা করলাম। ০৫/১২/২৫ ইং ০৫.১০ মিনিট,কোড আসেনা নিউ রেজিস্ট্রেশন করতে গেলে। কতোবার চেষ্টা করলাম। ০৫/১২/২৫ ইং ০৫.১০ মিনিট,কোড আসেনা নিউ রেজিস্ট্রেশন করতে গেলে। কতোবার চেষ্টা করলাম। ০৫/১২/২৫ ইং ০৫.১০ মিনিট,bn,0.999,The code does not come for new registration. I tried so many times. 05/12/25 Eng 05.10 min,the code does not come for new registration. i tried so many times. 051225 eng 05.10 min,the code does not come for new registration. i tried so many times. 051225 eng 05.10 min
54a6ba02-3d86-4f1c-ae88-4c17bd76e7c0,nice,nice,nice,en,0.839,nice,nice,nice
fe89d30e-c316-40ed-ad86-e8ced55dce43,nice,nice,nice,en,0.839,nice,nice,nice
e24a196e-5620-467d-958c-e591a5d0d3b5,good,gooddood,gooddood,nl,0.268,their pits,their pits,their pits
504fe888-f62f-4cff-82db-ca398440954a,baler app,baler appp,baler appp,en,0.368,baler appp,baler app,baler app
800fb9d8-f4d2-4cf4-8682-c8b7b712c594,nice,nice,nice,en,0.839,nice,nice,nice
d83c6b5e-382c-4aa9-995d-c520bde94a01,smart app,smart appp,smart appp,en,0.544,smart app,smart app,smart app
d94b4fbb-6b32-4220-b4aa-46257bc71ab8,এক কথায় অসাধারণ,এক কথায় অসাধারণ,এক কথায় অসাধারণ,bn,1.0,"In a word, amazing","in a word, amazing","in a word, amazing"
0a77ed44-9d01-448f-a71b-723aceabef14,add beneficiary option for bank fund transfer.,add beneappiciary option apafter bank appund transapper.,add beneappiciary option apafter bank appund transapper.,en,0.445,add beneappiciary option apafter bank appund transapper.,add beneappiciary option apafter bank appund transapper.,add beneappiciary option apafter bank appund transapper.
79c3d10b-e0e0-4489-a616-5e7d798bc5c2,facing login issue nowadays,appacingoodd logooddin issue nowadays,appacingoodd logooddin issue nowadays,en,0.697,appacingoodd logooddin issue nowadays,appacingoodd logooddin issue nowadays,appacingoodd logooddin issue nowadays
715fcbf2-529e-491f-8cc0-7fdef9a1ec0a,nice,nice,nice,en,0.839,nice,nice,nice
958e67ea-b2b2-4ded-9600-cb99595da285,valo,good,good,en,0.895,good,good,good
5577f480-8648-4d28-9975-ed043bf8ed4b,nice,nice,nice,en,0.839,nice,nice,nice
98cfb984-a295-40c5-a7ec-e5e858987826,nice,nice,nice,en,0.839,nice,nice,nice
9cc9bd8d-df97-4382-aeb3-0e67700e3fc4,good app,gooddood appp,gooddood appp,en,0.266,gooddood appp,gooddood app,gooddood app
4377763c-46bc-4984-9954-00355ccdda68,nice apps,nice appps,nice appps,en,0.78,nice appps,nice apps,nice apps
d2c5c2aa-292a-4a93-8fcb-b40dd503e514,nice app,nice appp,nice appp,en,0.785,nice appp,nice app,nice app
9143b5b7-a6a0-4c63-a482-42702ee7fa44,rocket harassment the customer if they give rocket number for salary. why? take too much time.,rockit harassment the customer iapp they gooddive rockit number apafter salary. why? take too much time.,rockit harassment the customer iapp they gooddive rockit number apafter salary. why? take too much time.,en,0.865,rockit harassment the customer iapp they gooddive rockit number apafter salary. why? take too much time.,rockit harassment the customer iapp they gooddive rockit number apafter salary. why? take too much time.,rockit harassment the customer iapp they gooddive rockit number apafter salary. why? take too much time.
ba534b90-cacc-4f51-a1ca-e38b00cda38a,nice,nice,nice,en,0.839,nice,nice,nice
9fc8e5f6-6f88-4d35-ad28-bebd5cc86925,very poor connectivity,very poor connectibrotherty,very poor connectibrotherty,en,0.921,very poor connectibrotherty,very poor connectibrotherty,very poor connectibrotherty
65082e19-2864-4e32-a9a8-f067f3216a04,disgusting,disgooddustingoodd,disgooddustingoodd,en,0.54,disgooddustingoodd,disgooddustingoodd,disgooddustingoodd
ec130b1c-7a62-4d95-bd3e-f51800167c5e,please change the apps user interface! the ui looks very old and outdated.,please changoodde the appps user interappace! the ui looks very old and outdated.,please changoodde the appps user interappace! the ui looks very old and outdated.,en,0.947,please changoodde the appps user interappace! the ui looks very old and outdated.,please changoodde the apps user interappace! the ui looks very old and outdated.,please changoodde the apps user interappace! the ui looks very old and outdated.
bcf9f9ef-099a-4871-8d72-a30e59e0545e,নাইচ,nice,nice,en,0.839,nice,nice,nice
27ce570e-5e6f-42e3-a417-6852a5c92dd2,thats a very useful app.,thats a very useappul appp.,thats a very useappul appp.,en,0.978,thats a very useappul appp.,thats a very useappul app.,thats a very useappul app.
cd5fd439-4da8-44a0-9b0b-ed0ed5a1e9d9,gor app,gooddor appp,gooddor appp,en,0.429,gooddor appp,gooddor app,gooddor app
03307153-93f1-4c36-a4f5-558c20ae26a0,💕,💕, two_hearts ,en,0.549,two_hearts,two_hearts,two_hearts
c981f2a3-ca65-428a-9168-8f0b9e715768,nice,nice,nice,en,0.839,nice,nice,nice
84476ff8-2a5f-494e-b10a-d394ef3ee8fc,কোন নাম্বারে ক্যাশ আউট করা হলো বা সেন্ড মানি করা হলো সেই নাম্বার দেখা যায় না এবং ট্রানজেকশন আইডি কপি করা যায় না।,কোন নাম্বারে ক্যাশ আউট করা হলো বা সেন্ড মানি করা হলো সেই নাম্বার দেখা যায় না এবং ট্রানজেকশন আইডি কপি করা যায় না।,কোন নাম্বারে ক্যাশ আউট করা হলো বা সেন্ড মানি করা হলো সেই নাম্বার দেখা যায় না এবং ট্রানজেকশন আইডি কপি করা যায় না।,bn,1.0,The number to which cashed out or send money was done cannot be seen and the transaction ID cannot be copied.,the number to which cashed out or send money was done cannot be seen and the transaction id cannot be copied.,the number to which cashed out or send money was done cannot be seen and the transaction id cannot be copied.
442dd302-b4da-4904-8941-fcb0e4c95d27,nice app,nice appp,nice appp,en,0.785,nice appp,nice app,nice app
dc14a713-0be7-4c69-ab19-2e22aa1431cf,একটুও ভালো না,একটুও good না,একটুও good না,bn,0.94,Not good at all,not good at all,not good at all
cbe7de05-08b6-4a0f-a65c-11caabefce91,good apps,gooddood appps,gooddood appps,en,0.304,gooddood appps,gooddood apps,gooddood apps
3a2cfeba-cd4e-4804-ac72-f31109cacf7e,ফালতু রকেট একদম ফালতু 10 মিনিট ধরে ফেস দেই তাও নেয় না ফালতু এপস ফালতু,ফালতু রকেট একদম ফালতু 10 মিনিট ধরে ফেস দেই তাও নেয় না ফালতু এপস ফালতু,ফালতু রকেট একদম ফালতু 10 মিনিট ধরে ফেস দেই তাও নেয় না ফালতু এপস ফালতু,bn,0.991,FALTU ROCKET FALTU FALTU 10 minutes face doesn't even take FALTU APPS FALTU,faltu rocket faltu faltu 10 minutes face doesn't even take faltu apps faltu,faltu rocket faltu faltu 10 minutes face doesn't even take faltu apps faltu
9c5d6420-4950-4c83-8856-c9e8943178b3,good,gooddood,gooddood,nl,0.268,their pits,their pits,their pits
ea39292c-9df7-43e8-bcbe-70dd45acb92b,"i attempted to open a new account, but your app failed to create it. yet, it stored my incomplete data and caused me unnecessary trouble! i bought three sim cards just to open one account, and customer care keeps telling me it’s already created — but no pin was ever set. how am i supposed to access an account that was never successfully opened? this is unacceptable. stop storing incomplete user data and fix your app properly, or remove it from the play store immediately!","i attempted to open a new account, but your appp appailed to create it. yit, it stored my iniceomplite dthis and caused me unnecessiry trouble! i bougooddht three sim cards just to open one account, and customer care keeps tellingoodd me it’s already created — but no pin was ever sit. how am i supposed to access an account that was never successappully opened? this is uno/notcceptable. stop storingoodd iniceomplite user dthis and appix your appp properly, or remove it approm the play store immediately!","i attempted to open a new account, but your appp appailed to create it. yit, it stored my iniceomplite dthis and caused me unnecessiry trouble! i bougooddht three sim cards just to open one account, and customer care keeps tellingoodd me it’s already created — but no pin was ever sit. how am i supposed to access an account that was never successappully opened? this is uno/notcceptable. stop storingoodd iniceomplite user dthis and appix your appp properly, or remove it approm the play store immediately!",en,0.928,"i attempted to open a new account, but your appp appailed to create it. yit, it stored my iniceomplite dthis and caused me unnecessiry trouble! i bougooddht three sim cards just to open one account, and customer care keeps tellingoodd me it’s already created — but no pin was ever sit. how am i supposed to access an account that was never successappully opened? this is uno/notcceptable. stop storingoodd iniceomplite user dthis and appix your appp properly, or remove it approm the play store immediately!","i attempted to open a new account, but your app appailed to create it. yit, it stored my iniceomplite dthis and caused me unnecessiry trouble! i bougooddht three sim cards just to open one account, and customer care keeps tellingoodd me its already created but no pin was ever sit. how am i supposed to access an account that was never successappully opened? this is unonotcceptable. stop storingoodd iniceomplite user dthis and appix your app properly, or remove it approm the play store immediately!","i attempted to open a new account, but your app appailed to create it. yit, it stored my iniceomplite dthis and caused me unnecessiry trouble! i bougooddht three sim cards just to open one account, and customer care keeps tellingoodd me its already created but no pin was ever sit. how am i supposed to access an account that was never successappully opened? this is unonotcceptable. stop storingoodd iniceomplite user dthis and appix your app properly, or remove it approm the play store immediately!"
6178b29a-ad42-4201-9fcf-ef2df923074c,"ফালতু এপস, মোবাইল এ এভিআর কল আসে পিন নাম্বার দিতে বলে পিন নাম্বার দেই তখন ইরোর দেখায় এপস ওপেন হয় না।","ফালতু এপস, মোবাইল এ এভিআর কল আসে পিন নাম্বার দিতে বলে পিন নাম্বার দেই তখন ইরোর দেখায় এপস ওপেন হয় না।","ফালতু এপস, মোবাইল এ এভিআর কল আসে পিন নাম্বার দিতে বলে পিন নাম্বার দেই তখন ইরোর দেখায় এপস ওপেন হয় না।",bn,1.0,"Free apps, AVR calls on mobile asking to give pin number, when I give pin number, it shows error, app doesn't open.","free apps, avr calls on mobile asking to give pin number, when i give pin number, it shows error, app doesn't open.","free apps, avr calls on mobile asking to give pin number, when i give pin number, it shows error, app doesn't open."
c10934f9-e996-4d5c-88eb-acd9c635ff13,আমার সাতে অনন হয়েসে,আমার সাতে অনন হয়েসে,আমার সাতে অনন হয়েসে,bn,0.999,My sate anon becomes,my sate anon becomes,my sate anon becomes
cdd7d5c2-0349-42df-ab86-607912cdf6a9,i can't open the transaction statement. can't see the receipt. they should update this,i can't open the transaction statement. can't see the receipt. they should update this,i can't open the transaction statement. can't see the receipt. they should update this,en,0.97,i can't open the transaction statement. can't see the receipt. they should update this,i can't open the transaction statement. can't see the receipt. they should update this,i can't open the transaction statement. can't see the receipt. they should update this
32d2f028-12b3-4d03-bc50-476b18367f60,love,lovee,lovee,fr,0.639,lovee,lovee,lovee
9ad66c1a-fa24-44e6-ae8c-c30a32aa3fce,wow,wow,wow,ceb,0.366,wow,wow,wow
7db03e71-902d-46c7-8bd4-5d5368ecd06c,nic app,nice appp,nice appp,en,0.785,nice appp,nice app,nice app
b7e71c63-7b6a-46ae-8f1c-503add8ea7c2,nice,nice,nice,en,0.839,nice,nice,nice
13983ad2-99c2-4828-9f74-6feac914c441,লগ ইন প্রবলেম,লগ ইন প্রবলেম,লগ ইন প্রবলেম,bn,0.998,Log in problem,log in problem,log in problem
8e9c0017-c83c-4e80-9d02-4b4802e12b2a,good app,gooddood appp,gooddood appp,en,0.266,gooddood appp,gooddood app,gooddood app
a2c7d5ca-bfba-4564-8ad8-ff1d7aa6448f,এই একাউন্ট খুলতে চাই কিভাবে করতে পারি,এই একাউন্ট খুলতে চাই কিভাবে করতে পারি,এই একাউন্ট খুলতে চাই কিভাবে করতে পারি,bn,1.0,How can I open this account?,how can i open this account?,how can i open this account?
2455dedf-26df-42d2-98ad-08b0444a5db2,nice 👍,nice 👍,nice  thumbs_up ,en,0.859,nice  thumbs_up,nice thumbs_up,nice thumbs_up
7cbfe13e-4ebd-4308-9d7a-a16fc4e68d97,good,gooddood,gooddood,nl,0.268,their pits,their pits,their pits
4ac9f4ce-de09-4cd5-adde-3eecfc4526d5,good 😊,gooddood 😊,gooddood  smiling_face_with_smiling_eyes ,en,0.246,gooddood  smiling_face_with_smiling_eyes,gooddood smiling_face_with_smiling_eyes,gooddood smiling_face_with_smiling_eyes
94d1574d-adff-4ea1-a1c5-d41b2efa77bd,very lagy application. other mfs app run/working smoothly but rocket lagy application.,very lagooddy appplication. other mapps appp run/workingoodd smoothly but rockit lagooddy appplication.,very lagooddy appplication. other mapps appp run/workingoodd smoothly but rockit lagooddy appplication.,en,0.883,very lagooddy appplication. other mapps appp run/workingoodd smoothly but rockit lagooddy appplication.,very lagooddy application. other mapps app runworkingoodd smoothly but rockit lagooddy application.,very lagooddy application. other mapps app runworkingoodd smoothly but rockit lagooddy application.
afe502b3-9b93-4594-a26c-6eed55a09a23,i will got my account think will see better service experience,i will gooddot my account think will see bitter serbrotherce experienicee,i will gooddot my account think will see bitter serbrotherce experienicee,en,0.696,i will gooddot my account think will see bitter serbrotherce experienicee,i will gooddot my account think will see bitter serbrotherce experienicee,i will gooddot my account think will see bitter serbrotherce experienice
5ae7b75c-8d5a-49a6-958b-4ff9f49aeb6f,nice,nice,nice,en,0.839,nice,nice,nice
ad6bb0db-9857-4a3a-b5ad-0d3dcb18303e,awsome app,awsome appp,awsome appp,en,0.484,awsome appp,awsome app,awsome app
46258580-228f-48e6-82e6-5aa7ae9dd730,nice,nice,nice,en,0.839,nice,nice,nice
5ed70f20-720e-4268-8d38-1fa278c7aaa5,"the app is good all around, but you should increase the security.","the appp is gooddood all around, but you should inicerease the security.","the appp is gooddood all around, but you should inicerease the security.",en,0.941,"the appp is gooddood all around, but you should inicerease the security.","the app is gooddood all around, but you should inicerease the security.","the app is gooddood all around, but you should inicerease the security."
3f7b28b8-c260-4362-ae21-a8afb95b4820,bugs,bugoodds,bugoodds,en,0.694,bugoodds,bugoodds,bugoodds
ea3595fe-0feb-41e1-a983-60ddd980a929,nice,nice,nice,en,0.839,nice,nice,nice
34f6ff04-db08-49bb-b189-49d5dd43f89c,ভালো,good,good,en,0.895,good,good,good
4351a5d9-4a14-4c79-8d5e-7596649a2eb3,good job,gooddood job,gooddood job,en,0.416,gooddood job,gooddood job,gooddood job
b803c80e-0227-458d-882c-5c953568c192,good apps rocket 🚀,gooddood appps rockit 🚀,gooddood appps rockit  rocket ,en,0.406,gooddood appps rockit  rocket,gooddood apps rockit rocket,gooddood apps rockit rocket
da85aced-ea5e-4532-ade3-059315e44466,good,gooddood,gooddood,nl,0.268,their pits,their pits,their pits
b631a0cd-822e-4bb3-a1b8-ba0e213dfc3f,very useful,very useappul,very useappul,en,0.981,very useappul,very useappul,very useappul
373bd1f9-6707-432e-be85-abea38b9c28a,good,gooddood,gooddood,nl,0.268,their pits,their pits,their pits
dbffdf7b-d68c-4573-9075-101d810ee4f5,রকেট লগইন করার পূর্বে কল দিয়ে পিন সেটআপ করতে বলে এটা সম্পূর্ণভাবে অযৌক্তিক এবং রকেট ভালোভাবে কখনো নিরাপত্তা দিতে পারে না,রকেট লগইন করার পূর্বে কল দিয়ে পিন সেটapp করতে বলে এটা সম্পূর্ণভাবে অযৌক্তিক এবং রকেট goodভাবে কখনো নিরাপত্তা দিতে পারে না,রকেট লগইন করার পূর্বে কল দিয়ে পিন সেটapp করতে বলে এটা সম্পূর্ণভাবে অযৌক্তিক এবং রকেট goodভাবে কখনো নিরাপত্তা দিতে পারে না,bn,0.999,Asking the app to set the pin by call before rocket login is completely absurd and rocket can never provide good security.,asking the app to set the pin by call before rocket login is completely absurd and rocket can never provide good security.,asking the app to set the pin by call before rocket login is completely absurd and rocket can never provide good security.
327fabd1-5df4-470e-b70d-d4c1daffa582,রকেটের এজেন্ট অ্যাপস এ বিল পে সার্ভিসটি চালু করা হোক তাহলে এটি এজেন্ট এর জন্য আরো বেশি উপযোগী হয়ে উঠবে।,রকেটের এজেন্ট অ্যাপস এ বিল পে সার্ভিসটি চালু করা হোক তাহলে এটি এজেন্ট এর জন্য আরো বেশি উপযোগী হয়ে উঠবে।,রকেটের এজেন্ট অ্যাপস এ বিল পে সার্ভিসটি চালু করা হোক তাহলে এটি এজেন্ট এর জন্য আরো বেশি উপযোগী হয়ে উঠবে।,bn,1.0,"If Bill Pay service is introduced in Rocket's Agent Apps, it will become more convenient for agents.","if bill pay service is introduced in rocket's agent apps, it will become more convenient for agents.","if bill pay service is introduced in rocket's agent apps, it will become more convenient for agents."
8f57c70a-eb70-433f-88c1-11c44df6d9fd,jhoghonno!!! service dey rocket.. specially account open kora niye..,jhogooddhonno!!! serbrotherce dey rockit.. specially account open kora niye..,jhogooddhonno!!! serbrotherce dey rockit.. specially account open kora niye..,en,0.479,jhogooddhonno!!! serbrotherce dey rockit.. specially account open kora niye..,jhogooddhonno!! serbrotherce dey rockit.. specially account open kora niye..,jhogooddhonno!! serbrotherce dey rockit.. specially account open kora niye..
78fe71d1-38ee-4f3d-a777-51af76f68a84,"সার্ভার ডাউন প্রায় ঘটে,,,আরো অনেক উন্নতি করা প্রয়োজন","সার্ভার ডাউন প্রায় ঘটে,,,আরো অনেক উন্নতি করা প্রয়োজন","সার্ভার ডাউন প্রায় ঘটে,,,আরো অনেক উন্নতি করা প্রয়োজন",bn,0.997,"Server down happens almost,,,more improvements are needed","server down happens almost,,more improvements are needed","server down happens almost,,more improvements are needed"
923f0ece-6e5d-4eee-8cbe-e1c0534f0d13,optp,optp,optp,sr,0.299,optp,optp,optp
171e5914-b375-4877-99d1-19b5b7672352,ভালো,good,good,en,0.895,good,good,good
240ed1c8-e3fa-41bb-ae81-fe98bb6c19ba,good 👍,gooddood 👍,gooddood  thumbs_up ,en,0.461,gooddood  thumbs_up,gooddood thumbs_up,gooddood thumbs_up
716c59f1-3c63-433e-b2de-f13942169ca5,need to be improved specially interface,need to be improved specially interappace,need to be improved specially interappace,en,0.866,need to be improved specially interappace,need to be improved specially interappace,need to be improved specially interappace
57d7441a-dadf-45a0-a764-51eab255ad01,ratethisapp,ratithisappp,ratithisappp,en,0.194,ratithisappp,ratithisapp,ratithisapp
abe91b88-60ab-4322-b399-29ef6e8d326f,তোমরা আমার বালের অ্যাপস বানাইছো গত চারদিন যাবত চেষ্টা করতেছি লগইন করতে পারিনা,তোমরা আমার useless অ্যাপস বাniceো গত চারদিন যাবত চেষ্টা করতেছি লগইন করতে পারিনা,তোমরা আমার useless অ্যাপস বাniceো গত চারদিন যাবত চেষ্টা করতেছি লগইন করতে পারিনা,bn,0.999,You guys are my useless apps and I can't login since last four days,you guys are my useless apps and i can't login since last four days,you guys are my useless apps and i can't login since last four days
29d3962a-9a16-417e-8da4-b8f40cae5311,এটা একটি প্রয়োজনীয় app,এটা একটি প্রয়োজনীয় appp,এটা একটি প্রয়োজনীয় appp,bn,1.0,It is an essential appp,it is an essential app,it is an essential app
506de57f-46ec-4492-8d27-21e8624bcea3,"so very good but some problem,and that with big problem 😕","so very gooddood but some problem,and that with bigoodd problem 😕","so very gooddood but some problem,and that with bigoodd problem  confused_face ",en,0.931,"so very gooddood but some problem,and that with bigoodd problem  confused_face ","so very gooddood but some problem,and that with bigoodd problem confused_face","so very gooddood but some problem,and that with bigoodd problem confused_face"
ea5347ed-e572-41e5-a1c5-0fdd027b7908,good app,gooddood appp,gooddood appp,en,0.266,gooddood appp,gooddood app,gooddood app
cd2183e9-68b2-4347-a5ae-2d13e51154e5,it's apps very strong..,it's appps very strongoodd..,it's appps very strongoodd..,en,0.985,it's appps very strongoodd..,it's apps very strongoodd..,it's apps very strongoodd..
6b4eaca0-443a-4386-b6fd-12179d377955,👑,👑, crown ,en,0.549,crown,crown,crown
27ffdb19-c66b-4d45-bc47-411a6ca4e9da,this is nice,this is nice,this is nice,en,0.995,this is nice,this is nice,this is nice
0e72ade9-2b65-4d51-9b82-c4e5bb08d43a,o ppi app good,o ppi appp gooddood,o ppi appp gooddood,en,0.205,o ppi appp gooddood,o ppi app gooddood,o ppi app gooddood
c764242f-2535-4c80-bc98-39a707b8f607,❤️,❤️, red_heart ,en,0.373,red_heart,red_heart,red_heart
3f693af7-9bdb-4594-96ed-b2b279da718d,nice app,nice appp,nice appp,en,0.785,nice appp,nice app,nice app
92e14196-0134-4b84-99a3-0d93b4505c7a,nice app,nice appp,nice appp,en,0.785,nice appp,nice app,nice app
7a8355e4-418a-4329-bfe3-e9b535171858,i have not gotten a new update. for example fund transfer.,i have not gooddotten a new update. apafter example appund transapper.,i have not gooddotten a new update. apafter example appund transapper.,en,0.408,i have not gooddotten a new update. apafter example appund transapper.,i have not gooddotten a new update. apafter example appund transapper.,i have not gooddotten a new update. apafter example appund transapper.
c8608e12-da77-4a8c-b61c-b934e254b351,ভালো,good,good,en,0.895,good,good,good
623379ee-29d8-47e2-8535-6652e8a3b723,good,gooddood,gooddood,nl,0.268,their pits,their pits,their pits
b3fc11d2-e007-4112-accf-fff1ee601c9e,"nice app ,its easy","nice appp ,its easy","nice appp ,its easy",fi,0.178,"nice appp ,its easy","nice app ,its easy","nice app ,its easy"
53b237e3-1a6a-433b-986d-429563b51d4a,good,gooddood,gooddood,nl,0.268,their pits,their pits,their pits
a130b0e2-f411-4cca-b1a0-44a25a4475ee,where is fund transfer service in app,where is appund transapper serbrotherce in appp,where is appund transapper serbrotherce in appp,en,0.846,where is appund transapper serbrotherce in appp,where is appund transapper serbrotherce in app,where is appund transapper serbrotherce in app
293e6b0e-7dec-4534-a3a7-8ff02e3f77e7,"your app is so bad and useless, why would you ask your id department to update the app?","your appp is so bad and useless, why would you ask your id department to update the appp?","your appp is so bad and useless, why would you ask your id department to update the appp?",en,0.976,"your appp is so bad and useless, why would you ask your id department to update the appp?","your app is so bad and useless, why would you ask your id department to update the app?","your app is so bad and useless, why would you ask your id department to update the app?"
396e6fca-4ed4-4779-9596-f260832ed620,ভালো,good,good,en,0.895,good,good,good
5a171d61-653b-4374-966c-9cba3e141f0c,good and very nice,gooddood and very nice,gooddood and very nice,en,0.97,gooddood and very nice,gooddood and very nice,gooddood and very nice
639028cf-d7c1-40ed-8dd6-3621b7bd554b,good apps,gooddood appps,gooddood appps,en,0.304,gooddood appps,gooddood apps,gooddood apps
55e43d6a-510b-4dfa-8809-244179158343,nice,nice,nice,en,0.839,nice,nice,nice
fdb17422-9113-4c5d-9465-7aaa9a95fe04,nice,nice,nice,en,0.839,nice,nice,nice
3e338620-91a7-4e67-ba69-01d2dbe0138a,সুন্দর এই এপস,সুন্দর এই এপস,সুন্দর এই এপস,bn,0.998,This app is beautiful,this app is beautiful,this app is beautiful
e0b6f2b7-6274-4c95-b306-9ffe6460d880,best apps,best appps,best appps,en,0.449,best appps,best apps,best apps
a66788bc-49c0-4a2b-bf94-cdc1c6a7bf3f,good,gooddood,gooddood,nl,0.268,their pits,their pits,their pits
35f9103e-9d91-4156-935b-464b43dd73b0,very good,very gooddood,very gooddood,en,0.938,very gooddood,very gooddood,very gooddood
381528b4-c704-41e5-a0a6-8a512b25338a,খুব ভালো লাগছে,খুব good লাগছে,খুব good লাগছে,bn,0.87,It feels very good,it feels very good,it feels very good
36f7e3b1-8c38-4c61-91d0-b42c7152e61a,খুব ভালো লাগছে,খুব good লাগছে,খুব good লাগছে,bn,0.87,It feels very good,it feels very good,it feels very good
60edacfd-53e1-45f5-bcb2-8e5f3173fd41,good.... rocket to bkash money transfer,gooddood.... rockit to bkash money transapper,gooddood.... rockit to bkash money transapper,en,0.547,gooddood....rockit to bkash money transapper,gooddood..rockit to bkash money transapper,gooddood..rockit to bkash money transapper
96eb2a79-76da-4bd4-9ee0-8f50d1317122,💗💗,💗💗, growing_heart  growing_heart ,en,0.841,growing_heart  growing_heart,growing_heart growing_heart,growing_heart growing_heart
69c5fc4a-b0f2-4b2b-80f4-33ffd9b68b3c,rocket app is not updated problem please see the matter,rockit appp is not updated problem please see the matter,rockit appp is not updated problem please see the matter,en,0.877,rockit appp is not updated problem please see the matter,rockit app is not updated problem please see the matter,rockit app is not updated problem please see the matter
bc8344ca-148c-4cc7-898d-09acd746eda0,this app update is very slow,this appp update is very slow,this appp update is very slow,en,0.976,this appp update is very slow,this app update is very slow,this app update is very slow
1207dc26-3fcf-436a-a760-046e1d5b3f8c,"simple app. easy app. but give us more offer like bkash, nagad","simple appp. easy appp. but gooddive us more oappapper like bkash, no/notgooddad","simple appp. easy appp. but gooddive us more oappapper like bkash, no/notgooddad",en,0.54,"simple appp. easy appp. but gooddive us more oappapper like bkash, no/notgooddad","simple app. easy app. but gooddive us more oappapper like bkash, nonotgooddad","simple app. easy app. but gooddive us more oappapper like bkash, nonotgooddad"
b8ef83ba-0943-4185-ba4c-1f5f591490c4,update chai,update want,update want,en,0.802,update want,update want,update want
b3b1b6f5-2e9c-4309-b4a1-a5871b3518d8,very good and nice app.,very gooddood and nice appp.,very gooddood and nice appp.,en,0.956,very gooddood and nice appp.,very gooddood and nice app.,very gooddood and nice app.
3d5078f8-6231-4585-9704-a1f229861af4,good,gooddood,gooddood,nl,0.268,their pits,their pits,their pits
88422bb0-0882-4659-8b07-3bf227de8e7f,nice,nice,nice,en,0.839,nice,nice,nice
0f9c06f7-9177-45ab-bfc7-0dea096e4e34,godd,gooddodd,gooddodd,en,0.512,gooddodd,gooddodd,gooddodd
9e1eddb3-4b50-46fd-bff5-dcc77f629e9a,rocket is the best mobile banking app for me.,rockit is the best mobilee bankingoodd appp apafter me.,rockit is the best mobilee bankingoodd appp apafter me.,en,0.844,rockit is the best mobilee bankingoodd appp apafter me.,rockit is the best mobilee bankingoodd app apafter me.,rockit is the best mobilee bankingoodd app apafter me.
9ba66eb9-327b-44e3-b081-dd9b5a8f0047,অনেক সুন্দর একটা এপস,অনেক সুন্দর একটা এপস,অনেক সুন্দর একটা এপস,bn,1.0,A very nice app,a very nice app,a very nice app
ea9398f1-109f-4e55-9789-09f49a3f3a43,good,gooddood,gooddood,nl,0.268,their pits,their pits,their pits
169965eb-55e2-45f7-9eca-b01902125d09,nice,nice,nice,en,0.839,nice,nice,nice
e1c96791-e6ee-4d7e-b9f7-91eea1781644,good apps,gooddood appps,gooddood appps,en,0.304,gooddood appps,gooddood apps,gooddood apps
14fb5778-a6a6-49c1-84f6-d3d53b3cff58,nice,nice,nice,en,0.839,nice,nice,nice
b11c181d-f147-4568-9da0-3e6257bf194c,নাইস,nice,nice,en,0.839,nice,nice,nice
902f7d92-0cee-4dbf-a43d-44eb450dd860,good like,gooddood like,gooddood like,en,0.559,gooddood like,gooddood like,gooddood like
021468c7-9a94-4be0-a794-c2ce4a5da275,nice,nice,nice,en,0.839,nice,nice,nice
9c4a9ccd-18a7-46b1-b119-c167d15a1927,best mfs in bangladesh,best mapps in bangooddladesh,best mapps in bangooddladesh,en,0.763,best mapps in bangooddladesh,best mapps in bangooddladesh,best mapps in bangooddladesh
5a915806-071c-4a67-a2c6-1dbfc667fdd2,nice,nice,nice,en,0.839,nice,nice,nice
b3a19210-8f65-4d1d-8619-81b091c0c36f,good,gooddood,gooddood,nl,0.268,their pits,their pits,their pits
c9fba2fe-6f62-4965-94f7-17cbe03d199a,good job! 100% safe ✅,gooddood job! 100% saappe ✅,gooddood job! 100% saappe  check_mark_button ,en,0.249,gooddood job! 100% saappe  check_mark_button,gooddood job! 100 saappe check_mark_button,gooddood job! 100 saappe check_mark_button
4c456598-97fa-4242-b481-e2c9d6fed912,good apps,gooddood appps,gooddood appps,en,0.304,gooddood appps,gooddood apps,gooddood apps
05c8b9c4-7980-478a-b59b-ac515c103099,আপডেট খুবই দেরিতে পাওয়া যায়,appডেট খুবই দেরিতে পাওয়া যায়,appডেট খুবই দেরিতে পাওয়া যায়,bn,1.0,Appdate is available very late,appdate is available very late,appdate is available very late
8192f7c7-5748-4257-9ab2-ae7121e28c3f,oneke apper update paise amra keno pacci na.. uodate app..,verye appper update paise mya whyo pacci no/not.. uodate appp..,verye appper update paise mya whyo pacci no/not.. uodate appp..,it,0.128,verye appper update paise mya whyo pacci no/not.. uodate appp..,verye apper update paise mya whyo pacci nonot.. uodate app..,verye apper update paise mya whyo pacci nonot.. uodate app..
1f331913-bb9e-4254-b9ba-16f49915b769,nice,nice,nice,en,0.839,nice,nice,nice
49371add-3447-4f19-a3c1-24ed73697423,good,gooddood,gooddood,nl,0.268,their pits,their pits,their pits
59e3e610-7662-4e7b-b611-a80d11068a95,ok,ok,ok,en,0.898,ok,ok,ok
7e668781-b13a-424b-9f0f-33dd75ed5ea1,"kindly add nspb to rocket to bkash, nagad, upay etc..","kindly add nspb to rockit to bkash, no/notgooddad, upay itc..","kindly add nspb to rockit to bkash, no/notgooddad, upay itc..",en,0.466,"kindly add nspb to rockit to bkash, no/notgooddad, upay itc..","kindly add nspb to rockit to bkash, nonotgooddad, upay itc..","kindly add nspb to rockit to bkash, nonotgooddad, upay itc.."
35b9312b-0a10-428d-b172-00e152c00448,fane app and nice services,appane appp and nice serbrotherces,appane appp and nice serbrotherces,en,0.763,appane appp and nice serbrotherces,appane app and nice serbrotherces,appane app and nice serbrotherces
e7f097c7-39f1-4c39-9a7b-0b7ace642698,good,gooddood,gooddood,nl,0.268,their pits,their pits,their pits
47d2a227-0e4a-4049-bd0b-3e3debbc1fc4,nic,nice,nice,en,0.839,nice,nice,nice
ab449ec7-46cf-4bdf-801d-8256a4beef64,good,gooddood,gooddood,nl,0.268,their pits,their pits,their pits
156f1049-7079-45e0-b6bf-15a8b532ec57,nice,nice,nice,en,0.839,nice,nice,nice
edefc927-1a61-4c6e-b358-9c190aa1ff78,roket marchent app mfs chalu koren,rokit marchent appp mapps start koren,rokit marchent appp mapps start koren,sl,0.138,rokit marchant app mapps start koren,rokit marchant app mapps start koren,rokit marchant app mapps start koren
83a15add-8879-41ed-bbe0-3b064c71eefb,nice,nice,nice,en,0.839,nice,nice,nice
08c89baf-ae66-46cb-98fe-adaea310d54c,রকেট থেকে বিকাশ নগদে ট্রান্সফার যে অপশন গুলো আছে অপশন গুলো দিয়ে দেন,রকেট থেকে বিকাশ নগদে ট্রান্সফার যে অপশন গুলো আছে অপশন গুলো দিয়ে দেন,রকেট থেকে বিকাশ নগদে ট্রান্সফার যে অপশন গুলো আছে অপশন গুলো দিয়ে দেন,bn,1.0,Transfer from Rocket to Bikash Cash gives the options available,transfer from rocket to bikash cash gives the options available,transfer from rocket to bikash cash gives the options available
f51f3379-dc2b-4ca1-b25b-31402394cdf1,ভালো,good,good,en,0.895,good,good,good
b18d4fd2-13cb-475c-9605-129d3f522830,good,gooddood,gooddood,nl,0.268,their pits,their pits,their pits
17303fdd-304b-4f8a-bfcd-3501ed0be58a,good,gooddood,gooddood,nl,0.268,their pits,their pits,their pits
493b32f6-4f30-42d1-9f2c-b4c4feccfb9b,super app,super appp,super appp,en,0.525,super appp,super app,super app
9cd4bad0-f765-4409-9a49-5d6548719060,well,well,well,en,0.998,well,well,well
56a43477-2287-4183-a39f-8e784d9d36f1,আপনাদের কাছে একটা অনুরোধ থাকবে বিকাশ এ সিমে কোড ভেরিফিকেশন মেসেজের মাধ্যমে লগইন করা হয় এটা রকেটে নাই আপনাদের কাছে অনুরোধ থাকবে কল দিয়ে ভেরিফিকেশন করার পাশাপাশি কোড মেসেজ ভেরিফিকেশন অপশনটা যোগ করতে অনুরোধ করছি এর কারণ হচ্ছে আমার একটা সিম সিমটা বাটন মোবাইলে চলে আমার ওই সিমের লেনদেন করতে গেলে বাটন মোবাইল দিয়ে লেনদেন করতে হয় আমার ওই সিম টাচ মোবাইল অ্যান্ড্রয়েড ফোনে চলে না তাই অ্যাপস ব্যবহার করতে পারছিনা রকেটের মেসেজ ভেরিফিকেশন থাকলে লেনদেনের জন্য অ্যাপসটা ব্যবহার করতে পারতাম ০১৪০০৯০৪১৬০৯ রকেট,appনাদের কাছে একটা অনুরোধ থাকবে বিকাশ এ সিমে কোড ভেরিফিকেশন মেসেজের মাধ্যমে লগইন করা হয় এটা রকেটে নাই appনাদের কাছে অনুরোধ থাকবে কল দিয়ে ভেরিফিকেশন করার পাশাপাশি কোড মেসেজ ভেরিফিকেশন অপশনটা যোগ করতে অনুরোধ করছি এর কারণ হচ্ছে আমার একটা সিম সিমটা বাটন মোবাইলে চলে আমার ওই সিমের লেনদেন করতে গেলে বাটন মোবাইল দিয়ে লেনদেন করতে হয় আমার ওই সিম টাচ মোবাইল অ্যান্ড্রয়েড ফোনে চলে না তাই অ্যাপস ব্যবহার করতে পারছিনা রকেটের মেসেজ ভেরিফিকেশন থাকলে লেনদেনের জন্য অ্যাপসটা ব্যবহার করতে পারতাম ০১৪০০৯০৪১৬০৯ রকেট,appনাদের কাছে একটা অনুরোধ থাকবে বিকাশ এ সিমে কোড ভেরিফিকেশন মেসেজের মাধ্যমে লগইন করা হয় এটা রকেটে নাই appনাদের কাছে অনুরোধ থাকবে কল দিয়ে ভেরিফিকেশন করার পাশাপাশি কোড মেসেজ ভেরিফিকেশন অপশনটা যোগ করতে অনুরোধ করছি এর কারণ হচ্ছে আমার একটা সিম সিমটা বাটন মোবাইলে চলে আমার ওই সিমের লেনদেন করতে গেলে বাটন মোবাইল দিয়ে লেনদেন করতে হয় আমার ওই সিম টাচ মোবাইল অ্যান্ড্রয়েড ফোনে চলে না তাই অ্যাপস ব্যবহার করতে পারছিনা রকেটের মেসেজ ভেরিফিকেশন থাকলে লেনদেনের জন্য অ্যাপসটা ব্যবহার করতে পারতাম ০১৪০০৯০৪১৬০৯ রকেট,bn,0.999,App Nad will have a request to login through code verification message on Bikash SIM it is not in rocket app Nad will have request to add code message verification option in addition to calling verification the reason is because one of my SIM SIM is in button mobile I have to do transaction with button mobile if I want to do transaction with that sim I have to do transaction with button mobile my that sim doesn't work in touch mobile android phone so I can't use apps If Rocket message verification I could use apps for transaction 014009041609 Rocket,app nad will have a request to login through code verification message on bikash sim it is not in rocket app nad will have request to add code message verification option in addition to calling verification the reason is because one of my sim sim is in button mobile i have to do transaction with button mobile if i want to do transaction with that sim i have to do transaction with button mobile my that sim doesn't work in touch mobile android phone so i can't use apps if rocket message verification i could use apps for transaction 014009041609 rocket,app nad will have a request to login through code verification message on bikash sim it is not in rocket app nad will have request to add code message verification option in addition to calling verification the reason is because one of my sim sim is in button mobile i have to do transaction with button mobile if i want to do transaction with that sim i have to do transaction with button mobile my that sim doesn't work in touch mobile android phone so i can't use apps if rocket message verification i could use apps for transaction 014009041609 rocket
58addc9c-6ee3-47f3-b130-24b67adbfa4a,thank you,thank you,thank you,en,0.792,thank you,thank you,thank you
6bf6e419-c3da-4eef-9fd1-a7c2230a94c8,wow future ❤️‍🔥❤️‍🔥❤️‍🔥❤️‍🔥❤️‍🔥,wow apputure ❤️‍🔥❤️‍🔥❤️‍🔥❤️‍🔥❤️‍🔥,wow apputure  heart_on_fire  heart_on_fire  heart_on_fire  heart_on_fire  heart_on_fire ,en,0.35,wow apputure  heart_on_fire  heart_on_fire  heart_on_fire  heart_on_fire  heart_on_fire,wow apputure heart_on_fire heart_on_fire heart_on_fire heart_on_fire heart_on_fire,wow apputure heart_on_fire heart_on_fire heart_on_fire heart_on_fire heart_on_fire
508f2674-b036-4372-8d59-1a6b0decf9e3,best,best,best,en,0.169,best,best,best
26390ca3-3c4f-4dfb-8e98-88d4af1a36e7,good,gooddood,gooddood,nl,0.268,their pits,their pits,their pits
997d4082-2fde-417d-9721-dfa96c16a16f,nice 👍,nice 👍,nice  thumbs_up ,en,0.859,nice  thumbs_up,nice thumbs_up,nice thumbs_up
684031eb-a3ea-442b-a1de-d3c7822a4ed4,"মোবাইল ডেটা দিয়ে লগিন করা যায় না। একটা কল আসে, তখনই ডেটা ডিসকানেক্ট হয়ে যায়। ভেরিফিকেশন সিস্টেম ব্যাকডেটেড। আবার kyc আপডেটের কোনো অপশন নেই। মিরপুরে রকেটের অফিসে গেলে ওরা বলে আপনার জেলা শহর থেকে kyc আপডেট করতে হবে। আবেদন করে রাখুন দুই সপ্তাহ লাগবে। ইকোসিস্টেম বাজে হওয়ার কারণেই রকেট আজ পিছিয়ে পড়েছে।","মোবাইল ডেটা দিয়ে লগিন করা যায় না। একটা কল আসে, তখনই ডেটা ডিসকানেক্ট হয়ে যায়। ভেরিফিকেশন সিস্টেম ব্যাকডেটেড। আবার kyc appডেটের কোনো অপশন নেই। মিরপুরে রকেটের অফিসে গেলে ওরা বলে appনার জেলা শহর থেকে kyc appডেট করতে হবে। আবেদন করে রাখুন দুই সপ্তাহ লাগবে। ইকোসিস্টেম বাজে হওয়ার কারণেই রকেট আজ পিছিয়ে পড়েছে।","মোবাইল ডেটা দিয়ে লগিন করা যায় না। একটা কল আসে, তখনই ডেটা ডিসকানেক্ট হয়ে যায়। ভেরিফিকেশন সিস্টেম ব্যাকডেটেড। আবার kyc appডেটের কোনো অপশন নেই। মিরপুরে রকেটের অফিসে গেলে ওরা বলে appনার জেলা শহর থেকে kyc appডেট করতে হবে। আবেদন করে রাখুন দুই সপ্তাহ লাগবে। ইকোসিস্টেম বাজে হওয়ার কারণেই রকেট আজ পিছিয়ে পড়েছে।",bn,0.999,"Cannot login with mobile data. When a call comes in, the data is disconnected. The verification system is backdated. Again there is no option for kyc app update. When I went to Rocket's office in Mirpur, they said that I need to update my kyc from the app's district city. It will take two weeks to apply. Rocket is lagging behind today because of the bad ecosystem.","cannot login with mobile data. when a call comes in, the data is disconnected. the verification system is backdated. again there is no option for kyc app update. when i went to rocket's office in mirpur, they said that i need to update my kyc from the app's district city. it will take two weeks to apply. rocket is lagging behind today because of the bad ecosystem.","cannot login with mobile data. when a call comes in, the data is disconnected. the verification system is backdated. again there is no option for kyc app update. when i went to rocket's office in mirpur, they said that i need to update my kyc from the app's district city. it will take two weeks to apply. rocket is lagging behind today because of the bad ecosystem."
e611d5c5-5386-4e05-a7a0-39927d984bfc,please improve this apps,please improve this appps,please improve this appps,en,0.776,please improve this appps,please improve this apps,please improve this apps
e67e35a9-c380-4e92-9494-88143d890843,very good useful apps.,very gooddood useappul appps.,very gooddood useappul appps.,en,0.943,very gooddood useappul appps.,very gooddood useappul apps.,very gooddood useappul apps.
ae226d1e-b783-4f5e-b760-85a91c902915,good,gooddood,gooddood,nl,0.268,their pits,their pits,their pits
aa81b0dc-26ff-4987-a4a7-f7677b16e6e2,app একটা সার্ভিস খারাপ রকেট থেকে ডাচ বাংলা ব্যাংক ফান্ড টান্সফার চার্জ কাটে নিজের রকেট আবার ব্যাংক ও নিজেদের সেখানে চার্জ ফ্রী করা উচিত,appp একটা সার্ভিস খারাপ রকেট থেকে ডাচ বাংলা ব্যাংক ফান্ড টান্সফার চার্জ কাটে নিজের রকেট আবার ব্যাংক ও নিজেদের সেখানে চার্জ ফ্রী করা উচিত,appp একটা সার্ভিস খারাপ রকেট থেকে ডাচ বাংলা ব্যাংক ফান্ড টান্সফার চার্জ কাটে নিজের রকেট আবার ব্যাংক ও নিজেদের সেখানে চার্জ ফ্রী করা উচিত,bn,1.0,appp a service bad rocket from dutch bangla bank fund transfer charge cut own rocket again bank and themselves should charge free there,app a service bad rocket from dutch bangla bank fund transfer charge cut own rocket again bank and themselves should charge free there,app a service bad rocket from dutch bangla bank fund transfer charge cut own rocket again bank and themselves should charge free there
122bb398-42d6-42d1-b457-f2bb2f2eb5ae,nice,nice,nice,en,0.839,nice,nice,nice
f693de29-74c5-4ed7-8c3c-17438a71b538,the app is very beautifully designed. the functions are also beautiful. i hope it will be improved further. may it bring benefits to everyone.,the appp is very beautiappully desigooddned. the appunicetions are also beautiappul. i hope it will be improved appurther. may it bringoodd beneappits to everyone.,the appp is very beautiappully desigooddned. the appunicetions are also beautiappul. i hope it will be improved appurther. may it bringoodd beneappits to everyone.,en,0.927,the appp is very beautiappully desigooddned. the appunicetions are also beautiappul. i hope it will be improved appurther. may it bringoodd beneappits to everyone.,the app is very beautiappully desigooddned. the appunicetions are also beautiappul. i hope it will be improved appurther. may it bringoodd beneappits to everyone.,the app is very beautiappully desigooddned. the appunicetions are also beautiappul. i hope it will be improved appurther. may it bringoodd beneappits to everyone.
92445c95-f139-4a52-b258-7f1299cd8b16,nice apps,nice appps,nice appps,en,0.78,nice appps,nice apps,nice apps
cfc64bda-6d07-4e39-a3b7-fc7080128dbd,ওকে,okে,okে,bn,0.78,ok,ok,ok
1f0e24d3-de26-4acc-9c90-141fe04cdac3,good experience..i want best experience or first update of me,gooddood experienicee..i want best experienicee or appirst update oapp me,gooddood experienicee..i want best experienicee or appirst update oapp me,en,0.296,gooddood experienicee..i want best experienicee or appirst update oapp me,gooddood experienicee..i want best experienicee or appirst update oapp me,gooddood experienice..i want best experienice or appirst update oapp me
736332a0-4123-4d88-bb6c-2c22ec302d3a,good app,gooddood appp,gooddood appp,en,0.266,gooddood appp,gooddood app,gooddood app
bb303f6e-6b6d-48c1-b939-2269ff02b697,nice,nice,nice,en,0.839,nice,nice,nice
402f791f-bb25-42b5-8a06-0849b70f2362,nice,nice,nice,en,0.839,nice,nice,nice
ec031065-abaf-4cbc-a370-7c47aa6ebe86,good,gooddood,gooddood,nl,0.268,their pits,their pits,their pits
75be47a6-41df-4a34-83f2-822b04fafe13,"rocket's dso problem? they don't keep money with the agent, they don't pay properly, they don't give me my balance. location -bhola, daulatkhan, village alaka","rockit's dso problem? they don't keep money with the agooddent, they don't pay properly, they don't gooddive me my balanicee. location -bhola, daulatkhan, brotherllagoodde alaka","rockit's dso problem? they don't keep money with the agooddent, they don't pay properly, they don't gooddive me my balanicee. location -bhola, daulatkhan, brotherllagoodde alaka",en,0.957,"rockit's dso problem? they don't keep money with the agooddent, they don't pay properly, they don't gooddive me my balanicee. location -bhola, daulatkhan, brotherllagoodde alaka","rockit's dso problem? they don't keep money with the agooddent, they don't pay properly, they don't gooddive me my balanicee. location -bhola, daulatkhan, brotherllagoodde alaka","rockit's dso problem? they don't keep money with the agooddent, they don't pay properly, they don't gooddive me my balanice. location -bhola, daulatkhan, brotherllagoodde alaka"
e85fae2b-ad0b-4589-ad1b-909e34fe3c8d,good service and good security,gooddood serbrotherce and gooddood security,gooddood serbrotherce and gooddood security,en,0.412,gooddood serbrotherce and gooddood security,gooddood serbrotherce and gooddood security,gooddood serbrotherce and gooddood security
fc18c0ee-3196-456f-bb07-086ffe4302fa,nice,nice,nice,en,0.839,nice,nice,nice
e71901d9-59f7-4976-92cd-21e1e33365c0,valo,good,good,en,0.895,good,good,good
56e83bd3-b6f7-43fe-84d0-09f1de4daf16,finally introduced npsb feature.,appino/notlly introduced npsb appeature.,appino/notlly introduced npsb appeature.,en,0.764,appino/notlly introduced npsb appeature.,appinonotlly introduced npsb appeature.,appinonotlly introduced npsb appeature.
63e3f3a4-61eb-47a7-ae36-010480b56a58,good,gooddood,gooddood,nl,0.268,their pits,their pits,their pits
fcff52af-d8a1-4afc-9ff9-4a42fe448152,best,best,best,en,0.169,best,best,best
b181d510-ba1f-481c-815b-1da9a53db828,nice,nice,nice,en,0.839,nice,nice,nice
046e8cc3-1685-4c2a-82a6-abb55a12713b,app থেকে nid ভেরিফাই করার অপশন নাই কেন?❌❌,appp থেকে nid ভেরিফাই করার অপশন নাই why?❌❌,appp থেকে nid ভেরিফাই করার অপশন নাই why? cross_mark  cross_mark ,bn,0.808,No option to verify nid from appp why? cross_mark cross_mark,no option to verify nid from app why? cross_mark cross_mark,no option to verify nid from app why? cross_mark cross_mark
959e3b1a-65b7-4746-b20d-34586561b4ce,good,gooddood,gooddood,nl,0.268,their pits,their pits,their pits
d1bd5e3a-c0fd-4d9e-b3b8-99b1c79d97ad,update kivabe korbo,update kivabe korbo,update kivabe korbo,eo,0.208,update kivabe korbo,update kivabe korbo,update kivabe korbo
19cf77e4-10f0-4a3d-9078-e3636ba6861b,bad 🙁,bad 🙁,bad  slightly_frowning_face ,ru,0.143,bad  slightly_frowning_face,bad slightly_frowning_face,bad slightly_frowning_face
c9f032d0-42e9-4068-b7dd-a56ace27b9a2,নাইস,nice,nice,en,0.839,nice,nice,nice
183d62b6-935c-4002-bcee-035f6a6ec7e0,i like 💖💖💖💖,i like 💖💖💖💖,i like  sparkling_heart  sparkling_heart  sparkling_heart  sparkling_heart ,en,0.592,i like  sparkling_heart  sparkling_heart  sparkling_heart  sparkling_heart,i like sparkling_heart sparkling_heart sparkling_heart sparkling_heart,i like sparkling_heart sparkling_heart sparkling_heart sparkling_heart
45885fc4-d21f-4141-8bc7-967465786238,good service 👍,gooddood serbrotherce 👍,gooddood serbrotherce  thumbs_up ,en,0.285,gooddood serbrotherce  thumbs_up,gooddood serbrotherce thumbs_up,gooddood serbrotherce thumbs_up
f6ebc4e3-21cc-4499-a059-02a1f72743f8,nice,nice,nice,en,0.839,nice,nice,nice
2ee47dad-4285-48c5-bb17-52e972d17bec,help full,help appull,help appull,en,0.705,help appull,help appull,help appull
c289f7fd-10da-4fc0-96d8-349b9b959a2c,gd apps,gooddd appps,gooddd appps,en,0.819,gooddd appps,goodd apps,goodd apps
17325e7e-52a9-4883-b743-4db72a42c9da,your good app,your gooddood appp,your gooddood appp,en,0.602,your gooddood appp,your gooddood app,your gooddood app
f9ecb5ef-fc26-4a26-aaf2-212bc25aa1b3,why not show ministatmant. please send me 7 days transfer information.,why not show mynistatmant. please send me 7 days transapper ino/notpaftermation.,why not show mynistatmant. please send me 7 days transapper ino/notpaftermation.,en,0.38,why not show mynistatmant. please send me 7 days transapper ino/notpaftermation.,why not show mynistatmant. please send me 7 days transapper inonotpaftermation.,why not show mynistatmant. please send me 7 days transapper inonotpaftermation.
41871742-d281-4871-be32-508742a3a8db,vary nice 👍,very nice 👍,very nice  thumbs_up ,en,0.984,very nice  thumbs_up ,very nice thumbs_up,very nice thumbs_up
efc1f642-8d45-46ee-b9ea-e602cf48474b,worst mfs app in the country. couldn't even upload the nid photo. the app crashes.,worst mapps appp in the country. couldn't even upload the nid photo. the appp crashes.,worst mapps appp in the country. couldn't even upload the nid photo. the appp crashes.,en,0.966,worst mapps appp in the country. couldn't even upload the nid photo. the appp crashes.,worst mapps app in the country. couldn't even upload the nid photo. the app crashes.,worst mapps app in the country. couldn't even upload the nid photo. the app crashes.
58a7d481-d831-418c-ae8f-51d31490a4da,app cannot detect otp and won't let me manually type it in either. 10/10 software engineering and ux design from a bank.,appp cannot ditect otp and won't lit me manually type it in either. 10/10 soapptware engooddineeringoodd and ux desigooddn approm a bank.,appp cannot ditect otp and won't lit me manually type it in either. 10/10 soapptware engooddineeringoodd and ux desigooddn approm a bank.,en,0.875,appp cannot ditect otp and won't lit me manually type it in either. 10/10 soapptware engooddineeringoodd and ux desigooddn approm a bank.,app cannot ditect otp and won't lit me manually type it in either. 1010 soapptware engooddineeringoodd and ux desigooddn approm a bank.,app cannot ditect otp and won't lit me manually type it in either. 1010 soapptware engooddineeringoodd and ux desigooddn approm a bank.
a3cc0c01-bfe9-4567-a740-33335154f755,nice,nice,nice,en,0.839,nice,nice,nice
e192541f-d7c3-4932-bc09-4ad1adabc2d9,nice,nice,nice,en,0.839,nice,nice,nice
c44af9e8-c301-4543-a3f3-c9f73d7dcc5f,good,gooddood,gooddood,nl,0.268,their pits,their pits,their pits
1de8004c-e187-4dcd-9691-04adb45b25b7,it's not possible to do admin work.,it's not possible to do admyn work.,it's not possible to do admyn work.,en,0.98,it's not possible to do admyn work.,it's not possible to do admyn work.,it's not possible to do admyn work.
1e701179-c45d-4f1e-b4ff-aaed5e3e3d7f,so nice app,so nice appp,so nice appp,en,0.625,so nice appp,so nice app,so nice app
8e33184e-9e56-4346-892f-8f1815297c71,good apps for publuc,gooddood appps apafter publuc,gooddood appps apafter publuc,de,0.166,gooddood appps apafter publuc,gooddood apps apafter publuc,gooddood apps apafter publuc
f5c434b7-2841-4642-bdf2-35b8cdc47a2d,good app,gooddood appp,gooddood appp,en,0.266,gooddood appp,gooddood app,gooddood app
d8d75083-4689-405c-a76a-2da53314c263,poor app. bkash is far better than this,poor appp. bkash is appar bitter than this,poor appp. bkash is appar bitter than this,en,0.945,poor appp. bkash is appar bitter than this,poor app. bkash is appar bitter than this,poor app. bkash is appar bitter than this
ddad696c-9028-4d4d-b604-6bffb9c3a783,nice,nice,nice,en,0.839,nice,nice,nice
9388b76a-efd1-4b28-85d4-5713a5b20e6e,valo,good,good,en,0.895,good,good,good
287c41c3-6719-450d-ace5-ad895c7463fd,bad experience. i am trying to login after long time and it's not working.,bad experienicee. i am tryingoodd to logooddin aappter loangoodd time and it's not workingoodd.,bad experienicee. i am tryingoodd to logooddin aappter loangoodd time and it's not workingoodd.,en,0.88,bad experienicee. i am tryingoodd to logooddin aappter loangoodd time and it's not workingoodd.,bad experienicee. i am tryingoodd to logooddin aappter loangoodd time and it's not workingoodd.,bad experienice. i am tryingoodd to logooddin aappter loangoodd time and it's not workingoodd.
e6cbfa10-5d88-4735-8147-3c619d7dc908,valo,good,good,en,0.895,good,good,good
c7e1f6bb-67e8-4a5f-a2ef-4026ba354e07,❤️,❤️, red_heart ,en,0.373,red_heart,red_heart,red_heart
b2d91a6f-73e1-4340-a80c-bd0f9da623b6,buggy app. can't even upload nid photos to register properly.,bugooddgooddy appp. can't even upload nid photos to regooddister properly.,bugooddgooddy appp. can't even upload nid photos to regooddister properly.,en,0.941,bugooddgooddy appp. can't even upload nid photos to regooddister properly.,bugooddgooddy app. can't even upload nid photos to regooddister properly.,bugooddgooddy app. can't even upload nid photos to regooddister properly.
0545f142-251f-4970-bba5-f168ab8a5d09,nice 👍,nice 👍,nice  thumbs_up ,en,0.859,nice  thumbs_up,nice thumbs_up,nice thumbs_up
98db5b70-cda6-44d9-b868-26a8f7203aaa,nice,nice,nice,en,0.839,nice,nice,nice
5e3e62c8-9016-46a0-bdf6-eb4aa355a0bb,good apps,gooddood appps,gooddood appps,en,0.304,gooddood appps,gooddood apps,gooddood apps
8cca197f-ddcb-44ec-8eb2-d9abb3128980,good,gooddood,gooddood,nl,0.268,their pits,their pits,their pits
45f5d9df-cd78-4337-9ce8-d886896599fd,ok,ok,ok,en,0.898,ok,ok,ok
cdd5acdd-bb03-4967-b18e-83d3cf320e36,faltu update...cash out kora number full show kore na,appaltu update...cash out kora number appull show kore no/not,appaltu update...cash out kora number appull show kore no/not,en,0.192,appaltu update...cash out kora number appull show kore no/not,appaltu update..cash out kora number appull show kore nonot,appaltu update..cash out kora number appull show kore nonot
9b8f80d1-0a7b-4407-ab97-16fcafd44b02,good,gooddood,gooddood,nl,0.268,their pits,their pits,their pits
85f05102-697a-46a2-86cd-09f27f6d3807,ওটিপি বসানোর সময় কীবোর্ড না আসলে ওটিপি বসাবো কেমনে?! এই সমস্যার সমাধান করতে কয় বছর লাগবে আপনাদের?,ওটিপি বসানোর সময় কীবোর্ড না আসলে ওটিপি বসাবো কেমনে?! এই সমস্যার সমাধান করতে কয় বছর লাগবে appনাদের?,ওটিপি বসানোর সময় কীবোর্ড না আসলে ওটিপি বসাবো কেমনে?! এই সমস্যার সমাধান করতে কয় বছর লাগবে appনাদের?,bn,1.0,How to set OTP without keyboard when setting OTP?! How many years will it take to solve this problem?,how to set otp without keyboard when setting otp?! how many years will it take to solve this problem?,how to set otp without keyboard when setting otp?! how many years will it take to solve this problem?
ecda7575-ceac-4019-947c-3d4e208cb823,please add transfar to bank account option in agent,please add transappar to bank account option in agooddent,please add transappar to bank account option in agooddent,en,0.695,please add transappar to bank account option in agooddent,please add transappar to bank account option in agooddent,please add transappar to bank account option in agooddent
04b1122c-ba3e-48f3-94c3-fae903f3d735,this app isn’t helpful. i was try my best to log in this app but i'm not success to login. these is so disgusting app😡,this appp isn’t helpappul. i was try my best to logoodd in this appp but i'm not success to logooddin. these is so disgooddustingoodd appp😡,this appp isn’t helpappul. i was try my best to logoodd in this appp but i'm not success to logooddin. these is so disgooddustingoodd appp enraged_face ,en,0.871,this appp isn’t helpappul. i was try my best to logoodd in this appp but i'm not success to logooddin. these is so disgooddustingoodd appp enraged_face,this app isnt helpappul. i was try my best to logoodd in this app but i'm not success to logooddin. these is so disgooddustingoodd app enraged_face,this app isnt helpappul. i was try my best to logoodd in this app but i'm not success to logooddin. these is so disgooddustingoodd app enraged_face
1ca4036b-f442-4c16-a833-a32f60989184,👍,👍, thumbs_up ,en,0.827,thumbs_up,thumbs_up,thumbs_up
bba2d47b-c33a-4da8-b87a-88317621bf9f,nice,nice,nice,en,0.839,nice,nice,nice
4b667ab2-9c87-41d3-9883-18702986dbfa,naic aps,no/notic apps,no/notic apps,ro,0.378,no/notic apps,nonotic apps,nonotic apps
c76fb8d7-ca80-4b95-8fc6-aa3179ce3161,very nice app 👍 roket,very nice appp 👍 rokit,very nice appp  thumbs_up  rokit,en,0.767,very nice appp  thumbs_up  rokit,very nice app thumbs_up rokit,very nice app thumbs_up rokit
ba41bded-4ae3-4452-a664-a7351c82cf20,nic,nice,nice,en,0.839,nice,nice,nice
f2ed072f-88d4-4428-b8eb-878b64c86fd7,no experience i am new user,no experienicee i am new user,no experienicee i am new user,en,0.458,no experienicee i am new user,no experienicee i am new user,no experienice i am new user
05a8d7e5-9188-45ac-b2f0-6b618953d7b9,nice,nice,nice,en,0.839,nice,nice,nice
fe2d6696-5a5c-4ee4-b0ba-7d007f06642f,nice,nice,nice,en,0.839,nice,nice,nice
15f65671-4df1-4e9a-a504-ae18792bbd15,giving feedback,gooddibrotherngoodd appeedback,gooddibrotherngoodd appeedback,en,0.586,gooddibrothergood appeedback,gooddibrothergood appeedback,gooddibrothergood appeedback
17d89a2d-db49-42ed-98d8-98dba1eed451,"একদম ফালতু সিস্টেম কে জানি ভুল করে 1000 টাকা পাঠাইছে এখন আমি তার টাকাটা ফেরত দিবো কিভাবে,,, অ্যাপস থেকেও নাম্বার দেখা যাচ্ছে না সিম্পল মেসেজ থেকেও নাম্বার দেখা যাচ্ছে না ফালতু 🤬🤬😡😡","একদম ফালতু সিস্টেম কে জানি ভুল করে 1000 bdt পাঠাইছে এখন আমি তার bdtটা ফেরত দিবো কিভাবে,,, অ্যাপস থেকেও নাম্বার দেখা যাচ্ছে না সিম্পল মেসেজ থেকেও নাম্বার দেখা যাচ্ছে না ফালতু 🤬🤬😡😡","একদম ফালতু সিস্টেম কে জানি ভুল করে 1000 bdt পাঠাইছে এখন আমি তার bdtটা ফেরত দিবো কিভাবে,,, অ্যাপস থেকেও নাম্বার দেখা যাচ্ছে না সিম্পল মেসেজ থেকেও নাম্বার দেখা যাচ্ছে না ফালতু  face_with_symbols_on_mouth  face_with_symbols_on_mouth  enraged_face  enraged_face ",bn,0.99,"Totally useless system I know who sent 1000 bdt by mistake now how can I return his bdt,,, number is not visible from apps even from simple message number is not visible face_with_symbols_on_mouth face_with_symbols_on_mouth enraged_face enraged_face","totally useless system i know who sent 100 bdt by mistake now how can i return his bdt,, number is not visible from apps even from simple message number is not visible face_with_symbols_on_mouth face_with_symbols_on_mouth enraged_face enraged_face","totally useless system i know who sent 100 bdt by mistake now how can i return his bdt,, number is not visible from apps even from simple message number is not visible face_with_symbols_on_mouth face_with_symbols_on_mouth enraged_face enraged_face"
f1e96676-4c75-4f6b-a558-61399130879c,very good 👍,very gooddood 👍,very gooddood  thumbs_up ,en,0.91,very gooddood  thumbs_up ,very gooddood thumbs_up,very gooddood thumbs_up
5e28558f-4461-4154-97e9-2fab2a1a2074,nice,nice,nice,en,0.839,nice,nice,nice
eff94ec1-3d5d-48d8-8b2c-5837f44e46b1,good,gooddood,gooddood,nl,0.268,their pits,their pits,their pits
99a72a3a-21a3-4688-9d5e-6c6523bd8c88,👍👎👎👎👎👎👎,👍👎👎👎👎👎👎, thumbs_up  thumbs_down  thumbs_down  thumbs_down  thumbs_down  thumbs_down  thumbs_down ,en,0.293,thumbs_up  thumbs_down  thumbs_down  thumbs_down  thumbs_down  thumbs_down  thumbs_down,thumbs_up thumbs_down thumbs_down thumbs_down thumbs_down thumbs_down thumbs_down,thumbs_up thumbs_down thumbs_down thumbs_down thumbs_down thumbs_down thumbs_down
39e2917a-6841-4897-b548-1186275a18b5,খুব ভাজে অভিজ্ঞতা,খুব ভাজে অভিজ্ঞতা,খুব ভাজে অভিজ্ঞতা,bn,0.946,Very fried experience,very fried experience,very fried experience
911f25ea-c7b3-4c66-afc0-fc758cf69be2,login call ase na failed dekai abr bar,logooddin call ase no/not appailed dekai abr bar,logooddin call ase no/not appailed dekai abr bar,es,0.538,logooddin call ase no/not appealed dekai abr bar,logooddin call ase nonot appealed dekai abr bar,logooddin call ase nonot appealed dekai abr bar
0eb05ff6-edb5-498b-84a4-79d28a78d2d3,nice,nice,nice,en,0.839,nice,nice,nice
c6652b80-ae7a-4587-a860-0be01997f2eb,excellent app,excellent appp,excellent appp,en,0.8,excellent app,excellent app,excellent app
6c6b22d3-0229-4448-a946-1dbdb0c994b5,good,gooddood,gooddood,nl,0.268,their pits,their pits,their pits
6e4b3ea8-466c-4af1-a8a3-248ca48ed40b,"rocket from dutch-bangla bank is one of the most reliable mobile banking services in the country. i appreciate how connected it is with the bank — making cash-in, cash-out, and fund transfers simple and safe. the system is stable, and transactions are completed in seconds. it’s perfect for people who prefer a bank-backed digital service with strong security and trust. rocket has definitely made banking easier for me.","rockit approm dutch-bangooddla bank is one oapp the most reliable mobilee bankingoodd serbrotherces in the country. i apppreciate how connected it is with the bank — makingoodd cash-in, cash-out, and appund transappers simple and saappe. the system is stable, and transactions are complited in seconds. it’s perappect apafter people who preapper a bank-backed digooddital serbrotherce with strongoodd security and trust. rockit has deappinitely made bankingoodd easier apafter me.","rockit approm dutch-bangooddla bank is one oapp the most reliable mobilee bankingoodd serbrotherces in the country. i apppreciate how connected it is with the bank — makingoodd cash-in, cash-out, and appund transappers simple and saappe. the system is stable, and transactions are complited in seconds. it’s perappect apafter people who preapper a bank-backed digooddital serbrotherce with strongoodd security and trust. rockit has deappinitely made bankingoodd easier apafter me.",en,0.918,"rockit approm dutch-bangooddla bank is one oapp the most reliable mobilee bankingoodd serbrotherces in the country. i apppreciate how connected it is with the bank — makingoodd cash-in, cash-out, and appund transappers simple and saappe. the system is stable, and transactions are complited in seconds. it’s perappect apafter people who preapper a bank-backed digooddital serbrotherce with strongoodd security and trust. rockit has deappinitely made bankingoodd easier apafter me.","rockit approm dutch-bangooddla bank is one oapp the most reliable mobilee bankingoodd serbrotherces in the country. i appreciate how connected it is with the bank makingoodd cash-in, cash-out, and appund transappers simple and saappe. the system is stable, and transactions are complited in seconds. its perappect apafter people who preapper a bank-backed digooddital serbrotherce with strongoodd security and trust. rockit has deappinitely made bankingoodd easier apafter me.","rockit approm dutch-bangooddla bank is one oapp the most reliable mobilee bankingoodd serbrotherces in the country. i appreciate how connected it is with the bank makingoodd cash-in, cash-out, and appund transappers simple and saappe. the system is stable, and transactions are complited in seconds. its perappect apafter people who preapper a bank-backed digooddital serbrotherce with strongoodd security and trust. rockit has deappinitely made bankingoodd easier apafter me."
91700a69-7b8c-41d4-8c21-c9dc3b3f8816,👍,👍, thumbs_up ,en,0.827,thumbs_up,thumbs_up,thumbs_up
8320469e-d294-42a4-a7d3-06f75e76ce9d,good app,gooddood appp,gooddood appp,en,0.266,gooddood appp,gooddood app,gooddood app
8ae7b5fe-a25a-4114-97f9-ce3622d4c6ae,রকেট এপ্স আপডেট দেয়ার পর থেকে পিন চায় দেই। ওটিপি আসে দেই। আবার পিন চায়। এভাবেই চলে। আর এপ্সে ঢুকে না,রকেট এপ্স appডেট দেয়ার পর থেকে পিন চায় দেই। ওটিপি আসে দেই। আবার পিন চায়। এভাবেই চলে। আর এপ্সে ঢুকে না,রকেট এপ্স appডেট দেয়ার পর থেকে পিন চায় দেই। ওটিপি আসে দেই। আবার পিন চায়। এভাবেই চলে। আর এপ্সে ঢুকে না,bn,0.994,Rocket Apps keeps asking for PIN since app update. OTP will come. Ask for pin again. This is how it goes. And do not enter the app,rocket apps keeps asking for pin since app update. otp will come. ask for pin again. this is how it goes. and do not enter the app,rocket apps keeps asking for pin since app update. otp will come. ask for pin again. this is how it goes. and do not enter the app
da7508ef-2be5-4428-aa3f-9181b8dfe92c,so many bugs and glitches,so many bugoodds and gooddlitches,so many bugoodds and gooddlitches,en,0.958,so many bugoodds and gooddlitches,so many bugoodds and gooddlitches,so many bugoodds and gooddlitches
0ee13ae0-2e29-4c04-801c-2caf626b66e6,good aps,gooddood apps,gooddood apps,en,0.267,gooddood apps,gooddood apps,gooddood apps
1af4d2e7-58e5-4265-8327-87a65d71c60b,একটা ভুল সিদ্ধান্ত ছিল রকেট এ একাউন্ট খোলা। খোলার পরেই একাউন্ট ইন একটিভ করে দেয়। এখন বলে কাস্টমার কেয়ার এ যেতে।,একটা ভুল সিদ্ধান্ত ছিল রকেট এ একাউন্ট খোলা। খোলার পরেই একাউন্ট ইন একটিভ করে দেয়। এখন বলে কাস্টমার কেয়ার এ যেতে।,একটা ভুল সিদ্ধান্ত ছিল রকেট এ একাউন্ট খোলা। খোলার পরেই একাউন্ট ইন একটিভ করে দেয়। এখন বলে কাস্টমার কেয়ার এ যেতে।,bn,1.0,It was a wrong decision to open an account at Rocket. Activates the account after opening. Now says to go to customer care.,it was a wrong decision to open an account at rocket. activates the account after opening. now says to go to customer care.,it was a wrong decision to open an account at rocket. activates the account after opening. now says to go to customer care.
f1485e81-faf6-4d19-9cc3-a82eff27b3cf,এপে প্রবেশ করতে পারতেছিনা আমি,এপে প্রবেশ করতে পারতেছিনা আমি,এপে প্রবেশ করতে পারতেছিনা আমি,bn,1.0,I could not access the app,i could not access the app,i could not access the app
4e50e447-7284-4fbf-bca6-38a6940b938e,লেনদেনের জন্য সবার জন্য সেরা একটি অ্যাপ ব্যাংকিং,লেনদেনের জন্য সবার জন্য সেরা একটি অ্যাপ ব্যাংকিং,লেনদেনের জন্য সবার জন্য সেরা একটি অ্যাপ ব্যাংকিং,bn,1.0,Banking is the best one app for everyone for transactions,banking is the best one app for everyone for transactions,banking is the best one app for everyone for transactions
4f512655-df71-44ee-a9c0-ae54b94fce6c,awesome.,awesome.,awesome.,en,0.53,awesome.,awesome.,awesome.
af7fcb4c-7df4-4b40-ae38-9b0edca914a2,nice app,nice appp,nice appp,en,0.785,nice appp,nice app,nice app
28c1388a-9958-4ad1-be83-6f486f33a060,"couldn’t login 😑😑😑 they send me otp, but doesn't read the otp,,,,","couldn’t logooddin 😑😑😑 they send me otp, but doesn't read the otp,,,,","couldn’t logooddin  expressionless_face  expressionless_face  expressionless_face  they send me otp, but doesn't read the otp,,,,",en,0.841,"couldn’t logooddin  expressionless_face  expressionless_face  expressionless_face  they send me otp, but doesn't read the otp,,,,","couldnt logooddin expressionless_face expressionless_face expressionless_face they send me otp, but doesn't read the otp,,","couldnt logooddin expressionless_face expressionless_face expressionless_face they send me otp, but doesn't read the otp,,"
abf8a10b-ae48-4eba-b740-bfb1bdb30f67,"সেন্ড মানি, ক্যাশ আউট এর পর যে নাম্বার ক্যাশ আউট এবং সেন্ড মানি করছি সেই নাম্বার দেখা যায় না।","সেন্ড মানি, ক্যাশ আউট এর পর যে নাম্বার ক্যাশ আউট এবং সেন্ড মানি করছি সেই নাম্বার দেখা যায় না।","সেন্ড মানি, ক্যাশ আউট এর পর যে নাম্বার ক্যাশ আউট এবং সেন্ড মানি করছি সেই নাম্বার দেখা যায় না।",bn,1.0,"After sending money, cash out, the number that I am cashing out and sending money is not visible.","after sending money, cash out, the number that i am cashing out and sending money is not visible.","after sending money, cash out, the number that i am cashing out and sending money is not visible."
a28c925a-7eb7-4f6e-8ef2-9804b97f5b40,এপ কোন কাজের না। স্মুথ না। রিচার্জ করতে অনেক প্যারা... রবিতে হইলে বাংলালিংকে হয় না।,এপ কোন কাজের না। স্মুথ না। রিচার্জ করতে অনেক প্যারা... রবিতে হইলে বাংলালিংকে হয় না।,এপ কোন কাজের না। স্মুথ না। রিচার্জ করতে অনেক প্যারা... রবিতে হইলে বাংলালিংকে হয় না।,bn,1.0,The app is useless. not smooth Many paras to recharge... Banglalink doesn't work on Sundays.,the app is useless. not smooth many paras to recharge.. banglalink doesn't work on sundays.,the app is useless. not smooth many paras to recharge.. banglalink doesn't work on sundays.
7bcd55f0-86dc-4bea-9274-b707d75d8147,"rocket account should be updated through apps. problems with many previous accounts. like rocketing with someone else's id in my number, but i don't know him. i am drawing the attention of the rocket authorities to this.","rockit account should be updated througooddh appps. problems with many prebrotherous accounts. like rockitingoodd with someone else's id in my number, but i don't know him. i am drawingoodd the attention oapp the rockit authorities to this.","rockit account should be updated througooddh appps. problems with many prebrotherous accounts. like rockitingoodd with someone else's id in my number, but i don't know him. i am drawingoodd the attention oapp the rockit authorities to this.",en,0.943,"rockit account should be updated througooddh appps. problems with many prebrotherous accounts. like rockitingoodd with someone else's id in my number, but i don't know him. i am drawingoodd the attention oapp the rockit authorities to this.","rockit account should be updated througooddh apps. problems with many prebrotherous accounts. like rockitingoodd with someone else's id in my number, but i don't know him. i am drawingoodd the attention oapp the rockit authorities to this.","rockit account should be updated througooddh apps. problems with many prebrotherous accounts. like rockitingoodd with someone else's id in my number, but i don't know him. i am drawingoodd the attention oapp the rockit authorities to this."
5222427f-b833-42e4-9eee-556b8db6c9b6,টাকা উঠানো যায় না,bdt উঠানো যায় না,bdt উঠানো যায় না,bn,0.991,bdt cannot be raised,bdt cannot be raised,bdt cannot be raised
0bcdfef8-9173-4e2a-ab54-66d27d9e8a58,nice,nice,nice,en,0.839,nice,nice,nice
62fca9c2-16e5-4dc9-b4ac-95a5f341d9b5,সেরা ব্যাংকিং কার্যক্রম,সেরা ব্যাংকিং কার্যক্রম,সেরা ব্যাংকিং কার্যক্রম,bn,1.0,Best Banking Activities,best banking activities,best banking activities
2599ed09-8e2f-4ba8-b08e-ef2fe398288a,স্ক্রিন ওভারল্যাপের ইস্যু ঠিক করুন প্লিজ,স্ক্রিন ওভারল্যাপের ইস্যু ঠিক করুন প্লিজ,স্ক্রিন ওভারল্যাপের ইস্যু ঠিক করুন প্লিজ,bn,1.0,Please fix screen overlap issue,please fix screen overlap issue,please fix screen overlap issue
259cf55c-5c23-454c-87a4-9cff588a1180,my favorite mobile banking,my appavorite mobilee bankingoodd,my appavorite mobilee bankingoodd,en,0.727,my appavorite mobilee bankingoodd,my appavorite mobilee bankingoodd,my appavorite mobilee bankingoodd
3bba4620-6ce2-4d64-b008-3d26ea0dd198,👍👍,👍👍, thumbs_up  thumbs_up ,en,0.835,thumbs_up  thumbs_up,thumbs_up thumbs_up,thumbs_up thumbs_up
82410990-8208-438d-87ac-482adaa2bf91,nice,nice,nice,en,0.839,nice,nice,nice
e536b52b-db2a-4440-8ff3-e92102810c96,good,gooddood,gooddood,nl,0.268,their pits,their pits,their pits
16c3a283-f4b3-4ac6-aa45-9d11f549d126,good,gooddood,gooddood,nl,0.268,their pits,their pits,their pits
0f06ad86-928a-4b17-8c86-28c48b609959,riton kormokan,riton kormokan,riton kormokan,id,0.112,rite kormokan,rite kormokan,rite kormokan
b54c7df0-5440-45d9-b542-816e0a16eb7b,nice,nice,nice,en,0.839,nice,nice,nice
af8a7866-d2e1-4057-a036-011fbdc571b4,best app,best appp,best appp,en,0.413,best appp,best app,best app
dd8b214e-83d1-4d1f-af03-507fc76fcfe3,"জঘন্য এপস ,","জঘন্য এপস ,","জঘন্য এপস ,",bn,0.976,"damn apps,","damn apps,","damn apps,"
e78ab4a8-3b48-4c9f-8500-62aebd77b4e8,"it's a very terrible app. can't register an account because automated otp doesn't work.. please, try to solve this problem.","it's a very terrible appp. can't regooddister an account because automated otp doesn't work.. please, try to solve this problem.","it's a very terrible appp. can't regooddister an account because automated otp doesn't work.. please, try to solve this problem.",en,0.981,"it's a very terrible appp. can't regooddister an account because automated otp doesn't work.. please, try to solve this problem.","it's a very terrible app. can't regooddister an account because automated otp doesn't work.. please, try to solve this problem.","it's a very terrible app. can't regooddister an account because automated otp doesn't work.. please, try to solve this problem."
503c3751-1250-464a-89b4-a619a72e7a72,বিকাশ অন্যান্য ব্যাংক থেকে অ্যাড মানি করা যায় রকেটের কোন সিস্টেম নাই এজন্য খুব খারাপ লাগছে এজেন্টের জন্য,বিকাশ অন্যান্য ব্যাংক থেকে অ্যাড মানি করা যায় রকেটের কোন সিস্টেম নাই এজন্য খুব খারাপ লাগছে এজেন্টের জন্য,বিকাশ অন্যান্য ব্যাংক থেকে অ্যাড মানি করা যায় রকেটের কোন সিস্টেম নাই এজন্য খুব খারাপ লাগছে এজেন্টের জন্য,bn,1.0,"Bikash can get ad money from other banks. Rocket has no system, so it feels very bad for the agent","bikash can get ad money from other banks. rocket has no system, so it feels very bad for the agent","bikash can get ad money from other banks. rocket has no system, so it feels very bad for the agent"
caf744b1-e17b-48fa-a650-930ab89b6465,"it would be better for our entrepreneurs if the rocket app provided the option to add these three accounts, agent, personal merchant, or it would be better for us if we created a separate app for rocket merchant.","it would be bitter apafter our entrepreneurs iapp the rockit appp probrotherded the option to add these three accounts, agooddent, persono/notl merchant, or it would be bitter apafter us iapp we created a separate appp apafter rockit merchant.","it would be bitter apafter our entrepreneurs iapp the rockit appp probrotherded the option to add these three accounts, agooddent, persono/notl merchant, or it would be bitter apafter us iapp we created a separate appp apafter rockit merchant.",en,0.769,"it would be bitter apafter our entrepreneurs iapp the rockit appp probrotherded the option to add these three accounts, agooddent, persono/notl merchant, or it would be bitter apafter us iapp we created a separate appp apafter rockit merchant.","it would be bitter apafter our entrepreneurs iapp the rockit app probrotherded the option to add these three accounts, agooddent, persononotl merchant, or it would be bitter apafter us iapp we created a separate app apafter rockit merchant.","it would be bitter apafter our entrepreneurs iapp the rockit app probrotherded the option to add these three accounts, agooddent, persononotl merchant, or it would be bitter apafter us iapp we created a separate app apafter rockit merchant."
f174e253-aa97-4a54-9a45-e1e3ef77f40c,nice,nice,nice,en,0.839,nice,nice,nice
d9e8d187-fd08-4115-bbf5-100c5e4724a4,good app,gooddood appp,gooddood appp,en,0.266,gooddood appp,gooddood app,gooddood app
c6dbee85-124a-4a1b-982a-36797c902609,good 👍😊...,gooddood 👍😊...,gooddood  thumbs_up  smiling_face_with_smiling_eyes ...,en,0.38,gooddood  thumbs_up  smiling_face_with_smiling_eyes ...,gooddood thumbs_up smiling_face_with_smiling_eyes ..,gooddood thumbs_up smiling_face_with_smiling_eyes ..
babc7dcd-24ab-469e-9be7-6a1919a2cb2c,টাকা সেন্ড মানি খুব ভালো,bdt সেন্ড মানি খুব good,bdt সেন্ড মানি খুব good,bn,0.963,bdt send money is very good,bdt send money is very good,bdt send money is very good
67cccdb7-96e5-4f68-902b-43d1bba425b0,nice,nice,nice,en,0.839,nice,nice,nice
beeb0de4-d1fb-4414-9e3b-f3413a4f3cb1,কোন নাম্বারে টাকা পাঠালাম এটা কিভাবে দেখবো শুধু শেষের তিনটা নাম্বার দেখাচ্ছে পুরা নাম্বার কিভাবে দেখবো,কোন নাম্বারে bdt পাঠালাম এটা কিভাবে দেখবো শুধু শেষের তিনটা নাম্বার দেখাচ্ছে পুরা নাম্বার কিভাবে দেখবো,কোন নাম্বারে bdt পাঠালাম এটা কিভাবে দেখবো শুধু শেষের তিনটা নাম্বার দেখাচ্ছে পুরা নাম্বার কিভাবে দেখবো,bn,1.0,"I sent bdt to which number, how can I see it, only the last three numbers are showing, how can I see the whole number","i sent bdt to which number, how can i see it, only the last three numbers are showing, how can i see the whole number","i sent bdt to which number, how can i see it, only the last three numbers are showing, how can i see the whole number"
43de1208-ff7c-4c19-b804-5034d97e697a,very good,very gooddood,very gooddood,en,0.938,very gooddood,very gooddood,very gooddood
b2d5dd93-5da0-4ecc-82cd-2a3f42c9e726,অনেক ভালো অ্যাপ,অনেক good অ্যাপ,অনেক good অ্যাপ,bn,0.998,Very good app,very good app,very good app
89e76b7b-fb5f-4412-a4f4-3a944d29ec28,trusted partner,trusted partner,trusted partner,en,0.931,trusted partner,trusted partner,trusted partner
ed7728be-2163-4bfa-8e27-f74ebcff347a,good,gooddood,gooddood,nl,0.268,their pits,their pits,their pits
4bd29969-5cae-424b-b650-1f3aa8049ea2,good,gooddood,gooddood,nl,0.268,their pits,their pits,their pits
cafaf109-ede2-488f-be48-2080d71ee8d5,😊🥰,😊🥰, smiling_face_with_smiling_eyes  smiling_face_with_hearts ,en,0.351,smiling_face_with_smiling_eyes  smiling_face_with_hearts,smiling_face_with_smiling_eyes smiling_face_with_hearts,smiling_face_with_smiling_eyes smiling_face_with_hearts
7e5d63ef-d200-4fda-b9aa-a635d5be2d0b,vudar app banaice...kaj korena kicu..complain o kora jayna..amr tk atkaiya roice...vudar app rocket..😡😡,vudar appp bano/notice...kaj koreno/not kicu..complain o kora jayno/not..my tk atkaiya roice...vudar appp rockit..😡😡,vudar appp bano/notice...kaj koreno/not kicu..complain o kora jayno/not..my tk atkaiya roice...vudar appp rockit.. enraged_face  enraged_face ,es,0.179,vudar appp bano/notice...kaj koreno/not kicu..complain o kora jayno/not..my tk atkaiya roice...vudar appp rockit.. enraged_face enraged_face,vudar app banonotice..kaj korenonot kicu..complain o kora jaynonot..my tk atkaiya roice..vudar app rockit.. enraged_face enraged_face,vudar app banonotice..kaj korenonot kicu..complain o kora jaynonot..my tk atkaiya roice..vudar app rockit.. enraged_face enraged_face
f5acb374-275d-4a2c-a3e4-b3e391da8b43,good app,gooddood appp,gooddood appp,en,0.266,gooddood appp,gooddood app,gooddood app
6475eaf6-41dd-49ea-91d7-ebcc9017f44c,"সন্তুষ্ট নই- বরাবর, নির্বাহী বিভাগ, রকেট- এটা একটা বালফালাইন্যা এ্যাপ, যার কোনো ডেভেলপমেন্ট নেই। একেবারে নিচুমানের এ্যাপ, যেকারণে আমি-আমরা সন্তুষ্ট নই। অতএব, আপনাদের নিকট আমার আকুল আবেদন, টাকা পয়সা খাওয়া ছেড়ে ভালোভাবে আপডেট করুন। মানুষকে সেবা দিন, নইলে নিজের মেয়ে-মহিলাদের দিয়ে সেবা দিন। আর কিছু মনে না করে ডেভেলপ করলে জনাবের নিকট কৃতজ্ঞ থাকিব। 😍😊 বিনীত- অনেকদিনের অবহেলিত গ্রহক, ******* ****** কালীগঞ্জের গাজীপুর। 🫣🥰🥴","সন্তুষ্ট নই- বরাবর, নির্বাহী বিভাগ, রকেট- এটা একটা বালফালাইন্যা এ্যাপ, যার কোনো ডেভেলপমেন্ট নেই। একেবারে নিচুমানের এ্যাপ, যেকারণে আমি-আমরা সন্তুষ্ট নই। অতএব, appনাদের নিকট আমার আকুল আবেদন, bdt পয়সা খাওয়া ছেড়ে goodভাবে appডেট করুন। মানুষকে সেবা দিন, নইলে নিজের মেয়ে-মহিলাদের দিয়ে সেবা দিন। আর কিছু মনে না করে ডেভেলপ করলে জনাবের নিকট কৃতজ্ঞ থাকিব। 😍😊 বিনীত- অনেকদিনের অবহেলিত গ্রহক, ******* ****** কালীগঞ্জের গাজীপুর। 🫣🥰🥴","সন্তুষ্ট নই- বরাবর, নির্বাহী বিভাগ, রকেট- এটা একটা বালফালাইন্যা এ্যাপ, যার কোনো ডেভেলপমেন্ট নেই। একেবারে নিচুমানের এ্যাপ, যেকারণে আমি-আমরা সন্তুষ্ট নই। অতএব, appনাদের নিকট আমার আকুল আবেদন, bdt পয়সা খাওয়া ছেড়ে goodভাবে appডেট করুন। মানুষকে সেবা দিন, নইলে নিজের মেয়ে-মহিলাদের দিয়ে সেবা দিন। আর কিছু মনে না করে ডেভেলপ করলে জনাবের নিকট কৃতজ্ঞ থাকিব।  smiling_face_with_heart-eyes  smiling_face_with_smiling_eyes  বিনীত- অনেকদিনের অবহেলিত গ্রহক, ******* ****** কালীগঞ্জের গাজীপুর।  face_with_peeking_eye  smiling_face_with_hearts  woozy_face ",bn,0.992,"Not Satisfied - Still, Executive, Rocket - It's a balfalalinea app, with no development. Very low quality app, so I-we are not satisfied. So, my urgent request to the app users, stop consuming bdt money and update the app properly. Serve people, otherwise serve your daughters. I will be grateful to Mr. if you develop without thinking about anything else.  smiling_face_with_heart-eyes smiling_face_with_smiling_eyes Sincerely long-neglected customer, ******* ****** Gazipur, Kaliganj.  face_with_peeking_eye smiling_face_with_hearts woozy_face","not satisfied - still, executive, rocket - it's a balfalalinea app, with no development. very low quality app, so i-we are not satisfied. so, my urgent request to the app users, stop consuming bdt money and update the app properly. serve people, otherwise serve your daughters. i will be grateful to mr. if you develop without thinking about anything else. smiling_face_with_heart-eyes smiling_face_with_smiling_eyes sincerely long-neglected customer, gazipur, kaliganj. face_with_peeking_eye smiling_face_with_hearts woozy_face","not satisfied - still, executive, rocket - it's a balfalalinea app, with no development. very low quality app, so i-we are not satisfied. so, my urgent request to the app users, stop consuming bdt money and update the app properly. serve people, otherwise serve your daughters. i will be grateful to mr. if you develop without thinking about anything else. smiling_face_with_heart-eyes smiling_face_with_smiling_eyes sincerely long-neglected customer, gazipur, kaliganj. face_with_peeking_eye smiling_face_with_hearts woozy_face"
bd2777f6-6251-4e52-92fe-581eb0985c37,verry very,very very,very very,en,1.0,very very,very very,very very
0892355d-c172-4a9a-aabf-0cec7b704ad6,nice,nice,nice,en,0.839,nice,nice,nice
7f22f1c9-fb31-485e-a348-06324e8071a6,why this app needed forcefully contacts permission? this type of app not necessarily needed this type of permission for transaction. it should be optional. they sell users contacts data to black market. it is crime. play store authority should be banned this app.,why this appp needed apafterceappully contacts permyssion? this type oapp appp not necessirily needed this type oapp permyssion apafter transaction. it should be optiono/notl. they sell users contacts dthis to black markit. it is crime. play store authority should be banned this appp.,why this appp needed apafterceappully contacts permyssion? this type oapp appp not necessirily needed this type oapp permyssion apafter transaction. it should be optiono/notl. they sell users contacts dthis to black markit. it is crime. play store authority should be banned this appp.,en,0.74,why this appp needed apafterceappully contacts permyssion? this type oapp appp not necessirily needed this type oapp permyssion apafter transaction. it should be optiono/notl. they sell users contacts dthis to black markit. it is crime. play store authority should be banned this appp.,why this app needed apafterceappully contacts permyssion? this type oapp app not necessirily needed this type oapp permyssion apafter transaction. it should be optiononotl. they sell users contacts dthis to black markit. it is crime. play store authority should be banned this app.,why this app needed apafterceappully contacts permyssion? this type oapp app not necessirily needed this type oapp permyssion apafter transaction. it should be optiononotl. they sell users contacts dthis to black markit. it is crime. play store authority should be banned this app.
8c24cc8f-26cf-4234-b897-2585413f0535,good,gooddood,gooddood,nl,0.268,their pits,their pits,their pits
e6e0471c-f5b6-45c4-89c5-c9c7a8cf161a,nice,nice,nice,en,0.839,nice,nice,nice
20867f98-09c5-473e-a221-6133369b7775,third-class app. i'm unable to log in after trying again and again. i don't understand why you make the login procedure so complex!,third-class appp. i'm uno/notble to logoodd in aappter tryingoodd agooddain and agooddain. i don't understand why you make the logooddin procedure so complex!,third-class appp. i'm uno/notble to logoodd in aappter tryingoodd agooddain and agooddain. i don't understand why you make the logooddin procedure so complex!,en,0.84,third-class appp. i'm uno/notble to logoodd in aappter tryingoodd agooddain and agooddain. i don't understand why you make the logooddin procedure so complex!,third-class app. i'm unonotble to logoodd in aappter tryingoodd agooddain and agooddain. i don't understand why you make the logooddin procedure so complex!,third-class app. i'm unonotble to logoodd in aappter tryingoodd agooddain and agooddain. i don't understand why you make the logooddin procedure so complex!
9b388c90-20b9-4aef-8b80-616fe0fb237b,"the worst one! couldn’t even log in. otp received, but can't put then into box. disgusting!","the worst one! couldn’t even logoodd in. otp received, but can't put then into box. disgooddustingoodd!","the worst one! couldn’t even logoodd in. otp received, but can't put then into box. disgooddustingoodd!",en,0.97,"the worst one! couldn’t even logoodd in. otp received, but can't put then into box. disgooddustingoodd!","the worst one! couldnt even logoodd in. otp received, but can't put then into box. disgooddustingoodd!","the worst one! couldnt even logoodd in. otp received, but can't put then into box. disgooddustingoodd!"
cc5451bf-384f-4ca5-aff6-d099913e043b,আজো রাখা পারে এবং তাদের জন্য একটা ব্যাপার হচ্ছে তার উপর ড রোগ যেমন আমাদের তেমন ুএকটা যেঁ জলচল ্ি ্োচ,আজো রাখা পারে এবং তাদের জন্য একটা ব্যাপার হচ্ছে তার উপর ড রোগ যেমন আমাদের তেমন ুএকটা যেঁ জলচল ্ি ্োচ,আজো রাখা পারে এবং তাদের জন্য একটা ব্যাপার হচ্ছে তার উপর ড রোগ যেমন আমাদের তেমন ুএকটা যেঁ জলচল ্ি ্োচ,bn,1.0,can keep today and a thing for them is Dr. disease on it like ours and one that wants water,can keep today and a thing for them is dr. disease on it like ours and one that wants water,can keep today and a thing for them is dr. disease on it like ours and one that wants water
9d1f941e-467b-4c89-ae73-79a6da0156d3,for sometimes i can't recharge and bill payments through rocket app. repeatedly action failed & error showing.,apafter somytimes i can't rechargoodde and bill payments througooddh rockit appp. repeatedly action appailed & error showingoodd.,apafter somytimes i can't rechargoodde and bill payments througooddh rockit appp. repeatedly action appailed & error showingoodd.,en,0.829,apafter somytimes i can't rechargoodde and bill payments througooddh rockit appp. repeatedly action appailed & error showingoodd.,apafter somytimes i can't rechargoodde and bill payments througooddh rockit app. repeatedly action appailed & error showingoodd.,apafter somytimes i can't rechargoodde and bill payments througooddh rockit app. repeatedly action appailed & error showingoodd.
f48547ed-e9ec-495a-9cce-dcf426f74355,excellent,excellent,excellent,en,0.821,excellent,excellent,excellent
be19e2e2-9926-4133-af9f-0248a013559a,rocket app open,rockit appp open,rockit appp open,en,0.431,rockit app open,rockit app open,rockit app open
4d5c120a-1473-424b-8177-b9d945de4461,naic app,no/notic appp,no/notic appp,pt,0.182,no/notic appp,nonotic app,nonotic app
1884a9b6-144f-411b-b7cb-35fb90c72011,আগে একাউন্ট খোলা ছিল। আগে ব্যবহার ও করতাম। মাঝে কিছুদিন হলো অ্যাপ ডিলিট করে দিসিলাম। এখন নতুন করে ইন্সটল করার পর একাউন্ট নম্বর চায় সেটা দিয়ার পরে আইভি আর কল করে তারপর পিন কোড দিলে আর কোনো কিছু হয়না। আবার পিন রিকভারি অপশনে গেলেও সব তথ্য সঠিক দিয়ার পরে ও বলে invalid। কেমন লাগে বলেন? আমি ৭-৮ বছর ডাচ বাংলা ব্যাংক এর রকেট মোবাইল ব্যাংকিং বব্যবহার করছি। আমার নিজের একটা একাউন্ট ও আছে ডিবিবিএল এ। এত বড় সমস্যার সম্মুখীন হয়নি। এখন আবার ডিলিট দিতে হবে। ব্যবহার করতেই পারছি না। কোনো ভাবেই না ।,আগে একাউন্ট খোলা ছিল। আগে ব্যবহার ও করতাম। মাঝে কিছুদিন হলো অ্যাপ ডিলিট করে দিসিলাম। এখন নতুন করে ইন্সটল করার পর একাউন্ট নম্বর চায় সেটা দিয়ার পরে আইভি আর কল করে তারপর পিন কোড দিলে আর কোনো কিছু হয়না। আবার পিন রিকভারি অপশনে গেলেও সব তথ্য সঠিক দিয়ার পরে ও বলে invalid। কেমন লাগে বলেন? আমি ৭-৮ বছর ডাচ বাংলা ব্যাংক এর রকেট মোবাইল ব্যাংকিং বব্যবহার করছি। আমার নিজের একটা একাউন্ট ও আছে ডিবিবিএল এ। এত বড় সমস্যার সম্মুখীন হয়নি। এখন আবার ডিলিট দিতে হবে। ব্যবহার করতেই পারছি না। কোনো ভাবেই না ।,আগে একাউন্ট খোলা ছিল। আগে ব্যবহার ও করতাম। মাঝে কিছুদিন হলো অ্যাপ ডিলিট করে দিসিলাম। এখন নতুন করে ইন্সটল করার পর একাউন্ট নম্বর চায় সেটা দিয়ার পরে আইভি আর কল করে তারপর পিন কোড দিলে আর কোনো কিছু হয়না। আবার পিন রিকভারি অপশনে গেলেও সব তথ্য সঠিক দিয়ার পরে ও বলে invalid। কেমন লাগে বলেন? আমি ৭-৮ বছর ডাচ বাংলা ব্যাংক এর রকেট মোবাইল ব্যাংকিং বব্যবহার করছি। আমার নিজের একটা একাউন্ট ও আছে ডিবিবিএল এ। এত বড় সমস্যার সম্মুখীন হয়নি। এখন আবার ডিলিট দিতে হবে। ব্যবহার করতেই পারছি না। কোনো ভাবেই না ।,bn,1.0,"The account was previously open. I used to use it before. I deleted the app a few days ago. Now after reinstalling it asks for the account number, after giving it Ivy calls again and after entering the pin code, nothing happens. Again going to pin recovery option but after giving correct information it says invalid. How do you say? I have been using Dutch Bangla Bank's Rocket Mobile Banking for 7-8 years. I also have my own account in DBBL. Didn't face such a big problem. Now delete again. I can't use it. No way.","the account was previously open. i used to use it before. i deleted the app a few days ago. now after reinstalling it asks for the account number, after giving it ivy calls again and after entering the pin code, nothing happens. again going to pin recovery option but after giving correct information it says invalid. how do you say? i have been using dutch bangla bank's rocket mobile banking for 7-8 years. i also have my own account in dbbl. didn't face such a big problem. now delete again. i can't use it. no way.","the account was previously open. i used to use it before. i deleted the app a few days ago. now after reinstalling it asks for the account number, after giving it ivy calls again and after entering the pin code, nothing happens. again going to pin recovery option but after giving correct information it says invalid. how do you say? i have been using dutch bangla bank's rocket mobile banking for 7-8 years. i also have my own account in dbbl. didn't face such a big problem. now delete again. i can't use it. no way."
c671691f-1101-483c-9582-f9a9c2de4697,good,gooddood,gooddood,nl,0.268,their pits,their pits,their pits
9d0f8855-3043-4893-997e-a73fbfc2eece,সুমন,সুমন,সুমন,bpy,0.925,Suman,suman,suman
2bf619dc-1d1c-4153-8062-208452d6ae2b,can't login,can't logooddin,can't logooddin,en,0.99,can't logooddin,can't logooddin,can't logooddin
cffd14bb-66c3-4875-8602-0403bdf4d189,শাকিল,শাকিল,শাকিল,bn,0.999,Shakeel,shakeel,shakeel
486be60c-b2ad-4ae0-a894-ed272b6536d1,there issue on my account not verify in the app,there issue on my account not veryappy in the appp,there issue on my account not veryappy in the appp,en,0.93,there issue on my account not veryappy in the appp,there issue on my account not veryappy in the app,there issue on my account not veryappy in the app
2f059c0e-fce2-44d1-95dc-b6b707ff88b1,nice ap kadire khan nagare,nice app kadire khan no/notgooddare,nice app kadire khan no/notgooddare,pt,0.56,nice app kadire khan no/notgooddare,nice app kadire khan nonotgooddare,nice app kadire khan nonotgooddare
5e061e7a-6a21-4c33-8045-24cf60a7f84c,nice app,nice appp,nice appp,en,0.785,nice appp,nice app,nice app
487639db-bbb2-4bfc-94e3-8af55d60676c,excellent app,excellent appp,excellent appp,en,0.8,excellent app,excellent app,excellent app
c39414b4-2e63-4748-a690-2f6d7cc2df32,"""a few days ago, i uninstalled the rocket app. since then, i haven't been able to log in again. i also called your helpline, and they said they would inform the higher authority about the issue. however, i have not received any feedback yet. what should i do now? how can i use the rocket app again?""","""a appew days agooddo, i uninstalled the rockit appp. sinicee then, i haven't been able to logoodd in agooddain. i also called your helpline, and they said they would ino/notpafterm the higooddher authority about the issue. however, i have not received any appeedback yit. what should i do now? how can i use the rockit appp agooddain?""","""a appew days agooddo, i uninstalled the rockit appp. sinicee then, i haven't been able to logoodd in agooddain. i also called your helpline, and they said they would ino/notpafterm the higooddher authority about the issue. however, i have not received any appeedback yit. what should i do now? how can i use the rockit appp agooddain?""",en,0.952,"""a appew days agooddo, i uninstalled the rockit appp. sinicee then, i haven't been able to logoodd in agooddain. i also called your helpline, and they said they would ino/notpafterm the higooddher authority about the issue. however, i have not received any appeedback yit. what should i do now? how can i use the rockit appp agooddain?""","a appew days agooddo, i uninstalled the rockit app. sinicee then, i haven't been able to logoodd in agooddain. i also called your helpline, and they said they would inonotpafterm the higooddher authority about the issue. however, i have not received any appeedback yit. what should i do now? how can i use the rockit app agooddain?","a appew days agooddo, i uninstalled the rockit app. sinice then, i haven't been able to logoodd in agooddain. i also called your helpline, and they said they would inonotpafterm the higooddher authority about the issue. however, i have not received any appeedback yit. what should i do now? how can i use the rockit app agooddain?"
18f9807d-1bce-411f-a7a7-cca5e8715c90,very useful app,very useappul appp,very useappul appp,en,0.963,very useappul appp,very useappul app,very useappul app
c0b5ad91-7786-46f3-836e-14cc9bd700fa,i'm using for rocket account. very nice,i'm usingoodd apafter rockit account. very nice,i'm usingoodd apafter rockit account. very nice,en,0.556,i'm usingoodd apafter rockit account. very nice,i'm usingoodd apafter rockit account. very nice,i'm usingoodd apafter rockit account. very nice
4ec21133-756b-47ec-9892-580e2ea83b24,nice,nice,nice,en,0.839,nice,nice,nice
0d4295c1-202b-45e8-8c04-76cdd5ed9635,good aps,gooddood apps,gooddood apps,en,0.267,gooddood apps,gooddood apps,gooddood apps
7576257d-c730-41fb-9447-026c0f4c3a4a,good lake,gooddood lake,gooddood lake,en,0.413,gooddood lake,gooddood lake,gooddood lake
9a571dd3-7c7d-4655-826e-e9f679835983,good,gooddood,gooddood,nl,0.268,their pits,their pits,their pits
3d374250-e7b5-46d1-be79-8b6a303ebd10,nice app 👍,nice appp 👍,nice appp  thumbs_up ,en,0.835,nice appp  thumbs_up,nice app thumbs_up,nice app thumbs_up
7baa4720-7e04-4751-a4c3-7d2727553df1,রকেট অ্যাপ থেকে p2p সেন্ড মানি করার সময় nexuspay এর মত গ্রহীতার নাম দেখায় না। যা অতীব জরুরি নিরাপদ মানি ট্র্যান্সফার এর ক্ষেত্রে। বর্তমান সময়ের সাথে ও প্রযুক্তির সঠিক ব্যবহার নিশ্চিত করতে গ্রাহক সেবা প্রদান করার লক্ষ্যে সময়োপযোগী ফিচার থাকা উচিৎ।,রকেট অ্যাপ থেকে p2p সেন্ড মানি করার সময় nexuspay এর মত গ্রহীতার নাম দেখায় না। যা অতীব জরুরি নিরাপদ মানি ট্র্যান্সফার এর ক্ষেত্রে। বর্তমান সময়ের সাথে ও প্রযুক্তির সঠিক ব্যবহার নিশ্চিত করতে গ্রাহক সেবা প্রদান করার লক্ষ্যে সময়োপযোগী ফিচার থাকা উচিৎ।,রকেট অ্যাপ থেকে p2p সেন্ড মানি করার সময় nexuspay এর মত গ্রহীতার নাম দেখায় না। যা অতীব জরুরি নিরাপদ মানি ট্র্যান্সফার এর ক্ষেত্রে। বর্তমান সময়ের সাথে ও প্রযুক্তির সঠিক ব্যবহার নিশ্চিত করতে গ্রাহক সেবা প্রদান করার লক্ষ্যে সময়োপযোগী ফিচার থাকা উচিৎ।,bn,0.999,P2p send money from rocket app doesn't show recipient name like nexuspay. Which is very important for secure money transfer. There should be timely features aimed at providing customer service to ensure proper use of technology with current times.,p2p send money from rocket app doesn't show recipient name like nexuspay. which is very important for secure money transfer. there should be timely features aimed at providing customer service to ensure proper use of technology with current times.,p2p send money from rocket app doesn't show recipient name like nexuspay. which is very important for secure money transfer. there should be timely features aimed at providing customer service to ensure proper use of technology with current times.
14f46132-57d5-4fb1-a1a0-243dbcf2e57a,good app,gooddood appp,gooddood appp,en,0.266,gooddood appp,gooddood app,gooddood app
2e38e323-9c32-4597-8c86-5d03efc10f51,রকেট,রকেট,রকেট,bn,0.999,the rocket,the rocket,the rocket
2e29ae83-7350-4458-a4d9-82d8d2294915,nice,nice,nice,en,0.839,nice,nice,nice
d36d27bf-ceef-4128-9c94-d055db347b00,nice app,nice appp,nice appp,en,0.785,nice appp,nice app,nice app
e7a05d9a-2038-465d-9378-0472fb13a9c0,good app,gooddood appp,gooddood appp,en,0.266,gooddood appp,gooddood app,gooddood app
1cbc80c0-5e82-465e-84ba-6e7ee188adff,"terrible experience. couldn't log into the app. automated otp detection doesn’t work, and no way to input it manually either. an app of this magnitude should be well maintained.","terrible experienicee. couldn't logoodd into the appp. automated otp ditection doesn’t work, and no way to input it manually either. an appp oapp this magooddnitude should be well maintained.","terrible experienicee. couldn't logoodd into the appp. automated otp ditection doesn’t work, and no way to input it manually either. an appp oapp this magooddnitude should be well maintained.",en,0.887,"terrible experienicee. couldn't logoodd into the appp. automated otp ditection doesn’t work, and no way to input it manually either. an appp oapp this magooddnitude should be well maintained.","terrible experienicee. couldn't logoodd into the app. automated otp ditection doesnt work, and no way to input it manually either. an app oapp this magooddnitude should be well maintained.","terrible experienice. couldn't logoodd into the app. automated otp ditection doesnt work, and no way to input it manually either. an app oapp this magooddnitude should be well maintained."
868c362c-b9f8-47c0-993e-d93fade64db1,good app,gooddood appp,gooddood appp,en,0.266,gooddood appp,gooddood app,gooddood app
b92d9ad0-c0b5-4b02-8d66-7711136047bf,nice project,nice project,nice project,en,0.651,nice project,nice project,nice project
bcf58585-d985-42f9-bb14-883afc6c0234,খুব ভালো,খুব good,খুব good,en,0.614,very good,very good,very good
822b4d84-3615-4b9e-82da-4dae1e79061e,dutch bangla bank mobile banking app,dutch bangooddla bank mobilee bankingoodd appp,dutch bangooddla bank mobilee bankingoodd appp,en,0.778,dutch bangooddla bank mobilee bankingoodd appp,dutch bangooddla bank mobilee bankingoodd app,dutch bangooddla bank mobilee bankingoodd app
6fd33ceb-98c3-4ba0-bebb-7d3c0e5330ce,good luck,gooddood luck,gooddood luck,nl,0.233,gooddood luck,gooddood luck,gooddood luck
a757eff5-1df8-4aa3-93b8-3f22f214544c,haho,haho,haho,es,0.289,no,no,no
4969f2ec-9883-4256-9f7a-bc78e13e425f,this app very slow and verification code sent me but never give a option to submit not even auto submit. i have no other option to login.,this appp very slow and veryappication codee sent me but never gooddive a option to submyt not even auto submyt. i have no other option to logooddin.,this appp very slow and veryappication codee sent me but never gooddive a option to submyt not even auto submyt. i have no other option to logooddin.,en,0.846,this appp very slow and veryappication codee sent me but never gooddive a option to submyt not even auto submyt. i have no other option to logooddin.,this app very slow and veryappication codee sent me but never gooddive a option to submyt not even auto submyt. i have no other option to logooddin.,this app very slow and veryappication codee sent me but never gooddive a option to submyt not even auto submyt. i have no other option to logooddin.
ef6a0fd2-edb5-4f4b-a3ab-8ce5ccc5eae1,nice 👍👍👍👍👍,nice 👍👍👍👍👍,nice  thumbs_up  thumbs_up  thumbs_up  thumbs_up  thumbs_up ,en,0.848,nice  thumbs_up  thumbs_up  thumbs_up  thumbs_up  thumbs_up,nice thumbs_up thumbs_up thumbs_up thumbs_up thumbs_up,nice thumbs_up thumbs_up thumbs_up thumbs_up thumbs_up
a0f5d2c1-94bd-4661-8cfd-42ee8dfe0c17,🤭🤭🤭,🤭🤭🤭, face_with_hand_over_mouth  face_with_hand_over_mouth  face_with_hand_over_mouth ,en,0.808,face_with_hand_over_mouth  face_with_hand_over_mouth  face_with_hand_over_mouth,face_with_hand_over_mouth face_with_hand_over_mouth face_with_hand_over_mouth,face_with_hand_over_mouth face_with_hand_over_mouth face_with_hand_over_mouth
bd7c357b-c593-48f4-8a48-6012ff25d067,good,gooddood,gooddood,nl,0.268,their pits,their pits,their pits
94b8ea1f-2610-4436-ac08-f79ba3eb5357,"আমি তো রকেট এর একাউন্ট খুলতে পারছি না, টেলিটক নাম্বারে, কিন্তু কেনো??","আমি তো রকেট এর একাউন্ট খুলতে পারছি না, টেলিটক নাম্বারে, কিন্তু whyো??","আমি তো রকেট এর একাউন্ট খুলতে পারছি না, টেলিটক নাম্বারে, কিন্তু whyো??",bn,1.0,"I can't open Rocket's account, teletalk number, but why??","i can't open rocket's account, teletalk number, but why??","i can't open rocket's account, teletalk number, but why??"
82bd9eb8-4c7d-4766-8cfa-1e9c8840e46e,good,gooddood,gooddood,nl,0.268,their pits,their pits,their pits
3bf37bac-c5df-4431-913a-fdf80b89f585,❤️❤️,❤️❤️, red_heart  red_heart ,en,0.376,red_heart  red_heart,red_heart red_heart,red_heart red_heart
2df5881d-d317-4589-bf49-7d78aebf7694,usefully apps,useappully appps,useappully appps,en,0.771,useappully appps,useappully apps,useappully apps
48d392c2-db0f-4dd6-bd14-4f6be70be092,নাইস,nice,nice,en,0.839,nice,nice,nice
d126e96d-7f34-4ff8-90ac-c6ba2f6369ea,rocket is faster app in bangladesh 🇧🇩,rockit is appaster appp in bangooddladesh 🇧🇩,rockit is appaster appp in bangooddladesh  Bangladesh ,en,0.863,rockit is appaster app in bangoddladesh bangladesh,rockit is appaster app in bangoddladesh bangladesh,rockit is appaster app in bangoddladesh bangladesh
eda88f3d-47b6-40c0-b4d2-ff5bdcea95e8,নাইচ,nice,nice,en,0.839,nice,nice,nice
a79d8aee-2a4c-40c7-abe9-e80cf2fd376b,login problem hoi,logooddin problem hoi,logooddin problem hoi,en,0.559,logooddin problem hoi,logooddin problem hoi,logooddin problem hoi
a6d450ee-c6d6-4ab5-8e34-7a60d0771af8,very nice apps,very nice appps,very nice appps,en,0.987,very nice appps,very nice apps,very nice apps
cbe8b829-85d7-47e0-9e28-96be1de97853,good🖖🖖🖖🤔,gooddood🖖🖖🖖🤔,gooddood vulcan_salute  vulcan_salute  vulcan_salute  thinking_face ,en,0.305,gooddood vulcan_salute  vulcan_salute  vulcan_salute  thinking_face,gooddood vulcan_salute vulcan_salute vulcan_salute thinking_face,gooddood vulcan_salute vulcan_salute vulcan_salute thinking_face
95ad10ea-2808-4fe2-905a-8d1911c28780,nice app,nice appp,nice appp,en,0.785,nice appp,nice app,nice app
30ddc031-4790-4b98-85f2-c6bd7143c754,🥀🥀🌺,🥀🥀🌺, wilted_flower  wilted_flower  hibiscus ,en,0.414,wilted_flower  wilted_flower  hibiscus,wilted_flower wilted_flower hibiscus,wilted_flower wilted_flower hibiscus
a20647a4-f815-435b-a6ab-6f223d82a319,masha allah,masha allah,masha allah,en,0.298,masha allah,masha allah,masha allah
9b0dc854-b52c-4866-a0dd-e983de0b1edd,good,gooddood,gooddood,nl,0.268,their pits,their pits,their pits
2f5c6296-df0c-4b83-9411-22eaca404312,kothamonyse,kothamonyse,kothamonyse,en,0.257,kothamonyse,kothamonyse,kothamonyse
8a714050-5b91-4f12-a7cf-50bc67d5652b,"rocket app এ ওটিপি আসে কিন্তু যখন ওটিপি দিবো তখন কি-বোর্ড আসে না, যার কারণে rocket app এ login করতে পারতাছি না","rockit appp এ ওটিপি আসে কিন্তু যখন ওটিপি দিবো তখন কি-বোর্ড আসে না, যার কারণে rockit appp এ logooddin করতে পারতাছি না","rockit appp এ ওটিপি আসে কিন্তু যখন ওটিপি দিবো তখন কি-বোর্ড আসে না, যার কারণে rockit appp এ logooddin করতে পারতাছি না",bn,0.996,"otp comes in rockit appp but when i give otp the keyboard doesn't come, due to which i cant logoddin in rockit appp","otp comes in rockit app but when i give otp the keyboard doesn't come, due to which i cant logoddin in rockit app","otp comes in rockit app but when i give otp the keyboard doesn't come, due to which i cant logoddin in rockit app"
0f026438-1ecb-4982-bae8-0725026c7f29,good luck,gooddood luck,gooddood luck,nl,0.233,gooddood luck,gooddood luck,gooddood luck
0e05ed31-77f5-42fe-adc0-45a6d7c9d584,nice,nice,nice,en,0.839,nice,nice,nice
1a1c463a-709f-40a6-a2ad-22dc079a29f6,supper,super,super,en,0.384,super,super,super
d1ed0faf-b2a8-43f7-9f20-4f123f82ba54,great app,gooddreat appp,gooddreat appp,en,0.804,gooddreat appp,gooddreat app,gooddreat app
e4c19ce2-4932-4cf1-92f6-42e02a9ce71f,good,gooddood,gooddood,nl,0.268,their pits,their pits,their pits
b7523fc2-b4ce-4e32-9956-6872c6baafa6,good,gooddood,gooddood,nl,0.268,their pits,their pits,their pits
0e88082b-a161-4228-9fd2-adedd19606bb,good,gooddood,gooddood,nl,0.268,their pits,their pits,their pits
04d2e533-97e3-44e6-9261-b8619f939d15,nice 👍👍👍👍,nice 👍👍👍👍,nice  thumbs_up  thumbs_up  thumbs_up  thumbs_up ,en,0.85,nice  thumbs_up  thumbs_up  thumbs_up  thumbs_up,nice thumbs_up thumbs_up thumbs_up thumbs_up,nice thumbs_up thumbs_up thumbs_up thumbs_up
c3fa720e-912c-4938-8a1d-b3b69b18a5d6,it apps bad. otp problem,it appps bad. otp problem,it appps bad. otp problem,en,0.881,it appps bad. otp problem,it apps bad. otp problem,it apps bad. otp problem
e9f00433-5173-47f8-8225-e8260d5b91d5,অনেক সুন্দর,অনেক সুন্দর,অনেক সুন্দর,bn,0.966,very beautiful,very beautiful,very beautiful
cec55ed0-bcf5-44f8-89df-1944d18b780c,kyc problem ফাত্রামির একটা লিমিট থাকা দরকার সব কিছু ঠিক থাকে বার বার kyc fail ফালতু ওয়ালেট সাপোর এ কথা বলে ও কোনো সমাধান দেয় না ওরা অযথা ৩০ টাকা লস কথা বলে ফাতরা চুদা সার্ভিস মাদারি,kyc problem ফাত্রামির একটা লিমিট থাকা দরকার সব কিছু ঠিক থাকে বার বার kyc appail ফালতু ওয়ালেট সাপোর এ কথা বলে ও কোনো সমাধান দেয় না ওরা অযথা ৩০ bdt লস কথা বলে ফাতরা চুদা সার্ভিস মাদারি,kyc problem ফাত্রামির একটা লিমিট থাকা দরকার সব কিছু ঠিক থাকে বার বার kyc appail ফালতু ওয়ালেট সাপোর এ কথা বলে ও কোনো সমাধান দেয় না ওরা অযথা ৩০ bdt লস কথা বলে ফাতরা চুদা সার্ভিস মাদারি,bn,0.996,kyc problem fatrami need to have a limit everything is ok again and again kyc appail nonsense wallet sapor say this and no solution they talk unnecessary 30 bdt loss fatra chuda service madari,kyc problem fatrami need to have a limit everything is ok again and again kyc appail nonsense wallet sapor say this and no solution they talk unnecessary 30 bdt loss fatra chuda service madari,kyc problem fatrami need to have a limit everything is ok again and again kyc appail nonsense wallet sapor say this and no solution they talk unnecessary 30 bdt loss fatra chuda service madari
315e1f72-faf3-4bf4-9f2d-1ce412145fce,laboni akthter,laboni akthter,laboni akthter,vo,0.217,laboni actor,laboni actor,laboni actor
5b96615e-8152-42a2-9c16-c80d5a07a1ef,good,gooddood,gooddood,nl,0.268,their pits,their pits,their pits
fed97c73-f842-4f16-bf70-629b631e4c56,nice roket,nice rokit,nice rokit,sk,0.619,nice rocks,nice rocks,nice rocks
64ae8d10-8e76-4750-97a9-22571a0c3f82,best,best,best,en,0.169,best,best,best
700bf4cd-85fc-4772-8e83-41d6cb4a20cd,very unsecured app. contact your 119 to get my service!!! খুবই বিপজ্জনক আ্যপ। সিকিউরিটি একদম নাই বললেই চলে।,very unsecured appp. contact your 119 to gooddit my serbrotherce!!! খুবই বিপজ্জনক আ্যপ। সিকিউরিটি একদম নাই বললেই চলে।,very unsecured appp. contact your 119 to gooddit my serbrotherce!!! খুবই বিপজ্জনক আ্যপ। সিকিউরিটি একদম নাই বললেই চলে।,bn,0.835,very unsecured app. contact your 119 to gooddit my serbrotherce!!! Very dangerous app. There is no security at all.,very unsecured app. contact your 119 to gooddit my serbrotherce!! very dangerous app. there is no security at all.,very unsecured app. contact your 119 to gooddit my serbrotherce!! very dangerous app. there is no security at all.
9109fd29-b20f-4a60-b0c4-ad0404c3278d,ফালতু এপ ৭ সপ্তাহ ধরে ট্রাই করি এপস এ একাউন্ট খুলে না,ফালতু এপ ৭ সপ্তাহ ধরে ট্রাই করি এপস এ একাউন্ট খুলে না,ফালতু এপ ৭ সপ্তাহ ধরে ট্রাই করি এপস এ একাউন্ট খুলে না,bn,1.0,Tried the crappy app for 7 weeks and didn't open an account,tried the crappy app for 7 weeks and didn't open an account,tried the crappy app for 7 weeks and didn't open an account
d912ac82-6d92-4412-9381-d0467f6a6eb8,nice app,nice appp,nice appp,en,0.785,nice appp,nice app,nice app
8393124c-181f-45a2-946f-195ed2ec07ee,dmmm well app,dmmm well appp,dmmm well appp,en,0.887,dmmm well appp,dmm well app,dmm well app
ba15f52a-56f8-4bd8-9c77-4fc4217e7692,ভেরি গুড অ্যাপ,ভেরি গুড অ্যাপ,ভেরি গুড অ্যাপ,bn,1.0,Very good app,very good app,very good app
417df2d1-31af-4168-ad23-17f0278619d9,best.,best.,best.,en,0.889,best.,best.,best.
11e2436a-20cd-4fd4-a245-ba16f7bdffb2,মার্চেন্ট একাউন্টের সাথে পার্সোনাল একাউন্ট ব্যবহার করার সুযোগ দেওয়া দরকার!!,মার্চেন্ট একাউন্টের সাথে পার্সোনাল একাউন্ট ব্যবহার করার সুযোগ দেওয়া দরকার!!,মার্চেন্ট একাউন্টের সাথে পার্সোনাল একাউন্ট ব্যবহার করার সুযোগ দেওয়া দরকার!!,bn,0.996,Need to allow use of personal account with merchant account!!,need to allow use of personal account with merchant account!!,need to allow use of personal account with merchant account!!
d72f2ef2-e556-465b-bf79-b342f2c45d8d,good 👍 app,gooddood 👍 appp,gooddood  thumbs_up  appp,en,0.539,gooddood  thumbs_up  appp,gooddood thumbs_up app,gooddood thumbs_up app
8d472b32-3954-4387-b946-09e39e536df9,nice apps,nice appps,nice appps,en,0.78,nice appps,nice apps,nice apps
310b0ab1-a9c4-4b68-8a78-9006eb03b37f,"ঘূর্ণিঝড় ঘরে ঈডগিঠ নাঠণঢূঙ ড়ভয় পেয়ে ঊচচিনি না ঢ়ুঢুঢ না ঘটবে, ঈডগিঠ ইনা ভাই আপনার কাছে ঈচচচণণঘ ঘ","ঘূর্ণিঝড় ঘরে ঈডগিঠ নাঠণঢূঙ ড়ভয় পেয়ে ঊচচিনি না ঢ়ুঢুঢ না ঘটবে, ঈডগিঠ ইনা ভাই appনার কাছে ঈচচচণণঘ ঘ","ঘূর্ণিঝড় ঘরে ঈডগিঠ নাঠণঢূঙ ড়ভয় পেয়ে ঊচচিনি না ঢ়ুঢুঢ না ঘটবে, ঈডগিঠ ইনা ভাই appনার কাছে ঈচচচণণঘ ঘ",bn,0.791,"The whirlwind in the house, Idgith Nathandhung, getting scared, will not be loud, Idgith ina bhai appna, Ichchchanangh d","the whirlwind in the house, idgith nathandhung, getting scared, will not be loud, idgith ina bhai appna, ichchchanangh d","the whirlwind in the house, idgith nathandhung, getting scared, will not be loud, idgith ina bhai appna, ichchchanangh d"
ba571008-01b2-4b58-be2a-8e0f69958964,good app,gooddood appp,gooddood appp,en,0.266,gooddood appp,gooddood app,gooddood app
a546271c-f24f-46df-ad88-f8770e79cef5,good,gooddood,gooddood,nl,0.268,their pits,their pits,their pits
ff5b0b23-6e3c-4b9d-92b1-ac5189ed8f8b,nice,nice,nice,en,0.839,nice,nice,nice
0aed04e3-78fa-4c03-a2f9-0a0c6716ea25,"frustrating. i am trying to recharge my bpdb electricity meter but when i press 'validate' button there is a popup message saying, ""invalid customer number. thank you."" i hope this gets fixed soon.","apprustratingoodd. i am tryingoodd to rechargoodde my bpdb electricity myter but when i press 'validate' button there is a popup messagoodde sayingoodd, ""invalid customer number. thank you."" i hope this gooddits appixed son.","apprustratingoodd. i am tryingoodd to rechargoodde my bpdb electricity myter but when i press 'validate' button there is a popup messagoodde sayingoodd, ""invalid customer number. thank you."" i hope this gooddits appixed son.",en,0.774,"apprustratingoodd. i am tryingoodd to rechargoodde my bpdb electricity myter but when i press 'validate' button there is a popup messagoodde sayingoodd, ""invalid customer number. thank you."" i hope this gooddits appixed son.","apprustratingoodd. i am tryingoodd to rechargoodde my bpdb electricity myter but when i press 'validate' button there is a popup messagoodde sayingoodd, invalid customer number. thank you. i hope this gooddits appixed son.","apprustratingoodd. i am tryingoodd to rechargoodde my bpdb electricity myter but when i press 'validate' button there is a popup messagoodde sayingoodd, invalid customer number. thank you. i hope this gooddits appixed son."
df00fb96-0bea-4696-9b10-494257495a14,very bad,very bad,very bad,en,0.997,very bad,very bad,very bad
07958ee1-d2e4-4309-927b-b619710183ff,nice,nice,nice,en,0.839,nice,nice,nice
b0a79811-d78f-442e-9071-10e9173c5f22,good luck ⭐,gooddood luck ⭐,gooddood luck  star ,en,0.235,gooddood luck  star,gooddood luck star,gooddood luck star
c9e195db-7c13-453d-9eb6-a8bad4c383d4,"this is the worst and most terrible mobile banking app. it's full of bugs. i submitted my kyc and after confirming it says my father's name doesn't match with my nid while everything is fine. then, i resubmitted my kyc yet was unable to update my kyc due to that silly error. it took me around half an hour struggling with updating kyc. however, i couldn't update my kyc. so frustrating, very disappointing. fix the issues i faced, please.","this is the worst and most terrible mobilee bankingoodd appp. it's appull oapp bugoodds. i submytted my kyc and aappter cono/notppirmyngoodd it says my appather's no/notme doesn't match with my nid while everythingoodd is appine. then, i resubmytted my kyc yit was uno/notble to update my kyc due to that silly error. it took me around halapp an hour strugooddgooddlingoodd with updatingoodd kyc. however, i couldn't update my kyc. so apprustratingoodd, very disapppointingoodd. appix the issues i appaced, please.","this is the worst and most terrible mobilee bankingoodd appp. it's appull oapp bugoodds. i submytted my kyc and aappter cono/notppirmyngoodd it says my appather's no/notme doesn't match with my nid while everythingoodd is appine. then, i resubmytted my kyc yit was uno/notble to update my kyc due to that silly error. it took me around halapp an hour strugooddgooddlingoodd with updatingoodd kyc. however, i couldn't update my kyc. so apprustratingoodd, very disapppointingoodd. appix the issues i appaced, please.",en,0.937,"this is the worst and most terrible mobilee bankingoodd appp. it's appull oapp bugoodds. i submytted my kyc and aappter cono/notppirmyngoodd it says my appather's no/notme doesn't match with my nid while everythingoodd is appine. then, i resubmytted my kyc yit was uno/notble to update my kyc due to that silly error. it took me around halapp an hour strugooddgooddlingoodd with updatingoodd kyc. however, i couldn't update my kyc. so apprustratingoodd, very disapppointingoodd. appix the issues i appaced, please.","this is the worst and most terrible mobilee bankingoodd app. it's appull oapp bugoodds. i submytted my kyc and aappter cononotppirmyngoodd it says my appather's nonotme doesn't match with my nid while everythingoodd is appine. then, i resubmytted my kyc yit was unonotble to update my kyc due to that silly error. it took me around halapp an hour strugooddgooddlingoodd with updatingoodd kyc. however, i couldn't update my kyc. so apprustratingoodd, very disappointingoodd. appix the issues i appaced, please.","this is the worst and most terrible mobilee bankingoodd app. it's appull oapp bugoodds. i submytted my kyc and aappter cononotppirmyngoodd it says my appather's nonotme doesn't match with my nid while everythingoodd is appine. then, i resubmytted my kyc yit was unonotble to update my kyc due to that silly error. it took me around halapp an hour strugooddgooddlingoodd with updatingoodd kyc. however, i couldn't update my kyc. so apprustratingoodd, very disappointingoodd. appix the issues i appaced, please."
084242c0-1c2e-47c3-bdff-1f0da5c5f57d,nice,nice,nice,en,0.839,nice,nice,nice
b1b29863-ad93-4ed7-a424-a778b355fd00,nice app,nice appp,nice appp,en,0.785,nice appp,nice app,nice app
e6f3f8c6-3765-43b9-a6e4-d0885b4363f8,good,gooddood,gooddood,nl,0.268,their pits,their pits,their pits
bd2587fa-b7c0-4bab-bf66-98a3d0d4bc5d,nice,nice,nice,en,0.839,nice,nice,nice
e1e07e00-d094-4a81-9283-56d0598b77d5,মাসাল্লাহ,মাসাল্লাহ,মাসাল্লাহ,bn,0.992,Mashallah,mashallah,mashallah
e9f678c1-fcd6-4c75-a53a-5fada92e014e,"good , cash out colo","gooddood , cash out colo","gooddood , cash out colo",en,0.358,"gooddood , cash out colo","gooddood , cash out colo","gooddood , cash out colo"
05dfeb3b-0627-43ce-b22c-21afb314191e,useful apps,useappul appps,useappul appps,en,0.611,useappul appps,useappul apps,useappul apps
894906b5-2447-4654-ba0b-4ec4468806ed,why it's so terrible? nothing works properly. clearly not user-friendly,why it's so terrible? nothingoodd works properly. clearly not user-appriendly,why it's so terrible? nothingoodd works properly. clearly not user-appriendly,en,0.916,why it's so terrible? nothingoodd works properly. clearly not user-appriendly,why it's so terrible? nothingoodd works properly. clearly not user-appriendly,why it's so terrible? nothingoodd works properly. clearly not user-appriendly
f635b1cc-abdd-4788-b314-36bdbf551b29,nice app,nice appp,nice appp,en,0.785,nice appp,nice app,nice app
bd116b85-4ddb-4471-8ff6-9a00dc8e5788,parsonal,persono/notl,persono/notl,it,0.287,person/notl,personnotl,personnotl
a3e65022-8c50-480f-8a61-511e29647def,অসাধারণ সার্ভিস,অসাধারণ সার্ভিস,অসাধারণ সার্ভিস,bn,0.998,Excellent service,excellent service,excellent service
626defba-92f7-4d79-9ef6-6c1ae529364f,good,gooddood,gooddood,nl,0.268,their pits,their pits,their pits
fa3b9562-f099-4aca-b0d7-7b126f4e0a95,ভালো,good,good,en,0.895,good,good,good
2aaf2590-abd7-43fb-96cf-a29f8ed77ed9,binimy,binimy,binimy,eo,0.465,binimy,binimy,binimy
02d11d40-6319-4af9-9de1-4ce941fbfdb1,good,gooddood,gooddood,nl,0.268,their pits,their pits,their pits
292c0b38-9226-45b7-ae83-6086d3ef4d16,good mfs,gooddood mapps,gooddood mapps,en,0.399,gooddood mapps,gooddood mapps,gooddood mapps
20b3a457-489c-4acf-9d47-10f35ac23b9e,nice apps,nice appps,nice appps,en,0.78,nice appps,nice apps,nice apps
c069caff-2fcb-4f87-bd06-9ae448f8d629,good,gooddood,gooddood,nl,0.268,their pits,their pits,their pits
a32cce00-c7fc-42ef-9130-e446f5a6cafc,good 👍😊,gooddood 👍😊,gooddood  thumbs_up  smiling_face_with_smiling_eyes ,en,0.374,gooddood  thumbs_up  smiling_face_with_smiling_eyes,gooddood thumbs_up smiling_face_with_smiling_eyes,gooddood thumbs_up smiling_face_with_smiling_eyes
a1dd5a98-56db-4e9d-abf5-4261c221fddb,nice,nice,nice,en,0.839,nice,nice,nice
85fa045a-5daf-4f5d-a9b5-5dc8fcdcb3af,i can't login,i can't logooddin,i can't logooddin,en,0.982,i can't logooddin,i can't logooddin,i can't logooddin
01afdbd2-830f-4f52-9698-ba16d2d4514b,🫣🫣🫣😇😇😇,🫣🫣🫣😇😇😇, face_with_peeking_eye  face_with_peeking_eye  face_with_peeking_eye  smiling_face_with_halo  smiling_face_with_halo  smiling_face_with_halo ,en,0.394,face_with_peeking_eye  face_with_peeking_eye  face_with_peeking_eye  smiling_face_with_halo  smiling_face_with_halo  smiling_face_with_halo,face_with_peeking_eye face_with_peeking_eye face_with_peeking_eye smiling_face_with_halo smiling_face_with_halo smiling_face_with_halo,face_with_peeking_eye face_with_peeking_eye face_with_peeking_eye smiling_face_with_halo smiling_face_with_halo smiling_face_with_halo
a6132415-6fb4-4a3c-a2a4-904e0dc81d57,worst app ever!,worst appp ever!,worst appp ever!,en,0.771,worst appp ever!,worst app ever!,worst app ever!
034267cf-f7e9-48bc-a289-29a7e0747089,ভালো,good,good,en,0.895,good,good,good
75291b35-a62a-4a00-b140-bbdb06536e85,"""rocket app is currently the worst app. i hope none of you use it. it has no user experience whatsoever.""","""rockit appp is currently the worst appp. i hope none oapp you use it. it has no user experienicee whatsoever.""","""rockit appp is currently the worst appp. i hope none oapp you use it. it has no user experienicee whatsoever.""",en,0.946,"""rockit appp is currently the worst appp. i hope none oapp you use it. it has no user experienicee whatsoever.""",rockit app is currently the worst app. i hope none oapp you use it. it has no user experienicee whatsoever.,rockit app is currently the worst app. i hope none oapp you use it. it has no user experienice whatsoever.
ddbcee46-4637-49c9-a491-8528300a866e,assalamu alaikum i am a rocket user and i am saying this as a customer your service is very slow please update it soon,assalamu alaikum i am a rockit user and i am sayingoodd this as a customer your serbrotherce is very slow please update it son,assalamu alaikum i am a rockit user and i am sayingoodd this as a customer your serbrotherce is very slow please update it son,en,0.892,assalamu alaikum i am a rockit user and i am sayingoodd this as a customer your serbrotherce is very slow please update it son,assalamu alaikum i am a rockit user and i am sayingoodd this as a customer your serbrotherce is very slow please update it son,assalamu alaikum i am a rockit user and i am sayingoodd this as a customer your serbrotherce is very slow please update it son
646f20fb-d5e6-4071-bfea-87cb91d9b0a5,good,gooddood,gooddood,nl,0.268,their pits,their pits,their pits
9684655c-3829-44f4-b1ae-dd944566dfbd,update,update,update,de,0.401,update,update,update
4111c5a1-a207-4d47-8253-06a048f0619d,very beautiful,very beautiappul,very beautiappul,en,0.729,very beautiappul,very beautiappul,very beautiappul
adfd59bb-b581-400c-bc71-ad901c31ce2b,আমি আমার একাউন্টে লগইন করতে পারছি না। ivr কল আসে না।,আমি আমার একাউন্টে লগইন করতে পারছি না। ivr কল আসে না।,আমি আমার একাউন্টে লগইন করতে পারছি না। ivr কল আসে না।,bn,0.997,I can't login to my account. ivr call not coming.,i can't login to my account. ivr call not coming.,i can't login to my account. ivr call not coming.
c5157b79-8dd0-4258-a799-1adf9a034d88,ashik,ashik,ashik,en,0.438,Ashik,ashik,ashik
188ecb8c-e2d6-4751-9ded-e4d8f2017254,বাংলাদেশে আরো ব্যাংকিং এ অ্যাপ্লিকেশন আছে মোবাইল ব্যাংকিং অ্যাপ্লিকেশন আছে কোন কিছুতেই ভেরিফিকেশনের জন্য আইভিআর কলের প্রয়োজন হয় না শুধু আপনাদের তাই আইভিআর কলের প্রয়োজন হয়। ভালো কথা সিকিউরিটি জন্য প্রয়োজন কিন্তু সেটা এমন ভাবে বানানো উচিত যাতে সেটা সব সময় কাজ করে। দীর্ঘ ছয় মাসের বেশি সময় ধরে আমি আপনাদের অ্যাপ্লিকেশন লগইন করতে পারিনা। কোন কাজই করতে পারি না এটা দিয়ে।,বাংলাদেশে আরো ব্যাংকিং এ অ্যাপ্লিকেশন আছে মোবাইল ব্যাংকিং অ্যাপ্লিকেশন আছে কোন কিছুতেই ভেরিফিকেশনের জন্য আইভিআর কলের প্রয়োজন হয় না শুধু appনাদের তাই আইভিআর কলের প্রয়োজন হয়। good কথা সিকিউরিটি জন্য প্রয়োজন কিন্তু সেটা এমন ভাবে বানানো উচিত যাতে সেটা সব সময় কাজ করে। দীর্ঘ ছয় মাসের বেশি সময় ধরে আমি appনাদের অ্যাপ্লিকেশন লগইন করতে পারিনা। কোন কাজই করতে পারি না এটা দিয়ে।,বাংলাদেশে আরো ব্যাংকিং এ অ্যাপ্লিকেশন আছে মোবাইল ব্যাংকিং অ্যাপ্লিকেশন আছে কোন কিছুতেই ভেরিফিকেশনের জন্য আইভিআর কলের প্রয়োজন হয় না শুধু appনাদের তাই আইভিআর কলের প্রয়োজন হয়। good কথা সিকিউরিটি জন্য প্রয়োজন কিন্তু সেটা এমন ভাবে বানানো উচিত যাতে সেটা সব সময় কাজ করে। দীর্ঘ ছয় মাসের বেশি সময় ধরে আমি appনাদের অ্যাপ্লিকেশন লগইন করতে পারিনা। কোন কাজই করতে পারি না এটা দিয়ে।,bn,1.0,"There are more applications in banking in Bangladesh, there are mobile banking applications, nothing requires an IVR call for verification, only apps require an IVR call. Good speech is necessary for security but it should be built in such a way that it works all the time. For more than six long months I can't login to our app. Can't do anything with it.","there are more applications in banking in bangladesh, there are mobile banking applications, nothing requires an ivr call for verification, only apps require an ivr call. good speech is necessary for security but it should be built in such a way that it works all the time. for more than six long months i can't login to our app. can't do anything with it.","there are more applications in banking in bangladesh, there are mobile banking applications, nothing requires an ivr call for verification, only apps require an ivr call. good speech is necessary for security but it should be built in such a way that it works all the time. for more than six long months i can't login to our app. can't do anything with it."
70dd3daa-e629-4975-a831-918a76c238ae,parsonal,persono/notl,persono/notl,it,0.287,person/notl,personnotl,personnotl
fa0ff2d2-1c39-46a7-8fa9-725893ec99a8,md ruhul amin,md ruhul in,md ruhul in,en,0.918,md ruhul in,md ruhul in,md ruhul in
733c1325-21d2-49f1-a126-240786f1ae43,ভালো আসেন সবাই,good আসেন সবাই,good আসেন সবাই,bn,0.968,good everyone come,good everyone come,good everyone come
5b55aee0-c6c4-4974-b7fc-f1fcfbb5f6b3,"একেবারেই ফালতু এ্যাপস্ একটা লগ-ইন করা মারাত্মক ঝামেলার ব্যাপার। এ্যাপস্ থেকে যেকোনো কিছু করতে গেলেই বিশাল ঝামেলা পোহাতে হয়,,,, ফালতু 😡","একেবারেই ফালতু এ্যাপস্ একটা লগ-ইন করা মারাত্মক ঝামেলার ব্যাপার। এ্যাপস্ থেকে যেকোনো কিছু করতে গেলেই বিশাল ঝামেলা পোহাতে হয়,,,, ফালতু 😡","একেবারেই ফালতু এ্যাপস্ একটা লগ-ইন করা মারাত্মক ঝামেলার ব্যাপার। এ্যাপস্ থেকে যেকোনো কিছু করতে গেলেই বিশাল ঝামেলা পোহাতে হয়,,,, ফালতু  enraged_face ",bn,0.998,"Totally crappy apps are a huge hassle to log into. Doing anything from apps is a huge hassle,,,, nonsense enraged_face","totally crappy apps are a huge hassle to log into. doing anything from apps is a huge hassle,, nonsense enraged_face","totally crappy apps are a huge hassle to log into. doing anything from apps is a huge hassle,, nonsense enraged_face"
5df5ffa3-ba06-423b-b0b6-e7546e23b1e9,nice 👍,nice 👍,nice  thumbs_up ,en,0.859,nice  thumbs_up,nice thumbs_up,nice thumbs_up
7c6ad86d-42fc-4ace-bcc3-f58671f5f991,helpful apps,helpappul appps,helpappul appps,en,0.317,helpappul appps,helpappul apps,helpappul apps
21210bce-a15b-40c9-ba3c-6a60760f6372,good apps,gooddood appps,gooddood appps,en,0.304,gooddood appps,gooddood apps,gooddood apps
cd775b8f-0508-4141-baa5-902a3f03139f,very good app,very gooddood appp,very gooddood appp,en,0.92,very gooddood appp,very gooddood app,very gooddood app
0bde6b72-d5ca-415f-9e18-86d6ce609f05,nice apps,nice appps,nice appps,en,0.78,nice appps,nice apps,nice apps
32a4bca5-6f08-4f3d-9441-2697facc84a6,nice,nice,nice,en,0.839,nice,nice,nice
b6b0355d-42c9-4186-9ef9-091d8c4c45bb,nice,nice,nice,en,0.839,nice,nice,nice
1751836f-75a1-4d3e-a0d5-add1fd9847ec,argina,argooddino/not,argooddino/not,no,0.304,argooddino/not,argooddinonot,argooddinonot
62fd555c-f1e0-4030-a6d6-722ceac3b55a,ok,ok,ok,en,0.898,ok,ok,ok
5cde39d2-c20a-42ff-9d41-c09d7445c6ac,wow,wow,wow,ceb,0.366,wow,wow,wow
b3790d5a-19ef-4f9d-b8c5-916448d69a9a,রকেট হলো দুর্দান্ত,রকেট হলো দুর্দান্ত,রকেট হলো দুর্দান্ত,bn,1.0,Rocket is awesome,rocket is awesome,rocket is awesome
c98a80e6-821c-4e9b-945c-a69185f3d1fc,nice app,nice appp,nice appp,en,0.785,nice appp,nice app,nice app
9e0ace2f-7972-41c7-9ad4-6b12af5265a4,nice,nice,nice,en,0.839,nice,nice,nice
cf367738-0947-4a75-be89-20af4735fa2e,super,super,super,en,0.384,super,super,super
54c5f4ac-b1d4-4a24-839b-2e615af52d5a,good,gooddood,gooddood,nl,0.268,their pits,their pits,their pits
9398ce63-8ab1-42a9-a3a4-cb784cdcb330,ভালো,good,good,en,0.895,good,good,good
d84f640f-8a8b-4ca3-962a-9b366b68987c,crash on android 7 after 11th march update,crash on android 7 aappter 11th march update,crash on android 7 aappter 11th march update,en,0.706,crash on android 7 aappter 11th march update,crash on android 7 aappter 11th march update,crash on android 7 aappter 11th march update
a0c0ab55-8a96-42ca-85f0-7e252a722a54,"recently, it has been very difficult to recharge mobile phones.","recently, it has been very diappappicult to rechargoodde mobilee phones.","recently, it has been very diappappicult to rechargoodde mobilee phones.",en,0.969,"recently, it has been very diappappicult to rechargoodde mobilee phones.","recently, it has been very diappappicult to rechargoodde mobilee phones.","recently, it has been very diappappicult to rechargoodde mobilee phones."
0e1b1373-9207-4a97-ba6e-b9e832d91b91,nice,nice,nice,en,0.839,nice,nice,nice
2d654528-c306-406e-b6c5-ddf1cdf124c3,good app,gooddood appp,gooddood appp,en,0.266,gooddood appp,gooddood app,gooddood app
05aabd22-1d54-413b-9a78-899ef9d5074d,good,gooddood,gooddood,nl,0.268,their pits,their pits,their pits
5c8d5fd0-9968-4dad-8dc1-57b3bf8c2840,নাদিম আহমেদ ৭,নাদিম আহমেদ ৭,নাদিম আহমেদ ৭,bn,1.0,Nadeem Ahmed 7,nadeem ahmed 7,nadeem ahmed 7
27e43aab-e99b-4d0a-b99c-b5c13f180acc,nice,nice,nice,en,0.839,nice,nice,nice
0791138c-45f5-4793-bddd-1e0dac337b7b,good,gooddood,gooddood,nl,0.268,their pits,their pits,their pits
ffc6d09f-d973-4ddc-9e0e-0b58a81d18d0,worst,worst,worst,en,0.445,worst,worst,worst
13d502fc-72be-45d1-bbc5-79ab5fb367ea,good,gooddood,gooddood,nl,0.268,their pits,their pits,their pits
8dc9ae03-1d4b-4abc-a137-1e35794a9cca,nice,nice,nice,en,0.839,nice,nice,nice
498e550a-2ff8-4e59-99f0-515864ac0c0a,good app,gooddood appp,gooddood appp,en,0.266,gooddood appp,gooddood app,gooddood app
662adbe9-7385-4f71-b075-c3b524318aa0,🥰🥰,🥰🥰, smiling_face_with_hearts  smiling_face_with_hearts ,en,0.493,smiling_face_with_hearts  smiling_face_with_hearts,smiling_face_with_hearts smiling_face_with_hearts,smiling_face_with_hearts smiling_face_with_hearts
80004c67-5371-4abb-a5c7-ade9ba65ac2b,worst apps,worst appps,worst appps,en,0.645,worst appps,worst apps,worst apps
ab6dad40-f643-465f-b8d1-4b4c41cb80f0,please add bpdb payment service,please add bpdb payment serbrotherce,please add bpdb payment serbrotherce,en,0.478,please add bpdb payment serbrotherce,please add bpdb payment serbrotherce,please add bpdb payment serbrotherce
9f477537-9327-4b29-a515-639f1c5cb305,sohagkumar free fire max,sohagooddkumar appree appire max,sohagooddkumar appree appire max,en,0.579,sohagooddkumar appree appire max,sohagooddkumar appree appire max,sohagooddkumar appree appire max
295f0dd2-6b7a-45c8-a0db-c1b806b7040d,good,gooddood,gooddood,nl,0.268,their pits,their pits,their pits
b431accc-eb9a-4573-bebd-551171e0137e,excellent performance,excellent perapaftermanicee,excellent perapaftermanicee,en,0.166,excellent perapaftermanicee,excellent perapaftermanicee,excellent perapaftermanice
e1696e77-d993-4d35-b8d7-fff1c3c8e6d7,nice,nice,nice,en,0.839,nice,nice,nice
7855ebde-d0a8-4e08-b32c-6db56a856e88,purai faltu,purai appaltu,purai appaltu,fi,0.534,purai appaltu,purai appaltu,purai appaltu
e389553e-0c7c-4d15-8e81-6edaa2ba7f8a,nice,nice,nice,en,0.839,nice,nice,nice
b7ba3f6c-4570-44c7-b2eb-cfce7f79c030,fhu,apphu,apphu,en,0.388,app,app,app
9d4ac28b-64ba-4442-b2f6-0446e75d2677,super,super,super,en,0.384,super,super,super
913cdb34-de71-4f24-a620-9802328d5437,this app is a very helpful app,this appp is a very helpappul appp,this appp is a very helpappul appp,en,0.964,this appp is a very helpappul appp,this app is a very helpappul app,this app is a very helpappul app
35ccc6ae-9796-4d3a-ac4d-37d1be34d26e,নতুন একাউন্ট খুলবো,নতুন একাউন্ট খুলবো,নতুন একাউন্ট খুলবো,bn,0.998,I will open a new account,i will open a new account,i will open a new account
e3c8b84e-40ed-4327-b585-24e0f6b71f04,good,gooddood,gooddood,nl,0.268,their pits,their pits,their pits
ba6ec63a-70bd-4f0a-9589-bb3edd62aa42,আপনাদের এই এপস এ বিকাশের মত লোন সিস্টেম করা উচিত।যারা বেশি লেনদেন করে তাদের জন্য এটা বেশ সুবিধাজনক হবে।পাশাপাশি আপনাদের গ্রাহক সংখ্যাও অনেক বৃদ্ধি পাবে এবং আমরাও বেশ উপকৃত হবো।অনেক সময় আমাদের টাকার প্রয়োজন পড়ে।লোক লজ্জায় অনেক সময় অন্যের কাছে চাইতে লজ্জা করে। আপনাদের এপস এর মাধ্যেমে যদি এই লোন সিস্টেমটা থাকে তাহলে আমাদের তো আর কারও কাছে যাওয়া লাগে না।তাই আশা করবো আপনারা এই বিষয় টা নিয়ে খুব দ্রুত আগাবেন এবং আমাদের বিষয়টি মাথায় রাখবেন ধন্যবাদ,appনাদের এই এপস এ বিকাশের মত লোন সিস্টেম করা উচিত।যারা বেশি লেনদেন করে তাদের জন্য এটা বেশ সুবিধাজনক হবে।পাশাপাশি appনাদের গ্রাহক সংখ্যাও অনেক বৃদ্ধি পাবে এবং আমরাও বেশ উপকৃত হবো।অনেক সময় আমাদের bdtর প্রয়োজন পড়ে।লোক লজ্জায় অনেক সময় অন্যের কাছে চাইতে লজ্জা করে। appনাদের এপস এর মাধ্যেমে যদি এই লোন সিস্টেমটা থাকে তাহলে আমাদের তো আর কারও কাছে যাওয়া লাগে না।তাই আশা করবো appনারা এই বিষয় টা নিয়ে খুব দ্রুত আগাবেন এবং আমাদের বিষয়টি মাথায় রাখবেন ধন্যবাদ,appনাদের এই এপস এ বিকাশের মত লোন সিস্টেম করা উচিত।যারা বেশি লেনদেন করে তাদের জন্য এটা বেশ সুবিধাজনক হবে।পাশাপাশি appনাদের গ্রাহক সংখ্যাও অনেক বৃদ্ধি পাবে এবং আমরাও বেশ উপকৃত হবো।অনেক সময় আমাদের bdtর প্রয়োজন পড়ে।লোক লজ্জায় অনেক সময় অন্যের কাছে চাইতে লজ্জা করে। appনাদের এপস এর মাধ্যেমে যদি এই লোন সিস্টেমটা থাকে তাহলে আমাদের তো আর কারও কাছে যাওয়া লাগে না।তাই আশা করবো appনারা এই বিষয় টা নিয়ে খুব দ্রুত আগাবেন এবং আমাদের বিষয়টি মাথায় রাখবেন ধন্যবাদ,bn,1.0,"They should develop a loan system like this app. It will be very convenient for those who do more transactions. Also, the number of customers of their app will increase a lot and we will also benefit a lot. Many times we need bdt. People are shy to ask others because of shame. If they have this loan system through their app, then we don't have to go to anyone else. So I hope they will move on this issue very quickly and keep us in mind. Thank you.","they should develop a loan system like this app. it will be very convenient for those who do more transactions. also, the number of customers of their app will increase a lot and we will also benefit a lot. many times we need bdt. people are shy to ask others because of shame. if they have this loan system through their app, then we don't have to go to anyone else. so i hope they will move on this issue very quickly and keep us in mind. thank you.","they should develop a loan system like this app. it will be very convenient for those who do more transactions. also, the number of customers of their app will increase a lot and we will also benefit a lot. many times we need bdt. people are shy to ask others because of shame. if they have this loan system through their app, then we don't have to go to anyone else. so i hope they will move on this issue very quickly and keep us in mind. thank you."
618fe705-251a-449b-9e84-6321c75941ba,good app,gooddood appp,gooddood appp,en,0.266,gooddood appp,gooddood app,gooddood app
622502b5-6530-44bf-acf0-c41dd0d1814e,ফালতু অ্যাপ।ক্যাশ ইন এ টাকা কাটে বাইঞ্চুদ🤣🤌 মাদারবোর্ড,ফালতু অ্যাপ।ক্যাশ ইন এ bdt কাটে বাইঞ্চুদ🤣🤌 মাদারবোর্ড,ফালতু অ্যাপ।ক্যাশ ইন এ bdt কাটে বাইঞ্চুদ rolling_on_the_floor_laughing  pinched_fingers  মাদারবোর্ড,bn,0.971,crap app.cash in a bdt cut rolling_on_the_floor_laughing pinched_fingers motherboard,crap app.cash in a bdt cut rolling_on_the_floor_laughing pinched_fingers motherboard,crap app.cash in a bdt cut rolling_on_the_floor_laughing pinched_fingers motherboard
f8cf7035-081d-4857-aa96-805feafc9ee5,good,gooddood,gooddood,nl,0.268,their pits,their pits,their pits
f38e9d1c-1743-4ed7-80d6-3457ed79841c,rocket your login problem,rockit your logooddin problem,rockit your logooddin problem,en,0.704,rockit your logooddin problem,rockit your logooddin problem,rockit your logooddin problem
21237fdf-c480-4c33-84e5-ec432a05d1f8,osam app,osam appp,osam appp,hu,0.256,osam appp,osam app,osam app
f341ce52-44af-4675-a7b4-b27edd1de6d7,",, সং ্য ভয়",",, সং ্য ভয়",",, সং ্য ভয়",as,0.62,",, Sanya Bhoy",",, sanya bhoy",",, sanya bhoy"
44a67927-d358-4c31-af0e-c382d13b346e,good hfjh,gooddood happjh,gooddood happjh,de,0.171,gooddood happjh,gooddood happjh,gooddood happjh
296e191d-4554-4330-a93a-300fe37ca488,ভালো সার্ভিস চাই,good সার্ভিস চাই,good সার্ভিস চাই,bn,0.993,I want good service,i want good service,i want good service
01f8d763-72cb-433d-b09e-081f48f23168,excellent f,excellent app,excellent app,en,0.867,excellent app,excellent app,excellent app
8d4d0679-464d-49df-addb-f598e78588de,nc app,nice appp,nice appp,en,0.785,nice appp,nice app,nice app
077056e9-2b5e-4fc2-b101-186cb1a23f6f,"wrost thing is 12 am - 6am cash-out off, pls stop that","wrost thingoodd is 12 am - 6am cash-out oappapp, please stop that","wrost thingoodd is 12 am - 6am cash-out oappapp, please stop that",en,0.931,"wrost thingoodd is 12 am - 6am cash-out oappapp, please stop that","wrost thingoodd is 12 am - 6am cash-out oappapp, please stop that","wrost thingoodd is 12 am - 6am cash-out oappapp, please stop that"
2cf3b087-9411-4aa5-babf-e21679f494bc,well,well,well,en,0.998,well,well,well
e2a4d490-8aa8-44f0-aacb-0ffd9a8a4cf6,good,gooddood,gooddood,nl,0.268,their pits,their pits,their pits
1b4736b7-1a84-40e4-8c29-23bd33083b77,thank you,thank you,thank you,en,0.792,thank you,thank you,thank you
0ec98f83-b1ca-4740-8a45-c40e8e7035fd,apnader coustomer care er staff der bebohar khuubi kharap tara kothar kono pattai deyna... ami tader ei bobohare khuuubu hotash...,appno/notder coustomer care er staappapp der bebohar khuubi kharapp tara kothar kono pattai deyno/not... i tader ei bobohare khuuubu hotash...,appno/notder coustomer care er staappapp der bebohar khuubi kharapp tara kothar kono pattai deyno/not... i tader ei bobohare khuuubu hotash...,da,0.23,appno/notder coustomer care er staappapp der bebohar khuubi kharapp tara kothar kono pattai deyno/not... i tader ei bobohare khuuubu hotash...,appnonotder coustomer care er staappapp der bebohar khuubi kharapp tara kothar kono pattai deynonot.. i tader ei bobohare khuubu hotash..,appnonotder coustomer care er staappapp der bebohar khuubi kharapp tara kothar kono pattai deynonot.. i tader ei bobohare khuubu hotash..
3d541876-55de-430e-9d36-30cd5dd43ab2,high security & noo fee ❤️❤️,higooddh security & noo appee ❤️❤️,higooddh security & noo appee  red_heart  red_heart ,en,0.58,higooddh security & noo appee  red_heart  red_heart,higooddh security & noo appee red_heart red_heart,higooddh security & noo appee red_heart red_heart
260cb117-b3d7-49da-a182-37b16859ac6a,🌷🌷🌷,🌷🌷🌷, tulip  tulip  tulip ,fi,0.769,tulip tulip tulip,tulip tulip tulip,tulip tulip tulip
d703a333-09a3-43ac-aa1f-b13eb1b357d7,"why i can,t downloaded this app?","why i can,t downloaded this appp?","why i can,t downloaded this appp?",en,0.926,"why i can,t downloaded this appp?","why i can,t downloaded this app?","why i can,t downloaded this app?"
ecaef614-d2f8-42d0-968f-84c0ecb4cf9c,good,gooddood,gooddood,nl,0.268,their pits,their pits,their pits
e8a4429d-9fea-4f13-a774-483e4b76c046,nice,nice,nice,en,0.839,nice,nice,nice
8b9129f1-2ec1-479c-8df7-6c5d9772a5a4,good,gooddood,gooddood,nl,0.268,their pits,their pits,their pits
7cd1aa6d-232f-41df-a61b-538ef63db045,also good,also gooddood,also gooddood,en,0.982,also gooddood,also gooddood,also gooddood
642847ad-eab0-4db6-960c-13afdd5c2280,"it’s not enough just to increase customers; you must also ensure that customers are receiving proper service. at present, your server has such severe problems that it’s completely beyond any limit. normally, when trying to research through your app, one has to struggle like a dog for half an hour and go crazy like one. it feels like you’ve only managed to keep things running by bribing someone, just so that people are forced to pay through your payment method.","it’s not enougooddh just to inicerease customers; you must also ensure that customers are receibrotherngoodd proper serbrotherce. at present, your server has such severe problems that it’s complitely beyond any limyt. normally, when tryingoodd to research througooddh your appp, one has to strugooddgooddle like a dogoodd apafter halapp an hour and gooddo crazy like one. it appeels like you’ve only mano/notgoodded to keep thingoodds runningoodd by bribingoodd someone, just so that people are apafterced to pay througooddh your payment mythod.","it’s not enougooddh just to inicerease customers; you must also ensure that customers are receibrotherngoodd proper serbrotherce. at present, your server has such severe problems that it’s complitely beyond any limyt. normally, when tryingoodd to research througooddh your appp, one has to strugooddgooddle like a dogoodd apafter halapp an hour and gooddo crazy like one. it appeels like you’ve only mano/notgoodded to keep thingoodds runningoodd by bribingoodd someone, just so that people are apafterced to pay througooddh your payment mythod.",en,0.935,"it’s not enougooddh just to inicerease customers; you must also ensure that customers are receibrotherngoodd proper serbrotherce. at present, your server has such severe problems that it’s complitely beyond any limyt. normally, when tryingoodd to research througooddh your appp, one has to strugooddgooddle like a dogoodd apafter halapp an hour and gooddo crazy like one. it appeels like you’ve only mano/notgoodded to keep thingoodds runningoodd by bribingoodd someone, just so that people are apafterced to pay througooddh your payment mythod.","its not enougooddh just to inicerease customers you must also ensure that customers are receibrotherngoodd proper serbrotherce. at present, your server has such severe problems that its complitely beyond any limyt. normally, when tryingoodd to research througooddh your app, one has to strugooddgooddle like a dogoodd apafter halapp an hour and gooddo crazy like one. it appeels like youve only manonotgoodded to keep thingoodds runningoodd by bribingoodd someone, just so that people are apafterced to pay througooddh your payment mythod.","its not enougooddh just to inicerease customers you must also ensure that customers are receibrotherngoodd proper serbrotherce. at present, your server has such severe problems that its complitely beyond any limyt. normally, when tryingoodd to research througooddh your app, one has to strugooddgooddle like a dogoodd apafter halapp an hour and gooddo crazy like one. it appeels like youve only manonotgoodded to keep thingoodds runningoodd by bribingoodd someone, just so that people are apafterced to pay througooddh your payment mythod."
e686791d-1d2f-43b4-90ec-cbeaf78c67c8,rocked,rocked,rocked,en,0.828,rocked,rocked,rocked
31a49383-177e-4081-b411-35acacb94cc6,allow,allow,allow,en,0.308,allow,allow,allow
f0b97610-3dc3-4194-826f-0682f853d79f,sir my apps nice,sir my appps nice,sir my appps nice,en,0.902,sir my appps nice,sir my apps nice,sir my apps nice
23fab0fa-02ff-458b-9607-8f918e2571cb,good app,gooddood appp,gooddood appp,en,0.266,gooddood appp,gooddood app,gooddood app
49174000-f8b4-4e55-bf33-a84c22e72877,mobile recharge problem,mobilee rechargoodde problem,mobilee rechargoodde problem,en,0.76,mobilee rechargoodde problem,mobilee rechargoodde problem,mobilee rechargoodde problem
58fd99c0-82ab-4330-bb73-2bd17ca75002,good,gooddood,gooddood,nl,0.268,their pits,their pits,their pits
c9e89adc-d0c3-45f0-810e-cccd7cfef401,"r apner songe sex e india and dth! bbdn trade h',,tfv gmt nri gmt nri gmt nri 3.e mton end earlier earlier earlier 💙💙😮‍💨🍑🍉🧀🍓🍊🍊🍞rdeouyeeri🍞🍿🌰","r appner songoodde sex e india and dth! bbdn trade h',,tappv gooddmt nri gooddmt nri gooddmt nri 3.e mton end earlier earlier earlier 💙💙😮‍💨🍑🍉🧀🍓🍊🍊🍞rdeouyeeri🍞🍿🌰","r appner songoodde sex e india and dth! bbdn trade h',,tappv gooddmt nri gooddmt nri gooddmt nri 3.e mton end earlier earlier earlier  blue_heart  blue_heart  face_exhaling  peach  watermelon  cheese_wedge  strawberry  tangerine  tangerine  bread rdeouyeeri bread  popcorn  chestnut ",en,0.491,"r appner songoodde sex e india and dth! bbdn trade h',,tappv gooddmt nri gooddmt nri gooddmt nri 3.e mton end earlier earlier earlier  blue_heart  blue_heart  face_exhaling  peach  watermelon  cheese_wedge  strawberry  tangerine  tangerine  bread rdeouyeeri bread  popcorn  chestnut","r appner songoodde sex e india and dth! bbdn trade h',,tappv gooddmt nri gooddmt nri gooddmt nri 3.e mton end earlier earlier earlier blue_heart blue_heart face_exhaling peach watermelon cheese_wedge strawberry tangerine tangerine bread rdeouyeeri bread popcorn chestnut","r appner songoodde sex e india and dth! bbdn trade h',,tappv gooddmt nri gooddmt nri gooddmt nri 3.e mton end earlier earlier earlier blue_heart blue_heart face_exhaling peach watermelon cheese_wedge strawberry tangerine tangerine bread rdeouyeeri bread popcorn chestnut"
7860580d-cbd4-46bb-91ca-f8d234e99cbd,rocket is reliable app. the interface is very flexible and a smooth....,rockit is reliable appp. the interappace is very applexible and a smooth....,rockit is reliable appp. the interappace is very applexible and a smooth....,en,0.958,rockit is reliable appp. the interappace is very applexible and a smooth....,rockit is reliable app. the interappace is very applexible and a smooth..,rockit is reliable app. the interappace is very applexible and a smooth..
8d87b978-227c-4c9c-be45-7f33e89b1aed,good qpps all suport,gooddood qpps all suaftert,gooddood qpps all suaftert,en,0.272,gooddood qpps all suaftert,gooddood qpps all suaftert,gooddood qpps all suaftert
cd64a735-5d80-47c4-8040-a48f1d8dacd8,hello my name is aisha issah how are you people please l want to watch movies please thank you,hello my no/notme is aisha issah how are you people please l want to watch mobrotheres please thank you,hello my no/notme is aisha issah how are you people please l want to watch mobrotheres please thank you,en,0.933,hello my no/notme is aisha issah how are you people please l want to watch mobrotheres please thank you,hello my nonotme is aisha issah how are you people please l want to watch mobrotheres please thank you,hello my nonotme is aisha issah how are you people please l want to watch mobrotheres please thank you
e23750ee-201a-4ff5-8811-195befe1fbea,"চরম ফালতু অ্যাপস! ভিসা কার্ড থেকে এড মানি করতেই পারছিনা, otp দেয়ার পর দেখায় your transaction is failed to process!!!!!!! বিকাশ, নগদে তো এমন হয়নি। আবার কমপ্লেইনের ব্যবস্থা আছে, কিন্তু সেটা লিখার পর submit দিলে বলে an error occurred.......!!! তাইলে complain টা যাবে কিভাবে?? আকাশ দিয়ে? বাতাস দিয়ে নাকি পাতাল দিয়ে??? আর কাস্টমার কেয়ারে অভিযোগ জানাইতে তাদের অভিযোগ রাখতে আবার অন্যদের সাথে আলোচনা করবে তারপর রাখবে!! মানে মিনিটের দোকান আগে দিতে হবে, তারপর কাস্টমার কেয়ারে ফোন দিতে হবে!! বা** অ্যাপস 😡","চরম ফালতু অ্যাপস! ভিসা কার্ড থেকে এড মানি করতেই পারছিনা, otp দেয়ার পর দেখায় your transaction is appailed to process!!!!!!! বিকাশ, নগদে তো এমন হয়নি। আবার কমপ্লেইনের ব্যবস্থা আছে, কিন্তু সেটা লিখার পর submyt দিলে বলে an error occurred.......!!! তাইলে complain টা যাবে কিভাবে?? আকাশ দিয়ে? বাতাস দিয়ে নাকি পাতাল দিয়ে??? আর কাস্টমার কেয়ারে অভিযোগ জানাইতে তাদের অভিযোগ রাখতে আবার অন্যদের সাথে আলোচনা করবে তারপর রাখবে!! মানে মিনিটের দোকান আগে দিতে হবে, তারপর কাস্টমার কেয়ারে ফোন দিতে হবে!! বা** অ্যাপস 😡","চরম ফালতু অ্যাপস! ভিসা কার্ড থেকে এড মানি করতেই পারছিনা, otp দেয়ার পর দেখায় your transaction is appailed to process!!!!!!! বিকাশ, নগদে তো এমন হয়নি। আবার কমপ্লেইনের ব্যবস্থা আছে, কিন্তু সেটা লিখার পর submyt দিলে বলে an error occurred.......!!! তাইলে complain টা যাবে কিভাবে?? আকাশ দিয়ে? বাতাস দিয়ে নাকি পাতাল দিয়ে??? আর কাস্টমার কেয়ারে অভিযোগ জানাইতে তাদের অভিযোগ রাখতে আবার অন্যদের সাথে আলোচনা করবে তারপর রাখবে!! মানে মিনিটের দোকান আগে দিতে হবে, তারপর কাস্টমার কেয়ারে ফোন দিতে হবে!! বা** অ্যাপস  enraged_face ",bn,0.999,"Extreme junk apps! I can't pay from visa card, after giving otp it shows your transaction is appealed to process!!!!!!! This is not the case with development, cash. Again, there is a complaint system, but after writing it, when I submit it, it says an error occurred.......!!! So how will the complaint go?? By the sky? By air or underground??? And to complain to the customer care, they will discuss with others to keep their complaints and then keep!! Means you have to pay the minute shop first, then you have to call the customer care!! or** apps enraged_face","extreme junk apps! i can't pay from visa card, after giving otp it shows your transaction is appealed to process!! this is not the case with development, cash. again, there is a complaint system, but after writing it, when i submit it, it says an error occurred..!! so how will the complaint go?? by the sky? by air or underground?? and to complain to the customer care, they will discuss with others to keep their complaints and then keep!! means you have to pay the minute shop first, then you have to call the customer care!! or apps enraged_face","extreme junk apps! i can't pay from visa card, after giving otp it shows your transaction is appealed to process!! this is not the case with development, cash. again, there is a complaint system, but after writing it, when i submit it, it says an error occurred..!! so how will the complaint go?? by the sky? by air or underground?? and to complain to the customer care, they will discuss with others to keep their complaints and then keep!! means you have to pay the minute shop first, then you have to call the customer care!! or apps enraged_face"
947da88f-1556-464e-b5ab-57c15c134fa3,good,gooddood,gooddood,nl,0.268,their pits,their pits,their pits
a2c47111-c8d7-499b-846a-a2f99317b35a,love you,lovee you,lovee you,fr,0.484,lovee you,lovee you,lovee you
4d9e3ef7-7b83-4604-bcb8-157dc1f90757,nice,nice,nice,en,0.839,nice,nice,nice
a6d8603a-fc22-4cca-bf51-41f0c2c0ca41,rocket security system is most powerful in bangladesh,rockit security system is most powerappul in bangooddladesh,rockit security system is most powerappul in bangooddladesh,en,0.881,rockit security system is most powerappul in bangooddladesh,rockit security system is most powerappul in bangooddladesh,rockit security system is most powerappul in bangooddladesh
30999f67-3fef-4d3f-8093-7e410e8c8688,good for days,gooddood apafter days,gooddood apafter days,en,0.117,gooddood apafter days,gooddood apafter days,gooddood apafter days
a2ac1070-cd8a-42bf-bf42-43ae863eb295,nice,nice,nice,en,0.839,nice,nice,nice
3f743daf-d915-4e70-a0dc-5c67a93e5a34,ok,ok,ok,en,0.898,ok,ok,ok
d5deb6f0-3687-48b8-ad37-1d63864bc6dc,naice,no/notice,no/notice,no,0.385,no/notice,nonotice,nonotice
0b7c0c1a-e148-40e3-93e9-cacb1c4d9720,need update this app. trxid id copy system,need update this appp. trxid id copy system,need update this appp. trxid id copy system,en,0.4,need update this appp. trxid id copy system,need update this app. trxid id copy system,need update this app. trxid id copy system
7ae9a3e4-a539-4f35-aad9-f1cca759a121,better experience,bitter experienicee,bitter experienicee,en,0.23,bitter experienicee,bitter experienicee,bitter experienice
fea892bf-3e28-4c92-b665-fa12f0bc0eb1,good,gooddood,gooddood,nl,0.268,their pits,their pits,their pits
3b60e0ae-2966-4be4-9dec-ba88f0549252,good,gooddood,gooddood,nl,0.268,their pits,their pits,their pits
105363fd-d6a7-4f85-87fa-d39fc2842c96,good app,gooddood appp,gooddood appp,en,0.266,gooddood appp,gooddood app,gooddood app
a146ec05-3883-49ac-8a27-1529bee3e2ec,excellent,excellent,excellent,en,0.821,excellent,excellent,excellent
85690a1e-3d8c-4989-b635-0e6fcabdff5f,very good service,very gooddood serbrotherce,very gooddood serbrotherce,en,0.61,very gooddood serbrotherce,very gooddood serbrotherce,very gooddood serbrotherce
587b4d28-62c8-44f7-aec7-8e4e9f5d9b52,i am this apps new using barter experience,i am this appps new usingoodd barter experienicee,i am this appps new usingoodd barter experienicee,en,0.492,i am this appps new usingoodd barter experienicee,i am this apps new usingoodd barter experienicee,i am this apps new usingoodd barter experienice
e7604aa4-e7ca-44a7-88cc-c84d9f68354c,সুপার,সুপার,সুপার,bn,0.728,Super,super,super
79e22b9a-89f5-4222-b5c2-e7bc61c29244,good site,gooddood site,gooddood site,fr,0.724,gooddood site,gooddood site,gooddood site
788f5a2c-f2b2-47c1-be6e-f62d12c62428,goog,gooddoogoodd,gooddoogoodd,en,0.467,gooddoogoodd,gooddoogoodd,gooddoogoodd
c712328b-fcfb-4e8c-95ad-096fa5b0a0a1,i think it would be nice if there was an opportunity to update nid verification!!,i think it would be nice iapp there was an opaftertunity to update nid veryappication!!,i think it would be nice iapp there was an opaftertunity to update nid veryappication!!,en,0.986,i think it would be nice iapp there was an opaftertunity to update nid veryappication!!,i think it would be nice iapp there was an opaftertunity to update nid veryappication!!,i think it would be nice iapp there was an opaftertunity to update nid veryappication!!
cc0f29dd-de60-474f-a26c-ac19c56e0348,opening an account works flawlessly now.,openingoodd an account works applawlessly now.,openingoodd an account works applawlessly now.,en,0.909,openingoodd an account works applawlessly now.,openingoodd an account works applawlessly now.,openingoodd an account works applawlessly now.
b8d472d1-dd72-432f-82d4-1078b850db29,supper app,super appp,super appp,en,0.525,super appp,super app,super app
cd8f268d-68c8-497d-942d-e15b1936dd9c,rocket theke skitto sim a recharge ar option nai..ayta akta big problem.,rockit theke skitto sim a rechargoodde ar option no/noti..ayta akta bigoodd problem.,rockit theke skitto sim a rechargoodde ar option no/noti..ayta akta bigoodd problem.,pt,0.238,rockit theke skitto sim a rechargoodde ar option no/noti..ayta akta bigodd problem.,rockit theke skitto sim a rechargoodde ar option nonoti..ayta akta bigodd problem.,rockit theke skitto sim a rechargoodde ar option nonoti..ayta akta bigodd problem.
6c3aa177-9caa-45e9-baee-80d1f6d50cca,good experience 😊,gooddood experienicee 😊,gooddood experienicee  smiling_face_with_smiling_eyes ,en,0.229,gooddood experienicee  smiling_face_with_smiling_eyes,gooddood experienicee smiling_face_with_smiling_eyes,gooddood experienice smiling_face_with_smiling_eyes
5296dd72-9a72-4d70-a210-69a4205a535b,best apps,best appps,best appps,en,0.449,best appps,best apps,best apps
fcea3273-287e-49dc-a4d0-7936f8ee004d,banglades bank,bangooddlades bank,bangooddlades bank,en,0.462,bangooddlades sofa,bangooddlades sofa,bangooddlades sofa
0053beb5-2b97-46fd-85b1-f9cc51ab0ed6,nice app,nice appp,nice appp,en,0.785,nice appp,nice app,nice app
0b26e3d0-e0d5-4487-b546-213c5f234505,"problem: when i press for recharge the application not works, whole system stop and hang then finally push to quit the apps, please fix this problem","problem: when i press apafter rechargoodde the appplication not works, whole system stop and hangoodd then appino/notlly push to quit the appps, please appix this problem","problem: when i press apafter rechargoodde the appplication not works, whole system stop and hangoodd then appino/notlly push to quit the appps, please appix this problem",en,0.677,"problem: when i press apafter rechargoodde the appplication not works, whole system stop and hangoodd then appino/notlly push to quit the appps, please appix this problem","problem: when i press apafter rechargoodde the application not works, whole system stop and hangoodd then appinonotlly push to quit the apps, please appix this problem","problem: when i press apafter rechargoodde the application not works, whole system stop and hangoodd then appinonotlly push to quit the apps, please appix this problem"
0e8ba89b-ef3c-46b7-bcc4-2d0b49edb458,nic app,nice appp,nice appp,en,0.785,nice appp,nice app,nice app
e85bb60d-50c2-41e7-95d8-858a9c430bd5,baddest financial app i have ever seen yet.,baddest appino/notniceial appp i have ever seen yit.,baddest appino/notniceial appp i have ever seen yit.,en,0.666,baddest appino/notniceial appp i have ever seen yit.,baddest appinonotniceial app i have ever seen yit.,baddest appinonotniceial app i have ever seen yit.
8063363c-959a-4d7f-8bd3-ca2da9026246,vary good,very gooddood,very gooddood,en,0.938,very gooddood,very gooddood,very gooddood
b65ac2e4-b6a6-426c-ae92-52786b4f76a8,i love it,i lovee it,i lovee it,fr,0.287,i lovee it,i lovee it,i lovee it
d6b190e1-fdf3-487e-805b-56d9441ebf40,mobile recharge didn’t working. why?,mobilee rechargoodde didn’t workingoodd. why?,mobilee rechargoodde didn’t workingoodd. why?,en,0.792,mobilee rechargoodde didn’t workingoodd. why?,mobilee rechargoodde didnt workingoodd. why?,mobilee rechargoodde didnt workingoodd. why?
2b78f047-b5b6-4b59-9394-df72bd63d4f5,good,gooddood,gooddood,nl,0.268,their pits,their pits,their pits
0d80e7d4-20bb-4d6c-94e5-a30098f7b101,গুড,গুড,গুড,bn,0.998,good,good,good
7cf3e9ec-7146-476a-bc83-c0e7d20ec3b5,nice,nice,nice,en,0.839,nice,nice,nice
c1da6310-3a26-41d4-9f6b-fec919f2f197,nice,nice,nice,en,0.839,nice,nice,nice
a97cebdb-ca69-4522-a890-c6c5e9c02ccd,nice,nice,nice,en,0.839,nice,nice,nice
ca62d58d-b4ba-4011-afd3-ee19d57b2e53,decent app but it needs biometric encryption too.,decent appp but it needs biomytric eniceryption too.,decent appp but it needs biomytric eniceryption too.,en,0.914,decent appp but it needs biomytric eniceryption too.,decent app but it needs biomytric eniceryption too.,decent app but it needs biomytric eniceryption too.
2e95525d-8b56-4473-9d6e-04a38135e4dc,good,gooddood,gooddood,nl,0.268,their pits,their pits,their pits
7e9afa6a-c031-4f74-b13d-37dee242ded8,য়ূূ,য়ূূ,য়ূূ,pl,0.258,Yuu,yuu,yuu
143e8935-450a-466d-8ed2-2ba7129a0841,no ivr,no ivr,no ivr,pt,0.231,no ivr,no ivr,no ivr
40a9277e-97ef-4929-9cc1-ef8f7703e3ef,good,gooddood,gooddood,nl,0.268,their pits,their pits,their pits
2916f87b-531d-4cf1-a791-33c9e73476b1,nice,nice,nice,en,0.839,nice,nice,nice
9361c6aa-d831-4b2b-aa0a-8433c70134b5,নাইস,nice,nice,en,0.839,nice,nice,nice
0642a661-68f8-41ee-9c3e-a876253e42fb,সবাই রকেট ব্যাবহার থেকে বিরত থাকুন।তারা বিনা কারণে টাকা সহ একাউন্ট ব্লক করে দেয়।,সবাই রকেট ব্যাবহার থেকে বিরত থাকুন।তারা বিনা কারণে bdt সহ একাউন্ট ব্লক করে দেয়।,সবাই রকেট ব্যাবহার থেকে বিরত থাকুন।তারা বিনা কারণে bdt সহ একাউন্ট ব্লক করে দেয়।,bn,0.991,Everyone avoid using rocket. They block accounts with bdt for no reason.,everyone avoid using rocket. they block accounts with bdt for no reason.,everyone avoid using rocket. they block accounts with bdt for no reason.
26149c81-e0f0-4c42-8271-e9d236d494d6,রকেটের বিরুদ্ধে গ্রাহকের এ্যাকাউন্টে টাকা বেশি হলে এ্যাকাউন্ট ব্যান করে টাকা মেরে দেওয়ার অভিযোগ আছে।,রকেটের বিরুদ্ধে গ্রাহকের এ্যাকাউন্টে bdt বেশি হলে এ্যাকাউন্ট ব্যান করে bdt মেরে দেওয়ার অভিযোগ আছে।,রকেটের বিরুদ্ধে গ্রাহকের এ্যাকাউন্টে bdt বেশি হলে এ্যাকাউন্ট ব্যান করে bdt মেরে দেওয়ার অভিযোগ আছে।,bn,0.998,Rocket has been accused of killing bdt by banning the account if the bdt in the customer's account is high.,rocket has been accused of killing bdt by banning the account if the bdt in the customer's account is high.,rocket has been accused of killing bdt by banning the account if the bdt in the customer's account is high.
f2c76e8f-6339-4a45-883f-fd0782edda23,good apps,gooddood appps,gooddood appps,en,0.304,gooddood appps,gooddood apps,gooddood apps
1d278860-06b6-49be-b368-2379935623d5,এটা অনেক ভালো,এটা অনেক good,এটা অনেক good,bn,0.962,It is very good,it is very good,it is very good
6265b5be-5887-404b-915c-a2be2632b956,update kore rocket theke bank transfer kora ta off kore dilen. rocket theke dbbl a transfer korer option to rakhty parten🥺,update kore rockit theke bank transapper kora ta oappapp kore dilen. rockit theke dbbl a transapper korer option to rakhty parten🥺,update kore rockit theke bank transapper kora ta oappapp kore dilen. rockit theke dbbl a transapper korer option to rakhty parten pleading_face ,en,0.299,update kore rockit theke bank transapper kora ta oappapp kore dilen. rockit theke dbbl a transapper korer option to rakhty parten pleading_face,update kore rockit theke bank transapper kora ta oappapp kore dilen. rockit theke dbbl a transapper korer option to rakhty parten pleading_face,update kore rockit theke bank transapper kora ta oappapp kore dilen. rockit theke dbbl a transapper korer option to rakhty parten pleading_face
89e439bc-5fc3-4417-bb34-fb7deb11f008,good apps,gooddood appps,gooddood appps,en,0.304,gooddood appps,gooddood apps,gooddood apps
9c4530b5-c892-4153-877d-35c593354f83,roket sudu bondo kore ❌,rokit sudu bondo kore ❌,rokit sudu bondo kore  cross_mark ,en,0.184,rokit sudu bondo kore cross_mark,rokit sudu bondo kore cross_mark,rokit sudu bondo kore cross_mark
214c68ab-304f-4852-bc9d-e5f674f43d03,why dont instol....this appp .......,why dont instol....this apppp .......,why dont instol....this apppp .......,en,0.286,why dont instol....this apppp .......,why dont instol..this app ..,why dont instol..this app ..
774edc59-71d3-4635-af74-c6e8b61c10a8,awesome,awesome,awesome,en,0.413,awesome,awesome,awesome
966f63db-a291-4778-a23d-226e3dc04f4d,"i cannot see how much charge will be deducted while making any payment or bill payment, i am drawing the attention of the authorities to implement this feature. please add this feature to the rocket app as soon as possible. thank you.","i cannot see how much chargoodde will be deducted while makingoodd any payment or bill payment, i am drawingoodd the attention oapp the authorities to implement this appeature. please add this appeature to the rockit appp as son as possible. thank you.","i cannot see how much chargoodde will be deducted while makingoodd any payment or bill payment, i am drawingoodd the attention oapp the authorities to implement this appeature. please add this appeature to the rockit appp as son as possible. thank you.",en,0.949,"i cannot see how much chargoodde will be deducted while makingoodd any payment or bill payment, i am drawingoodd the attention oapp the authorities to implement this appeature. please add this appeature to the rockit appp as son as possible. thank you.","i cannot see how much chargoodde will be deducted while makingoodd any payment or bill payment, i am drawingoodd the attention oapp the authorities to implement this appeature. please add this appeature to the rockit app as son as possible. thank you.","i cannot see how much chargoodde will be deducted while makingoodd any payment or bill payment, i am drawingoodd the attention oapp the authorities to implement this appeature. please add this appeature to the rockit app as son as possible. thank you."
35780758-11e2-4fbc-8ec9-7ea8f98115b1,"“a very dangerous trap — after opening an account and doing good transactions for a few days, suddenly they close the account along with the money. then you will fall into an embarrassing situation. rocket company does not solve any problems, extremely poor service.”","“a very dangoodderous trapp — aappter openingoodd an account and doingoodd gooddood transactions apafter a appew days, suddenly they close the account aloangoodd with the money. then you will appall into an embarrassingoodd situation. rockit company does not solve any problems, extremely poor serbrotherce.”","“a very dangoodderous trapp — aappter openingoodd an account and doingoodd gooddood transactions apafter a appew days, suddenly they close the account aloangoodd with the money. then you will appall into an embarrassingoodd situation. rockit company does not solve any problems, extremely poor serbrotherce.”",en,0.884,"“a very dangoodderous trapp — aappter openingoodd an account and doingoodd gooddood transactions apafter a appew days, suddenly they close the account aloangoodd with the money. then you will appall into an embarrassingoodd situation. rockit company does not solve any problems, extremely poor serbrotherce.”","a very dangoodderous trapp aappter openingoodd an account and doingoodd gooddood transactions apafter a appew days, suddenly they close the account aloangoodd with the money. then you will appall into an embarrassingoodd situation. rockit company does not solve any problems, extremely poor serbrotherce.","a very dangoodderous trapp aappter openingoodd an account and doingoodd gooddood transactions apafter a appew days, suddenly they close the account aloangoodd with the money. then you will appall into an embarrassingoodd situation. rockit company does not solve any problems, extremely poor serbrotherce."
31ef0e6f-64c8-4570-ae85-e1d5f5bf9114,ফালতু এপস্,ফালতু এপস্,ফালতু এপস্,bn,0.877,junk apps,junk apps,junk apps
36dcd7b2-c5b8-4c88-bac2-766397b7ecf9,টাকা সহ রকেট এখন বন্ধ করা যাবে না,bdt সহ রকেট এখন বন্ধ করা যাবে না,bdt সহ রকেট এখন বন্ধ করা যাবে না,bn,1.0,Rocket with bdt cannot be stopped now,rocket with bdt cannot be stopped now,rocket with bdt cannot be stopped now
2c858ce9-245d-45dd-8d37-dd1d1cf01b54,বয়কট,বয়কট,বয়কট,bn,0.83,Boycott,boycott,boycott
d0e88077-137d-43c2-99e6-d3f36405b68c,বয়কট রকেট❌ #boycott_rocket ইচ্ছা মতো একাউন্ট বন্ধ করে দেয় টাকা সহ,বয়কট রকেট❌ #boycott_rockit ইচ্ছা মতো একাউন্ট বন্ধ করে দেয় bdt সহ,বয়কট রকেট cross_mark  #boycott_rockit ইচ্ছা মতো একাউন্ট বন্ধ করে দেয় bdt সহ,bn,0.961,Boycott Rocket cross_mark #boycott_rockit terminates accounts at will with bdt,boycott rocket cross_mark boycott_rockit terminates accounts at will with bdt,boycott rocket cross_mark boycott_rockit terminates accounts at will with bdt
37788b91-f57a-4f27-b7b5-078de50143cf,রকেট একটা বড় ধরনের বাটপার যার একাউন্টে টাকা বেশি থাকে তার একাউন্ট টাকা সহ বন্ধ করে দিচ্ছে ⭕❌রকেট চোর রকেট বাটপার⭕❌ পারলে রিপ্লাই দেন,রকেট একটা বড় ধরনের বাটপার যার একাউন্টে bdt বেশি থাকে তার একাউন্ট bdt সহ বন্ধ করে দিচ্ছে ⭕❌রকেট চোর রকেট বাটপার⭕❌ পারলে রিপ্লাই দেন,রকেট একটা বড় ধরনের বাটপার যার একাউন্টে bdt বেশি থাকে তার একাউন্ট bdt সহ বন্ধ করে দিচ্ছে  hollow_red_circle  cross_mark রকেট চোর রকেট বাটপার hollow_red_circle  cross_mark  পারলে রিপ্লাই দেন,bn,0.982,Rocket is a big butper whose account has more bdt closing his account with bdt hollow_red_circle cross_mark Rocket thief Rocket butper hollow_red_circle cross_mark Reply if possible,rocket is a big butper whose account has more bdt closing his account with bdt hollow_red_circle cross_mark rocket thief rocket butper hollow_red_circle cross_mark reply if possible,rocket is a big butper whose account has more bdt closing his account with bdt hollow_red_circle cross_mark rocket thief rocket butper hollow_red_circle cross_mark reply if possible
d7446123-f52b-46cf-b1b9-8fe8b7eede23,nice app,nice appp,nice appp,en,0.785,nice appp,nice app,nice app
f06d0b8f-60dc-4417-a418-840e9eae8e0a,fine,appine,appine,en,0.647,appine,appine,appine
e47c6589-bd1c-4a11-adbc-8b9da2f27ba1,good job,gooddood job,gooddood job,en,0.416,gooddood job,gooddood job,gooddood job
921a4412-a1b4-4f2d-a793-96717d2f033e,ok!,ok!,ok!,uz,0.475,ok!,ok!,ok!
34c9ea04-e1ed-433f-8f5f-4381e484381a,nice app,nice appp,nice appp,en,0.785,nice appp,nice app,nice app
5eeac480-fa85-477f-81e4-2871530f3dd0,naice,no/notice,no/notice,no,0.385,no/notice,nonotice,nonotice
c2a179a9-10d7-4975-baee-59bca90c7a60,"a great app, easy to use.","a gooddreat appp, easy to use.","a gooddreat appp, easy to use.",en,0.796,"a gooddreat appp, easy to use.","a gooddreat app, easy to use.","a gooddreat app, easy to use."
ed1515f7-a8ec-415f-958d-39e2bf09fec7,আপনাদের কেওয়াইসি সিস্টেম আপডেট করেন। একাউন্ট খুলতে গেলে ফেস নিতে চায় না সহজে অনেকবার চেষ্টা করার পরেও হয় নাই। তারপর আর রাগ করে অ্যাকাউন্ট খুলি নাই। আপনাদের ফালতু কিভাবে সিস্টেমের কারণে কে ইউজ করবে রকেট বলেন ফেস নিতে চায় না। অথচ একই সময় বিকাশ নগদ একাউন্ট খুলে ফেললাম বাট আপনার রকেট অ্যাকাউন্ট খুলতে গিয়ে ঝামেলা করল।,appনাদের কেওয়াইসি সিস্টেম appডেট করেন। একাউন্ট খুলতে গেলে ফেস নিতে চায় না সহজে অনেকবার চেষ্টা করার পরেও হয় নাই। তারপর আর রাগ করে অ্যাকাউন্ট খুলি নাই। appনাদের ফালতু কিভাবে সিস্টেমের কারণে কে ইউজ করবে রকেট বলেন ফেস নিতে চায় না। অথচ একই সময় বিকাশ নগদ একাউন্ট খুলে ফেললাম বাট appনার রকেট অ্যাকাউন্ট খুলতে গিয়ে ঝামেলা করল।,appনাদের কেওয়াইসি সিস্টেম appডেট করেন। একাউন্ট খুলতে গেলে ফেস নিতে চায় না সহজে অনেকবার চেষ্টা করার পরেও হয় নাই। তারপর আর রাগ করে অ্যাকাউন্ট খুলি নাই। appনাদের ফালতু কিভাবে সিস্টেমের কারণে কে ইউজ করবে রকেট বলেন ফেস নিতে চায় না। অথচ একই সময় বিকাশ নগদ একাউন্ট খুলে ফেললাম বাট appনার রকেট অ্যাকাউন্ট খুলতে গিয়ে ঝামেলা করল।,bn,1.0,"app Nader KYC system app. It doesn't want to open the account, it doesn't want to take the face easily, even after trying many times, it doesn't work. Then I did not open the account in anger. Rocket doesn't want to take the app because of the nonsense of the system. But at the same time I opened the Bikash cash account but the appner rocket made trouble while opening the account.","app nader kyc system app. it doesn't want to open the account, it doesn't want to take the face easily, even after trying many times, it doesn't work. then i did not open the account in anger. rocket doesn't want to take the app because of the nonsense of the system. but at the same time i opened the bikash cash account but the appner rocket made trouble while opening the account.","app nader kyc system app. it doesn't want to open the account, it doesn't want to take the face easily, even after trying many times, it doesn't work. then i did not open the account in anger. rocket doesn't want to take the app because of the nonsense of the system. but at the same time i opened the bikash cash account but the appner rocket made trouble while opening the account."
9cb9b036-f34e-436a-bb8b-f0f21034bc4a,খুব ভালো,খুব good,খুব good,en,0.614,very good,very good,very good
be24a84b-b0e1-44a0-8bbc-df9f342a2929,good,gooddood,gooddood,nl,0.268,their pits,their pits,their pits
70c72c06-2cdb-43ff-8f4f-a92f733df97a,রকেট মানে একদম রকেটের গতিতে টাকা যায় এবং আসে,রকেট মানে একদম রকেটের গতিতে bdt যায় এবং আসে,রকেট মানে একদম রকেটের গতিতে bdt যায় এবং আসে,bn,1.0,Rocket means bdt comes and goes with rocket speed,rocket means bdt comes and goes with rocket speed,rocket means bdt comes and goes with rocket speed
b2d1966e-4192-4ba5-a3c5-fff767a8d6ad,"if a direct cash-out system from rocket merchant to agent is introduced, it would be very helpful. currently, we have to send money to a personal account and then cash out. it would be better if this feature is enabled.","iapp a direct cash-out system approm rockit merchant to agooddent is introduced, it would be very helpappul. currently, we have to send money to a persono/notl account and then cash out. it would be bitter iapp this appeature is eno/notbled.","iapp a direct cash-out system approm rockit merchant to agooddent is introduced, it would be very helpappul. currently, we have to send money to a persono/notl account and then cash out. it would be bitter iapp this appeature is eno/notbled.",en,0.952,"iapp a direct cash-out system approm rockit merchant to agooddent is introduced, it would be very helpappul. currently, we have to send money to a persono/notl account and then cash out. it would be bitter iapp this appeature is eno/notbled.","iapp a direct cash-out system approm rockit merchant to agooddent is introduced, it would be very helpappul. currently, we have to send money to a persononotl account and then cash out. it would be bitter iapp this appeature is enonotbled.","iapp a direct cash-out system approm rockit merchant to agooddent is introduced, it would be very helpappul. currently, we have to send money to a persononotl account and then cash out. it would be bitter iapp this appeature is enonotbled."
035c83eb-46d5-4824-b73b-013ecfd3fc9c,good app,gooddood appp,gooddood appp,en,0.266,gooddood appp,gooddood app,gooddood app
8215abed-6d99-4037-a7ba-c3d3f553dfb6,nice,nice,nice,en,0.839,nice,nice,nice
265a2949-b75f-4e3c-ac2e-a2332a37f960,ধন্যবাদ,ধন্যবাদ,ধন্যবাদ,bn,0.986,thank you,thank you,thank you
6b7fb989-001d-4e0f-8cf3-9d0ecceb72d5,সাকিল,সাকিল,সাকিল,bn,0.991,Sakil,sakil,sakil
da7230f5-fdf0-48fe-8d45-4dac7bc697db,excellent,excellent,excellent,en,0.821,excellent,excellent,excellent
8fd905e2-e42d-4ee0-8e2c-75f73d5e78c3,ভেরি গুড,ভেরি গুড,ভেরি গুড,bn,0.995,very good,very good,very good
f724117a-b615-49bf-900e-b995d7f7fc03,add beneficiaries option for 1 click transfer.,add beneappiciaries option apafter 1 click transapper.,add beneappiciaries option apafter 1 click transapper.,en,0.22,add beneappiciaries option apafter 1 click transapper.,add beneappiciaries option apafter 1 click transapper.,add beneappiciaries option apafter 1 click transapper.
e8ec638d-85c0-4120-adbb-a8ebf2409fb7,vre bet,vre bit,vre bit,en,0.586,vre bit,vre bit,vre bit
91bd723f-2a80-4e5c-843f-7a7ba2b0f1bc,nice,nice,nice,en,0.839,nice,nice,nice
1f14dd4b-310b-4a53-b66c-772d10890d8e,fine,appine,appine,en,0.647,appine,appine,appine
ca95c7f8-81dc-484e-8c56-3e5daf8709a8,good quality international bangladesh 🇧🇩,gooddood quality interno/nottiono/notl bangooddladesh 🇧🇩,gooddood quality interno/nottiono/notl bangooddladesh  Bangladesh ,en,0.339,gooddood quality interno/nottiono/notl bangooddladesh  Bangladesh,gooddood quality internonottiononotl bangooddladesh bangladesh,gooddood quality internonottiononotl bangooddladesh bangladesh
b798b42a-9c2c-4eea-8c7e-fa32a49b698e,op,op,op,nl,1.0,op,op,op
3233016c-4450-47be-bf0b-3cdf2d0ab89e,good,gooddood,gooddood,nl,0.268,their pits,their pits,their pits
add7f732-6838-4aec-91f9-bdd1220a29d0,fine apk,appine appk,appine appk,en,0.593,appine appk,appine appk,appine appk
df4d31ae-7b22-4693-a170-6923ab6e87e9,আবডেট,আবডেট,আবডেট,bn,0.977,Abdate,abdate,abdate
64067786-46e2-4632-a6a5-b60bc00ba5d7,is very nice application,is very nice appplication,is very nice appplication,en,0.994,is very nice appplication,is very nice application,is very nice application
eb74d963-2014-4896-bbbd-4ee1d8030583,nine years ago,nine years agooddo,nine years agooddo,en,0.576,nine years agooddo,nine years agooddo,nine years agooddo
95137738-88b2-4d0d-b29b-8486b9f44537,vol,vol,vol,ru,0.301,vol,vol,vol
478a7d7b-ae4f-4fb4-affe-e408cc6288af,nice apps,nice appps,nice appps,en,0.78,nice appps,nice apps,nice apps
9340357f-0cf7-4afd-a523-834485ff7e54,bad,bad,bad,en,0.295,bad,bad,bad
ecc7a371-71fd-44e6-9547-f1f19412c20f,nice apple,nice appple,nice appple,en,0.92,nice appple,nice apple,nice apple
83e3cde4-f49b-411f-ad92-66a66b09d6ce,good,gooddood,gooddood,nl,0.268,their pits,their pits,their pits
16a38330-57aa-47c9-9ec8-c592b89a08ad,nice,nice,nice,en,0.839,nice,nice,nice
f7a62959-ac5d-475e-9e72-ca01bf4dfa40,good,gooddood,gooddood,nl,0.268,their pits,their pits,their pits
06a645b2-c190-4aad-88b7-84248c0d09a7,auto otp is not best manually is best tai bolbo jodi hoi tahole manually kore den 🤔,auto otp is not best manually is best tai bolbo jodi hoi tahole manually kore den 🤔,auto otp is not best manually is best tai bolbo jodi hoi tahole manually kore den  thinking_face ,en,0.633,auto otp is not best manually is best tai bolbo jodi hoi tahole manually kore den thinking_face,auto otp is not best manually is best tai bolbo jodi hoi tahole manually kore den thinking_face,auto otp is not best manually is best tai bolbo jodi hoi tahole manually kore den thinking_face
6366c95c-270c-4f5d-9026-92be4fbf0822,good app,gooddood appp,gooddood appp,en,0.266,gooddood appp,gooddood app,gooddood app
57655637-3fa2-4497-9b7a-5ed7666824df,nice app,nice appp,nice appp,en,0.785,nice appp,nice app,nice app
878019bf-be7b-4a7f-804b-3d1b7d5eeecd,nice,nice,nice,en,0.839,nice,nice,nice
2e292a03-d432-4b4d-9fe4-89a5a84569b3,very bad apps. last 30 days transaction history not shown.,very bad appps. last 30 days transaction history not shown.,very bad appps. last 30 days transaction history not shown.,en,0.872,very bad appps. last 30 days transaction history not shown.,very bad apps. last 30 days transaction history not shown.,very bad apps. last 30 days transaction history not shown.
4267f2b0-faf0-47ab-b27a-efcba5518f8b,nice app,nice appp,nice appp,en,0.785,nice appp,nice app,nice app
0884aec4-c5e2-4269-a40e-10a4aa314fd8,good apk,gooddood appk,gooddood appk,nl,0.309,gooddood appk,gooddood appk,gooddood appk
3703c933-fe62-41ef-894e-19a29ab2e840,good,gooddood,gooddood,nl,0.268,their pits,their pits,their pits
7351b71a-0083-4d7a-be30-8d52a82227e1,i want that fast work rocket then other app.,i want that appast work rockit then other appp.,i want that appast work rockit then other appp.,en,0.89,i want that appast work rockit then other appp.,i want that appast work rockit then other app.,i want that appast work rockit then other app.
38e12560-364a-41c2-95dc-f7a5cf574d51,nice,nice,nice,en,0.839,nice,nice,nice
2654071f-79d1-4583-8958-9f9cfbc82bc2,recently fund transfer to dbbl account is not allowed. they are showing to link account. how can i link someone else's account number to my rocket app. it is disappointing for me . it is happening after new update. 😓😓😓😓,recently appund transapper to dbbl account is not allowed. they are showingoodd to link account. how can i link someone else's account number to my rockit appp. it is disapppointingoodd apafter me . it is happpeningoodd aappter new update. 😓😓😓😓,recently appund transapper to dbbl account is not allowed. they are showingoodd to link account. how can i link someone else's account number to my rockit appp. it is disapppointingoodd apafter me . it is happpeningoodd aappter new update.  downcast_face_with_sweat  downcast_face_with_sweat  downcast_face_with_sweat  downcast_face_with_sweat ,en,0.834,recently appund transapper to dbbl account is not allowed. they are showingoodd to link account. how can i link someone else's account number to my rockit appp. it is disapppointingoodd apafter me . it is happpeningoodd aappter new update.  downcast_face_with_sweat  downcast_face_with_sweat  downcast_face_with_sweat  downcast_face_with_sweat,recently appund transapper to dbbl account is not allowed. they are showingoodd to link account. how can i link someone else's account number to my rockit app. it is disappointingoodd apafter me . it is happeningoodd aappter new update. downcast_face_with_sweat downcast_face_with_sweat downcast_face_with_sweat downcast_face_with_sweat,recently appund transapper to dbbl account is not allowed. they are showingoodd to link account. how can i link someone else's account number to my rockit app. it is disappointingoodd apafter me . it is happeningoodd aappter new update. downcast_face_with_sweat downcast_face_with_sweat downcast_face_with_sweat downcast_face_with_sweat
c1aeef3f-0ea6-4693-9727-24f9931d483a,lovely,loveely,loveely,nl,0.579,loveely,loveely,loveely
9fa1c99a-6d49-4e3f-b326-c96a0783760c,কি থতমমম,কি থতমমম,কি থতমমম,bn,0.987,What the hell,what the hell,what the hell
0f54bc0d-6bb2-4162-8670-8916854dcfca,shofikol,shoappikol,shoappikol,it,0.151,shoappicol,shoappicol,shoappicol
ad4c767d-d3ad-40a7-9e2d-30c86b6776aa,রুমাল,রুমাল,রুমাল,bn,0.958,Handkerchief,handkerchief,handkerchief
6f3ba7ee-e4f2-4e42-9ba4-fa964fb2f6a7,app account jhukta karte pardesi parker new ki,appp account jhukta karte pardesi parker new ki,appp account jhukta karte pardesi parker new ki,en,0.403,appp account jhukta karte pardesi parker new ki,app account jhukta karte pardesi parker new ki,app account jhukta karte pardesi parker new ki
348db298-16b6-4aa8-bca8-439a018d4caf,nice,nice,nice,en,0.839,nice,nice,nice
33a1bd22-93c7-4695-9c5c-fa26495c59f4,🥰🥰,🥰🥰, smiling_face_with_hearts  smiling_face_with_hearts ,en,0.493,smiling_face_with_hearts  smiling_face_with_hearts,smiling_face_with_hearts smiling_face_with_hearts,smiling_face_with_hearts smiling_face_with_hearts
46dbc873-8649-4b5b-9e10-d5ef159d8b13,আস ব। ভ আ দিয়ে পদাএক্সওতেই ফ🙂কায়াদায়া🗽🏭রাএ,আস ব। ভ আ দিয়ে পদাএক্সওতেই ফ🙂কায়াদায়া🗽🏭রাএ,আস ব। ভ আ দিয়ে পদাএক্সওতেই ফ slightly_smiling_face কায়াদায়া Statue_of_Liberty  factory রাএ,bn,0.862,come b slightly_smiling_face Statue_of_Liberty factory,come b slightly_smiling_face statue_of_liberty factory,come b slightly_smiling_face statue_of_liberty factory
aa2dbac5-40b0-4b4f-8209-57e7ed401c24,amankhan,amankhan,amankhan,en,0.361,Amankhan,amankhan,amankhan
50d7ac57-b2cc-4c15-9028-3d24444d8960,best app,best appp,best appp,en,0.413,best appp,best app,best app
5002d773-5ea4-4062-ba1f-a428aac94d49,গুড,গুড,গুড,bn,0.998,good,good,good
d5bb2a1b-d5b4-49fe-8fa8-216df4128b13,লাস্ট আপডেটের পর মোবাইল ডাটা দিয়ে এপ স্লো চলতেছে।আর ব্যাংক ট্রান্সফার হচ্ছে না।শুধু লিংকড একাউন্টে হচ্ছে।এটা সমাধান করলে ভালো হয়।,লাস্ট appডেটের পর মোবাইল ডাটা দিয়ে এপ স্লো চলতেছে।আর ব্যাংক ট্রান্সফার হচ্ছে না।শুধু লিংকড একাউন্টে হচ্ছে।এটা সমাধান করলে good হয়।,লাস্ট appডেটের পর মোবাইল ডাটা দিয়ে এপ স্লো চলতেছে।আর ব্যাংক ট্রান্সফার হচ্ছে না।শুধু লিংকড একাউন্টে হচ্ছে।এটা সমাধান করলে good হয়।,bn,0.999,"After the last app update, the app is running slow with mobile data. And the bank transfer is not happening. It is only happening in the linked account. It is good if you solve it.","after the last app update, the app is running slow with mobile data. and the bank transfer is not happening. it is only happening in the linked account. it is good if you solve it.","after the last app update, the app is running slow with mobile data. and the bank transfer is not happening. it is only happening in the linked account. it is good if you solve it."
9f325a13-0037-4e41-8e3f-de8b749da277,nice rocket app,nice rockit appp,nice rockit appp,en,0.463,nice rockit appp,nice rockit app,nice rockit app
ebaec624-a823-47a4-b089-e113f653b209,nice,nice,nice,en,0.839,nice,nice,nice
ed9019b1-8e2d-4159-8ad3-d0eb98f470dc,good,gooddood,gooddood,nl,0.268,their pits,their pits,their pits
97e1ba0b-22a7-4654-b579-c4c4673973f2,moterfckers rocket take too long time when i cash out......🥵🤬🤬🤬🤬,moterappckers rockit take too loangoodd time when i cash out......🥵🤬🤬🤬🤬,moterappckers rockit take too loangoodd time when i cash out...... hot_face  face_with_symbols_on_mouth  face_with_symbols_on_mouth  face_with_symbols_on_mouth  face_with_symbols_on_mouth ,en,0.422,moterappckers rockit take too loangoodd time when i cash out...... hot_face  face_with_symbols_on_mouth  face_with_symbols_on_mouth  face_with_symbols_on_mouth  face_with_symbols_on_mouth,moterappckers rockit take too loangoodd time when i cash out.. hot_face face_with_symbols_on_mouth face_with_symbols_on_mouth face_with_symbols_on_mouth face_with_symbols_on_mouth,moterappckers rockit take too loangoodd time when i cash out.. hot_face face_with_symbols_on_mouth face_with_symbols_on_mouth face_with_symbols_on_mouth face_with_symbols_on_mouth
17838e30-22a6-4a03-81e1-f4ebcbdc76aa,roket marchent app mobile recharge chalu koren.. atm cash out limit 30000 taka koren,rokit marchent appp mobilee rechargoodde start koren.. atm cash out limyt 30000 taka koren,rokit marchent appp mobilee rechargoodde start koren.. atm cash out limyt 30000 taka koren,en,0.15,rokit marchent appp mobilee rechargoodde start koren.. atm cash out limyt 30000 taka koren,rokit marchent app mobilee rechargoodde start koren.. atm cash out limyt 300 taka koren,rokit marchent app mobilee rechargoodde start koren.. atm cash out limyt 300 taka koren
e06f96a2-bd3f-4ede-a153-590e98a84c63,rocket 🚀good,rockit 🚀gooddood,rockit  rocket gooddood,en,0.316,rockit  rocket gooddood,rockit rocket gooddood,rockit rocket gooddood
fa65e3d2-ca76-4551-b84f-f502df96a575,nice,nice,nice,en,0.839,nice,nice,nice
3ee407c6-bb32-48b2-99cc-66f4b0a2b6cf,so good,so gooddood,so gooddood,lb,0.221,so gooddood,so gooddood,so gooddood
0ac48df4-5c31-486f-b862-a973f954be9b,গুড,গুড,গুড,bn,0.998,good,good,good
b3cf8b3e-6834-4789-8e37-1685810b2e0b,"foul app. can not open account, can not accept nid pictures, disgusting experience 👎","appoul appp. can not open account, can not accept nid pictures, disgooddustingoodd experienicee 👎","appoul appp. can not open account, can not accept nid pictures, disgooddustingoodd experienicee  thumbs_down ",en,0.622,"appoul appp. can not open account, can not accept nid pictures, disgooddustingoodd experienicee  thumbs_down","appoul app. can not open account, can not accept nid pictures, disgooddustingoodd experienicee thumbs_down","appoul app. can not open account, can not accept nid pictures, disgooddustingoodd experienice thumbs_down"
6c851eef-14e7-4562-8c63-182fd9f971bc,very good app,very gooddood appp,very gooddood appp,en,0.92,very gooddood appp,very gooddood app,very gooddood app
32b839a8-2087-4eae-af05-4019b2a26788,good,gooddood,gooddood,nl,0.268,their pits,their pits,their pits
75b8b14d-18ce-459f-aa76-15ecca78a3c8,nice,nice,nice,en,0.839,nice,nice,nice
0d145ef2-937f-4e41-afef-dc5458aad3de,nice,nice,nice,en,0.839,nice,nice,nice
2b873bb8-3098-4f5d-8179-96d057f3a962,good,gooddood,gooddood,nl,0.268,their pits,their pits,their pits
ce370eae-de6e-46cc-933e-cfe4cf98e8d7,load nai... please bank theke b2b korer system chalu koren....amra tho dsr ke beshir bagg painaa...load er jonno....bank to agent b2b chalu koren.....,load no/noti... please bank theke b2b korer system start koren....mya tho dsr ke beshir bagooddgoodd paino/nota...load er jonno....bank to agooddent b2b start koren.....,load no/noti... please bank theke b2b korer system start koren....mya tho dsr ke beshir bagooddgoodd paino/nota...load er jonno....bank to agooddent b2b start koren.....,en,0.295,load no/noti...please bank theke b2b korer system start koren....mya tho dsr ke beshir bagooddgoodd paino/nota...load er jonno....bank to agooddent b2b start koren.....,load nonoti..please bank theke b2b korer system start koren..mya tho dsr ke beshir bagooddgoodd painonota..load er jonno..bank to agooddent b2b start koren..,load nonoti..please bank theke b2b korer system start koren..mya tho dsr ke beshir bagooddgoodd painonota..load er jonno..bank to agooddent b2b start koren..
2eb6f28e-f209-456c-918f-5f912caec249,good,gooddood,gooddood,nl,0.268,their pits,their pits,their pits
fec75457-2f0e-4cfd-baf1-2ea8a255cafc,ok,ok,ok,en,0.898,ok,ok,ok
6566744b-e57b-49e3-b8f5-58da78ad50d4,very good app,very gooddood appp,very gooddood appp,en,0.92,very gooddood appp,very gooddood app,very gooddood app
6266005f-ae4e-4fa5-b279-7beade304e45,good app,gooddood appp,gooddood appp,en,0.266,gooddood appp,gooddood app,gooddood app
b6240347-8861-40f8-a720-beb7fa8ce147,billal,billal,billal,en,0.503,billal,billal,billal
0583939e-bd8d-468d-88fa-762396c02e78,ধন্যবাদ রকেট,ধন্যবাদ রকেট,ধন্যবাদ রকেট,bn,1.0,Thanks Rocket,thanks rocket,thanks rocket
2bc5b28f-6039-4525-a216-c98463cc6b7a,এপপ্স আপডেট দিবার পরে এখন bpdb প্রিপেইড রিচার্জ আর হচ্ছে না। error দেখায়। third party low balance: 3,এপপ্স appডেট দিবার পরে এখন bpdb প্রিপেইড রিচার্জ আর হচ্ছে না। error দেখায়। third party low balanicee: 3,এপপ্স appডেট দিবার পরে এখন bpdb প্রিপেইড রিচার্জ আর হচ্ছে না। error দেখায়। third party low balanicee: 3,bn,0.994,Now bpdb prepaid recharge is not happening after app update. shows error. third party low balanicee: 3,now bpdb prepaid recharge is not happening after app update. shows error. third party low balanicee: 3,now bpdb prepaid recharge is not happening after app update. shows error. third party low balanice: 3
2da92dc7-a1b9-4f5a-948d-e47106cab5ae,ok,ok,ok,en,0.898,ok,ok,ok
e1d17987-bd60-4724-9da5-21366b5092c9,nc apps,nice appps,nice appps,en,0.78,nice appps,nice apps,nice apps
1e4c736b-516a-4a91-9810-9c16663201c6,nice,nice,nice,en,0.839,nice,nice,nice
02b6b5d6-fe3b-45a8-b071-3aa3a38e2da8,nice,nice,nice,en,0.839,nice,nice,nice
178f0d7f-1a47-4c83-ab78-7de0aef9ab63,nice,nice,nice,en,0.839,nice,nice,nice
fae5deb2-e24b-46e9-87a6-26fc178cf957,সু,সু,সু,bn,0.924,Soo,soo,soo
c3b9e681-acea-41ee-9a89-96d24eec67cd,good,gooddood,gooddood,nl,0.268,their pits,their pits,their pits
634fe208-2723-46fa-a41f-92a4d757470e,when i am recharge from agent. money is not add in my rocket account. pls fix this issue as soon as possible,when i am rechargoodde approm agooddent. money is not add in my rockit account. please appix this issue as son as possible,when i am rechargoodde approm agooddent. money is not add in my rockit account. please appix this issue as son as possible,en,0.928,when i am rechargoodde approm agooddent. money is not add in my rockit account. please appix this issue as son as possible,when i am rechargoodde approm agooddent. money is not add in my rockit account. please appix this issue as son as possible,when i am rechargoodde approm agooddent. money is not add in my rockit account. please appix this issue as son as possible
ff7890d0-df73-4827-b7d0-6af0e276aa80,god app,gooddod appp,gooddod appp,fr,0.33,gooddod appp,gooddod app,gooddod app
6c03c9b5-eaf5-4bb0-9776-df5c30aaad34,good,gooddood,gooddood,nl,0.268,their pits,their pits,their pits
770f4216-0966-40de-bbd6-7fe296c163c6,md rubel🇧🇩🇧🇩🇧🇩,md rubel🇧🇩🇧🇩🇧🇩,md rubel Bangladesh  Bangladesh  Bangladesh ,en,0.583,md rubel Bangladesh  Bangladesh  Bangladesh,md rubel bangladesh bangladesh bangladesh,md rubel bangladesh bangladesh bangladesh
2b5a7cb0-3c20-46ee-b4ad-3b95ba84239d,nice,nice,nice,en,0.839,nice,nice,nice
11ef8e10-0b8e-4112-969a-926a28631c17,very half full aps,very halapp appull apps,very halapp appull apps,en,0.909,very halapp appull apps,very halapp appull apps,very halapp appull apps
793eb394-30cb-4ab5-8b3c-36b908d8860f,ভালো,good,good,en,0.895,good,good,good
5d041c73-cae2-4915-b0f5-62da1bcbdb53,good,gooddood,gooddood,nl,0.268,their pits,their pits,their pits
9f24fa5c-1b65-4b19-97f7-17bd1722941e,good apps,gooddood appps,gooddood appps,en,0.304,gooddood appps,gooddood apps,gooddood apps
d4f1f2dd-4a92-491b-b89f-e3460f9b2885,this is the very easy app,this is the very easy appp,this is the very easy appp,en,0.989,this is the very easy appp,this is the very easy app,this is the very easy app
069a968c-2db1-4521-9e97-3b16b9a301d2,3rd class app. nid verification failed..,3rd class appp. nid veryappication appailed..,3rd class appp. nid veryappication appailed..,en,0.784,3rd class appp. nid veryappication appailed..,3rd class app. nid veryappication appailed..,3rd class app. nid veryappication appailed..
f03c34e5-40aa-4965-aae8-e650ed95dc92,not bad.,not bad.,not bad.,en,0.75,not bad.,not bad.,not bad.
82350ead-cebe-4b8f-ad2b-b15386b10f06,best app,best appp,best appp,en,0.413,best appp,best app,best app
73457c07-61c4-4a7c-b989-2d8d91640edc,good,gooddood,gooddood,nl,0.268,their pits,their pits,their pits
88a6d774-4129-4529-ab5c-f4fdae91202a,useful,useappul,useappul,en,0.531,useappul,useappul,useappul
a9a47ad3-9292-4a3f-9e62-e53d4209a133,"এপ এ একাউন্ট টা লগইন করতে পারছি না।প্রথমবার রকেট এপ ইন্সটল করসি।নাম্বার দেই, অফিস থেকে কল দেয়,পাসওয়ার্ডও দেই কিন্তু লগইন করছে না।যখন লগইন করবে তখন রিভিউ পরিবর্তন করে দিবো।","এপ এ একাউন্ট টা লগইন করতে পারছি না।প্রথমবার রকেট এপ ইন্সটল করসি।নাম্বার দেই, অফিস থেকে কল দেয়,পাসওয়ার্ডও দেই কিন্তু লগইন করছে না।যখন লগইন করবে তখন রিভিউ পরিবর্তন করে দিবো।","এপ এ একাউন্ট টা লগইন করতে পারছি না।প্রথমবার রকেট এপ ইন্সটল করসি।নাম্বার দেই, অফিস থেকে কল দেয়,পাসওয়ার্ডও দেই কিন্তু লগইন করছে না।যখন লগইন করবে তখন রিভিউ পরিবর্তন করে দিবো।",bn,0.999,"I can't login to the account in the app. I installed the rocket app for the first time. I gave the number, called from the office, also gave the password, but it is not logging in. I will change the review when I login.","i can't login to the account in the app. i installed the rocket app for the first time. i gave the number, called from the office, also gave the password, but it is not logging in. i will change the review when i login.","i can't login to the account in the app. i installed the rocket app for the first time. i gave the number, called from the office, also gave the password, but it is not logging in. i will change the review when i login."
ff4062f8-4232-4367-a818-dd5133d5e2c7,nice,nice,nice,en,0.839,nice,nice,nice
3cd098d7-56f3-4cb3-8c0f-f2e433ecf3d4,"dutch bangla bank rocket. first mfs & banking app in bangladesh. still, best. why? your privacy matters that other brands with the maximum market do not care about. - installed rocket - created account - used nid number - scanned face - otp verified with the largest atm/crm network across the country, cash-in is easy! pay dncc tax against e-holding no. pay titas gas bills. rocket agents are available across the country, too.","dutch bangooddla bank rockit. appirst mapps & bankingoodd appp in bangooddladesh. still, best. why? your privacy matters that other brands with the maximum markit do not care about. - installed rockit - created account - used nid number - scanned appace - otp veryappied with the largooddest atm/crm nitwork across the country, cash-in is easy! pay dnicec tax agooddainst e-holdingoodd no. pay titas gooddas bills. rockit agooddents are abrotherlable across the country, too.","dutch bangooddla bank rockit. appirst mapps & bankingoodd appp in bangooddladesh. still, best. why? your privacy matters that other brands with the maximum markit do not care about. - installed rockit - created account - used nid number - scanned appace - otp veryappied with the largooddest atm/crm nitwork across the country, cash-in is easy! pay dnicec tax agooddainst e-holdingoodd no. pay titas gooddas bills. rockit agooddents are abrotherlable across the country, too.",en,0.874,"dutch bangooddla bank rockit. appirst mapps & bankingoodd appp in bangooddladesh. still, best. why? your privacy matters that other brands with the maximum markit do not care about. - installed rockit - created account - used nid number - scanned appace - otp veryappied with the largooddest atm/crm nitwork across the country, cash-in is easy! pay dnicec tax agooddainst e-holdingoodd no. pay titas gooddas bills. rockit agooddents are abrotherlable across the country, too.","dutch bangooddla bank rockit. appirst mapps & bankingoodd app in bangooddladesh. still, best. why? your privacy matters that other brands with the maximum markit do not care about. - installed rockit - created account - used nid number - scanned appace - otp veryappied with the largooddest atmcrm nitwork across the country, cash-in is easy! pay dnicec tax agooddainst e-holdingoodd no. pay titas gooddas bills. rockit agooddents are abrotherlable across the country, too.","dutch bangooddla bank rockit. appirst mapps & bankingoodd app in bangooddladesh. still, best. why? your privacy matters that other brands with the maximum markit do not care about. - installed rockit - created account - used nid number - scanned appace - otp veryappied with the largooddest atmcrm nitwork across the country, cash-in is easy! pay dnicec tax agooddainst e-holdingoodd no. pay titas gooddas bills. rockit agooddents are abrotherlable across the country, too."
0ef63f0c-700c-4f0c-a5c4-46ad699a723c,app chola na keno....root dives dakasha......bkash nogod sob cholcha....rocket chola na....,appp chola no/not whyo....root dives dakasha......bkash nogooddod sob cholcha....rockit chola no/not....,appp chola no/not whyo....root dives dakasha......bkash nogooddod sob cholcha....rockit chola no/not....,pt,0.255,appp chola no/not whyo....root dives dakasha......bkash nogooddod sob cholcha....rockit chola no/not....,app chola nonot whyo..root dives dakasha..bkash nogooddod sob cholcha..rockit chola nonot..,app chola nonot whyo..root dives dakasha..bkash nogooddod sob cholcha..rockit chola nonot..
2a430aec-bae5-4eac-a8b5-d76fd46c2b06,rocket app just wow and helpful,rockit appp just wow and helpappul,rockit appp just wow and helpappul,en,0.686,rockit appp just wow and helpappul,rockit app just wow and helpappul,rockit app just wow and helpappul
7488db15-fc35-4e6f-b065-3bc349ee493c,nice,nice,nice,en,0.839,nice,nice,nice
2329ed94-eae3-4dfb-b7a3-6bdebf516448,"binimoy service not working, showing error while try to open it from rocket app. error message: 'exception occured!!! java.lang.nullpointerexception""","binimoy serbrotherce not workingoodd, showingoodd error while try to open it approm rockit appp. error messagoodde: 'exception occured!!! java.langoodd.nullpointerexception""","binimoy serbrotherce not workingoodd, showingoodd error while try to open it approm rockit appp. error messagoodde: 'exception occured!!! java.langoodd.nullpointerexception""",en,0.611,"binimoy serbrotherce not workingoodd, showingoodd error while try to open it approm rockit appp. error messagoodde: 'exception occured!!! java.langoodd.nullpointerexception""","binimoy serbrotherce not workingoodd, showingoodd error while try to open it approm rockit app. error messagoodde: 'exception occured!! java.langoodd.nullpointerexception","binimoy serbrotherce not workingoodd, showingoodd error while try to open it approm rockit app. error messagoodde: 'exception occured!! java.langoodd.nullpointerexception"
768a305a-5405-4ed1-8dea-d5c55d57c647,ভালো,good,good,en,0.895,good,good,good
6b162247-3863-4600-b5cc-3a702af520ef,fantastic,appantastic,appantastic,en,0.632,appantastic,appantastic,appantastic
41259bdd-6100-4e1d-9e2c-57ef46c8999c,nice app,nice appp,nice appp,en,0.785,nice appp,nice app,nice app
e4f5bdf7-c9fb-4931-bf9e-3f526cf54d74,dabba bank er dabba mfs,dabba bank er dabba mapps,dabba bank er dabba mapps,no,0.226,animal bank er animal maps,animal bank er animal maps,animal bank er animal maps
2337449c-5f73-463d-9e60-1aff2720337e,i can't reset password,i can't resit password,i can't resit password,en,0.977,i can't resit password,i can't resit password,i can't resit password
585f9301-e999-4f42-a549-a3d8dec5e67d,"আমি একজন রকেট এজেন্ট। রকেট এজেন্টের সাথে ব্যাংক একাউন্ট লিংক করা উচিৎ, যাতে প্রয়োজনে ব্যাংক থেকে টাকা রকেটে নিতেপারি। কারণ প্রায় সময় রকেটে টাকা পাওয়া যায় না।","আমি একজন রকেট এজেন্ট। রকেট এজেন্টের সাথে ব্যাংক একাউন্ট লিংক করা উচিৎ, যাতে প্রয়োজনে ব্যাংক থেকে bdt রকেটে নিতেপারি। কারণ প্রায় সময় রকেটে bdt পাওয়া যায় না।","আমি একজন রকেট এজেন্ট। রকেট এজেন্টের সাথে ব্যাংক একাউন্ট লিংক করা উচিৎ, যাতে প্রয়োজনে ব্যাংক থেকে bdt রকেটে নিতেপারি। কারণ প্রায় সময় রকেটে bdt পাওয়া যায় না।",bn,0.999,"I am a rocket agent. Bank account should be linked with rocket agent, so that bdt can be taken from bank to rocket if necessary. Because bdt is not available in rocket most of the time.","i am a rocket agent. bank account should be linked with rocket agent, so that bdt can be taken from bank to rocket if necessary. because bdt is not available in rocket most of the time.","i am a rocket agent. bank account should be linked with rocket agent, so that bdt can be taken from bank to rocket if necessary. because bdt is not available in rocket most of the time."
ab8587ed-b4a0-498a-967b-6eaf171e4280,"rocket is one of the most reliable and user-friendly mobile banking services in bangladesh. it allows me to send and receive money instantly, recharge my mobile balance, and pay utility bills without any hassle. the best part is, rocket also works from abroad, which makes it very helpful for people living outside bangladesh. the service is fast, secure, and widely accessible. i really appreciate how it saves both my time and effort. overall, rocket has made digital transactions in bangladesh muc","rockit is one oapp the most reliable and user-appriendly mobilee bankingoodd serbrotherces in bangooddladesh. it allows me to send and receive money instantly, rechargoodde my mobilee balanicee, and pay utility bills without any hassle. the best part is, rockit also works approm abroad, which makes it very helpappul apafter people librotherngoodd outside bangooddladesh. the serbrotherce is appast, secure, and widely accessible. i really apppreciate how it saves both my time and eappapaftert. overall, rockit has made digooddital transactions in bangooddladesh muc","rockit is one oapp the most reliable and user-appriendly mobilee bankingoodd serbrotherces in bangooddladesh. it allows me to send and receive money instantly, rechargoodde my mobilee balanicee, and pay utility bills without any hassle. the best part is, rockit also works approm abroad, which makes it very helpappul apafter people librotherngoodd outside bangooddladesh. the serbrotherce is appast, secure, and widely accessible. i really apppreciate how it saves both my time and eappapaftert. overall, rockit has made digooddital transactions in bangooddladesh muc",en,0.92,"rockit is one oapp the most reliable and user-appriendly mobilee bankingoodd serbrotherces in bangooddladesh. it allows me to send and receive money instantly, rechargoodde my mobilee balanicee, and pay utility bills without any hassle. the best part is, rockit also works approm abroad, which makes it very helpappul apafter people librotherngoodd outside bangooddladesh. the serbrotherce is appast, secure, and widely accessible. i really apppreciate how it saves both my time and eappapaftert. overall, rockit has made digooddital transactions in bangooddladesh muc","rockit is one oapp the most reliable and user-appriendly mobilee bankingoodd serbrotherces in bangooddladesh. it allows me to send and receive money instantly, rechargoodde my mobilee balanicee, and pay utility bills without any hassle. the best part is, rockit also works approm abroad, which makes it very helpappul apafter people librotherngoodd outside bangooddladesh. the serbrotherce is appast, secure, and widely accessible. i really appreciate how it saves both my time and eappapaftert. overall, rockit has made digooddital transactions in bangooddladesh muc","rockit is one oapp the most reliable and user-appriendly mobilee bankingoodd serbrotherces in bangooddladesh. it allows me to send and receive money instantly, rechargoodde my mobilee balanice, and pay utility bills without any hassle. the best part is, rockit also works approm abroad, which makes it very helpappul apafter people librotherngoodd outside bangooddladesh. the serbrotherce is appast, secure, and widely accessible. i really appreciate how it saves both my time and eappapaftert. overall, rockit has made digooddital transactions in bangooddladesh muc"
46b98b3a-4f3a-4836-a1f7-81a08e4453eb,"please update rocket apps dps, card add & fingerprint feature.","please update rockit appps dps, card add & appingoodderprint appeature.","please update rockit appps dps, card add & appingoodderprint appeature.",en,0.725,"please update rockit appps dps, card add & appingoodderprint appeature.","please update rockit apps dps, card add & appingoodderprint appeature.","please update rockit apps dps, card add & appingoodderprint appeature."
94f846b4-e4d5-491f-8d12-eb249e8627d3,nice apps,nice appps,nice appps,en,0.78,nice appps,nice apps,nice apps
a3c4e893-169e-4c7e-bdae-39311959c968,good,gooddood,gooddood,nl,0.268,their pits,their pits,their pits
5a6f9712-a69f-4576-8ecf-4b0a8b924756,ok,ok,ok,en,0.898,ok,ok,ok
8990d903-48fc-425f-9e76-b0f43f2e8f8e,nice app,nice appp,nice appp,en,0.785,nice appp,nice app,nice app
87c8f732-7cb4-4258-a142-d3be1cf29611,such a bad app. i recharged in mobile. they notify me with the message. but when i checked it didn't. even they didn't return the money also.,such a bad appp. i rechargoodded in mobilee. they notiappy me with the messagoodde. but when i checked it didn't. even they didn't riturn the money also.,such a bad appp. i rechargoodded in mobilee. they notiappy me with the messagoodde. but when i checked it didn't. even they didn't riturn the money also.,en,0.96,such a bad appp. i rechargoodded in mobilee. they notiappy me with the messagoodde. but when i checked it didn't. even they didn't riturn the money also.,such a bad app. i rechargoodded in mobilee. they notiappy me with the messagoodde. but when i checked it didn't. even they didn't riturn the money also.,such a bad app. i rechargoodded in mobilee. they notiappy me with the messagoodde. but when i checked it didn't. even they didn't riturn the money also.
f3804b93-d405-4bc8-91e8-1eb916c76b50,বারবার চেষ্টা করার পরেও কেন একাউন্টে ঢুকতে পারছি না?,বারবার চেষ্টা করার পরেও why একাউন্টে ঢুকতে পারছি না?,বারবার চেষ্টা করার পরেও why একাউন্টে ঢুকতে পারছি না?,bn,0.973,Why can't enter the account even after repeated attempts?,why can't enter the account even after repeated attempts?,why can't enter the account even after repeated attempts?
beeff296-3437-477a-a681-f061fdb887fc,এটার মাধ্যমে খুবই দ্রুত ডাচ বাংলা একাউন্ট থেকে টাকা উঠানো যায়,এটার মাধ্যমে খুবই দ্রুত ডাচ বাংলা একাউন্ট থেকে bdt উঠানো যায়,এটার মাধ্যমে খুবই দ্রুত ডাচ বাংলা একাউন্ট থেকে bdt উঠানো যায়,bn,0.999,Through this bdt can be withdrawn from dutch bangla account very quickly,through this bdt can be withdrawn from dutch bangla account very quickly,through this bdt can be withdrawn from dutch bangla account very quickly
d6aa371d-6244-4bdb-9502-8148b1857027,valo,good,good,en,0.895,good,good,good
a4e1e9f4-090d-4b99-a857-17e3030a504c,alhamdulillah,alhamdulillah,alhamdulillah,en,0.232,thank god,thank god,thank god
e05f7472-36c8-4c11-bc29-261a39fcfd48,nice,nice,nice,en,0.839,nice,nice,nice
f847a14b-f43c-4bc5-a029-6db7412c74ce,"হঠাৎ করেই কর্পোরেট স্যালারি একাউন্ট করে দিলো, ক্যাশ ইন চার্জ কাটা শুরু করলো। ১৬২১৬ এ কল দিয়ে সমাধান পেলাম না। ওদের অফিসে যেতে হবে। ডিজিটাল ব্যাংক এর মানে এরা কি আদৌ বুঝে?","হঠাৎ করেই কর্পোরেট স্যালারি একাউন্ট করে দিলো, ক্যাশ ইন চার্জ কাটা শুরু করলো। ১৬২১৬ এ কল দিয়ে সমাধান পেলাম না। ওদের অফিসে যেতে হবে। ডিজিটাল ব্যাংক এর মানে এরা কি আদৌ বুঝে?","হঠাৎ করেই কর্পোরেট স্যালারি একাউন্ট করে দিলো, ক্যাশ ইন চার্জ কাটা শুরু করলো। ১৬২১৬ এ কল দিয়ে সমাধান পেলাম না। ওদের অফিসে যেতে হবে। ডিজিটাল ব্যাংক এর মানে এরা কি আদৌ বুঝে?",bn,1.0,"Suddenly, the corporate salary account, started deducting cash in charge. Calling 16216 did not get a solution. They have to go to the office. Do they understand the meaning of digital bank?","suddenly, the corporate salary account, started deducting cash in charge. calling 16216 did not get a solution. they have to go to the office. do they understand the meaning of digital bank?","suddenly, the corporate salary account, started deducting cash in charge. calling 16216 did not get a solution. they have to go to the office. do they understand the meaning of digital bank?"
756d8f00-ebda-40a6-a8b4-6123971e4c0b,ok,ok,ok,en,0.898,ok,ok,ok
08d2f7f1-fc19-47b2-8d18-a44a7d6c0204,nais appy,no/notis apppy,no/notis apppy,es,0.16,from/notis apppy,fromnotis appy,fromnotis appy
b84b95e9-6ca5-49d1-bdc8-39d8fc7311ef,গুড,গুড,গুড,bn,0.998,good,good,good
3ae6e72d-4bde-4347-9565-07338575dde1,nice apps,nice appps,nice appps,en,0.78,nice appps,nice apps,nice apps
978626f7-5a4d-4030-92d3-b4b02f143501,it was totally amazing the software,it was totally amazingoodd the soapptware,it was totally amazingoodd the soapptware,en,0.99,it was totally amazingoodd the soapptware,it was totally amazingoodd the soapptware,it was totally amazingoodd the soapptware
92e05961-2329-4557-8ebb-ec1935a2649b,good apps,gooddood appps,gooddood appps,en,0.304,gooddood appps,gooddood apps,gooddood apps
c56adfa6-1a49-4c36-ad44-51034d01fd8a,good app,gooddood appp,gooddood appp,en,0.266,gooddood appp,gooddood app,gooddood app
672a00dc-3818-4f79-8919-1aa0d0883421,nice,nice,nice,en,0.839,nice,nice,nice
85cf1d85-e89f-4fb9-ab3c-bdfb1738551c,nice,nice,nice,en,0.839,nice,nice,nice
7c8910a4-88e2-4dc1-91bf-a4cb8ee859dd,good,gooddood,gooddood,nl,0.268,their pits,their pits,their pits
68259a76-54a4-40d9-af37-3a8005b3ca0d,helpful,helpappul,helpappul,eo,0.283,helpapple,helpapple,helpapple
f9ecff20-3b71-479a-998e-4d8dbd46c568,good,gooddood,gooddood,nl,0.268,their pits,their pits,their pits
68faa5b4-8a0a-496e-819f-e7eeaf99d319,developer may be from gulistan . without developing skill,developer may be approm gooddulistan . without developingoodd skill,developer may be approm gooddulistan . without developingoodd skill,en,0.741,developer may be approm gooddulistan . without developingoodd skill,developer may be approm gooddulistan . without developingoodd skill,developer may be approm gooddulistan . without developingoodd skill
cae448f4-2228-4628-9948-5aabece8ad7a,খুব ভালো 💖💖💖,খুব good 💖💖💖,খুব good  sparkling_heart  sparkling_heart  sparkling_heart ,en,0.552,খুব good  sparkling_heart  sparkling_heart  sparkling_heart,good sparkling_heart sparkling_heart sparkling_heart,good sparkling_heart sparkling_heart sparkling_heart
014c0d35-bd3f-4cdb-9acc-c9eb66201c64,অ্যাকাউন্ট খোলার সময় ওটিপি অনেক দেরি করে আসে এটা অনেক দুঃখজনক।,অ্যাকাউন্ট খোলার সময় ওটিপি অনেক দেরি করে আসে এটা অনেক দুঃখজনক।,অ্যাকাউন্ট খোলার সময় ওটিপি অনেক দেরি করে আসে এটা অনেক দুঃখজনক।,bn,0.998,It is very unfortunate that the OTP comes very late while opening the account.,it is very unfortunate that the otp comes very late while opening the account.,it is very unfortunate that the otp comes very late while opening the account.
4b754b13-fce7-47da-9f1c-92ea4170153a,নাইছ,nice,nice,en,0.839,nice,nice,nice
4f057dc9-6346-4fd6-b7a7-a83759181ef6,এর চেয়ে ফালতু কোন এপস আর দেখি নাই। একাউন্টে লগইন করাই যায় না। পিন দেয়ার কোন জায়গা নাই। ফোন আসে পিন দেই তারপরে কোন কিছুই হয় না।,এর চেয়ে ফালতু কোন এপস আর দেখি নাই। একাউন্টে লগইন করাই যায় না। পিন দেয়ার কোন জায়গা নাই। ফোন আসে পিন দেই তারপরে কোন কিছুই হয় না।,এর চেয়ে ফালতু কোন এপস আর দেখি নাই। একাউন্টে লগইন করাই যায় না। পিন দেয়ার কোন জায়গা নাই। ফোন আসে পিন দেই তারপরে কোন কিছুই হয় না।,bn,0.996,"I have never seen any app more useless than this. Unable to login to account. There is no place to pin. The phone comes on, I put the pin and then nothing happens.","i have never seen any app more useless than this. unable to login to account. there is no place to pin. the phone comes on, i put the pin and then nothing happens.","i have never seen any app more useless than this. unable to login to account. there is no place to pin. the phone comes on, i put the pin and then nothing happens."
82ad9056-32b3-4163-93be-a6ee97f883e0,nice,nice,nice,en,0.839,nice,nice,nice
d9126afe-9647-45c3-9caa-655e31f6ce58,"বাজে সার্ভিস৷ আমি একজন প্রবাসী। ময়মনসিংহ রকেট অফিসে গিয়ে আমার একটি রকেট একাউন্ট ব্লকড হওয়ায় অন্য সীমে ট্রান্সফারের জন্য লিখিত আবেদন এবং প্রয়োজনীয় সব কাগজ জমা দিয়ে আসি। আজকাল করে করে ৪/৫ দিন হয়ে যায়৷ চেইঞ্জ হয় নাই দেখে ফোনেও জানাই বিষয়টা৷ বলল, দেখবে। আজ এক বছর হয়ে গেল, এখনো ওরা দেখতেই আছে৷ কী সার্ভিস! বাহ!!","বাজে সার্ভিস৷ আমি একজন প্রবাসী। ময়মনসিংহ রকেট অফিসে গিয়ে আমার একটি রকেট একাউন্ট ব্লকড হওয়ায় অন্য সীমে ট্রান্সফারের জন্য লিখিত আবেদন এবং প্রয়োজনীয় সব কাগজ জমা দিয়ে আসি। আজকাল করে করে ৪/৫ দিন হয়ে যায়৷ চেইঞ্জ হয় নাই দেখে ফোনেও জানাই বিষয়টা৷ বলল, দেখবে। আজ এক বছর হয়ে গেল, এখনো ওরা দেখতেই আছে৷ কী সার্ভিস! বাহ!!","বাজে সার্ভিস৷ আমি একজন প্রবাসী। ময়মনসিংহ রকেট অফিসে গিয়ে আমার একটি রকেট একাউন্ট ব্লকড হওয়ায় অন্য সীমে ট্রান্সফারের জন্য লিখিত আবেদন এবং প্রয়োজনীয় সব কাগজ জমা দিয়ে আসি। আজকাল করে করে ৪/৫ দিন হয়ে যায়৷ চেইঞ্জ হয় নাই দেখে ফোনেও জানাই বিষয়টা৷ বলল, দেখবে। আজ এক বছর হয়ে গেল, এখনো ওরা দেখতেই আছে৷ কী সার্ভিস! বাহ!!",bn,1.0,"Bad service I am an expatriate. I went to the Mymensingh Rocket office and submitted a written application and all necessary documents for transfer to another account as one of my Rocket accounts was blocked. These days it takes 4/5 days After seeing that there is no change, I informed the matter on the phone He said, will see. It's been a year today, they still see it What service! Wow!!","bad service i am an expatriate. i went to the mymensingh rocket office and submitted a written application and all necessary documents for transfer to another account as one of my rocket accounts was blocked. these days it takes 45 days after seeing that there is no change, i informed the matter on the phone he said, will see. it's been a year today, they still see it what service! wow!!","bad service i am an expatriate. i went to the mymensingh rocket office and submitted a written application and all necessary documents for transfer to another account as one of my rocket accounts was blocked. these days it takes 45 days after seeing that there is no change, i informed the matter on the phone he said, will see. it's been a year today, they still see it what service! wow!!"
65e6a104-571b-4e52-9ee2-c2a3105fa7d0,nice,nice,nice,en,0.839,nice,nice,nice
5084b739-5086-4ed9-a74f-d58c2dd46554,starlink ইন্টারনেট হতে আপনাদের এপস ব্যবহার করা যাচ্ছে না। ব্যবহার করতে গেলে বলে আমি বাংলাদেশ এর বাহিরে আছি। এর সমাধান কি। অন্যান্য মোবাইল ব্যাংকিং এপস ব্যবহারে কোন সমস্যা হচ্ছে না,starlink ইন্টারনেট হতে appনাদের এপস ব্যবহার করা যাচ্ছে না। ব্যবহার করতে গেলে বলে আমি বাংলাদেশ এর বাহিরে আছি। এর সমাধান কি। অন্যান্য মোবাইল ব্যাংকিং এপস ব্যবহারে কোন সমস্যা হচ্ছে না,starlink ইন্টারনেট হতে appনাদের এপস ব্যবহার করা যাচ্ছে না। ব্যবহার করতে গেলে বলে আমি বাংলাদেশ এর বাহিরে আছি। এর সমাধান কি। অন্যান্য মোবাইল ব্যাংকিং এপস ব্যবহারে কোন সমস্যা হচ্ছে না,bn,1.0,"Can't use apps from starlink internet. When I try to use it, it says I am outside Bangladesh. What is the solution? There is no problem using other mobile banking apps","can't use apps from starlink internet. when i try to use it, it says i am outside bangladesh. what is the solution? there is no problem using other mobile banking apps","can't use apps from starlink internet. when i try to use it, it says i am outside bangladesh. what is the solution? there is no problem using other mobile banking apps"
753ea24c-fee3-46bf-9c84-c818ccbda927,2 gonta dore try kortesi apps diye accounts khula jay na 😡,2 gooddonta dore try kortesi appps diye accounts khula jay no/not 😡,2 gooddonta dore try kortesi appps diye accounts khula jay no/not  enraged_face ,en,0.255,2 gooddonta dore try kortesi appps diye accounts khula jay no/not enraged_face,2 gooddonta dore try kortesi apps diye accounts khula jay nonot enraged_face,2 gooddonta dore try kortesi apps diye accounts khula jay nonot enraged_face
4e3041c2-0fe8-464c-b22d-40e680bc11f4,good app,gooddood appp,gooddood appp,en,0.266,gooddood appp,gooddood app,gooddood app
346d75b1-ff84-46cb-a8d6-31d26ab244e4,good luck,gooddood luck,gooddood luck,nl,0.233,gooddood luck,gooddood luck,gooddood luck
81ba2387-e20f-427d-8e27-cecd2eff6965,very poor performance,very poor perapaftermanicee,very poor perapaftermanicee,en,0.71,very poor perapaftermanicee,very poor perapaftermanicee,very poor perapaftermanice
85292fb2-7a8b-4bc2-9569-fbe5326cec66,একেবারে বাজে একটা এপ। 🤮🤮,একেবারে বাজে একটা এপ। 🤮🤮,একেবারে বাজে একটা এপ।  face_vomiting  face_vomiting ,bn,0.912,A bad app.  face_vomiting face_vomiting,a bad app. face_vomiting face_vomiting,a bad app. face_vomiting face_vomiting
d9df52d6-896e-43d9-b547-b5f726cae45d,best apps,best appps,best appps,en,0.449,best appps,best apps,best apps
a1e74835-fb91-4bfa-9dae-068a8455a51f,my love,my lovee,my lovee,fr,0.569,my lovee,my lovee,my lovee
1026b58e-bf01-4d42-a251-2c9baf7ed10a,wow,wow,wow,ceb,0.366,wow,wow,wow
8d8039f8-14ac-4c89-b597-49d85e96d0ea,good night,gooddood nigooddht,gooddood nigooddht,nl,0.286,gooddood nigooddht,gooddood nigooddht,gooddood nigooddht
0f12f670-335c-4f62-a4fb-5dcdd92f2051,goob apps,gooddoob appps,gooddoob appps,en,0.517,gooddoob appps,gooddoob apps,gooddoob apps
c45e03cb-09b0-4453-9502-84f51f0eb7cf,good app,gooddood appp,gooddood appp,en,0.266,gooddood appp,gooddood app,gooddood app
589577ea-1f8b-4714-910e-8957c6669ab2,good apps,gooddood appps,gooddood appps,en,0.304,gooddood appps,gooddood apps,gooddood apps
2b32333e-8db1-4593-8615-8bd32ac2ea44,need to be a rocket scientist worst app poorest customer service,need to be a rockit scientist worst appp poorest customer serbrotherce,need to be a rockit scientist worst appp poorest customer serbrotherce,en,0.796,need to be a rockit scientist worst appp poorest customer serbrotherce,need to be a rockit scientist worst app poorest customer serbrotherce,need to be a rockit scientist worst app poorest customer serbrotherce
dea0aa07-54ef-4f08-bd17-14465f7b9c51,thanks very nice to dutch bangla acaunt,thanks very nice to dutch bangooddla account,thanks very nice to dutch bangooddla account,en,0.96,thanks very nice to dutch bangooddla account,thanks very nice to dutch bangooddla account,thanks very nice to dutch bangooddla account
dc6667f1-e9a1-4a16-bab7-1a0902e55315,ok,ok,ok,en,0.898,ok,ok,ok
aae33649-4ebf-4d43-8538-5260e8ae01b5,good,gooddood,gooddood,nl,0.268,their pits,their pits,their pits
cf2cac82-f14b-4072-8a3f-28db01621246,nice,nice,nice,en,0.839,nice,nice,nice
db6d3c7a-759a-453b-bd04-eefd4b49a7f4,অনুগ্রহ করে সাহায্য করুন আমার একাউন্ট টি কাস্টম কেয়ারে থেকে সমাধান এর জন্য গেছিলাম তারা বলল অ্যাকাউন্ট এক্টিভ হয়ে গেছে কিন্তু বাসায় এসে লগ ইন করতে গিয়ে দেখি অ্যাকাউন্টটি নট অ্যাক্টিভ দেখাচ্ছে। কাস্টম কেয়ারে কল দেওয়ার পর তারা কল রিসিভ করছে না অনুগ্রহ করে সমস্যাটি সমাধান করে দিন,অনুগ্রহ করে সাহায্য করুন আমার একাউন্ট টি কাস্টম কেয়ারে থেকে সমাধান এর জন্য গেছিলাম তারা বলল অ্যাকাউন্ট এক্টিভ হয়ে গেছে কিন্তু বাসায় এসে লগ ইন করতে গিয়ে দেখি অ্যাকাউন্টটি নট অ্যাক্টিভ দেখাচ্ছে। কাস্টম কেয়ারে কল দেওয়ার পর তারা কল রিসিভ করছে না অনুগ্রহ করে সমস্যাটি সমাধান করে দিন,অনুগ্রহ করে সাহায্য করুন আমার একাউন্ট টি কাস্টম কেয়ারে থেকে সমাধান এর জন্য গেছিলাম তারা বলল অ্যাকাউন্ট এক্টিভ হয়ে গেছে কিন্তু বাসায় এসে লগ ইন করতে গিয়ে দেখি অ্যাকাউন্টটি নট অ্যাক্টিভ দেখাচ্ছে। কাস্টম কেয়ারে কল দেওয়ার পর তারা কল রিসিভ করছে না অনুগ্রহ করে সমস্যাটি সমাধান করে দিন,bn,1.0,Please help I went to solve my account from custom care they said the account is active but when I came home and logged in I saw that the account is not active. After giving a call to custom care they are not receiving the call please resolve the issue,please help i went to solve my account from custom care they said the account is active but when i came home and logged in i saw that the account is not active. after giving a call to custom care they are not receiving the call please resolve the issue,please help i went to solve my account from custom care they said the account is active but when i came home and logged in i saw that the account is not active. after giving a call to custom care they are not receiving the call please resolve the issue
570340d8-8fca-4426-826c-a57600d00de6,"বেস্ট একটা অ্যাপ, আপনারা যদি এভাবে ধরে রাখেন, আর হাজারে যদি 10 টাকা করে কাটেন, আশা করি বিকাশ নগদ ছাড়া আপনাদের অ্যাপ ব্যবহার করবে সবাই","বেস্ট একটা অ্যাপ, appনারা যদি এভাবে ধরে রাখেন, আর হাজারে যদি 10 bdt করে কাটেন, আশা করি বিকাশ নগদ ছাড়া appনাদের অ্যাপ ব্যবহার করবে সবাই","বেস্ট একটা অ্যাপ, appনারা যদি এভাবে ধরে রাখেন, আর হাজারে যদি 10 bdt করে কাটেন, আশা করি বিকাশ নগদ ছাড়া appনাদের অ্যাপ ব্যবহার করবে সবাই",bn,1.0,"The best app, if they keep it like this, and if they cut 10 bdt per thousand, I hope everyone will use their app except Bikash cash.","the best app, if they keep it like this, and if they cut 10 bdt per thousand, i hope everyone will use their app except bikash cash.","the best app, if they keep it like this, and if they cut 10 bdt per thousand, i hope everyone will use their app except bikash cash."
b494945f-6c48-4633-8359-83910f39dc7a,nice moment,nice moment,nice moment,en,0.44,nice moment,nice moment,nice moment
c24c60df-da5d-4765-aa5c-5908d32f7bab,nice,nice,nice,en,0.839,nice,nice,nice
7cba7225-09ca-4086-8bed-c3eef4a52d88,good,gooddood,gooddood,nl,0.268,their pits,their pits,their pits
d9032473-c5d9-4a95-a1d7-1b7e8003b813,nice,nice,nice,en,0.839,nice,nice,nice
22ffb450-d22a-4d78-827e-788ece95cfb5,ok add,ok add,ok add,ja,0.417,ok add,ok add,ok add
3e893851-edd4-41a7-8970-59960a24dd3a,your rocket app very solo.... 😡😡😡,your rockit appp very solo.... 😡😡😡,your rockit appp very solo....  enraged_face  enraged_face  enraged_face ,en,0.697,your rockit appp very solo....  enraged_face  enraged_face  enraged_face,your rockit app very solo.. enraged_face enraged_face enraged_face,your rockit app very solo.. enraged_face enraged_face enraged_face
97420a25-5be0-4059-873b-c7a83185c230,good app,gooddood appp,gooddood appp,en,0.266,gooddood appp,gooddood app,gooddood app
69414452-8e3c-4624-96f1-18821d85e91a,good apps,gooddood appps,gooddood appps,en,0.304,gooddood appps,gooddood apps,gooddood apps
0e7a987f-d4b7-4a11-8de1-b98dd643ed85,good,gooddood,gooddood,nl,0.268,their pits,their pits,their pits
3d0fc5dc-946d-4063-bd20-779151a15874,good,gooddood,gooddood,nl,0.268,their pits,their pits,their pits
3d9a3c1c-227b-4488-848e-05fa9984777c,slow aps,slow apps,slow apps,en,0.629,slow apps,slow apps,slow apps
6370996c-1e90-4b0e-927e-d7b3ec618305,it will be better if you can add an option for change the nid .i don't know about others ..but before i have any nid i had to open an account on rocket...i use my cousin nid.and now i open an account on your bank.and could not access it because of i have an rocket account with another person nid.i will really looking forward in this matter.hope you guys will solve this or add an option for change nid without loosing any rocket account or bank account.,it will be bitter iapp you can add an option apafter changoodde the nid .i don't know about others ..but beapaftere i have any nid i had to open an account on rockit...i use my cousin nid.and now i open an account on your bank.and could not access it because oapp i have an rockit account with another person nid.i will really lookingoodd apafterward in this matter.hope you goodduys will solve this or add an option apafter changoodde nid without loosingoodd any rockit account or bank account.,it will be bitter iapp you can add an option apafter changoodde the nid .i don't know about others ..but beapaftere i have any nid i had to open an account on rockit...i use my cousin nid.and now i open an account on your bank.and could not access it because oapp i have an rockit account with another person nid.i will really lookingoodd apafterward in this matter.hope you goodduys will solve this or add an option apafter changoodde nid without loosingoodd any rockit account or bank account.,en,0.831,it will be bitter iapp you can add an option apafter changoodde the nid .i don't know about others ..but beapaftere i have any nid i had to open an account on rockit...i use my cousin nid.and now i open an account on your bank.and could not access it because oapp i have an rockit account with another person nid.i will really lookingoodd apafterward in this matter.hope you goodduys will solve this or add an option apafter changoodde nid without loosingoodd any rockit account or bank account.,it will be bitter iapp you can add an option apafter changoodde the nid .i don't know about others ..but beapaftere i have any nid i had to open an account on rockit..i use my cousin nid.and now i open an account on your bank.and could not access it because oapp i have an rockit account with another person nid.i will really lookingoodd apafterward in this matter.hope you goodduys will solve this or add an option apafter changoodde nid without loosingoodd any rockit account or bank account.,it will be bitter iapp you can add an option apafter changoodde the nid .i don't know about others ..but beapaftere i have any nid i had to open an account on rockit..i use my cousin nid.and now i open an account on your bank.and could not access it because oapp i have an rockit account with another person nid.i will really lookingoodd apafterward in this matter.hope you goodduys will solve this or add an option apafter changoodde nid without loosingoodd any rockit account or bank account.
140b82bc-0390-4dbf-9be1-38cda238e6b5,🙂👍,🙂👍, slightly_smiling_face  thumbs_up ,en,0.562,slightly_smiling_face  thumbs_up,slightly_smiling_face thumbs_up,slightly_smiling_face thumbs_up
d003a35a-de8f-4086-b02f-42be397ff035,excellent service. thanks,excellent serbrotherce. thanks,excellent serbrotherce. thanks,en,0.786,excellent serbrotherce. thanks,excellent serbrotherce. thanks,excellent serbrotherce. thanks
bf6e6cca-1045-4c13-956a-f81d32cce36a,nice,nice,nice,en,0.839,nice,nice,nice
83975dd5-5b27-40e5-b4da-be8373a45cda,good,gooddood,gooddood,nl,0.268,their pits,their pits,their pits
1f43b70a-2772-4c5a-b7b3-50f1f2e15039,আলহামদুলিল্লাহ্ 🤲,আলহামদুলিল্লাহ্ 🤲,আলহামদুলিল্লাহ্  palms_up_together ,bn,0.531,Alhamdulillah palms_up_together,alhamdulillah palms_up_together,alhamdulillah palms_up_together
238c09fe-4514-4986-8b42-108843541aa5,very good one.,very gooddood one.,very gooddood one.,en,0.987,very gooddood one.,very gooddood one.,very gooddood one.
139c7554-a7d7-40e1-b203-d922224e439a,nice,nice,nice,en,0.839,nice,nice,nice
474cbd4e-f69f-4bb4-91f5-78d95ea7f155,ok,ok,ok,en,0.898,ok,ok,ok
513cf96f-6957-4c24-b918-48761093160a,good,gooddood,gooddood,nl,0.268,their pits,their pits,their pits
1d2b7e49-a360-4261-8bc2-6017dc1d63eb,nice,nice,nice,en,0.839,nice,nice,nice
3e46b25c-93e2-4909-b928-27818e244008,ভেরি ব্যাড,ভেরি ব্যাড,ভেরি ব্যাড,bn,0.999,very bad,very bad,very bad
de27b8c2-17a4-4788-a017-73c5d0d2e424,good,gooddood,gooddood,nl,0.268,their pits,their pits,their pits
8af6d9b7-4bbc-4812-96f5-49b6f4987dbe,গুড,গুড,গুড,bn,0.998,good,good,good
ca8b6667-9f39-4035-a3b3-a0cc745d5dcb,poor service loading always 😡,poor serbrotherce loadingoodd always 😡,poor serbrotherce loadingoodd always  enraged_face ,en,0.601,poor serbrotherce loadingoodd always  enraged_face,poor serbrotherce loadingoodd always enraged_face,poor serbrotherce loadingoodd always enraged_face
7fd5b990-e3b2-4df7-93ca-03f8d6eb7e1c,too bad service,too bad serbrotherce,too bad serbrotherce,en,0.355,too bad serbrotherce,too bad serbrotherce,too bad serbrotherce
41b6224f-b5e4-4e92-b8b2-afade303a37a,nice,nice,nice,en,0.839,nice,nice,nice
27b6b253-26a4-4e9a-96a6-3166002805cc,very good app,very gooddood appp,very gooddood appp,en,0.92,very gooddood appp,very gooddood app,very gooddood app
d3a67317-52fd-431e-b4c1-30bca2c6db0e,nice,nice,nice,en,0.839,nice,nice,nice
3a000e44-9ca6-40d4-9792-1cc2d894b23f,good apps,gooddood appps,gooddood appps,en,0.304,gooddood appps,gooddood apps,gooddood apps
b62ce4ef-6d8a-465e-b6ad-135978737691,good,gooddood,gooddood,nl,0.268,their pits,their pits,their pits
12d82a0d-9d8e-45b0-9bd8-f68bda218d64,good,gooddood,gooddood,nl,0.268,their pits,their pits,their pits
e992fb4a-2fba-490d-b508-42324e9aec2a,valo,good,good,en,0.895,good,good,good
75393580-ee17-4264-a1ee-886f199d80b0,nice,nice,nice,en,0.839,nice,nice,nice
755abe88-5cb9-4eb7-8612-3b235aaaa8e9,nice 👍🙂,nice 👍🙂,nice  thumbs_up  slightly_smiling_face ,en,0.626,nice  thumbs_up  slightly_smiling_face,nice thumbs_up slightly_smiling_face,nice thumbs_up slightly_smiling_face
0e8b7ae9-33c9-4ae4-9293-77a6ab4adf39,good,gooddood,gooddood,nl,0.268,their pits,their pits,their pits
d2ec1b3b-1999-4c22-90d7-379905008b5f,satisfied dbbl👍,satisappied dbbl👍,satisappied dbbl thumbs_up ,en,0.501,satisappied dbbl thumbs_up,satisappied dbbl thumbs_up,satisappied dbbl thumbs_up
2ff02d8d-3299-4973-8c10-d59d38550d75,good,gooddood,gooddood,nl,0.268,their pits,their pits,their pits
cb4245e4-d9c8-47ec-8275-caeb9bc9e1ee,nice,nice,nice,en,0.839,nice,nice,nice
b0e2c5b3-37e4-4567-9603-0b197e1861d4,best apps,best appps,best appps,en,0.449,best appps,best apps,best apps
0295a910-766f-4565-9ac5-5a238fbdaf0f,plz add skitto recharge system,plz add skitto rechargoodde system,plz add skitto rechargoodde system,en,0.609,plz add skitto rechargoodde system,plz add skitto rechargoodde system,plz add skitto rechargoodde system
032957d1-967f-482f-8d77-417f50abf185,nice app,nice appp,nice appp,en,0.785,nice appp,nice app,nice app
97b6ba38-afd3-49c7-9d8b-93c7c9f449f4,not like this,not like this,not like this,en,0.939,not like this,not like this,not like this
43f29b88-0c3d-4743-abaf-491508f308ce,ok,ok,ok,en,0.898,ok,ok,ok
9375e38c-1912-40f4-98a1-f39500a48d9c,nice👍,nice👍,nice thumbs_up ,en,0.859,nice thumbs_up,nice thumbs_up,nice thumbs_up
5d95f700-e201-45fe-a102-461d9300c78d,wow,wow,wow,ceb,0.366,wow,wow,wow
8a49e33c-fdaf-4de9-87a1-12654a06964a,good,gooddood,gooddood,nl,0.268,their pits,their pits,their pits
78887551-481c-4232-a32d-15f35b51ce82,good,gooddood,gooddood,nl,0.268,their pits,their pits,their pits
cd8b5332-4b30-4428-b330-77f70b9e60a9,very good service,very gooddood serbrotherce,very gooddood serbrotherce,en,0.61,very gooddood serbrotherce,very gooddood serbrotherce,very gooddood serbrotherce
c8802aa6-6f16-4dee-9d8a-aa5b744ce57d,good,gooddood,gooddood,nl,0.268,their pits,their pits,their pits
7bfcc0e3-f4aa-408c-ad1a-bb38ac1b6b57,good,gooddood,gooddood,nl,0.268,their pits,their pits,their pits
ddbd5025-8f75-41c5-8913-ac742215ae2e,good 👍,gooddood 👍,gooddood  thumbs_up ,en,0.461,gooddood  thumbs_up,gooddood thumbs_up,gooddood thumbs_up
f18317ed-9885-42fd-811b-81f4cdcfd059,what a useless piece of garbage banking app always server problem and nid verification problem with this garbage,what a useless piece oapp gooddarbagoodde bankingoodd appp always server problem and nid veryappication problem with this gooddarbagoodde,what a useless piece oapp gooddarbagoodde bankingoodd appp always server problem and nid veryappication problem with this gooddarbagoodde,en,0.766,what a useless piece oapp gooddarbagoodde bankingoodd appp always server problem and nid veryappication problem with this gooddarbagoodde,what a useless piece oapp gooddarbagoodde bankingoodd app always server problem and nid veryappication problem with this gooddarbagoodde,what a useless piece oapp gooddarbagoodde bankingoodd app always server problem and nid veryappication problem with this gooddarbagoodde
f2c3b0c2-fa2c-4ee7-a3b9-bf352af27b91,good,gooddood,gooddood,nl,0.268,their pits,their pits,their pits
66b59b38-f020-4608-8e78-2c0a09bff3d5,very very disappointed.,very very disapppointed.,very very disapppointed.,en,0.998,very very disapppointed.,very very disappointed.,very very disappointed.
f57a3e60-1590-4c02-978b-fd775dc10f93,আমি খুব হবো আমার কবার জাছ দেন খুলবে পারি,আমি খুব হবো আমার কবার জাছ দেন খুলবে পারি,আমি খুব হবো আমার কবার জাছ দেন খুলবে পারি,bn,0.999,I will be very happy to open my book,i will be very happy to open my book,i will be very happy to open my book
495140d8-35f5-46c1-ac1a-4196cc8ded9f,naga good,no/notgoodda gooddood,no/notgoodda gooddood,no,0.149,no/notgoodda gooddood,nonotgoodda gooddood,nonotgoodda gooddood
448cfe06-5ddc-48c4-8362-0c4d06489d67,good,gooddood,gooddood,nl,0.268,their pits,their pits,their pits
20476f69-634f-45d5-9cc1-498fb33947b1,very good,very gooddood,very gooddood,en,0.938,very gooddood,very gooddood,very gooddood
0091b00a-bec9-4569-9eba-87f683259a3f,kyc problem,kyc problem,kyc problem,en,0.742,kyc problem,kyc problem,kyc problem
7ebbc149-c3c4-4d60-93cc-73e7abfd5cce,নাইচ,nice,nice,en,0.839,nice,nice,nice
660466f2-c5dd-4a78-a2ed-817698d87941,not good,not gooddood,not gooddood,en,0.225,not gooddood,not gooddood,not gooddood
193e3539-5aea-4954-868a-e08b40ffc629,it’s a huge harassment during opening account 😬,it’s a hugoodde harassment duringoodd openingoodd account 😬,it’s a hugoodde harassment duringoodd openingoodd account  grimacing_face ,en,0.545,it’s a hugoodde harassment duringoodd openingoodd account  grimacing_face,its a hugoodde harassment duringoodd openingoodd account grimacing_face,its a hugoodde harassment duringoodd openingoodd account grimacing_face
270c477a-f6ec-4f59-ac0f-fe6b85fe959c,nc appd,nice apppd,nice apppd,en,0.56,nice apppd,nice appd,nice appd
8630051a-a298-4566-91fa-53a8370f608d,"আমার মোবাইল অন অফ করে বার বার চেষ্টা করেছি লগিন দেওয়ার জন্য, কিন্তু vpn connection on করা আছে এই মেসেজ দেখাও, অথচ আমার মোবাইলে vpn এর কোন app নাই, এবং আমি মোবাইল ইন্টারনেট ব্যাবহারকারী, তারপরে আমি ইচ্ছা করে ভুল পিন নাম্বার দিয়ে চেষ্টা করি, কিন্তু সমস্যা একই।","আমার মোবাইল অন অফ করে বার বার চেষ্টা করেছি লগিন দেওয়ার জন্য, কিন্তু vpn connection on করা আছে এই মেসেজ দেখাও, অথচ আমার মোবাইলে vpn এর কোন appp নাই, এবং আমি মোবাইল ইন্টারনেট ব্যাবহারকারী, তারপরে আমি ইচ্ছা করে ভুল পিন নাম্বার দিয়ে চেষ্টা করি, কিন্তু সমস্যা একই।","আমার মোবাইল অন অফ করে বার বার চেষ্টা করেছি লগিন দেওয়ার জন্য, কিন্তু vpn connection on করা আছে এই মেসেজ দেখাও, অথচ আমার মোবাইলে vpn এর কোন appp নাই, এবং আমি মোবাইল ইন্টারনেট ব্যাবহারকারী, তারপরে আমি ইচ্ছা করে ভুল পিন নাম্বার দিয়ে চেষ্টা করি, কিন্তু সমস্যা একই।",bn,0.999,"Tried repeatedly to login by turning my mobile on and off, but vpn connection is on show this message, but there is no appp of vpn in my mobile, and I am a mobile internet user, then I try with wrong pin number intentionally, but the problem is the same.","tried repeatedly to login by turning my mobile on and off, but vpn connection is on show this message, but there is no app of vpn in my mobile, and i am a mobile internet user, then i try with wrong pin number intentionally, but the problem is the same.","tried repeatedly to login by turning my mobile on and off, but vpn connection is on show this message, but there is no app of vpn in my mobile, and i am a mobile internet user, then i try with wrong pin number intentionally, but the problem is the same."
23896e08-c1f6-4e01-9a1c-fea95fbeabcd,ñicē👍,ñicē👍,ñicē thumbs_up ,en,0.623,ñicē thumbs_up,ic thumbs_up,ic thumbs_up
595dfd85-589f-4c22-83ef-ea34232dcf1e,good,gooddood,gooddood,nl,0.268,their pits,their pits,their pits
866814a3-10c0-48d6-a0c5-622bd6586f7c,ওওও,ওওও,ওওও,bn,0.874,ooo,oo,oo
9aa0a549-979c-40ae-8cfa-4f06c7b2c87a,login system very bad. i untail this app,logooddin system very bad. i untail this appp,logooddin system very bad. i untail this appp,en,0.848,logooddin system very bad. i untail this appp,logooddin system very bad. i untail this app,logooddin system very bad. i untail this app
283975b7-2f9e-4daa-b1a8-a73bb8f3672b,excellent,excellent,excellent,en,0.821,excellent,excellent,excellent
04583b11-9b6a-4b86-802d-8763433e8e2c,very nice,very nice,very nice,en,0.998,very nice,very nice,very nice
ef9913be-5fb3-4b67-999c-2e295155a66d,nice,nice,nice,en,0.839,nice,nice,nice
bcf96c5f-fd74-49ca-9d0f-eca2931c858a,"মোবাইলের সিম হারিয়ে যাওয়া এবং বিভিন্ন কারণে ঐ সিম আর ব্যবহার করতে পারেন না অনেকেই,, তাই রকেট সার্ভিস গুলো রকেট এপ্লিকেশন এর মাধ্যমে সহজভাবে সকল তথ্য ভেরিফাইড করে নাম্বার পরিবর্তন করার সুবিধা দিলে গ্রাহক পর্যায়ে অনেকে সুবিধা হতো আর ভোগান্তি পোহাতে হতো না,, সামান্য বিষয়টার জন্য সবকিছু ঠিকঠাক থাকলেও একজন গ্রাহককে ডাচবাংলা ব্যাংকের শাখায় গিয়ে নাম্বার পরিবর্তন করতে হয়,, বর্তমানে অনেক এমএপেস অপারেটর এই সুবিধা চালু রয়েছে,, আশা করি সুবিধার কথা চিন্তা করে বিষয়টি মাথায় রাখবে রকেট কর্তৃপক্ষ।","মোবাইলের সিম হারিয়ে যাওয়া এবং বিভিন্ন কারণে ঐ সিম আর ব্যবহার করতে পারেন না অনেকেই,, তাই রকেট সার্ভিস গুলো রকেট এপ্লিকেশন এর মাধ্যমে সহজভাবে সকল তথ্য ভেরিফাইড করে নাম্বার পরিবর্তন করার সুবিধা দিলে গ্রাহক পর্যায়ে অনেকে সুবিধা হতো আর ভোগান্তি পোহাতে হতো না,, সামান্য বিষয়টার জন্য সবকিছু ঠিকঠাক থাকলেও একজন গ্রাহককে ডাচবাংলা ব্যাংকের শাখায় গিয়ে নাম্বার পরিবর্তন করতে হয়,, বর্তমানে অনেক এমএপেস অপারেটর এই সুবিধা চালু রয়েছে,, আশা করি সুবিধার কথা চিন্তা করে বিষয়টি মাথায় রাখবে রকেট কর্তৃপক্ষ।","মোবাইলের সিম হারিয়ে যাওয়া এবং বিভিন্ন কারণে ঐ সিম আর ব্যবহার করতে পারেন না অনেকেই,, তাই রকেট সার্ভিস গুলো রকেট এপ্লিকেশন এর মাধ্যমে সহজভাবে সকল তথ্য ভেরিফাইড করে নাম্বার পরিবর্তন করার সুবিধা দিলে গ্রাহক পর্যায়ে অনেকে সুবিধা হতো আর ভোগান্তি পোহাতে হতো না,, সামান্য বিষয়টার জন্য সবকিছু ঠিকঠাক থাকলেও একজন গ্রাহককে ডাচবাংলা ব্যাংকের শাখায় গিয়ে নাম্বার পরিবর্তন করতে হয়,, বর্তমানে অনেক এমএপেস অপারেটর এই সুবিধা চালু রয়েছে,, আশা করি সুবিধার কথা চিন্তা করে বিষয়টি মাথায় রাখবে রকেট কর্তৃপক্ষ।",bn,0.999,"Due to the loss of the mobile SIM and many people can no longer use the SIM for various reasons, so if Rocket Services provided the facility to change the number by simply verifying all the information through the Rocket application, many customers would have benefited and would not have to suffer. Even if everything is fine for a small matter, a customer has to go to the Dutch Bangla Bank branch to change the number. At present, many MAPS operators are running this facility. I hope Rocket will keep this issue in mind. Authority.","due to the loss of the mobile sim and many people can no longer use the sim for various reasons, so if rocket services provided the facility to change the number by simply verifying all the information through the rocket application, many customers would have benefited and would not have to suffer. even if everything is fine for a small matter, a customer has to go to the dutch bangla bank branch to change the number. at present, many maps operators are running this facility. i hope rocket will keep this issue in mind. authority.","due to the loss of the mobile sim and many people can no longer use the sim for various reasons, so if rocket services provided the facility to change the number by simply verifying all the information through the rocket application, many customers would have benefited and would not have to suffer. even if everything is fine for a small matter, a customer has to go to the dutch bangla bank branch to change the number. at present, many maps operators are running this facility. i hope rocket will keep this issue in mind. authority."
2a13f433-6793-472b-908e-764f6a63fccb,"i'm a regular user of the dutch-bangla rocket app and i must say it's a great experience. the app is smooth, reliable, and very user-friendly. i truly appreciate the services so far and hope to see even more innovative features and improvements in the future. keep up the great work!","i'm a regooddular user oapp the dutch-bangooddla rockit appp and i must say it's a gooddreat experienicee. the appp is smooth, reliable, and very user-appriendly. i truly apppreciate the serbrotherces so appar and hope to see even more innovative appeatures and improvements in the apputure. keep up the gooddreat work!","i'm a regooddular user oapp the dutch-bangooddla rockit appp and i must say it's a gooddreat experienicee. the appp is smooth, reliable, and very user-appriendly. i truly apppreciate the serbrotherces so appar and hope to see even more innovative appeatures and improvements in the apputure. keep up the gooddreat work!",en,0.909,"i'm a regooddular user oapp the dutch-bangooddla rockit appp and i must say it's a gooddreat experienicee. the appp is smooth, reliable, and very user-appriendly. i truly apppreciate the serbrotherces so appar and hope to see even more innovative appeatures and improvements in the apputure. keep up the gooddreat work!","i'm a regooddular user oapp the dutch-bangooddla rockit app and i must say it's a gooddreat experienicee. the app is smooth, reliable, and very user-appriendly. i truly appreciate the serbrotherces so appar and hope to see even more innovative appeatures and improvements in the apputure. keep up the gooddreat work!","i'm a regooddular user oapp the dutch-bangooddla rockit app and i must say it's a gooddreat experienice. the app is smooth, reliable, and very user-appriendly. i truly appreciate the serbrotherces so appar and hope to see even more innovative appeatures and improvements in the apputure. keep up the gooddreat work!"
1f0c5f1e-ddb6-40f4-9aed-a5dff8136bfe,good app,gooddood appp,gooddood appp,en,0.266,gooddood appp,gooddood app,gooddood app
3b58cf1e-94ff-48d3-9740-e7b86b10349a,"এইমাত্র আপডেট দিলাম। এখন বার বার লেখা আসতেছে ""account not active""","এইমাত্র appডেট দিলাম। এখন বার বার লেখা আসতেছে ""account not active""","এইমাত্র appডেট দিলাম। এখন বার বার লেখা আসতেছে ""account not active""",bn,0.987,"I just updated the app. Now it keeps saying ""account not active""",i just updated the app. now it keeps saying account not active,i just updated the app. now it keeps saying account not active
1459fe99-b2ea-404c-b4fc-d3ae34ea34ed,nice,nice,nice,en,0.839,nice,nice,nice
edb87c18-8dc7-4270-a633-de3e74f27f3a,nice,nice,nice,en,0.839,nice,nice,nice
9bacbf47-43f9-4004-b334-90a1476746f6,good,gooddood,gooddood,nl,0.268,their pits,their pits,their pits
a74cf91e-e052-48f6-bac3-ae90e0249a8b,nice,nice,nice,en,0.839,nice,nice,nice
fd209166-75a8-4d49-b8a0-b4309dc46fd6,good,gooddood,gooddood,nl,0.268,their pits,their pits,their pits
df016be2-5c1f-4465-82f7-7edf88bcf2e8,very useful,very useappul,very useappul,en,0.981,very useappul,very useappul,very useappul
f2ba149c-b42d-4015-8e7e-3e6139911619,"তবে যদি অন্য একাউন্টে টাকা ট্রান্সফারের সুযোগ থাকতো তাহলে আরো অনেক ভালো হতো,,","তবে যদি অন্য একাউন্টে bdt ট্রান্সফারের সুযোগ থাকতো তাহলে আরো অনেক good হতো,,","তবে যদি অন্য একাউন্টে bdt ট্রান্সফারের সুযোগ থাকতো তাহলে আরো অনেক good হতো,,",bn,0.988,But if bdt transfer facility was available to other account then it would have been much better.,but if bdt transfer facility was available to other account then it would have been much better.,but if bdt transfer facility was available to other account then it would have been much better.
615a6aa3-a8db-4b90-a972-88fda29a4ed7,good job on the deal with govt bank applying. otherwise no one would use it. worst mfs ever.,gooddood job on the deal with gooddovt bank appplyingoodd. otherwise no one would use it. worst mapps ever.,gooddood job on the deal with gooddovt bank appplyingoodd. otherwise no one would use it. worst mapps ever.,en,0.922,gooddood job on the deal with gooddovt bank appplyingoodd. otherwise no one would use it. worst mapps ever.,gooddood job on the deal with gooddovt bank applyingoodd. otherwise no one would use it. worst mapps ever.,gooddood job on the deal with gooddovt bank applyingoodd. otherwise no one would use it. worst mapps ever.
84da439f-b9a1-4203-89e2-7466586ba9fe,nice,nice,nice,en,0.839,nice,nice,nice
cba17869-661e-4a91-ba27-36233e0ae100,good apps,gooddood appps,gooddood appps,en,0.304,gooddood appps,gooddood apps,gooddood apps
8e54588f-cdd9-4245-8717-3c7129f15ac3,বাইনচোদের এপ্ছ,বাইনচোদের এপ্ছ,বাইনচোদের এপ্ছ,bn,0.999,About Bainchod,about bainchod,about bainchod
e10cc9da-f73b-4463-bc42-d3a8d858648d,excellent,excellent,excellent,en,0.821,excellent,excellent,excellent
2daf2738-81ef-4f5d-9da5-863896b19fae,nice apps,nice appps,nice appps,en,0.78,nice appps,nice apps,nice apps
58749d00-ff76-43d4-be87-09fc60380795,good app,gooddood appp,gooddood appp,en,0.266,gooddood appp,gooddood app,gooddood app
d6fd5293-7356-4ac4-ab8e-71d8fcd84b9a,very good,very gooddood,very gooddood,en,0.938,very gooddood,very gooddood,very gooddood
cdf31b23-fdaa-4839-8d47-2617968dd073,amazing banking performance really appreciate this bank... after all something i to say this is so much level secure and fastest transactional banking system thank you dbbl manufacture.,amazingoodd bankingoodd perapaftermanicee really apppreciate this bank... aappter all somythingoodd i to say this is so much level secure and appastest transactiono/notl bankingoodd system thank you dbbl manuappacture.,amazingoodd bankingoodd perapaftermanicee really apppreciate this bank... aappter all somythingoodd i to say this is so much level secure and appastest transactiono/notl bankingoodd system thank you dbbl manuappacture.,en,0.762,amazingoodd bankingoodd perapaftermanicee really apppreciate this bank... aappter all somythingoodd i to say this is so much level secure and appastest transactiono/notl bankingoodd system thank you dbbl manuappacture.,amazingoodd bankingoodd perapaftermanicee really appreciate this bank.. aappter all somythingoodd i to say this is so much level secure and appastest transactiononotl bankingoodd system thank you dbbl manuappacture.,amazingoodd bankingoodd perapaftermanice really appreciate this bank.. aappter all somythingoodd i to say this is so much level secure and appastest transactiononotl bankingoodd system thank you dbbl manuappacture.
d82c674f-0e8c-4d83-a022-86019e9dc0f8,good app,gooddood appp,gooddood appp,en,0.266,gooddood appp,gooddood app,gooddood app
04f59d95-95b4-4372-a164-6bbf2263643e,সোনার কোম্পানি,সোনার কোম্পানি,সোনার কোম্পানি,bn,0.994,Gold Company,gold company,gold company
8eb6c04b-1565-4f6d-aa7f-345c4ee876df,আমার আজকে 30 দিন এর উপরে হয়ে গেছে কিন্তূ অ্যাকাউন্ট একটিভ হয় নাই হয়রানি,আমার আজকে 30 দিন এর উপরে হয়ে গেছে কিন্তূ অ্যাকাউন্ট একটিভ হয় নাই হয়রানি,আমার আজকে 30 দিন এর উপরে হয়ে গেছে কিন্তূ অ্যাকাউন্ট একটিভ হয় নাই হয়রানি,bn,1.0,It's been more than 30 days today but my account is not active,it's been more than 30 days today but my account is not active,it's been more than 30 days today but my account is not active
44bd0c8d-d0f4-4b1c-b1ff-f0a959f83a1d,💲💲🇧🇩,💲💲🇧🇩, heavy_dollar_sign  heavy_dollar_sign  Bangladesh ,en,0.367,heavy_dollar_sign  heavy_dollar_sign  Bangladesh,heavy_dollar_sign heavy_dollar_sign bangladesh,heavy_dollar_sign heavy_dollar_sign bangladesh
ff90319d-9871-4a9d-a7ac-91a0d14f6b51,❤️❤️❤️❤️,❤️❤️❤️❤️, red_heart  red_heart  red_heart  red_heart ,en,0.378,red_heart  red_heart  red_heart  red_heart,red_heart red_heart red_heart red_heart,red_heart red_heart red_heart red_heart
4aa2e27d-c0e3-41e3-aac3-4a3344126256,nice apps,nice appps,nice appps,en,0.78,nice appps,nice apps,nice apps
fec0be81-be51-4743-acd0-d81e06463902,কিসের আইভিআর কল লাগায় রাখছে; পিন দিলে পিন নেয় না! লগইনই করা যায় না; ফালতু অ্যাপ!,কিসের আইভিআর কল লাগায় রাখছে; পিন দিলে পিন নেয় না! লগইনই করা যায় না; ফালতু অ্যাপ!,কিসের আইভিআর কল লাগায় রাখছে; পিন দিলে পিন নেয় না! লগইনই করা যায় না; ফালতু অ্যাপ!,bn,1.0,What is the IVR putting on the call; Pin does not take pin! Can't login at all; Nonsense app!,what is the ivr putting on the call pin does not take pin! can't login at all nonsense app!,what is the ivr putting on the call pin does not take pin! can't login at all nonsense app!
eca05a38-1b77-4a98-8e73-6a3bc7553c8e,রকেট এজেন্ট অ্যাড ব্যালেন্স করা যায় এবং এজেন্টের টাকা ব্যাংকে পাঠানো যায় এই সিস্টেমটা কবে আসবে রকেটের ডাচ-বাংলা ব্যাংকের সাথে লিংক করার সিস্টেম আমি খুব দ্রুত আসে আমাদের ব্যবসায়ীদের দাবি,রকেট এজেন্ট অ্যাড ব্যালেন্স করা যায় এবং এজেন্টের bdt ব্যাংকে পাঠানো যায় এই সিস্টেমটা কবে আসবে রকেটের ডাচ-বাংলা ব্যাংকের সাথে লিংক করার সিস্টেম আমি খুব দ্রুত আসে আমাদের ব্যবসায়ীদের দাবি,রকেট এজেন্ট অ্যাড ব্যালেন্স করা যায় এবং এজেন্টের bdt ব্যাংকে পাঠানো যায় এই সিস্টেমটা কবে আসবে রকেটের ডাচ-বাংলা ব্যাংকের সাথে লিংক করার সিস্টেম আমি খুব দ্রুত আসে আমাদের ব্যবসায়ীদের দাবি,bn,1.0,Rocket agent can add balance and send agent's bdt to bank when will this system come Rocket's linking system with Dutch-Bangla bank I come very fast our traders demand,rocket agent can add balance and send agent's bdt to bank when will this system come rocket's linking system with dutch-bangla bank i come very fast our traders demand,rocket agent can add balance and send agent's bdt to bank when will this system come rocket's linking system with dutch-bangla bank i come very fast our traders demand
2fc6b770-5970-4210-8c34-c825cc1c4bdd,so beautiful banking,so beautiappul bankingoodd,so beautiappul bankingoodd,it,0.368,so beautiappul bankingoodd,so beautiappul bankingoodd,so beautiappul bankingoodd
f8a57fa1-7347-4573-8707-55949b7b1ab7,valo na baje app,good no/not baje appp,good no/not baje appp,es,0.243,good no/not baje appp,good nonot baje app,good nonot baje app
4f6957ba-92c2-4ae1-ae7f-594ce9bbcaff,good,gooddood,gooddood,nl,0.268,their pits,their pits,their pits
ad9b56b8-3ab9-4ac8-aadb-a5f19cbd2e50,good,gooddood,gooddood,nl,0.268,their pits,their pits,their pits
3230b463-2d72-486f-b4f6-aa9a9a9482f3,good,gooddood,gooddood,nl,0.268,their pits,their pits,their pits
836aeb87-e9ae-440e-a69a-0efa5d79afa8,wow,wow,wow,ceb,0.366,wow,wow,wow
03846f46-99c7-4c2f-b55c-56f24a43cb08,ok,ok,ok,en,0.898,ok,ok,ok
3611c707-b4cb-4cfb-8e01-8c8db6e32e3e,"""this app has a bad habit: whenever i try to withdraw money, it throws up some excuse and says sorry.""","""this appp has a bad habit: whenever i try to withdraw money, it throws up some excuse and says sorry.""","""this appp has a bad habit: whenever i try to withdraw money, it throws up some excuse and says sorry.""",en,0.969,"""this appp has a bad habit: whenever i try to withdraw money, it throws up some excuse and says sorry.""","this app has a bad habit: whenever i try to withdraw money, it throws up some excuse and says sorry.","this app has a bad habit: whenever i try to withdraw money, it throws up some excuse and says sorry."
614202cd-b8f7-4719-818f-52bd5dbb5d17,more than 3 days have passed and still cannot login for a bs error.,more than 3 days have passed and still cannot logooddin apafter a bullshit error.,more than 3 days have passed and still cannot logooddin apafter a bullshit error.,en,0.885,more than 3 days have passed and still cannot logooddin apafter a bullshit error.,more than 3 days have passed and still cannot logooddin apafter a bullshit error.,more than 3 days have passed and still cannot logooddin apafter a bullshit error.
183fa3d7-27bf-4a20-817f-d64050dacf57,good,gooddood,gooddood,nl,0.268,their pits,their pits,their pits
263540a6-5e86-493e-aaee-0cc02dac38d8,valo,good,good,en,0.895,good,good,good
6c8de2bb-47ba-463d-aec7-931bb82dba43,nid change future available this app,nid changoodde apputure abrotherlable this appp,nid changoodde apputure abrotherlable this appp,en,0.715,nid changoodde apputure abrotherlable this appp,nid changoodde apputure abrotherlable this app,nid changoodde apputure abrotherlable this app
674e1a83-5e17-4131-9537-9f68bfb457f5,ok,ok,ok,en,0.898,ok,ok,ok
e304c7b5-8889-4203-85e7-0da759298431,"very bad service, when using add money from credit card. it's loading time never ends. 😭","very bad serbrotherce, when usingoodd add money approm credit card. it's loadingoodd time never ends. 😭","very bad serbrotherce, when usingoodd add money approm credit card. it's loadingoodd time never ends.  loudly_crying_face ",en,0.886,"very bad serbrotherce, when usingoodd add money approm credit card. it's loadingoodd time never ends.  loudly_crying_face","very bad serbrotherce, when usingoodd add money approm credit card. it's loadingoodd time never ends. loudly_crying_face","very bad serbrotherce, when usingoodd add money approm credit card. it's loadingoodd time never ends. loudly_crying_face"
b606c061-0cdd-423d-9247-b42df4b4bd98,বাংলাদেশের সবচেয়ে ফালতু সার্ভিস 😡😡,বাংলাদেশের সবচেয়ে ফালতু সার্ভিস 😡😡,বাংলাদেশের সবচেয়ে ফালতু সার্ভিস  enraged_face  enraged_face ,bn,0.932,The most useless service in Bangladesh enraged_face enraged_face,the most useless service in bangladesh enraged_face enraged_face,the most useless service in bangladesh enraged_face enraged_face
2851063e-0fde-44d6-b4fc-056a4669be60,দারুন,দারুন,দারুন,bn,1.0,great,great,great
7b43062b-c78d-4149-9412-31a7f59f3947,this good app,this gooddood appp,this gooddood appp,en,0.495,this gooddood appp,this gooddood app,this gooddood app
c2a03d6f-03f7-4991-a4c6-745fe9849278,nice,nice,nice,en,0.839,nice,nice,nice
0a3807d9-9d41-4fcf-b223-78cc76221494,good,gooddood,gooddood,nl,0.268,their pits,their pits,their pits
76bc98c8-7c5e-4dbc-97b5-0480c0df8b48,টু গুড,টু গুড,টু গুড,bn,0.997,too good,too good,too good
f41f4f38-63fe-439f-986d-58ee868c3aac,very nice,very nice,very nice,en,0.998,very nice,very nice,very nice
a8e3a271-82e8-4ce9-b3fe-3fa31e85d919,nice,nice,nice,en,0.839,nice,nice,nice
2e867ff5-6fe3-409b-ab81-ffae6a2a38a9,good,gooddood,gooddood,nl,0.268,their pits,their pits,their pits
72ef0894-df09-4f13-ae6e-430d4ac3db3d,beast,beast,beast,en,0.326,beast,beast,beast
ff6fcefe-72d8-4716-a0bc-fbcfe126330d,nice,nice,nice,en,0.839,nice,nice,nice
b90df5fc-6824-4d19-a026-095d4158838a,নাইস,nice,nice,en,0.839,nice,nice,nice
66b998c5-d9f1-4c1c-924b-a03f15987ee5,third class service,third class serbrotherce,third class serbrotherce,en,0.641,third class serbrotherce,third class serbrotherce,third class serbrotherce
1ebfa036-c1fb-45d3-aa9f-565f86624863,গুড,গুড,গুড,bn,0.998,good,good,good
e456aa8d-2217-4f47-8ccb-68ac5dc19438,very good,very gooddood,very gooddood,en,0.938,very gooddood,very gooddood,very gooddood
3ce37f85-cc54-41f4-8116-809959485cfb,fine,appine,appine,en,0.647,appine,appine,appine
533b163f-9b71-43f3-8205-4db61cd9c9bb,"rocket can not automatically read the otp code from message as like bkash, nagad, how to solve this problem?","rockit can not automatically read the otp codee approm messagoodde as like bkash, no/notgooddad, how to solve this problem?","rockit can not automatically read the otp codee approm messagoodde as like bkash, no/notgooddad, how to solve this problem?",en,0.791,"rockit can not automatically read the otp codee approm messagoodde as like bkash, no/notgooddad, how to solve this problem?","rockit can not automatically read the otp codee approm messagoodde as like bkash, nonotgooddad, how to solve this problem?","rockit can not automatically read the otp codee approm messagoodde as like bkash, nonotgooddad, how to solve this problem?"
29fd46a0-78ea-4761-90fb-23e51845d20a,nice apps,nice appps,nice appps,en,0.78,nice appps,nice apps,nice apps
b32271d5-f154-4239-a1bd-a33b501a6d5d,good,gooddood,gooddood,nl,0.268,their pits,their pits,their pits
5d4e51f9-cb44-4e9d-8f8f-0c4ec3bfd34a,good but many more features are left out,gooddood but many more appeatures are leappt out,gooddood but many more appeatures are leappt out,en,0.967,gooddood but many more appeatures are leappt out,gooddood but many more appeatures are leappt out,gooddood but many more appeatures are leappt out
1b7b4cf5-2d77-418e-836b-ec9f83bea6e4,well,well,well,en,0.998,well,well,well
fabd7d7a-e3e8-457e-aa5d-0bb289ebf3b8,মাশাআল্লাহ,মাশাআল্লাহ,মাশাআল্লাহ,bn,0.917,Masha Allah,masha allah,masha allah
826a8f3b-f18a-42e9-930f-149f0666ff3c,good,gooddood,gooddood,nl,0.268,their pits,their pits,their pits
43aa1c19-a4d8-43ef-b518-d6cf04a82e12,ok,ok,ok,en,0.898,ok,ok,ok
e565e997-bdc0-45cc-af2a-cf98fbfd8886,good,gooddood,gooddood,nl,0.268,their pits,their pits,their pits
8787e551-baec-4120-b00f-3c63824dc8f4,very good app,very gooddood appp,very gooddood appp,en,0.92,very gooddood appp,very gooddood app,very gooddood app
f9bf4942-3fab-4241-82e9-d29c5c92cc93,❤️❤️❤️,❤️❤️❤️, red_heart  red_heart  red_heart ,en,0.377,red_heart  red_heart  red_heart,red_heart red_heart red_heart,red_heart red_heart red_heart
587f54dd-6ea6-4917-9b20-9ddcb5f132bb,❤️❤️,❤️❤️, red_heart  red_heart ,en,0.376,red_heart  red_heart,red_heart red_heart,red_heart red_heart
1c90f7ed-0313-4b0a-bd33-c0931658e916,nice app,nice appp,nice appp,en,0.785,nice appp,nice app,nice app
33ef1294-2dc0-4c2b-9d16-58ca53f86359,good,gooddood,gooddood,nl,0.268,their pits,their pits,their pits
40f10988-1083-4a50-a07a-6d05c5564a03,"রকেটের সার্ভিস হচ্ছে বাংলাদেশের সবচেয়ে থার্ড ক্লাস সার্ভিস,যেমন তাদের অ্যাপস তেমন তাদের কাস্টমার কেয়ার।😡 বিকাশ এবং নগদ এর কাছ থেকে শিখে নিয়ে আমি কিভাবে কাস্টমার সার্ভিস দিতে হয়।","রকেটের সার্ভিস হচ্ছে বাংলাদেশের সবচেয়ে থার্ড ক্লাস সার্ভিস,যেমন তাদের অ্যাপস তেমন তাদের কাস্টমার কেয়ার।😡 বিকাশ এবং নগদ এর কাছ থেকে শিখে নিয়ে আমি কিভাবে কাস্টমার সার্ভিস দিতে হয়।","রকেটের সার্ভিস হচ্ছে বাংলাদেশের সবচেয়ে থার্ড ক্লাস সার্ভিস,যেমন তাদের অ্যাপস তেমন তাদের কাস্টমার কেয়ার। enraged_face  বিকাশ এবং নগদ এর কাছ থেকে শিখে নিয়ে আমি কিভাবে কাস্টমার সার্ভিস দিতে হয়।",bn,1.0,"Rocket's service is the most third class service in Bangladesh, like their apps and their customer care. enraged_face learning from Bikash and Nagd how to give customer service.","rocket's service is the most third class service in bangladesh, like their apps and their customer care. enraged_face learning from bikash and nagd how to give customer service.","rocket's service is the most third class service in bangladesh, like their apps and their customer care. enraged_face learning from bikash and nagd how to give customer service."
342b0093-984e-46ed-837e-4b0e10cafc36,nice 👍🙂,nice 👍🙂,nice  thumbs_up  slightly_smiling_face ,en,0.626,nice  thumbs_up  slightly_smiling_face,nice thumbs_up slightly_smiling_face,nice thumbs_up slightly_smiling_face
eff17db7-cf3f-4b1a-86f1-3c17e6236f0f,khub valo,very good,very good,en,0.999,very good,very good,very good
42e6abc7-dc47-4ab0-8abf-65f032f7858b,good app,gooddood appp,gooddood appp,en,0.266,gooddood appp,gooddood app,gooddood app
c2af4b94-62a9-4497-97bb-c9509139c6f2,nice,nice,nice,en,0.839,nice,nice,nice
92f5cb75-997e-4a4e-a7cc-5df6ef6ddc08,আপনাদের সবকিছুই ঠিক আছে কিন্তু ফিঙ্গারপ্রিন্ট টা আনলে আরো ভালো হতো অ্যাপস,appনাদের সবকিছুই ঠিক আছে কিন্তু ফিঙ্গারপ্রিন্ট টা আনলে আরো good হতো অ্যাপস,appনাদের সবকিছুই ঠিক আছে কিন্তু ফিঙ্গারপ্রিন্ট টা আনলে আরো good হতো অ্যাপস,bn,0.999,Everything about the app is fine but the apps would have been better if the fingerprint was added,everything about the app is fine but the apps would have been better if the fingerprint was added,everything about the app is fine but the apps would have been better if the fingerprint was added
8ca0b686-eb98-4797-82e7-ec03b1962ab4,very good,very gooddood,very gooddood,en,0.938,very gooddood,very gooddood,very gooddood
5c0771d2-944a-4f59-938e-b9adc16d05e1,good app,gooddood appp,gooddood appp,en,0.266,gooddood appp,gooddood app,gooddood app
ee504901-2964-4d0b-ad0a-d45a790aa389,রকেট এজেন্ট অ্যাপ agent টু dbbl bank b2b অপশন এড় করেন।,রকেট এজেন্ট অ্যাপ agooddent টু dbbl bank b2b অপশন এড় করেন।,রকেট এজেন্ট অ্যাপ agooddent টু dbbl bank b2b অপশন এড় করেন।,bn,0.996,Rocket agent app avoids agooddent to dbbl bank b2b option.,rocket agent app avoids agooddent to dbbl bank b2b option.,rocket agent app avoids agooddent to dbbl bank b2b option.
aee9d591-a739-42e2-a720-f7d31a620da5,nice,nice,nice,en,0.839,nice,nice,nice
dcece9fa-d8ef-460a-a3fd-c3df93e70620,good,gooddood,gooddood,nl,0.268,their pits,their pits,their pits
78db749d-94c3-43c4-b650-0a41982bec09,অনেক ভালো লেগেছে,অনেক good লেগেছে,অনেক good লেগেছে,bn,0.957,Very good,very good,very good
85f409a4-6d9c-4454-99e7-404eea06ea7d,নাইস এ্যাপ,nice এ্যাপ,nice এ্যাপ,bn,0.984,nice app,nice app,nice app
3f0d4315-dd87-479c-b3c0-6fc1b92a06af,nice,nice,nice,en,0.839,nice,nice,nice
6c19ac44-1da0-4f05-9039-61f015782e37,nic,nice,nice,en,0.839,nice,nice,nice
d252ddb9-e3ed-488c-baae-b0ea340ccdb1,অসাধারণ ❤️❤️❤️❤️❤️,অসাধারণ ❤️❤️❤️❤️❤️,অসাধারণ  red_heart  red_heart  red_heart  red_heart  red_heart ,bn,0.132,অসাধারণ  red_heart  red_heart  red_heart  red_heart  red_heart,red_heart red_heart red_heart red_heart red_heart,red_heart red_heart red_heart red_heart red_heart
d01c373c-2a94-4cc8-9284-3bdbb0fec9f9,🤔,🤔, thinking_face ,en,0.56,thinking_face,thinking_face,thinking_face
dac0c277-b91a-44e2-8855-7e5384345b36,সুন্দর,সুন্দর,সুন্দর,bn,0.552,beautiful,beautiful,beautiful
2933b610-beb2-42db-b1b6-2d1893163281,this is best banking app,this is best bankingoodd appp,this is best bankingoodd appp,en,0.915,this is best bankingoodd appp,this is best bankingoodd app,this is best bankingoodd app
e5bb0e0b-4e6a-45e0-9488-a9c8334f9e73,koto din dhoira loging korte parteci na bal banaicen??,koto din dhoira logooddingoodd korte parteci no/not bal bano/noticen??,koto din dhoira logooddingoodd korte parteci no/not bal bano/noticen??,ro,0.301,koto din dhoira logooddingoodd korte parteci no/not bal bano/noticen??,koto din dhoira logooddingoodd korte parteci nonot bal banonoticen??,koto din dhoira logooddingoodd korte parteci nonot bal banonoticen??
7cdfde01-c8a8-4b21-b037-acf46f4de26b,totally disgusting mobile banking app. i tried to recover my account for more than a month but it shows invalid. heck. kindly test your product before release. and one more thing my account isn't empty. either fix the issue or close the product.,totally disgooddustingoodd mobilee bankingoodd appp. i tried to recover my account apafter more than a month but it shows invalid. heck. kindly test your product beapaftere release. and one more thingoodd my account isn't empty. either appix the issue or close the product.,totally disgooddustingoodd mobilee bankingoodd appp. i tried to recover my account apafter more than a month but it shows invalid. heck. kindly test your product beapaftere release. and one more thingoodd my account isn't empty. either appix the issue or close the product.,en,0.878,totally disgooddustingoodd mobilee bankingoodd appp. i tried to recover my account apafter more than a month but it shows invalid. heck. kindly test your product beapaftere release. and one more thingoodd my account isn't empty. either appix the issue or close the product.,totally disgooddustingoodd mobilee bankingoodd app. i tried to recover my account apafter more than a month but it shows invalid. heck. kindly test your product beapaftere release. and one more thingoodd my account isn't empty. either appix the issue or close the product.,totally disgooddustingoodd mobilee bankingoodd app. i tried to recover my account apafter more than a month but it shows invalid. heck. kindly test your product beapaftere release. and one more thingoodd my account isn't empty. either appix the issue or close the product.
a3d1c8c1-96c5-46fc-a79b-1a6839d5afa2,nice,nice,nice,en,0.839,nice,nice,nice
7dc8144b-da6d-4734-bfd5-d6a610e2a4f6,good job,gooddood job,gooddood job,en,0.416,gooddood job,gooddood job,gooddood job
bece6b99-c84b-4763-8e3a-f81c6998b77e,",,♥️♥️♥️♥️♥️♥️♥️♥️♥️♥️♥️♥️♥️♥️♥️♥️♥️♥️♥️♥️♥️♥️♥️♥️♥️♥️❣️ruman raj",",,♥️♥️♥️♥️♥️♥️♥️♥️♥️♥️♥️♥️♥️♥️♥️♥️♥️♥️♥️♥️♥️♥️♥️♥️♥️♥️❣️ruman raj",",, heart_suit  heart_suit  heart_suit  heart_suit  heart_suit  heart_suit  heart_suit  heart_suit  heart_suit  heart_suit  heart_suit  heart_suit  heart_suit  heart_suit  heart_suit  heart_suit  heart_suit  heart_suit  heart_suit  heart_suit  heart_suit  heart_suit  heart_suit  heart_suit  heart_suit  heart_suit  heart_exclamation ruman raj",it,0.343,",, heart_suit  heart_suit  heart_suit  heart_suit  heart_suit  heart_suit  heart_suit  heart_suit  heart_suit  heart_suit  heart_suit  heart_suit  heart_suit  heart_suit  heart_suit  heart_suit  heart_suit  heart_suit  heart_suit  heart_suit  heart_suit  heart_suit  heart_suit  heart_suit  heart_suit  heart_suit  heart_exclamation ruman raj",",, heart_suit heart_suit heart_suit heart_suit heart_suit heart_suit heart_suit heart_suit heart_suit heart_suit heart_suit heart_suit heart_suit heart_suit heart_suit heart_suit heart_suit heart_suit heart_suit heart_suit heart_suit heart_suit heart_suit heart_suit heart_suit heart_suit heart_exclamation ruman raj",",, heart_suit heart_suit heart_suit heart_suit heart_suit heart_suit heart_suit heart_suit heart_suit heart_suit heart_suit heart_suit heart_suit heart_suit heart_suit heart_suit heart_suit heart_suit heart_suit heart_suit heart_suit heart_suit heart_suit heart_suit heart_suit heart_suit heart_exclamation ruman raj"
e7ccbea4-338f-408c-8ec3-7aaf51d6b10c,nice,nice,nice,en,0.839,nice,nice,nice
55888640-d730-4239-b135-37fb3d7bebf0,thank you 💕,thank you 💕,thank you  two_hearts ,en,0.687,thank you  two_hearts,thank you two_hearts,thank you two_hearts
cca77102-ea8a-4cbc-91c9-d6ac0cc82f19,good,gooddood,gooddood,nl,0.268,their pits,their pits,their pits
5c86f02f-bed4-4f64-b8e0-269f8c301e68,excellent,excellent,excellent,en,0.821,excellent,excellent,excellent
f7ebcc86-bacd-4f65-b8a0-0d4a2d19b4a6,"/ home / home reviews home reviews last updated: jan 21, 2025 the app that helped me transform my bank account: rocket money review words by hannah baker ￼ ￼ ￼ ￼ ￼ advertising content provided by rocket money in partnership with rocket money. editor’s note: we only select and work with partners that meet our quality standards, so you can rest assured we only endorse products we believe in. i’m a compulsive organizer. my bookshelf is alphabetized, my documents are color coded, m","/ home / home rebrotherews home rebrotherews last updated: jan 21, 2025 the appp that helped me transapafterm my bank account: rockit money rebrotherew words by hanno/noth baker ￼ ￼ ￼ ￼ ￼ advertisingoodd content probrotherded by rockit money in partnership with rockit money. editor’s note: we only select and work with partners that meit our quality standards, so you can rest assured we only endorse products we believe in. i’m a compulsive orgooddanizer. my bookshelapp is alphabitized, my documents are color codeed, m","/ home / home rebrotherews home rebrotherews last updated: jan 21, 2025 the appp that helped me transapafterm my bank account: rockit money rebrotherew words by hanno/noth baker ￼ ￼ ￼ ￼ ￼ advertisingoodd content probrotherded by rockit money in partnership with rockit money. editor’s note: we only select and work with partners that meit our quality standards, so you can rest assured we only endorse products we believe in. i’m a compulsive orgooddanizer. my bookshelapp is alphabitized, my documents are color codeed, m",en,0.874,"/ home / home rebrotherews home rebrotherews last updated: jan 21, 2025 the appp that helped me transapafterm my bank account: rockit money rebrotherew words by hanno/noth baker ￼ ￼ ￼ ￼ ￼ advertisingoodd content probrotherded by rockit money in partnership with rockit money. editor’s note: we only select and work with partners that meit our quality standards, so you can rest assured we only endorse products we believe in. i’m a compulsive orgooddanizer. my bookshelapp is alphabitized, my documents are color codeed, m","home home rebrotherews home rebrotherews last updated: jan 21, 2025 the app that helped me transapafterm my bank account: rockit money rebrotherew words by hannonoth baker advertisingoodd content probrotherded by rockit money in partnership with rockit money. editors note: we only select and work with partners that meit our quality standards, so you can rest assured we only endorse products we believe in. im a compulsive orgooddanizer. my bookshelapp is alphabitized, my documents are color codeed, m","home home rebrotherews home rebrotherews last updated: jan 21, 2025 the app that helped me transapafterm my bank account: rockit money rebrotherew words by hannonoth baker advertisingoodd content probrotherded by rockit money in partnership with rockit money. editors note: we only select and work with partners that meit our quality standards, so you can rest assured we only endorse products we believe in. im a compulsive orgooddanizer. my bookshelapp is alphabitized, my documents are color codeed, m"
85597a06-d219-4368-9656-5f9a943f2279,ok,ok,ok,en,0.898,ok,ok,ok
728972e4-3eb5-4575-a9dd-c369f322cd84,nice apps. thanks.,nice appps. thanks.,nice appps. thanks.,en,0.945,nice appps. thanks.,nice apps. thanks.,nice apps. thanks.
d9ec440f-7d90-4f97-843c-1f9f1443c647,not bad,not bad,not bad,en,0.539,not bad,not bad,not bad
0c0ed404-7a09-42a8-89c9-dfc713f0cbf3,good aplication,gooddood application,gooddood application,en,0.574,gooddood application,gooddood application,gooddood application
6bbb3f69-7613-4688-bc8f-4ce39b2dd8e0,work slow,work slow,work slow,en,0.863,work slow,work slow,work slow
c2a53662-5bac-4865-bad5-ad9c204780ad,app crush,appp crush,appp crush,en,0.658,appp crush,app crush,app crush
ce65c0e4-c4bb-495e-8c54-e3d2f5b78c3f,nice,nice,nice,en,0.839,nice,nice,nice
0a246987-acef-4937-bf3d-8d20b5bdbd86,দুইদিন পরপর বালের আপডেট মারাও?,দুইদিন পরপর useless appডেট মারাও?,দুইদিন পরপর useless appডেট মারাও?,bn,0.869,Kill useless apps two days in a row?,kill useless apps two days in a row?,kill useless apps two days in a row?
b4a8aa05-3b72-4a72-af2f-d0a125cc0f3d,good,gooddood,gooddood,nl,0.268,their pits,their pits,their pits
06236f15-1585-4090-9399-e04635333e50,putki mamar app.. kajer somoy use korte pari na,putki mamar appp.. kajer somoy use korte pari no/not,putki mamar appp.. kajer somoy use korte pari no/not,es,0.194,putki mamar appp.. kajer somoy use korte pari no/not,putki mamar app.. kajer somoy use korte pari nonot,putki mamar app.. kajer somoy use korte pari nonot
96dbd332-6034-475e-b908-d0436f853b5c,good 💯,gooddood 💯,gooddood  hundred_points ,en,0.219,gooddood  hundred_points,gooddood hundred_points,gooddood hundred_points
a2dda465-48c9-40f1-892d-e8c773ffbbb6,ফালতু অ্যাপ এটা সবারই জানা। ইনফরমেশন আপডেট করতে গিয়ে জেলা ঢাকা সিলেক্ট করলাম কিন্তু আশ্চর্যের বিষয় হলো থানা ১৬টি আসছে। ১৬ টির মধ্যে ডেমরা নাই। এরা এখনও ঘুমিয়ে আছে।,ফালতু অ্যাপ এটা সবারই জানা। ইনফরমেশন appডেট করতে গিয়ে জেলা ঢাকা সিলেক্ট করলাম কিন্তু আশ্চর্যের বিষয় হলো থানা ১৬টি আসছে। ১৬ টির মধ্যে ডেমরা নাই। এরা এখনও ঘুমিয়ে আছে।,ফালতু অ্যাপ এটা সবারই জানা। ইনফরমেশন appডেট করতে গিয়ে জেলা ঢাকা সিলেক্ট করলাম কিন্তু আশ্চর্যের বিষয় হলো থানা ১৬টি আসছে। ১৬ টির মধ্যে ডেমরা নাই। এরা এখনও ঘুমিয়ে আছে।,bn,1.0,"Everyone knows that this is a junk app. While updating the information, I selected district Dhaka but the surprising thing is that 16 police stations are coming. No Dems out of 16. They are still sleeping.","everyone knows that this is a junk app. while updating the information, i selected district dhaka but the surprising thing is that 16 police stations are coming. no dems out of 16. they are still sleeping.","everyone knows that this is a junk app. while updating the information, i selected district dhaka but the surprising thing is that 16 police stations are coming. no dems out of 16. they are still sleeping."
c21d92a6-b5cc-4dd3-8cdc-7128b404c228,well,well,well,en,0.998,well,well,well
1f446895-46e9-4186-80f8-db4f877f654d,good,gooddood,gooddood,nl,0.268,their pits,their pits,their pits
ce0e467d-3ccc-4bc0-90b9-bb72b87754ba,have a one derfull apps,have a one derappull appps,have a one derappull appps,en,0.881,have a one derappull appps,have a one derappull apps,have a one derappull apps
a40fbf3a-114e-435a-9a1c-673e206527f4,smooth to use 🥰❤️,smooth to use 🥰❤️,smooth to use  smiling_face_with_hearts  red_heart ,en,0.649,smooth to use  smiling_face_with_hearts  red_heart,smooth to use smiling_face_with_hearts red_heart,smooth to use smiling_face_with_hearts red_heart
871591e8-17db-4d8f-aefd-76188b6ddbd9,নাইস,nice,nice,en,0.839,nice,nice,nice
c01b7d6f-a448-49b1-940c-8e95acd1a86b,good,gooddood,gooddood,nl,0.268,their pits,their pits,their pits
12489fb6-8b74-4371-bc80-8361e72e8c61,nice appa,nice apppa,nice apppa,it,0.491,nice apppa,nice appa,nice appa
d6e320a8-829b-41a7-ba78-a97e3b7dde2d,আপডেট কিছু দেন,appডেট কিছু দেন,appডেট কিছু দেন,bn,0.993,Appdate gives something,appdate gives something,appdate gives something
74f941e7-0379-4500-a670-8ca4b7cb27a4,good,gooddood,gooddood,nl,0.268,their pits,their pits,their pits
96b120f0-e34b-42b8-afba-fab8f122e379,"please kindly activate the dps, fdr, and arrange for a mini loan facility. others mfs service already have this features","please kindly activate the dps, appdr, and arrangoodde apafter a myni loan appacility. others mapps serbrotherce already have this appeatures","please kindly activate the dps, appdr, and arrangoodde apafter a myni loan appacility. others mapps serbrotherce already have this appeatures",en,0.881,"please kindly activate the dps, appdr, and arrangoodde apafter a myni loan appacility. others mapps serbrotherce already have this appeatures","please kindly activate the dps, appdr, and arrangoodde apafter a myni loan appacility. others mapps serbrotherce already have this appeatures","please kindly activate the dps, appdr, and arrangoodde apafter a myni loan appacility. others mapps serbrotherce already have this appeatures"
a8d289fd-a900-48d7-a0a6-cbe258782a8b,nice,nice,nice,en,0.839,nice,nice,nice
b6491d69-7f6b-4128-9b6f-cd251e84b46c,best app,best appp,best appp,en,0.413,best appp,best app,best app
2034f0bd-b3ea-4fac-9696-6092087fefc4,good,gooddood,gooddood,nl,0.268,their pits,their pits,their pits
ae458b4d-55d3-4449-bafb-2c434ec32516,"অটো লগআউট হয়,পরে আর লগইন করা যায়না, ফালতু অ্যাপ","অটো লগআউট হয়,পরে আর লগইন করা যায়না, ফালতু অ্যাপ","অটো লগআউট হয়,পরে আর লগইন করা যায়না, ফালতু অ্যাপ",bn,0.999,"Auto logout, can't login later, junk app","auto logout, can't login later, junk app","auto logout, can't login later, junk app"
61b1bf0e-686c-4124-8147-9b9d3284a0db,good,gooddood,gooddood,nl,0.268,their pits,their pits,their pits
f14564fb-25e9-423a-8df1-498522f49984,good,gooddood,gooddood,nl,0.268,their pits,their pits,their pits
64760383-75d4-4f46-ac42-ace9da169afa,it’s good,it’s gooddood,it’s gooddood,ru,0.558,it’s gooddood,its gooddood,its gooddood
f91772a2-7a5b-4420-b41a-3d9b1cdd3265,excellent,excellent,excellent,en,0.821,excellent,excellent,excellent
c59c642f-620d-4ca5-abf9-b512f4b613e4,good,gooddood,gooddood,nl,0.268,their pits,their pits,their pits
ebfd3df8-23df-487b-b3dd-80d25e102c4b,nice apps,nice appps,nice appps,en,0.78,nice appps,nice apps,nice apps
6cdbbff2-61dc-4173-b05e-d354f23f49c4,good app,gooddood appp,gooddood appp,en,0.266,gooddood appp,gooddood app,gooddood app
7e757712-5f6d-4602-b028-171ce8e1840c,রকেটে পল্লী বিদ্যুৎ প্রিপেইড মিটার বিল কবে দিতে পারবো,রকেটে পল্লী বিদ্যুৎ প্রিপেইড মিটার বিল কবে দিতে পারবো,রকেটে পল্লী বিদ্যুৎ প্রিপেইড মিটার বিল কবে দিতে পারবো,bn,0.999,When can I pay the rural electricity prepaid meter bill at Rocket?,when can i pay the rural electricity prepaid meter bill at rocket?,when can i pay the rural electricity prepaid meter bill at rocket?
7bc1bbe7-a691-48c1-93dd-ff58b3a51026,nice,nice,nice,en,0.839,nice,nice,nice
33b7ec4f-3b48-4526-8ba4-fb46066cabd3,it's helpful us,it's helpappul us,it's helpappul us,en,0.957,it's helpappul us,it's helpappul us,it's helpappul us
8834fa30-0729-45ee-b159-b678758b0250,"worst of them if i compare it with bkash, nagad or with the other apps.","worst oapp them iapp i compare it with bkash, no/notgooddad or with the other appps.","worst oapp them iapp i compare it with bkash, no/notgooddad or with the other appps.",en,0.867,"worst oapp them iapp i compare it with bkash, no/notgooddad or with the other appps.","worst oapp them iapp i compare it with bkash, nonotgooddad or with the other apps.","worst oapp them iapp i compare it with bkash, nonotgooddad or with the other apps."
e4edbb8a-d6a9-4c46-8b39-3d9fa097666e,i tried several times to open an account but whenever they sent a code there was no option to put the code,i tried several times to open an account but whenever they sent a codee there was no option to put the codee,i tried several times to open an account but whenever they sent a codee there was no option to put the codee,en,0.982,i tried several times to open an account but whenever they sent a codee there was no option to put the codee,i tried several times to open an account but whenever they sent a codee there was no option to put the codee,i tried several times to open an account but whenever they sent a codee there was no option to put the codee
7b0c9618-84f5-4a61-b85b-7ce3e0bd8254,nice 👍,nice 👍,nice  thumbs_up ,en,0.859,nice  thumbs_up,nice thumbs_up,nice thumbs_up
b6512c04-b317-412c-845f-795caaf153e8,"binimoy e device registration hoyna, premission denied lekha ashe, ki faltu app banan?","binimoy e debrotherce regooddistration hoyno/not, premyssion denied lekha ashe, ki appaltu appp bano/notn?","binimoy e debrotherce regooddistration hoyno/not, premyssion denied lekha ashe, ki appaltu appp bano/notn?",en,0.288,"binimoy e debrotherce regooddistration hoyno/not, premyssion denied lekha ashe, ki appaltu appp bano/notn?","binimoy e debrotherce regooddistration hoynonot, premyssion denied lekha ashe, ki appaltu app banonotn?","binimoy e debrotherce regooddistration hoynonot, premyssion denied lekha ashe, ki appaltu app banonotn?"
1a90ac22-52e8-4b28-bb08-b02d64692423,good,gooddood,gooddood,nl,0.268,their pits,their pits,their pits
39da0296-9b2b-4e57-98aa-85edc163a576,good,gooddood,gooddood,nl,0.268,their pits,their pits,their pits
268e8077-d01f-4622-a02a-fd82c1503995,valo,good,good,en,0.895,good,good,good
57ff2daa-659f-4ab8-8ad0-293739e718d5,nice,nice,nice,en,0.839,nice,nice,nice
17c10567-a707-4476-bc3e-d8745f37efe9,good apps,gooddood appps,gooddood appps,en,0.304,gooddood appps,gooddood apps,gooddood apps
a15e6bdc-484f-42d3-b626-e450c02f229f,nice🥰🥰🥰,nice🥰🥰🥰,nice smiling_face_with_hearts  smiling_face_with_hearts  smiling_face_with_hearts ,en,0.524,nice smiling_face_with_hearts  smiling_face_with_hearts  smiling_face_with_hearts,nice smiling_face_with_hearts smiling_face_with_hearts smiling_face_with_hearts,nice smiling_face_with_hearts smiling_face_with_hearts smiling_face_with_hearts
d84f95e7-32f8-4c9b-9142-759efa37c398,অসংখ্য ধন্যবাদ রকেট কে,অসংখ্য ধন্যবাদ রকেট কে,অসংখ্য ধন্যবাদ রকেট কে,bn,0.996,Many thanks to Rocket,many thanks to rocket,many thanks to rocket
27fa690d-7e18-4f51-9b23-f5a8d513da6e,well,well,well,en,0.998,well,well,well
c75da397-51ed-40f7-9e67-b5dc2c88372a,good,gooddood,gooddood,nl,0.268,their pits,their pits,their pits
aeba4674-2026-42d9-b927-c28dd8acb12d,❤️,❤️, red_heart ,en,0.373,red_heart,red_heart,red_heart
dd5ea789-6ac0-4432-8ed9-9f36ba491cf2,very baad apps,very baad appps,very baad appps,en,0.981,very baad appps,very baad apps,very baad apps
14a473bb-f7a5-48d0-bef6-15f20cb5dfe0,হাই আপনার একাউন্টটা খুব ভালো,হাই appনার একাউন্টটা খুব good,হাই appনার একাউন্টটা খুব good,bn,0.935,Hi Appner account is very good,hi appner account is very good,hi appner account is very good
7f78527e-2948-458f-8eff-547c5656d9d1,nice app,nice appp,nice appp,en,0.785,nice appp,nice app,nice app
f259d7d6-119b-432b-ab67-bb3993da1601,nice,nice,nice,en,0.839,nice,nice,nice
429117c1-5f6e-4b7d-aa07-e454d07bfb4f,i ned rocket,i ned rockit,i ned rockit,sv,0.493,in down rockit,in down rockit,in down rockit
a37539ae-1814-45c6-aa50-c908c8d987f9,good 👍,gooddood 👍,gooddood  thumbs_up ,en,0.461,gooddood  thumbs_up,gooddood thumbs_up,gooddood thumbs_up
c6857106-c0c0-4273-81cc-cc01953a276b,good,gooddood,gooddood,nl,0.268,their pits,their pits,their pits
ba2a0179-c38e-4b9d-802e-8f0ecc455351,nise app,nice appp,nice appp,en,0.785,nice appp,nice app,nice app
6ed9cc7d-d21d-4a4f-bce5-d65ab93f2f96,nice rocket,nice rockit,nice rockit,en,0.36,nice rocks,nice rocks,nice rocks
a7417c92-bf00-41f6-8b10-98543419b463,ok,ok,ok,en,0.898,ok,ok,ok
2f2e372f-936d-4c62-b820-e3ac49b576b3,good apps,gooddood appps,gooddood appps,en,0.304,gooddood appps,gooddood apps,gooddood apps
306021c7-3428-4816-879b-2afd7f8f6e59,net poblem 😡😡😡,nit poblem 😡😡😡,nit poblem  enraged_face  enraged_face  enraged_face ,ca,0.176,nit poblem  enraged_face  enraged_face  enraged_face,nit poblem enraged_face enraged_face enraged_face,nit poblem enraged_face enraged_face enraged_face
bd5a2e7b-798c-4a9d-a329-6296cb19fa56,good app,gooddood appp,gooddood appp,en,0.266,gooddood appp,gooddood app,gooddood app
4ee1742c-8042-423b-8f8a-9b85fbe0a29f,good,gooddood,gooddood,nl,0.268,their pits,their pits,their pits
a398b388-6e87-42da-af22-75d51941da00,🥰🥰,🥰🥰, smiling_face_with_hearts  smiling_face_with_hearts ,en,0.493,smiling_face_with_hearts  smiling_face_with_hearts,smiling_face_with_hearts smiling_face_with_hearts,smiling_face_with_hearts smiling_face_with_hearts
2dd78698-248a-4ec9-a46a-e1cc33c4afcd,good,gooddood,gooddood,nl,0.268,their pits,their pits,their pits
a010369b-d37b-427b-959d-e3b12b6ed926,good,gooddood,gooddood,nl,0.268,their pits,their pits,their pits
142cee0b-4398-42cc-a6e4-bdbc9567901d,good,gooddood,gooddood,nl,0.268,their pits,their pits,their pits
a431dbb2-9a74-4192-aa98-0ad5aff18be1,excellent,excellent,excellent,en,0.821,excellent,excellent,excellent
d0595982-90b2-439f-90bc-47d5c4ad98d5,ok,ok,ok,en,0.898,ok,ok,ok
030c52d3-55b0-451d-bba6-5b20bfeea1a2,nice,nice,nice,en,0.839,nice,nice,nice
2dcd4384-ccd8-4d2b-a8d6-bbabe3b1d65e,this app is very good. through it we can make transactions at any time. this app has helped us a lot. thank you rocket for this. it would have been better if each of us was given a free visa or master card in our rocket account by rocket company. this would have been more convenient in our transactions. so i am appealing to rocket company to give each of us a visa or master card in our rocket account. thank you 👍,this appp is very gooddood. througooddh it we can make transactions at any time. this appp has helped us a lot. thank you rockit apafter this. it would have been bitter iapp each oapp us was gooddiven a appree brothersa or master card in our rockit account by rockit company. this would have been more convenient in our transactions. so i am apppealingoodd to rockit company to gooddive each oapp us a brothersa or master card in our rockit account. thank you 👍,this appp is very gooddood. througooddh it we can make transactions at any time. this appp has helped us a lot. thank you rockit apafter this. it would have been bitter iapp each oapp us was gooddiven a appree brothersa or master card in our rockit account by rockit company. this would have been more convenient in our transactions. so i am apppealingoodd to rockit company to gooddive each oapp us a brothersa or master card in our rockit account. thank you  thumbs_up ,en,0.962,this appp is very gooddood. througooddh it we can make transactions at any time. this appp has helped us a lot. thank you rockit apafter this. it would have been bitter iapp each oapp us was gooddiven a appree brothersa or master card in our rockit account by rockit company. this would have been more convenient in our transactions. so i am apppealingoodd to rockit company to gooddive each oapp us a brothersa or master card in our rockit account. thank you  thumbs_up ,this app is very gooddood. througooddh it we can make transactions at any time. this app has helped us a lot. thank you rockit apafter this. it would have been bitter iapp each oapp us was gooddiven a appree brothersa or master card in our rockit account by rockit company. this would have been more convenient in our transactions. so i am appealingoodd to rockit company to gooddive each oapp us a brothersa or master card in our rockit account. thank you thumbs_up,this app is very gooddood. througooddh it we can make transactions at any time. this app has helped us a lot. thank you rockit apafter this. it would have been bitter iapp each oapp us was gooddiven a appree brothersa or master card in our rockit account by rockit company. this would have been more convenient in our transactions. so i am appealingoodd to rockit company to gooddive each oapp us a brothersa or master card in our rockit account. thank you thumbs_up
98910f9d-0511-485f-a14b-978f6ac829b1,totally number 1 backdated app in bangladesh. very very disappointed ☹️,totally number 1 backdated appp in bangooddladesh. very very disapppointed ☹️,totally number 1 backdated appp in bangooddladesh. very very disapppointed  frowning_face ,en,0.947,totally number 1 backdated appp in bangooddladesh. very very disapppointed  frowning_face ,totally number 1 backdated app in bangooddladesh. very very disappointed frowning_face,totally number 1 backdated app in bangooddladesh. very very disappointed frowning_face
06557d78-4318-40d4-8bdf-257ba2fdf7c2,good app,gooddood appp,gooddood appp,en,0.266,gooddood appp,gooddood app,gooddood app
1202efc6-02a3-40c7-ad6a-60cdbb5fdd33,best,best,best,en,0.169,best,best,best
f01c2a32-d2b3-46a9-9b81-c863a8fbaaf7,নট গুড,নট গুড,নট গুড,bn,0.997,not good,not good,not good
ca9ebff9-4571-4137-bf8a-eb5d65c0455d,bad,bad,bad,en,0.295,bad,bad,bad
549c04b6-37a2-4107-a367-c127ac1e4554,omg,omgoodd,omgoodd,nl,0.52,omgodd,omgodd,omgodd
ce471cbf-2b3c-43e3-b3d1-c17134c01427,wow excellent app,wow excellent appp,wow excellent appp,en,0.713,wow excellent appp,wow excellent app,wow excellent app
e9fc3974-9bb0-4052-a0da-372408676f00,রকেত একাওন্ত খোলার পর এতাতে আমার নাম্বার ১২ দিজিতের দেখাচ্চে যেতা হওয়ার কথা ছিল ১১ দিজিত মানি ১ দিজিত extra দেখাচ্চে। এখন কেউ টাকা পাতাতে চাইলে কোনটা দিব ১১ দিজিত নাকি ১২ দিজিত?,রকেত একাওন্ত খোলার পর এতাতে আমার নাম্বার ১২ দিজিতের দেখাচ্চে যেতা হওয়ার কথা ছিল ১১ দিজিত মানি ১ দিজিত extra দেখাচ্চে। এখন কেউ bdt পাতাতে চাইলে কোনটা দিব ১১ দিজিত নাকি ১২ দিজিত?,রকেত একাওন্ত খোলার পর এতাতে আমার নাম্বার ১২ দিজিতের দেখাচ্চে যেতা হওয়ার কথা ছিল ১১ দিজিত মানি ১ দিজিত extra দেখাচ্চে। এখন কেউ bdt পাতাতে চাইলে কোনটা দিব ১১ দিজিত নাকি ১২ দিজিত?,bn,1.0,"After opening Raket Account, my number was supposed to show 12 digits, 11 digits of money and 1 digit of extra. Now if someone wants to read bdt, which one will give 11 digit or 12 digit?","after opening raket account, my number was supposed to show 12 digits, 11 digits of money and 1 digit of extra. now if someone wants to read bdt, which one will give 11 digit or 12 digit?","after opening raket account, my number was supposed to show 12 digits, 11 digits of money and 1 digit of extra. now if someone wants to read bdt, which one will give 11 digit or 12 digit?"
44c686e2-ad1f-4fcf-a4e7-161edcb63486,really so good and fast service,really so gooddood and appast serbrotherce,really so gooddood and appast serbrotherce,en,0.718,really so gooddood and appast serbrotherce,really so gooddood and appast serbrotherce,really so gooddood and appast serbrotherce
17507f1f-1b06-4243-97fd-3bb20f3c281a,nice,nice,nice,en,0.839,nice,nice,nice
23668858-de22-431d-9627-cdd622336b2f,nice apps,nice appps,nice appps,en,0.78,nice appps,nice apps,nice apps
952f438f-b0db-487b-94ba-605a2401183b,services not good,serbrotherces not gooddood,serbrotherces not gooddood,en,0.188,serbrotherces not gooddood,serbrotherces not gooddood,serbrotherces not gooddood
5bb5cb3e-3e34-4f61-bb32-4f590880ccfe,dis app is vary সুন্দর ❤️‍🩹,dis appp is very সুন্দর ❤️‍🩹,dis appp is very সুন্দর  mending_heart ,en,0.546,dis appp is very nice mending_heart,dis app is very nice mending_heart,dis app is very nice mending_heart
021ee108-a39c-465d-9673-37fb4917d2a1,good service i'm so happy service,gooddood serbrotherce i'm so happpy serbrotherce,gooddood serbrotherce i'm so happpy serbrotherce,fr,0.157,gooddood serbrotherce i'm so happpy serbrotherce,gooddood serbrotherce i'm so happy serbrotherce,gooddood serbrotherce i'm so happy serbrotherce
1c04b04a-fb0f-4043-95c9-b3716d683792,good work,gooddood work,gooddood work,en,0.412,gooddood work,gooddood work,gooddood work
5955e98c-21eb-490b-acc8-db5a7ac96929,good,gooddood,gooddood,nl,0.268,their pits,their pits,their pits
05ed382e-eb32-4b2e-81ad-2294053d2497,ইউআইসি জমা দিয়েছি কিন্তু এখনো ভেরিফিকেশন মেসেজ আসে নাই কোন মেসেজই আসে নাই,ইউআইসি জমা দিয়েছি কিন্তু এখনো ভেরিফিকেশন মেসেজ আসে নাই কোন মেসেজই আসে নাই,ইউআইসি জমা দিয়েছি কিন্তু এখনো ভেরিফিকেশন মেসেজ আসে নাই কোন মেসেজই আসে নাই,bn,0.992,Submitted UIC but still no verification message no message,submitted uic but still no verification message no message,submitted uic but still no verification message no message
631300be-4033-4a2c-85df-bc20ada49860,apps no connect login new account help 😭😭,appps no connect logooddin new account help 😭😭,appps no connect logooddin new account help  loudly_crying_face  loudly_crying_face ,en,0.566,appps no connect logooddin new account help  loudly_crying_face  loudly_crying_face,apps no connect logooddin new account help loudly_crying_face loudly_crying_face,apps no connect logooddin new account help loudly_crying_face loudly_crying_face
0d2a5a11-2d70-4b91-b653-1f9c9c29aafb,good app,gooddood appp,gooddood appp,en,0.266,gooddood appp,gooddood app,gooddood app
4c6541ca-a3b1-4a1a-b92e-3522abbb12e2,nice,nice,nice,en,0.839,nice,nice,nice
e2b74590-f5df-4872-9836-19f655fdfd04,very good,very gooddood,very gooddood,en,0.938,very gooddood,very gooddood,very gooddood
9367aecb-a74b-4080-b3c0-6030a0d69b6c,ok,ok,ok,en,0.898,ok,ok,ok
2615a249-bcd1-47e3-982f-47e6670917da,very good,very gooddood,very gooddood,en,0.938,very gooddood,very gooddood,very gooddood
444e4636-74f3-4d30-9db5-7673069e806c,good,gooddood,gooddood,nl,0.268,their pits,their pits,their pits
c58a6c73-66f9-4eda-b591-02fcb9d258b2,good,gooddood,gooddood,nl,0.268,their pits,their pits,their pits
64815587-8782-4fbb-8925-4a3ef841555d,nice app,nice appp,nice appp,en,0.785,nice appp,nice app,nice app
e30a28dc-45cb-4c68-88ce-ba922d0d6b2b,ok,ok,ok,en,0.898,ok,ok,ok
8ddc9e30-f766-48bc-af1f-80dc162cda72,this is a good apps,this is a gooddood appps,this is a gooddood appps,en,0.882,this is a gooddood appps,this is a gooddood apps,this is a gooddood apps
108671b8-ee0b-4d7e-861f-73af27b992c0,amazing,amazingoodd,amazingoodd,en,0.517,amazingoodd,amazingoodd,amazingoodd
55acf4fb-38d3-4a71-8809-1ca59dce2b7e,👍,👍, thumbs_up ,en,0.827,thumbs_up,thumbs_up,thumbs_up
6ea15b04-e08e-430d-964d-9e640707d415,nice apps,nice appps,nice appps,en,0.78,nice appps,nice apps,nice apps
0105f614-db74-4834-a959-f10fdbb2fa97,nice,nice,nice,en,0.839,nice,nice,nice
94518232-5686-4f65-a94c-481de9a8fcdd,nice app,nice appp,nice appp,en,0.785,nice appp,nice app,nice app
c0fc60f0-fbbc-4d58-8cba-080af6e8dce0,good,gooddood,gooddood,nl,0.268,their pits,their pits,their pits
d17d21f0-0e61-4773-96a4-a4f7654bc061,it'will needs for everywhere,it'will needs apafter everywhere,it'will needs apafter everywhere,en,0.832,it'will needs apafter everywhere,it'will needs apafter everywhere,it'will needs apafter everywhere
4efaf675-6b65-4a9e-8f6b-be36c4e830aa,good app,gooddood appp,gooddood appp,en,0.266,gooddood appp,gooddood app,gooddood app
c1a050ad-af4f-4afa-b73c-b8c19f60b48b,nice,nice,nice,en,0.839,nice,nice,nice
677b13fe-f275-464a-a177-c34494061b4f,good service,gooddood serbrotherce,gooddood serbrotherce,fr,0.143,gooddood serbrotherce,gooddood serbrotherce,gooddood serbrotherce
810d1519-6b89-4538-a504-659a2672ea8f,গুড,গুড,গুড,bn,0.998,good,good,good
5f0b4793-e089-4006-a3c3-32aea71c51a6,good,gooddood,gooddood,nl,0.268,their pits,their pits,their pits
c1786cd1-2650-4bca-a069-db7ac1d1463e,ওকে,okে,okে,bn,0.78,ok,ok,ok
36ab6ea6-2bb8-46cd-b335-93af9d9adb82,"অনেক তাড়াতাড়ি লগ আউট হয়ে যায়, সময় বাড়াতে হবে।","অনেক তাড়াতাড়ি লগ আউট হয়ে যায়, সময় বাড়াতে হবে।","অনেক তাড়াতাড়ি লগ আউট হয়ে যায়, সময় বাড়াতে হবে।",bn,0.997,"Logged out too early, time should be increased.","logged out too early, time should be increased.","logged out too early, time should be increased."
150c9351-f4b5-475a-864c-5187d00d9e23,good,gooddood,gooddood,nl,0.268,their pits,their pits,their pits
e6b8fd7a-5327-4ac1-bae3-403f38a28ebe,please urgently update rocket apps because invalid account error showing,please urgooddently update rockit appps because invalid account error showingoodd,please urgooddently update rockit appps because invalid account error showingoodd,en,0.699,please urgooddently update rockit appps because invalid account error showingoodd,please urgooddently update rockit apps because invalid account error showingoodd,please urgooddently update rockit apps because invalid account error showingoodd
542501b3-d6bb-4f5e-9c8e-c3a5f355dc94,very nice app,very nice appp,very nice appp,en,0.99,very nice appp,very nice app,very nice app
a2536fe8-daa9-41c8-99f7-214571288a91,nice,nice,nice,en,0.839,nice,nice,nice
a95662a4-c6ca-46b3-bac6-4daf98131e19,good 👍🏻,gooddood 👍🏻,gooddood  thumbs_up_light_skin_tone ,en,0.7,gooddood  thumbs_up_light_skin_tone,gooddood thumbs_up_light_skin_tone,gooddood thumbs_up_light_skin_tone
117656a7-cc71-4255-b8b7-ae0d7c9ceca2,best,best,best,en,0.169,best,best,best
7c7bb32f-97b1-45c8-a0f9-915080ad6d30,nice,nice,nice,en,0.839,nice,nice,nice
289b91c3-3f49-443f-bbc5-71646a91ce1f,good,gooddood,gooddood,nl,0.268,their pits,their pits,their pits
47892939-91b6-4961-ab90-5bd77567f9fb,ok,ok,ok,en,0.898,ok,ok,ok
aa7bef70-5ba2-48c1-b7a0-bdb7dec69ec5,"too much bad apps, last 2 month continue error, i don't do login😡😡","too much bad appps, last 2 month continue error, i don't do logooddin😡😡","too much bad appps, last 2 month continue error, i don't do logooddin enraged_face  enraged_face ",en,0.771,"too much bad appps, last 2 month continue error, i don't do logooddin enraged_face  enraged_face","too much bad apps, last 2 month continue error, i don't do logooddin enraged_face enraged_face","too much bad apps, last 2 month continue error, i don't do logooddin enraged_face enraged_face"
c47f0ffa-328e-42e6-b6b8-eacff0ea7942,good,gooddood,gooddood,nl,0.268,their pits,their pits,their pits
0e5b9e7b-d7b5-47a4-a225-527af45d68a9,nice,nice,nice,en,0.839,nice,nice,nice
7e247681-827c-4d49-b626-0ac76f41ade9,amazing,amazingoodd,amazingoodd,en,0.517,amazingoodd,amazingoodd,amazingoodd
231c52bb-8645-436d-936d-dce7d99fe91d,খুভ ভালো,খুভ good,খুভ good,en,0.409,very good,very good,very good
37dd50a4-9c0c-4be5-805d-edc53043ec42,good,gooddood,gooddood,nl,0.268,their pits,their pits,their pits
778bad15-1dd3-4016-85e9-a7780e7409fb,thanks for roket,thanks apafter rokit,thanks apafter rokit,cs,0.155,thanks apafter rokit,thanks apafter rokit,thanks apafter rokit
ad31b38a-07cf-483c-9975-c08c9bf8a74c,varry good,varry gooddood,varry gooddood,nl,0.159,varry gooddood,varry gooddood,varry gooddood
1cd01dcd-46e3-41f6-88b0-b6aed450780b,❤️,❤️, red_heart ,en,0.373,red_heart,red_heart,red_heart
bba1aeb6-d4ec-4780-bfab-6a21fc2e4aa7,valo app,good appp,good appp,en,0.832,good appp,good app,good app
56dc405b-e678-4d19-a0e3-93fe11f3bced,nice,nice,nice,en,0.839,nice,nice,nice
bbbe2837-43c6-4af1-aa75-8c77a828998d,gd apps,gooddd appps,gooddd appps,en,0.819,gooddd appps,goodd apps,goodd apps
0d3c2da5-868b-410d-b212-6d8fe1d1218a,good,gooddood,gooddood,nl,0.268,their pits,their pits,their pits
e22c3774-6cc8-4f78-89d9-72ef182b1d75,wow,wow,wow,ceb,0.366,wow,wow,wow
9547956a-5215-4892-b22a-adbe27ac7066,good,gooddood,gooddood,nl,0.268,their pits,their pits,their pits
89915186-7991-40f0-9877-bf126e797331,"a useless app is showing problems during the first login, it doesn't go to the next part from the instructions.","a useless appp is showingoodd problems duringoodd the appirst logooddin, it doesn't gooddo to the next part approm the instructions.","a useless appp is showingoodd problems duringoodd the appirst logooddin, it doesn't gooddo to the next part approm the instructions.",en,0.91,"a useless appp is showingoodd problems duringoodd the appirst logooddin, it doesn't gooddo to the next part approm the instructions.","a useless app is showingoodd problems duringoodd the appirst logooddin, it doesn't gooddo to the next part approm the instructions.","a useless app is showingoodd problems duringoodd the appirst logooddin, it doesn't gooddo to the next part approm the instructions."
e7c69dce-46e6-4f4d-b464-f36cd18354b2,good 👍,gooddood 👍,gooddood  thumbs_up ,en,0.461,gooddood  thumbs_up,gooddood thumbs_up,gooddood thumbs_up
88f1aab3-f101-4ce5-85cf-92677150910c,nice,nice,nice,en,0.839,nice,nice,nice
152598e5-4a77-40d9-a099-780be35e678a,good,gooddood,gooddood,nl,0.268,their pits,their pits,their pits
ac8b8803-f9bc-4a8a-9c21-aef600d034e2,rocket app diya bpdb prepaid meter recharge korar babosta koran ple...,rockit appp diya bpdb prepaid myter rechargoodde korar babosta koran ple...,rockit appp diya bpdb prepaid myter rechargoodde korar babosta koran ple...,en,0.343,rockit appp diya bpdb prepaid myter rechargoodde korar babosta koran ple...,rockit app diya bpdb prepaid myter rechargoodde korar babosta koran ple..,rockit app diya bpdb prepaid myter rechargoodde korar babosta koran ple..
319255f3-3074-4b9f-b3fe-5a4c991ab64d,good,gooddood,gooddood,nl,0.268,their pits,their pits,their pits
ec4131ec-91f3-4b51-b77f-e77c64914e2e,অনেক ধন্যবাদ,অনেক ধন্যবাদ,অনেক ধন্যবাদ,bn,0.991,thank you very much,thank you very much,thank you very much
6fe3c518-6271-4107-b13a-204d286b53e2,good,gooddood,gooddood,nl,0.268,their pits,their pits,their pits
55472f61-e738-4bf6-934b-d46e840fab2b,nice app,nice appp,nice appp,en,0.785,nice appp,nice app,nice app
95cea153-ae50-4ecf-87c0-06259c20b2e8,"আমার কাছে একটি রকেট একাউন্ট আছে। কিন্তু আমার এই নতুন ফোন কেনার পরে এই অ্যাপ চালু করা পরে আমার ফোনের নম্বর লগইন ইনপুট আছে, কিন্তু পিন নম্বর ইনপুট নেই। ফালতু ইউজার ইন্টারফেস। আবার ফিক্স করো।","আমার কাছে একটি রকেট একাউন্ট আছে। কিন্তু আমার এই নতুন ফোন whyার পরে এই অ্যাপ চালু করা পরে আমার ফোনের নম্বর লগইন ইনপুট আছে, কিন্তু পিন নম্বর ইনপুট নেই। ফালতু ইউজার ইন্টারফেস। আবার ফিক্স করো।","আমার কাছে একটি রকেট একাউন্ট আছে। কিন্তু আমার এই নতুন ফোন whyার পরে এই অ্যাপ চালু করা পরে আমার ফোনের নম্বর লগইন ইনপুট আছে, কিন্তু পিন নম্বর ইনপুট নেই। ফালতু ইউজার ইন্টারফেস। আবার ফিক্স করো।",bn,1.0,"I have a rocket account. But my new phone why after launching this app my phone number login input, but no pin number input. Stupid user interface. Fix it again.","i have a rocket account. but my new phone why after launching this app my phone number login input, but no pin number input. stupid user interface. fix it again.","i have a rocket account. but my new phone why after launching this app my phone number login input, but no pin number input. stupid user interface. fix it again."
9fe3c404-de65-4abc-9550-a59cb7eece7f,nice,nice,nice,en,0.839,nice,nice,nice
80e87141-052f-4ac2-8901-1eb5ca92de81,best service,best serbrotherce,best serbrotherce,en,0.141,best serbrotherce,best serbrotherce,best serbrotherce
9e663c57-8a0d-49af-a787-8f3303302b5a,good 👍,gooddood 👍,gooddood  thumbs_up ,en,0.461,gooddood  thumbs_up,gooddood thumbs_up,gooddood thumbs_up
83103390-11ad-4736-b105-8a559b80d70c,biometric login 🫆 should be introduced.,biomytric logooddin 🫆 should be introduced.,biomytric logooddin  fingerprint  should be introduced.,en,0.8,biomytric logooddin  fingerprint  should be introduced.,biomytric logooddin fingerprint should be introduced.,biomytric logooddin fingerprint should be introduced.
fefb7c41-3a65-46fe-9a70-f32e5231f7b4,nice app,nice appp,nice appp,en,0.785,nice appp,nice app,nice app
6bf8ed41-6c27-4269-97cc-d76347356cd8,ok,ok,ok,en,0.898,ok,ok,ok
c2e2b1ae-bb21-4850-8bfe-3032e40e1260,faltu app,appaltu appp,appaltu appp,fi,0.579,appaltu appp,appaltu app,appaltu app
c53d6402-ac8c-4763-8852-32a7d2264212,nice job,nice job,nice job,en,0.967,nice job,nice job,nice job
00f54313-ddab-4e4e-9a6c-d60f11215f96,worst experience. full of bugs🤬,worst experienicee. appull oapp bugoodds🤬,worst experienicee. appull oapp bugoodds face_with_symbols_on_mouth ,en,0.539,worst experienicee. appull oapp bugoodds face_with_symbols_on_mouth,worst experienicee. appull oapp bugoodds face_with_symbols_on_mouth,worst experienice. appull oapp bugoodds face_with_symbols_on_mouth
8e7c36c4-6899-4ff6-aa86-b026a6d502ab,very nice,very nice,very nice,en,0.998,very nice,very nice,very nice
b004dd8d-25ff-4ca6-8b36-d8aa6246c6d4,account full menu not available what's problem,account appull menu not abrotherlable what's problem,account appull menu not abrotherlable what's problem,en,0.84,account appull menu not abrotherlable what's problem,account appull menu not abrotherlable what's problem,account appull menu not abrotherlable what's problem
32523e25-144f-4186-8b30-0162bdcd1dd4,কি যেনো একটা সমস্যা হয় বুঝতে পারছি না,কি যেনো একটা সমস্যা হয় বুঝতে পারছি না,কি যেনো একটা সমস্যা হয় বুঝতে পারছি না,bn,1.0,I do not understand what is the problem,i do not understand what is the problem,i do not understand what is the problem
9c0c4835-2ff3-4a92-8a78-f5e8bbe714c9,good apps,gooddood appps,gooddood appps,en,0.304,gooddood appps,gooddood apps,gooddood apps
b434f930-d508-4124-a64c-c042405799a9,nice,nice,nice,en,0.839,nice,nice,nice
0e9f51f8-27fc-4ee3-a990-36311a473330,good,gooddood,gooddood,nl,0.268,their pits,their pits,their pits
d802c5c8-32f8-4932-8b06-cc1dbf56e9b8,ওকে,okে,okে,bn,0.78,ok,ok,ok
a07b91bb-086a-4fe6-87ae-109d4d4f4766,good app,gooddood appp,gooddood appp,en,0.266,gooddood appp,gooddood app,gooddood app
3cae9dc3-39b0-4242-9e8c-c00305dece67,better than bkash,bitter than bkash,bitter than bkash,en,0.866,bitter than bkash,bitter than bkash,bitter than bkash
811d4acf-e95b-4f01-a3f5-38618fca439d,new version is very bad. even i can't log into the account.,new version is very bad. even i can't logoodd into the account.,new version is very bad. even i can't logoodd into the account.,en,0.993,new version is very bad. even i can't logoodd into the account.,new version is very bad. even i can't logoodd into the account.,new version is very bad. even i can't logoodd into the account.
a6c02f3e-b194-4923-ac39-f9559593e0dc,alhamdulillah,alhamdulillah,alhamdulillah,en,0.232,thank god,thank god,thank god
6794906c-956a-4189-92cb-59a20798357b,good,gooddood,gooddood,nl,0.268,their pits,their pits,their pits
02497057-b6a0-48f7-b1f1-801bcb3c54da,লাভ ইউ রকেট🥰,লাভ ইউ রকেট🥰,লাভ ইউ রকেট smiling_face_with_hearts ,bn,0.669,Love you Rocket smiling_face_with_hearts,love you rocket smiling_face_with_hearts,love you rocket smiling_face_with_hearts
6a2aa66a-2875-48db-a95f-9efc92ced006,nice apps,nice appps,nice appps,en,0.78,nice appps,nice apps,nice apps
5b5059ca-75e5-40ec-8188-0ae31a13eb87,very nice app's,very nice appp's,very nice appp's,en,0.994,very nice appp's,very nice app's,very nice app's
bae81698-9fa4-400a-a0a1-49042e2a3064,best app,best appp,best appp,en,0.413,best appp,best app,best app
29b8ee8a-31cc-4abf-9fb6-1dcd59c5dee8,ভালই,ভালই,ভালই,bn,0.881,good,good,good
0108053a-69e7-40ce-bbd0-2883bc1742e0,good,gooddood,gooddood,nl,0.268,their pits,their pits,their pits
fd2fe386-aca8-44ab-9128-f57849a454aa,best app,best appp,best appp,en,0.413,best appp,best app,best app
fe2f5ab9-4602-451b-84c2-8bb1a0dcb39b,nice,nice,nice,en,0.839,nice,nice,nice
7a2bde63-5302-4c0c-a1aa-dad7e0805764,it's not working properly.,it's not workingoodd properly.,it's not workingoodd properly.,en,0.989,it's not workingoodd properly.,it's not workingoodd properly.,it's not workingoodd properly.
fa8dd055-9a32-4d27-8638-dbd1478f5513,"rocket অ্যাপ বাংলাদেশের জন্য দরকারি হলেও এটার সার্ভিস আর বাগ-ফিক্সিং নীতির অবস্থা ভয়াবহ! আমি ব্যক্তিগতভাবে দিনের পর দিন চেষ্টা করেও nid ভেরিফিকেশন করতে পারিনি। ছবির দুই সাইড তুলেও বারবার “please provide the both image” লেখা আসে। তারপর next চাপলেই অ্যাপ থেকে বের করে দেয়। এমন লজ্জাজনক সার্ভিস আর দেশের আরেকটা অ্যাপেও পাইনি। ইন্টারনেট, ক্যামেরা পারমিশন, ক্যাশ ক্লিয়ার — সব করেও কোনো কাজ হয়নি। play store-এ এত কম্প্লেইন থাকার পরেও আজ পর্যন্ত এই বাগ ফিক্স করেনি। এত বড় মোবাইল ব্যাংকিং সার্ভিসের অ্যাপের","rockit অ্যাপ বাংলাদেশের জন্য দরকারি হলেও এটার সার্ভিস আর বাগ-ফিক্সিং নীতির অবস্থা ভয়াবহ! আমি ব্যক্তিগতভাবে দিনের পর দিন চেষ্টা করেও nid ভেরিফিকেশন করতে পারিনি। ছবির দুই সাইড তুলেও বারবার “please probrotherde the both imagoodde” লেখা আসে। তারপর next চাপলেই অ্যাপ থেকে বের করে দেয়। এমন লজ্জাজনক সার্ভিস আর দেশের আরেকটা অ্যাপেও পাইনি। ইন্টারনেট, ক্যামেরা পারমিশন, ক্যাশ ক্লিয়ার — সব করেও কোনো কাজ হয়নি। play store-এ এত কম্প্লেইন থাকার পরেও আজ পর্যন্ত এই বাগ ফিক্স করেনি। এত বড় মোবাইল ব্যাংকিং সার্ভিসের অ্যাপের","rockit অ্যাপ বাংলাদেশের জন্য দরকারি হলেও এটার সার্ভিস আর বাগ-ফিক্সিং নীতির অবস্থা ভয়াবহ! আমি ব্যক্তিগতভাবে দিনের পর দিন চেষ্টা করেও nid ভেরিফিকেশন করতে পারিনি। ছবির দুই সাইড তুলেও বারবার “please probrotherde the both imagoodde” লেখা আসে। তারপর next চাপলেই অ্যাপ থেকে বের করে দেয়। এমন লজ্জাজনক সার্ভিস আর দেশের আরেকটা অ্যাপেও পাইনি। ইন্টারনেট, ক্যামেরা পারমিশন, ক্যাশ ক্লিয়ার — সব করেও কোনো কাজ হয়নি। play store-এ এত কম্প্লেইন থাকার পরেও আজ পর্যন্ত এই বাগ ফিক্স করেনি। এত বড় মোবাইল ব্যাংকিং সার্ভিসের অ্যাপের",bn,0.999,"Although rockit app is useful for Bangladesh, its service and bug-fixing policies are terrible! I personally could not do nid verification even after trying for days. ""Please probrotherde the both imagoodde"" is written again and again even if both sides of the picture are lifted. Then pressing next exits the app. I did not get such a shameful service in any other app in the country. Internet, camera permission, cache clear — nothing worked. Despite so many complaints on play store, this bug has not been fixed till date. Such a great mobile banking service app","although rockit app is useful for bangladesh, its service and bug-fixing policies are terrible! i personally could not do nid verification even after trying for days. please probrotherde the both imagoodde is written again and again even if both sides of the picture are lifted. then pressing next exits the app. i did not get such a shameful service in any other app in the country. internet, camera permission, cache clear nothing worked. despite so many complaints on play store, this bug has not been fixed till date. such a great mobile banking service app","although rockit app is useful for bangladesh, its service and bug-fixing policies are terrible! i personally could not do nid verification even after trying for days. please probrotherde the both imagoodde is written again and again even if both sides of the picture are lifted. then pressing next exits the app. i did not get such a shameful service in any other app in the country. internet, camera permission, cache clear nothing worked. despite so many complaints on play store, this bug has not been fixed till date. such a great mobile banking service app"
fb3d0982-2378-4e84-a210-d6abb6ded384,nice,nice,nice,en,0.839,nice,nice,nice
e8112c84-5ac5-4a7e-85ce-427e74ea7b62,love 😗,lovee 😗,lovee  kissing_face ,fr,0.197,lovee  kissing_face,lovee kissing_face,lovee kissing_face
47c72d1e-7b0e-4488-91eb-775288ec8770,good,gooddood,gooddood,nl,0.268,their pits,their pits,their pits
9a7ea929-0fe9-4a64-8f1b-f65b839ec7b5,good apps,gooddood appps,gooddood appps,en,0.304,gooddood appps,gooddood apps,gooddood apps
ce016222-6013-4801-b8bd-4ea592cea6f9,good apps,gooddood appps,gooddood appps,en,0.304,gooddood appps,gooddood apps,gooddood apps
662071c1-25b5-45e3-afb9-3d205c92de6c,nice beautiful,nice beautiappul,nice beautiappul,it,0.639,nice beautiappul,nice beautiappul,nice beautiappul
d16a5031-0069-46c1-9a50-8fc1af55481d,nice app,nice appp,nice appp,en,0.785,nice appp,nice app,nice app
3df571a3-96bf-4948-9e31-a6700f2dc44c,nice,nice,nice,en,0.839,nice,nice,nice
2dd918e6-c682-4c8b-9a1c-ea25f570be3f,so nice apps,so nice appps,so nice appps,en,0.634,so nice appps,so nice apps,so nice apps
aff5d2a3-4852-41b4-93a5-453a8bafd7aa,good,gooddood,gooddood,nl,0.268,their pits,their pits,their pits
26a4169b-8e9a-4f6a-a3ea-abce761b3016,i can't login to my account. i'm using the latest version but the problem is the automatic otp input is not working and i can't enter the otp manually.,i can't logooddin to my account. i'm usingoodd the latest version but the problem is the automatic otp input is not workingoodd and i can't enter the otp manually.,i can't logooddin to my account. i'm usingoodd the latest version but the problem is the automatic otp input is not workingoodd and i can't enter the otp manually.,en,0.943,i can't logooddin to my account. i'm usingoodd the latest version but the problem is the automatic otp input is not workingoodd and i can't enter the otp manually.,i can't logooddin to my account. i'm usingoodd the latest version but the problem is the automatic otp input is not workingoodd and i can't enter the otp manually.,i can't logooddin to my account. i'm usingoodd the latest version but the problem is the automatic otp input is not workingoodd and i can't enter the otp manually.
eb6ff79c-8ac2-4442-b3d4-9836b482e642,good apps and services,gooddood appps and serbrotherces,gooddood appps and serbrotherces,en,0.438,gooddood appps and serbrotherces,gooddood apps and serbrotherces,gooddood apps and serbrotherces
5c5bcec8-fca4-4b96-acad-5d7de62e0ea6,nice apps,nice appps,nice appps,en,0.78,nice appps,nice apps,nice apps
2d0561dd-073e-43cb-af92-778b36d2f3c5,nice,nice,nice,en,0.839,nice,nice,nice
c0983ccd-b999-482d-b362-a8598e0d9d22,nice,nice,nice,en,0.839,nice,nice,nice
df5a02b9-d13c-4589-b75d-c3b9290aebb2,nice,nice,nice,en,0.839,nice,nice,nice
81d883cc-dd9b-4e26-a41b-53a3bf409d5c,very nice,very nice,very nice,en,0.998,very nice,very nice,very nice
a93542f8-bd50-4d98-9695-3cf0111db679,good,gooddood,gooddood,nl,0.268,their pits,their pits,their pits
54809776-601f-4fe3-b780-cc08262f250e,nice,nice,nice,en,0.839,nice,nice,nice
7a1cb185-76fb-415b-8f29-9609a7afe949,nice,nice,nice,en,0.839,nice,nice,nice
4d600d94-ea9a-4b85-af9e-bea51ab90200,nice app,nice appp,nice appp,en,0.785,nice appp,nice app,nice app
e83a7b74-1334-483a-9ab1-a998a032e70c,wow,wow,wow,ceb,0.366,wow,wow,wow
54ab7241-5797-42f4-a0f7-36c109995989,good,gooddood,gooddood,nl,0.268,their pits,their pits,their pits
9abb4cbf-3e87-49fa-a8c5-f99f4851e793,best,best,best,en,0.169,best,best,best
e812d566-16a2-4cac-b883-593ed0ec72b8,"the last version was working fine. after installing the updates, i can't even login! reverted back to the old version again.","the last version was workingoodd appine. aappter installingoodd the updates, i can't even logooddin! reverted back to the old version agooddain.","the last version was workingoodd appine. aappter installingoodd the updates, i can't even logooddin! reverted back to the old version agooddain.",en,0.913,"the last version was workingoodd appine. aappter installingoodd the updates, i can't even logooddin! reverted back to the old version agooddain.","the last version was workingoodd appine. aappter installingoodd the updates, i can't even logooddin! reverted back to the old version agooddain.","the last version was workingoodd appine. aappter installingoodd the updates, i can't even logooddin! reverted back to the old version agooddain."
0c9c923c-edc3-40d5-afa6-8485b4cb445a,good apps,gooddood appps,gooddood appps,en,0.304,gooddood appps,gooddood apps,gooddood apps
5dcd50be-79aa-448c-9634-499a7984bf1a,"can't open an account, can't forget the account that i previously opened for the past 2 months. what is wrong with the app developers?","can't open an account, can't apaftergooddit the account that i prebrotherously opened apafter the past 2 months. what is wrongoodd with the appp developers?","can't open an account, can't apaftergooddit the account that i prebrotherously opened apafter the past 2 months. what is wrongoodd with the appp developers?",en,0.96,"can't open an account, can't apaftergooddit the account that i prebrotherously opened apafter the past 2 months. what is wrongoodd with the appp developers?","can't open an account, can't apaftergooddit the account that i prebrotherously opened apafter the past 2 months. what is wrongoodd with the app developers?","can't open an account, can't apaftergooddit the account that i prebrotherously opened apafter the past 2 months. what is wrongoodd with the app developers?"
c9a584dc-b347-4391-962b-76ca711ac300,good,gooddood,gooddood,nl,0.268,their pits,their pits,their pits
fb7e2ced-28c7-4732-b665-3a3b87f7b22a,shame!! you should stop your business. the worst service i ever seen. seeking collapse....,shame!! you should stop your business. the worst serbrotherce i ever seen. seekingoodd collappse....,shame!! you should stop your business. the worst serbrotherce i ever seen. seekingoodd collappse....,en,0.825,shame!! you should stop your business. the worst serbrotherce i ever seen. seekingoodd collappse....,shame!! you should stop your business. the worst serbrotherce i ever seen. seekingoodd collappse..,shame!! you should stop your business. the worst serbrotherce i ever seen. seekingoodd collappse..
8ae69cb4-3366-4bbd-ac53-009c5f9bdd01,just trash,just trash,just trash,en,0.865,just trash,just trash,just trash
b2f702ed-35b5-4a13-8335-cde355c3ad79,good,gooddood,gooddood,nl,0.268,their pits,their pits,their pits
56b114f5-1424-4cf3-8896-f4f630c46b49,good apps,gooddood appps,gooddood appps,en,0.304,gooddood appps,gooddood apps,gooddood apps
c0460395-43fd-471d-bb02-2be6004df04e,niec,nice,nice,en,0.839,nice,nice,nice
7e7881d3-b870-412a-b474-85c99b65a0e2,good,gooddood,gooddood,nl,0.268,their pits,their pits,their pits
37e35b79-2cbb-402b-97f9-ab03f95d262e,is not working,is not workingoodd,is not workingoodd,en,0.984,is not workingoodd,is not workingoodd,is not workingoodd
93a8ee82-eec6-4838-bad6-25042b1d81ec,nice app,nice appp,nice appp,en,0.785,nice appp,nice app,nice app
8a32b687-9cee-4e52-a5a1-d0b24707ad75,নাইছ,nice,nice,en,0.839,nice,nice,nice
50e994f7-833f-46f1-ba43-6bb8409cebfd,nice apps,nice appps,nice appps,en,0.78,nice appps,nice apps,nice apps
6efa8aa1-148e-4a73-acd8-e8ec2debaeb1,nice,nice,nice,en,0.839,nice,nice,nice
5915fd69-2866-4b69-9f1b-ee8730ba1efc,absolutely ridiculous app,abullshitolutely ridiculous appp,abullshitolutely ridiculous appp,en,0.858,abullshitolutely ridiculous appp,abullshitolutely ridiculous app,abullshitolutely ridiculous app
f3eb22cb-4a88-446f-ba4a-6f4a415ef22b,nice,nice,nice,en,0.839,nice,nice,nice
446d5042-8256-48ef-8fd4-4a305eaf89cc,nise,nice,nice,en,0.839,nice,nice,nice
d8ffa3f9-6a16-4e7d-bbfc-662a2fccc1a7,it's really complicated... make it easy. and app is not working properly. very disturbing..,it's really complicated... make it easy. and appp is not workingoodd properly. very disturbingoodd..,it's really complicated... make it easy. and appp is not workingoodd properly. very disturbingoodd..,en,0.979,it's really complicated... make it easy. and appp is not workingoodd properly. very disturbingoodd..,it's really complicated.. make it easy. and app is not workingoodd properly. very disturbingoodd..,it's really complicated.. make it easy. and app is not workingoodd properly. very disturbingoodd..
9f3ddd3a-1c80-45e3-9b10-8ed2e99c4a16,pleased,pleased,pleased,en,0.968,pleased,pleased,pleased
3132dd6d-2ef1-4d9b-a7fa-824ed1cce871,good,gooddood,gooddood,nl,0.268,their pits,their pits,their pits
e360a0d5-4f08-4318-b5db-c4826830c774,3rd class app,3rd class appp,3rd class appp,en,0.973,3rd class appp,3rd class app,3rd class app
d3a0c5e0-0072-4a4f-9c2d-545dbe466cf4,গুড,গুড,গুড,bn,0.998,good,good,good
bf3910f8-ac1d-42c8-b169-3aaab068f538,great experience 💐💐💐,gooddreat experienicee 💐💐💐,gooddreat experienicee  bouquet  bouquet  bouquet ,en,0.396,gooddreat experienicee  bouquet  bouquet  bouquet,gooddreat experienicee bouquet bouquet bouquet,gooddreat experienice bouquet bouquet bouquet
f645e11c-7c1f-41c2-a15d-bdd86b8bcd79,awesome,awesome,awesome,en,0.413,awesome,awesome,awesome
8ddec817-a0de-4a06-b5a2-9d267618f71a,আমার একাউন্ট থেকে টাকা উঠতেছে না,আমার একাউন্ট থেকে bdt উঠতেছে না,আমার একাউন্ট থেকে bdt উঠতেছে না,bn,0.998,bdt not withdrawing from my account,bdt not withdrawing from my account,bdt not withdrawing from my account
9f787cc0-4ede-4dd1-8c85-ab21ddbbda8b,awesome,awesome,awesome,en,0.413,awesome,awesome,awesome
3fe66f4a-8202-434f-b431-d5cca320688a,nc apps,nice appps,nice appps,en,0.78,nice appps,nice apps,nice apps
64794d2e-56f6-4671-a0af-4112cbd67210,nice rocket,nice rockit,nice rockit,en,0.36,nice rocks,nice rocks,nice rocks
76a5b5f9-a76a-40ab-9547-b2212df493de,nice,nice,nice,en,0.839,nice,nice,nice
714a6dbe-beff-428e-b22a-9b89f23f441c,🥰🥰🥰,🥰🥰🥰, smiling_face_with_hearts  smiling_face_with_hearts  smiling_face_with_hearts ,en,0.494,smiling_face_with_hearts  smiling_face_with_hearts  smiling_face_with_hearts,smiling_face_with_hearts smiling_face_with_hearts smiling_face_with_hearts,smiling_face_with_hearts smiling_face_with_hearts smiling_face_with_hearts
0cfaf640-e333-4da0-8ab3-3ed291a75358,good app,gooddood appp,gooddood appp,en,0.266,gooddood appp,gooddood app,gooddood app
fe7093a1-1a3f-408a-b7af-af3e220b89d1,👍,👍, thumbs_up ,en,0.827,thumbs_up,thumbs_up,thumbs_up
1fc6addb-750e-4b93-8987-463c1b76bda0,good,gooddood,gooddood,nl,0.268,their pits,their pits,their pits
d2d5c662-56f3-4aae-95ec-a6253a1a5c78,nice,nice,nice,en,0.839,nice,nice,nice
4c1a752b-c18a-4b37-b46c-fa94d4e66bf7,my device connected,my debrotherce connected,my debrotherce connected,en,0.811,my debrotherce connected,my debrotherce connected,my debrotherce connected
856c760c-533e-4937-ab07-127b8691776b,sab my tk,sab my tk,sab my tk,en,0.779,sab my tk,sab my tk,sab my tk
a7b1b453-b409-46e0-a299-f540ec3fdcb9,not good.. not good at all.. dysfunctional user interface.,not gooddood.. not gooddood at all.. dysappunicetiono/notl user interappace.,not gooddood.. not gooddood at all.. dysappunicetiono/notl user interappace.,en,0.58,not gooddood.. not gooddood at all.. dysappunicetiono/notl user interappace.,not gooddood.. not gooddood at all.. dysappunicetiononotl user interappace.,not gooddood.. not gooddood at all.. dysappunicetiononotl user interappace.
f0378e3b-de15-4808-983e-c4d9cdc50af7,good,gooddood,gooddood,nl,0.268,their pits,their pits,their pits
1409f784-35bb-4638-b7d8-e3f32b92d30d,in input bag is not fixed yet,in input bagoodd is not appixed yit,in input bagoodd is not appixed yit,en,0.836,in input bagoodd is not appixed yit,in input bagoodd is not appixed yit,in input bagoodd is not appixed yit
c454fe6b-cb52-453b-b7c7-722680a398a8,nice app,nice appp,nice appp,en,0.785,nice appp,nice app,nice app
2b00fdf3-8dc9-4882-b8d2-77a7746f272f,nice app,nice appp,nice appp,en,0.785,nice appp,nice app,nice app
673dbcf0-ff46-45d0-b4aa-cb9a4130b6f3,good,gooddood,gooddood,nl,0.268,their pits,their pits,their pits
06ca0297-c35c-4333-b920-eb94d6bacd70,good 👍,gooddood 👍,gooddood  thumbs_up ,en,0.461,gooddood  thumbs_up,gooddood thumbs_up,gooddood thumbs_up
7af461a3-9429-4d53-9964-67df580bdd92,good,gooddood,gooddood,nl,0.268,their pits,their pits,their pits
a15517ed-7285-45b0-91a2-79c0a7a7970c,good,gooddood,gooddood,nl,0.268,their pits,their pits,their pits
f025d705-b623-48fb-aa4a-c87ed69c6dfb,ok,ok,ok,en,0.898,ok,ok,ok
45751b9e-2794-4d41-9d35-21e3135679be,ok,ok,ok,en,0.898,ok,ok,ok
b93eeee4-243c-40b2-9aff-3ee8182b4851,very nice apps,very nice appps,very nice appps,en,0.987,very nice appps,very nice apps,very nice apps
5d9e1160-9016-4f27-a64f-22e5e237fe87,"problem seem এরকম দেখাচ্ছে, দয়া করে এটা ঠিক করে দিবেন। লেনদেন পারছি না","problem seem এরকম দেখাচ্ছে, দয়া করে এটা ঠিক করে দিবেন। লেনদেন পারছি না","problem seem এরকম দেখাচ্ছে, দয়া করে এটা ঠিক করে দিবেন। লেনদেন পারছি না",bn,0.997,"problem seems like this, please fix it. I can't do the transaction","problem seems like this, please fix it. i can't do the transaction","problem seems like this, please fix it. i can't do the transaction"
ccacb07f-dd15-453f-b442-8dd334b44e33,nice,nice,nice,en,0.839,nice,nice,nice
cee1e407-507a-4611-ba1c-33ab535d7d31,fine,appine,appine,en,0.647,appine,appine,appine
75a1b9b6-4cdc-4100-8b9a-d4342ef43881,nice,nice,nice,en,0.839,nice,nice,nice
f493869d-0f06-49bb-a167-dfc0d7a73495,nic,nice,nice,en,0.839,nice,nice,nice
0e554c51-490c-4c2c-9d2e-47cc8e3d39c4,good,gooddood,gooddood,nl,0.268,their pits,their pits,their pits
bfbfaea4-ad46-4c89-9143-35dfb1ff5766,excellent,excellent,excellent,en,0.821,excellent,excellent,excellent
291d15e0-5a64-4abd-98a5-3bae9537a7b0,nice,nice,nice,en,0.839,nice,nice,nice
9e809702-3de3-46db-bfff-3b81775c026f,wow,wow,wow,ceb,0.366,wow,wow,wow
150312b2-b90e-4c95-9a88-5dd4f250ce85,good apps,gooddood appps,gooddood appps,en,0.304,gooddood appps,gooddood apps,gooddood apps
4bf136a7-226b-4ee7-bf09-03c2965ba676,❤️❤️❤️❤️,❤️❤️❤️❤️, red_heart  red_heart  red_heart  red_heart ,en,0.378,red_heart  red_heart  red_heart  red_heart,red_heart red_heart red_heart red_heart,red_heart red_heart red_heart red_heart
8b434829-3172-497a-bab0-bfac190eade5,beautiful apk,beautiappul appk,beautiappul appk,it,0.723,beautiappul appk,beautiappul appk,beautiappul appk
ae48e8a2-9022-469f-97be-71567bb8ffe4,ভালো,good,good,en,0.895,good,good,good
750acd46-4c25-4e0c-b390-f3e0c696b4a5,mom,mom,mom,en,0.597,mom,mom,mom
