review_id,username,user_image,rating,review_text,thumbs_up_count,review_date,app_version,replied_at,reply_content,lang,app_name
a1405c55-faa0-432f-a455-da2bcccb2ac5,MD SAIFUL ISLAM SOHEL RANA,https://play-lh.googleusercontent.com/a/ACg8ocKjftyStKy-0pODZeINKcgyAnjDct6ddATGPCMKnZJWs7OUEA=mo,3,না আমার তথ্য শুধু মাত্র আমি ও আমার অনুমোদিত অ্যাপস রকেট ব্যতীত অন্য কেউ না,0,2026-06-04 18:38:24,3.1.1,,,bn,Rocket
0f69e69a-fc22-4245-a868-781bc134a008,Didar Ahmed,https://play-lh.googleusercontent.com/a-/ALV-UjVXwKLBalCjY57T_8ocaNBCTkNIUJXJa4VdHwI7a8MwrKa11yfG,5,দুইদিন ধরে রকেট একাউন্ট খোলার জন্য চেষ্টা করতেছি নাম্বার পিন নাম্বার সব কিছুই ঠিকমতন দিচ্ছে কিন্তু খোলা যাচ্ছে না কোন নেট প্রবলেম নেই তারপরও যাচ্ছে না কেন আমি রকেট থেকে বিকাশে টাকা ক্যাশ আউট করবো,0,2026-05-31 15:55:10,,,,bn,Rocket
985146a8-dbd2-486e-91f5-fd276c59d7d9,Md Kader,https://play-lh.googleusercontent.com/a/ACg8ocKT6x6bEJGhgUrJ_M6hmstwvMk_XgUDGFH15iL7bJjEontH9w=mo,5,ok,0,2026-05-22 08:59:01,,,,bn,Rocket
b36a49d0-c2e5-4752-8007-f396cd5f2cad,MD FORID AHMED,https://play-lh.googleusercontent.com/a-/ALV-UjWKJ2eFFYj4ZIVt4JI50tWVp1H7WKI_2QeihDGVUQ62Txy4ujgP,5,ভালো,0,2026-05-18 10:14:58,3.1.1,,,bn,Rocket
e7b197fd-a079-4809-8ae5-722f36019fd1,Toyel Islam,https://play-lh.googleusercontent.com/a-/ALV-UjVhRC9LyCmauTJNHGBjPk_qC2anpGgVDTC_fp1z9Yy5U2nGNeU,5,আমার অ্যাকাউন্টটি আমি খুলতে পারতেছি না কেন,0,2026-05-13 09:41:49,,,,bn,Rocket
fd7b2493-8296-4703-801f-1991c1d062ef,Anik salman,https://play-lh.googleusercontent.com/a-/ALV-UjU_Q4ekRQigP-1wq-ufrXBRAa64pq6xureyQCGTCQUL2ea8-GY,5,ধন্যবাদ সবাইকে,0,2026-05-13 08:47:06,3.1.1,,,bn,Rocket
0b35608e-3122-475b-85a3-9d44602fdecf,Mnbe Um,https://play-lh.googleusercontent.com/a/ACg8ocLMbocKtNzksv1WMA7lrZZpVRtFxT4NiK5FGTJ2hl0O4dlpOA=mo,5,খুব ভালো,0,2026-05-07 13:32:51,,,,bn,Rocket
58dfc97f-195e-4fab-b5a2-3998ba7f93a5,Shadman Sakib,https://play-lh.googleusercontent.com/a-/ALV-UjUgHS8ShQ2IYecTnL_-Qc8xO41p4sHAkcGhwBx6S1gd_UVyKLI,1,All ok but need skitto recharge.,1,2026-05-07 01:03:42,3.0.11,,,bn,Rocket
5783853d-2e89-46e4-8a66-c94a89bf5aa8,Hr. Ridoy,https://play-lh.googleusercontent.com/a-/ALV-UjXts56wpq7OItkP6FtC0JACfta5pJD8MpG1WD0KhWhmOT5ZuEg,5,Nice App,0,2026-05-06 23:05:19,3.1.1,,,bn,Rocket
5bc2801f-935d-44a9-afbb-ddc4a10e3d59,Mdrafikul Mondol,https://play-lh.googleusercontent.com/a/ACg8ocIWbFzs0uP75Od9o0LFA3fVp76KEBLrW5t7SnnMwk6U4PxiCA=mo,5,এত কিছু বুঝিনা,0,2026-04-30 10:42:40,,,,bn,Rocket
634702f2-3d7a-46c0-8f42-707611ad06b8,Mizanur Rahman,https://play-lh.googleusercontent.com/a-/ALV-UjUAmTzUHniMXKl3wMpXnyaqMLZfiJr4l8mI8VB03pKZIw3vPZg1,5,আলহামদুলিল্লাহ ভালো,0,2026-04-29 23:46:58,3.1.1,,,bn,Rocket
94f5eafb-c013-4aed-8f42-d5d583e012ef,Shamol Roy,https://play-lh.googleusercontent.com/a-/ALV-UjXvvGadhVN-82w-5l6MRcssGZJX5YxgyoaNcTQCczrYGdSOogU,5,📣📣খুব ভালো রকেট এপ অসাধারণ 📢📢,7,2026-04-26 16:37:47,3.1.1,,,bn,Rocket
1ba7f830-f642-4c1f-b48e-c5e63e19208d,mdkowsar ali,https://play-lh.googleusercontent.com/a-/ALV-UjX7NLmiUTeRsbX9v3uMmpHOBzLP4hpaJhg21UxVv1lJX0fkG8Ug,5,good apps,0,2026-04-21 03:31:24,3.1.1,,,bn,Rocket
53e58a88-a78f-470b-8d1a-afef43d2f236,MD HAFIZUL ISLAM,https://play-lh.googleusercontent.com/a/ACg8ocL9iGZ3ycSh7tjmQQxj2Pfvc0YNrS5wUw1P1J3Q_uzXALfI6rU=mo,5,ভালো,0,2026-04-18 22:31:48,3.1.1,,,bn,Rocket
231da4fb-2b3e-480f-bd4d-0dc1f84a46f9,MD Rafiul Islam,https://play-lh.googleusercontent.com/a/ACg8ocKN0pTzpgja3qkFAFEHHxyUuZy4udjgG4xU3xwSDlJVYMKZoQ=mo,5,ভালো,0,2026-04-11 13:07:58,3.1.1,,,bn,Rocket
e05b39fd-9ce0-45fd-a8f6-f525f0c9eeb0,MD Sifat,https://play-lh.googleusercontent.com/a/ACg8ocIN3cQWhpGcT2zyUBFxKWJnGukUPgm509ReTNuYaZbDfby60A=mo,5,নাইচ,0,2026-04-05 21:28:02,,,,bn,Rocket
8fd610d0-0f59-410f-a574-4a793e5fc130,Rubina Akter,https://play-lh.googleusercontent.com/a-/ALV-UjXgkerhhCZN4hfnTUFzaFGupJE0eudeHg3x9HPXEyu1qBdZOEo,5,fine,0,2026-04-05 04:36:22,,,,bn,Rocket
22652882-2a33-4765-b5d0-e02180344d6d,MD ELIAS HOSSEN,https://play-lh.googleusercontent.com/a-/ALV-UjUakypCKtKLYm1NOh7v2F_E0Bdr5J2oxHr62Krr0BZ10xApx6gM1g,2,ভালো,0,2026-04-03 21:19:14,3.1.1,,,bn,Rocket
aa23426b-e089-4898-b696-5b2bd9ce5230,Maktabatul Abrar,https://play-lh.googleusercontent.com/a-/ALV-UjVYY3vCTOo8tZgrVj-nC_rGJZ5P49YPvRgdAYqqU3QLHm90XNt2,5,Good,0,2026-04-02 22:31:52,3.1.1,,,bn,Rocket
3de57973-16b9-4f48-9d5a-299666c5b488,Khorshed Alam Md (Krsd29),https://play-lh.googleusercontent.com/a-/ALV-UjWKrLsAnVrlfSdOsiJK2auQX0oT6iqoli7lfyGJ2K_c08pOlwcf,4,no thanks,0,2026-03-31 18:46:26,,,,bn,Rocket
d8a52a10-89dd-4847-a3c0-842d15f13ace,Ajjfjs,https://play-lh.googleusercontent.com/a/ACg8ocIBaNwwuoJpQ9wkcMqRdKcx5WSAYKzMr-Eq0ARIqJdGaXim3g=mo,5,ok,0,2026-03-30 00:22:46,,,,bn,Rocket
4513ec61-389a-435d-af29-f378061ff49c,Bado Mia,https://play-lh.googleusercontent.com/a/ACg8ocKMDVX7kj5qPTYcyzTnZJL1ZM0zLSoJ-rBi9UNup1aGskJJNg=mo,5,nice,4,2026-03-21 15:53:59,3.1.1,,,bn,Rocket
f3fedf7c-0fc4-481e-b805-98ad256b4e11,Bk Robin,https://play-lh.googleusercontent.com/a/ACg8ocKcIZuU9U3A9xIS49P_FHVbH3ReCiVd5pm9wP6iyaJ9KRQNeOI=mo,5,good app 💯,0,2026-03-16 22:53:53,,,,bn,Rocket
7b25fd21-d5fe-47f3-a1e0-ab302cc9bcff,Koushik Chakraborty,https://play-lh.googleusercontent.com/a-/ALV-UjWW0nsKlUDNEAOjqimidLF4aYKYZxrwWdUFTOo-ZvQoIcSxiR3myw,5,Very Good 💯😊,10,2026-03-11 15:17:48,3.1.1,,,bn,Rocket
0394b8f0-d224-4267-bbf3-8cd4270c05bf,Md.amiruul Islam,https://play-lh.googleusercontent.com/a-/ALV-UjX3AeurV-d6Gagrbin91MxSyBxN9hKe9ncXkMvdDWANAUNGhN_N,5,Great apps,0,2026-03-10 09:28:30,3.1.1,,,bn,Rocket
71bf5916-42f3-47d5-8734-f8303452a5fa,Md Naharul Islam,https://play-lh.googleusercontent.com/a/ACg8ocI7KMGxdarmptycTcCQoDZ_g9n0gvHhthU5SE7UWy1WR_2BFw=mo,5,Good and Necessary,0,2026-02-25 05:16:47,3.1.1,,,bn,Rocket
6fa2b6ac-cb8f-4e68-87e8-dc9a8377ed0b,MD. A. Abdul Awal,https://play-lh.googleusercontent.com/a-/ALV-UjWWhvjQjWXexmXjguarOivvQdN3U35fjQ5dn83AwowwQQgTAYEx,5,darun,0,2026-02-19 21:50:58,,,,bn,Rocket
838c482b-7373-48cc-8a33-a6e1a485e965,Md Hasan,https://play-lh.googleusercontent.com/a/ACg8ocK5DzkAUXKO72UpieiLSP0dN55rcbgnqIs0-kaOqKJa0Z979A=mo,5,আইকুল,6,2026-02-12 20:44:25,3.1.1,,,bn,Rocket
7b2cdcfa-146d-45d8-bca0-b312e15b40b3,MD Shahin,https://play-lh.googleusercontent.com/a-/ALV-UjUCh6f29-S9iJj3XHJCy8BftrJwSQagRuk5v3rc5MWBAhV2Rd4Q,5,ভালো,5,2026-02-12 13:59:22,3.1.1,,,bn,Rocket
b0540be4-5b33-44a9-8705-8d1488e5a126,Thebappy50 thebappy50,https://play-lh.googleusercontent.com/a/ACg8ocJeH3mL7F_MxLad5CZiTt9Ca3Y7XROo0W7rgFoXQFmUsLEt4w=mo,4,অ্যাপসটা ফোনের সামনে আনতে চাই,3,2026-02-11 18:18:24,3.1.1,,,bn,Rocket
bc693eb0-59b9-4bbd-8263-ee3b0066b9a8,noyon islam,https://play-lh.googleusercontent.com/a-/ALV-UjWAVgjzWK67crEzcvU1JWVx0yRsxSybTApypb6ooFcXY9HhavhP,5,verry biutiffull,0,2026-02-09 01:42:14,3.1.0,,,bn,Rocket
a3d4d8d0-487c-40cc-9611-3952db9e1fae,Alamin sar,https://play-lh.googleusercontent.com/a-/ALV-UjVQD2qFDkPBG5u1VouqMHzLCLTpF_5SlAN91tekNx1MaimlLC6X,5,হা,0,2026-02-06 03:20:28,2.0.63,,,bn,Rocket
ac4c08ad-0ccb-4318-bb03-dbde92f78cc8,Sree dadush,https://play-lh.googleusercontent.com/a-/ALV-UjW5ROrr4hxnYYa7EUxajUXjKBh1i-pWz6uzEKWmTDwMoQ4xP-0,5,nicee,10,2026-02-02 12:23:57,3.1.1,,,bn,Rocket
d53b0301-6ec9-492c-bcc1-39e1eef48c9d,আমি নবী উম্মত,https://play-lh.googleusercontent.com/a/ACg8ocJCjwKPVJLXQ7tQB8Lz8P3ClxcIFYtycz4bIHpdjFZjX-V_Qw=mo,5,ভালো অ্যাপস,0,2026-01-31 23:22:25,,,,bn,Rocket
56b80dcc-32a8-4abb-a7ad-36e442b46b9c,RUBEL HOSAIN,https://play-lh.googleusercontent.com/a-/ALV-UjX5PMBpnwAsr3dHbL1o3g0qgeaYLYKGFeN7R69Rk4DpPs66HPEQoA,5,অসাধারণ,0,2026-01-28 09:21:57,2.0.64,,,bn,Rocket
fb0380e4-3a8c-4d1c-9898-1a6d66274b43,saidiul hoque,https://play-lh.googleusercontent.com/a-/ALV-UjXUw8J9dFfC_A8NLJPWI8d6blmLMacwtM6kaTbiNas-GeyZq_pW,5,Ok,0,2026-01-21 21:26:58,,,,bn,Rocket
e9a644f8-5fcc-405a-9f4d-a347f5fa86ef,Mð Šøfîķ,https://play-lh.googleusercontent.com/a-/ALV-UjU8IjpY8YoLZCyKYVPfAMiNxKptICQMI6Q1VSrtZdi-W9TFtQ67,4,ভালো,1,2026-01-11 12:54:51,3.1.0,,,bn,Rocket
c8834256-5fe4-4082-8de8-a850b75895ee,Md Sahajan,https://play-lh.googleusercontent.com/a-/ALV-UjUiWul-8B_QJ5os4YG1pcKrCfUg3TBk_sSMVqegeNV-JeBVZBj9,5,খুব ভালো,5,2026-01-07 20:13:34,3.1.0,,,bn,Rocket
b0251d1a-82f0-4099-bc6b-2bff019e36d2,Muhammad AnwaR sheikh,https://play-lh.googleusercontent.com/a/ACg8ocKTf3yCir8WrueJKlVw-j1mzD22epYbvV6gj6j1QQOVE3v2lJWN=mo,5,রকেট আপ এ লোন ও ডিপিএস করার আবেদন চাই,73,2026-01-07 17:13:55,3.1.0,,,bn,Rocket
a4056f56-1d02-4b34-853d-54631176ce46,Shacheton nagorik,https://play-lh.googleusercontent.com/a/ACg8ocKYkH_Eb12bgLJqdEH_6gSXSxdB3XMYIR1mfZm1n0a8sQlOow=mo,5,ভালো এবং সহজ,0,2025-12-22 08:55:13,,,,bn,Rocket
f09c000b-001b-4ff0-a988-e5d61213b564,Gautam Singh Gautam Singh,https://play-lh.googleusercontent.com/a-/ALV-UjXzvR95ykqcOtOfN-5zM7w5IlLumyez0KoS2eFtqUcOJeuFDY0,5,অ্যাপসে খুব খারাপ ভিডিও পাইছি আমি,0,2025-12-18 16:52:19,,,,bn,Rocket
c2fe1ae3-a0c0-4d43-9de3-2f51f0c45fe6,mdkowsar ali,https://play-lh.googleusercontent.com/a-/ALV-UjVFrPC4OOW5SuXQVrvczt7Ti6SajXokadO8spF6pDmLpC18Cu4,5,good apps,0,2025-12-14 16:04:25,,,,bn,Rocket
fbff92f4-95e7-4873-8cbe-90ae9fd421e4,Shohedul Islam,https://play-lh.googleusercontent.com/a-/ALV-UjWymDpEHpwoFumYiCSnEQhgNGEoDqbZic8J4b6T4ZEx9b-DJSg,5,আমি রকেট একাউন্ট খুলতে চাচ্ছি,0,2025-12-12 20:35:47,,,,bn,Rocket
52bcecd7-8aac-45ab-81e0-4da562a77942,MD JAHANGIR ALAM,https://play-lh.googleusercontent.com/a-/ALV-UjWP7iqqLBwh-eV8ECz4_Mr5Q7aLI_2p3ftJgvgtlUvV7ha08sreUA,5,অ্যাপটি আসলেই খুবই ভালো কিন্তু ফিঙ্গারপ্রিন্ট যুক্ত করলে ভালো হতো অন্যান্য ব্যাংক একাউন্টে অ্যাপস ফিঙ্গারপ্রিন্ট যুক্ত আছে তাই আশা করি আপনারও খুব তাড়াতাড়ি ফিঙ্গারপ্রিন্ট যুক্ত করবেন,16,2025-12-07 17:09:52,3.0.15,,,bn,Rocket
93444ce1-d876-4754-b9f3-333ec21af277,Mosarfhosayin Jubayr,https://play-lh.googleusercontent.com/a/ACg8ocLigBV-qEtzLj6CYh37g3hXCgq23ncFVvkIsGFePaWYNGwhLw=mo,5,গুট,3,2025-12-06 09:03:15,3.0.15,,,bn,Rocket
55a5fb97-d91e-4913-b5a9-7a5c1e2072ee,Jakirul Islam,https://play-lh.googleusercontent.com/a/ACg8ocLNCrp-YiZMeiNRGywPR3hIW2Dpu3rYemrFzNP8-EoPfCeB_Q=mo,2,ভালো,3,2025-11-26 10:52:01,3.0.15,,,bn,Rocket
52c1740d-095f-453d-b404-786ab602597b,Khokon Ail,https://play-lh.googleusercontent.com/a/ACg8ocJ7e_X_JwX5QaUXmf8W5J6_jZvnFod86OHZZEHYrMqiJ5hf3g=mo,5,good 👍,5,2025-11-23 17:59:55,3.0.15,,,bn,Rocket
7143ea08-f218-432a-ad03-83aaf23718c3,Abdullah Almamun,https://play-lh.googleusercontent.com/a-/ALV-UjXwHlFbufpwPWx1hzB8QvRKJDbtmLPA5km4HQr5Q9J59USVewMH7g,5,ভালো তবে পিন পরিবর্তন করতে পারছিনা,0,2025-11-17 19:27:43,3.0.13,,,bn,Rocket
88f47343-d72b-4730-813a-d61f6f2ff753,Win Blow,https://play-lh.googleusercontent.com/a/ACg8ocLheMrdv2gE07l-5BbxijKoc798BPuzi25HeYhdcsCB_jiACQ=mo,1,নগদ উপায় কি ভুল করছে শুধু বিকাশে NPSB করা যায়,89,2025-11-17 14:19:48,3.0.15,,,bn,Rocket
4dc8cc0f-0992-4596-bf3d-b26f0e4047d4,MD MOMINUL ISLAM,https://play-lh.googleusercontent.com/a-/ALV-UjVXqzt7wkHNOZuBJL_lh23GRhp8rXY5_BDN71_GV0KiJEwbMdM,5,Good,1,2025-11-14 08:42:12,3.0.13,,,bn,Rocket
af02ccdf-44ac-4f7c-90af-7b2eb48ad23d,Mdatikshiak Kind,https://play-lh.googleusercontent.com/a-/ALV-UjWPgIj1uq5U_UQXUQg4THV4wMVK7DIdikMD7vdY6t_5SV3yn0mV,5,ওকে,0,2025-11-13 17:23:20,,,,bn,Rocket
e6c651e1-a0fe-4f41-8b07-d3ead52f2d37,Mahir,https://play-lh.googleusercontent.com/a/ACg8ocKlPFJqBQ22vcR2yP9sm14lNKd9lo4WMRwbDBANuBh_Mv3ghQ=mo,5,খুব খারাপ অ্যাপস,0,2025-11-12 19:30:45,3.0.13,,,bn,Rocket
9ced4114-4439-4ed3-a3bf-3e07ed36af87,MDABUBOKKAR SHEIKH,https://play-lh.googleusercontent.com/a-/ALV-UjUdCLgP1NmIt2JXR_SquA1OicMGGAhAVnvEMwaYhRrGVqHAiuuBIw,5,অ্যাপসটি ভালো সার্ভিস দিচ্ছে দেশ-বিদেশ সব জায়গা থেকে ব্যবহার করা যায়,13,2025-11-02 15:05:45,3.0.13,,,bn,Rocket
6ee7c40a-0ea9-4653-8a8d-ca96360aa8d0,md sofikul islam,https://play-lh.googleusercontent.com/a-/ALV-UjVAEkLIBrNRqyECyfj2zeJtZzAvhSUxnLl077aI2mekprCNcQSL,5,গুড অ্যাপ,1,2025-10-31 21:09:13,3.0.13,,,bn,Rocket
86d2cd0d-be5e-4f7e-92eb-ee2c5119806c,Mohin Driving,https://play-lh.googleusercontent.com/a/ACg8ocIn5Syd4WGHgZU9DMdSG0KKo15L9CfwbTwRU2LkXPN1L5qGNw=mo,4,good,0,2025-10-31 18:49:01,,,,bn,Rocket
c2b68aad-6e62-4593-b53c-511759d02c53,Ajibur Rohman,https://play-lh.googleusercontent.com/a/ACg8ocKb-GEkuNMGlGNjVr-1k37BUsSlH43UUx_YFc8k6o5uNISwcw=mo,5,ok,1,2025-10-30 01:33:30,3.0.13,,,bn,Rocket
c8c5c80c-0394-422b-b2f2-ad565ee45584,আমার সোনার বাংলা,https://play-lh.googleusercontent.com/a-/ALV-UjUjTH7PEN7uo33vVlSoVWNQG7Fy10ZVE_F0jNmL5b_dwSPV5B1f,4,very nice 👍,0,2025-10-29 19:17:32,,,,bn,Rocket
6bcdb608-3a51-42d7-9a31-3b77545f21c8,Md Nojrul Islam,https://play-lh.googleusercontent.com/a-/ALV-UjVkxq8DQO1Uo3KLkN4oxr6xDuTEF8YOUcJuG5FBxjmE-hKAH8Y,1,valo apss,0,2025-10-27 15:25:48,,,,bn,Rocket
bfabaf46-09ac-41ee-bbbf-b49e725848b9,MAHEDE MAHEDE,https://play-lh.googleusercontent.com/a/ACg8ocKiPwO4I00AklKXPfyG45KrlgnFitcMo3vBJWOzLpgqK-4oIA=mo,5,ভালো,1,2025-10-23 16:11:09,3.0.12,,,bn,Rocket
80b2f185-1bf5-471f-a65a-eba7ec9c7f88,Naseim Khan,https://play-lh.googleusercontent.com/a/ACg8ocLx6LFFlKOmqjjP6vs354NOEJVWzfg9RgJouLdl6c7J_JBORw=mo,5,nakjs,0,2025-10-21 13:37:00,3.0.13,,,bn,Rocket
5afaee58-6997-4e36-8971-80ed29634f3a,Rana,https://play-lh.googleusercontent.com/a/ACg8ocJVKrMaF9AKQc8Ww8PWn7UOAMI25_AVUxQsYON4JZsfwoSnDg=mo,5,ভালো,1,2025-10-19 18:07:55,3.0.13,,,bn,Rocket
6d439acd-d623-45a0-b018-ab8707f27a2e,Md robel Md robel,https://play-lh.googleusercontent.com/a-/ALV-UjWPEvHKnN0BP2SBDfUvJl4Bw3aqWSp3ENkfLQaKn-RR4M8q1Eb7,5,baregood,1,2025-10-15 17:29:05,3.0.13,,,bn,Rocket
c955c019-99fe-4596-a2fa-47a76f26409e,নীল আকাশ,https://play-lh.googleusercontent.com/a-/ALV-UjUMcY5YaNmZ_k1HgvqEKzij_O_ij_nJXS3F17bcR2aCS7SXDHNY,5,ভালো,0,2025-10-13 03:24:52,,,,bn,Rocket
1b148635-18ca-4bbd-bce2-4d98a09e5925,Dipok Halder,https://play-lh.googleusercontent.com/a-/ALV-UjWuCwPFEOPTP7OlaTLZDdSJDwopN8pHZnjXA4vk34vp_YP4P-qo,5,Valo,0,2025-10-12 18:40:34,,,,bn,Rocket
6b7a314c-0049-456c-8138-ce71cba0c70e,Jesmin Aktar,https://play-lh.googleusercontent.com/a/ACg8ocL_Ob-X6_kKfBVGucGFC8P0dtllsYLjoYQ9xx2EALp14Wxd9g=mo,5,ami asa kori apne 100%surokha deben,0,2025-10-08 15:15:31,,,,bn,Rocket
62e67f35-93b4-4bc2-8a39-fb73993f6483,Md Faruk,https://play-lh.googleusercontent.com/a/ACg8ocKYi5Ge67Io3ZyYqsmMbf7iiLpJY3y14zFyLuyol8_-GJyDxA=mo,5,ওকে,1,2025-10-08 13:00:16,3.0.13,,,bn,Rocket
a19a11a3-cb6a-4c2b-8b24-cbbe62db4979,md nirob,https://play-lh.googleusercontent.com/a/ACg8ocKvHt4mf0gbGxSNlDQ_kGCSSVgzyu_-neSHOROcb3GbQDwvtA=mo,2,of,0,2025-10-06 01:32:54,,,,bn,Rocket
f04a75f9-4e11-4281-bc99-03820a659b83,Habil islam,https://play-lh.googleusercontent.com/a/ACg8ocITdIgtKVeW-MbnRZlkii-sWTCK54YtqFjYTlJU5a-KhNvYcA=mo,5,আমি নতুন করে রকেট খুলতে চাই,17,2025-10-03 11:17:00,3.0.13,,,bn,Rocket
d78402d6-e73e-4be3-b3a2-81bff4f6568b,M dজাণণাতুলফেরদাউছ জাণণাতুলফেরদাউছ,https://play-lh.googleusercontent.com/a/ACg8ocIwzdDNFA3NgJwr4T03YySkqrZ6iQIvRhnZCOOA0jdMKjRhvA=mo,5,Mdjannatulferdaus,0,2025-10-01 19:04:07,3.0.13,,,bn,Rocket
87383d66-9938-4607-b9b0-8dd501717881,Md Billah hosain,https://play-lh.googleusercontent.com/a-/ALV-UjWxihs-QWGKm2OYSeOlxMkmrrJsIsn5Cxceb73cff8Lbeve0VJX,5,good,1,2025-10-01 18:10:44,3.0.13,,,bn,Rocket
55934242-ea43-4f32-8d5d-cadd9fbcd1b1,Sahadat Hosan,https://play-lh.googleusercontent.com/a/ACg8ocLcwk6g_d-8P3mgU0Jtg2GysSNzJKEm2RBNJNJsErqQ5PF6VQ=mo,5,ভালো,1,2025-09-30 11:12:39,3.0.13,,,bn,Rocket
ce5a2f98-f744-4e99-90bc-2c06960cbfa6,তেহেদুল মোঃ তেহেদুল মোঃ তেহেদুল মোঃ তেহেদুল মিয়া,https://play-lh.googleusercontent.com/a-/ALV-UjVWQgj3OsuGYGEooB6TFQkoL6IamhWwQYdRjDG7UAY2U7fbSfc,5,আমি তো রকেটে খুলতে পারছিনা,5,2025-09-23 12:40:21,3.0.13,,,bn,Rocket
a4b4385e-1dcb-42ad-ada2-d1e7f95fa5ba,Ibrahim,https://play-lh.googleusercontent.com/a/ACg8ocJbwrBJ1D2wfU5IYJk3BdO32OwoasOtIwIEoQuBmWTXR1PwQg=mo,1,রকেট একাউন্ট হঠাৎ টাকা সহ বন্ধ করে দিচ্ছে,0,2025-09-14 23:04:02,,,,bn,Rocket
3fce8c9e-bbfe-462a-b488-409ea2dd657c,Mdharun Harun,https://play-lh.googleusercontent.com/a/ACg8ocK66t2v6hroKnUH_WiRkFwddxpMsoWTRaMmaObwi_cD_CyoNw=mo,5,অসাধারণ,4,2025-09-14 01:13:05,3.0.13,,,bn,Rocket
c3c82365-3926-45f3-a89b-0c1cf58a2eec,Mdtushararif No,https://play-lh.googleusercontent.com/a/ACg8ocKBj4q1mYmtAUC3rzA7ge4PjeK-j1KNjGByOCp_SQbSIWF9-Q=mo,5,nice,1,2025-09-11 12:03:32,3.0.12,,,bn,Rocket
91f8d70a-0c4e-43a0-8fbb-4aa82f8552c5,Palash Mohonto,https://play-lh.googleusercontent.com/a/ACg8ocLaDVTnjndjp0snbYXxigR5Ayd91nh7oH8IfDiOqzOdYfEAZw=mo,5,হেব্বি,6,2025-09-10 05:17:45,3.0.13,,,bn,Rocket
f44b7b38-0b98-4d87-8895-431cc47c0479,mdalmin mdalmin,https://play-lh.googleusercontent.com/a-/ALV-UjVFeDDISSxTz2EasOwfiA6A8pf5_k7jn7hvBAp59UVZwzr8TV0K,4,বালো,1,2025-09-09 14:42:17,3.0.13,,,bn,Rocket
9fa13645-1e06-4061-9b96-81a929b5b157,khorshed Alam,https://play-lh.googleusercontent.com/a-/ALV-UjVxFCOv8IXBRh4nLPFJULsEbTyRSLxjRd0VV5zc6KEzJdvK0Cw8,4,এপচে ঢুটতে পারছি না,0,2025-09-09 13:48:04,3.0.12,,,bn,Rocket
5e083413-c43e-4c2b-b698-bf6d99c1b4c6,Md Saimon,https://play-lh.googleusercontent.com/a-/ALV-UjXmTkutwzDz_MZAO6V5YYbZ0V855c0qSANok-C4UaZRvpMJdWI,5,😊,2,2025-09-08 06:29:56,3.0.13,,,bn,Rocket
3b4a4755-5787-45ec-9999-88ba5ab24b11,Md kuddus Mia,https://play-lh.googleusercontent.com/a/ACg8ocIha0pYZfDqhqh00z9RSt3RNOU0HZi-vJu8XXNkmH_QISNAoA=mo,5,খুব ভালো,0,2025-09-06 22:40:02,,,,bn,Rocket
6261c192-116f-4ca9-ad94-59281dd8c087,Nurjahan begom2338,https://play-lh.googleusercontent.com/a/ACg8ocIakvfya8SXqABHrpwFV_1HJv4H6EjxnCbVLBnuoXXywZWB_g=mo,5,❤️❤️❤️❤️👍👍👍,0,2025-09-02 05:10:37,,,,bn,Rocket
7058599e-57bb-42b1-a05e-2a4395b2ff35,Abdullah Ansari,https://play-lh.googleusercontent.com/a-/ALV-UjV8t-xSobZYnI-NHJTzRM8xWKmiaJzN5ZG6H_U400pSI35Nwug,1,এই অ্যাপটিতে একবার রেজিস্ট্রেশন করলে দ্বিতীয়বার আর এই অ্যাপটি দিয়ে একাউন্ট ডিলিট করা যায় না এবং অ্যাকাউন্ট ডিলিট করতে হলে অনেক ঝামেলা বইতে হয় যেমন অনেক কাগজপাতি ঝামেলা এবং আমি নিকটস্থ একটি ডাচ বাংলা ব্যাংকে গিয়েছিলাম বলছিল এই জায়গায় হবে না অনেক দূরের একটি ঠিকানা দিল যেটা এখান থেকে অনেক মাইল দূরে সেটা আমাদের জেলার মধ্যে এবং যে ব্যাংক থেকে আমি একাউন্টি খুলেছি সেই জায়গায়ও নাকি হইবে না,23,2025-09-01 14:20:52,3.0.12,,,bn,Rocket
179cb685-080e-40ed-a658-68376bc6257f,robiul Islam,https://play-lh.googleusercontent.com/a-/ALV-UjV7HchkuhucsQMdz0mgTQG0mp52w3AmhwAzINQqCh__szqjJH5X,5,মোঃ রবিউল ইসলাম,0,2025-08-27 21:15:16,,,,bn,Rocket
5da76b8b-df70-43ab-85a7-62c3c6f4333a,Sojib Khan,https://play-lh.googleusercontent.com/a-/ALV-UjVILNZ5t6RYJmxL4aYbk6YC_z7eDqNnG7Kaown6kQUyxlhfOkwf,5,sojibkhan,4,2025-08-26 09:28:49,3.0.12,,,bn,Rocket
0667a89c-553a-4429-ba2d-29e16b06b0de,md fahim,https://play-lh.googleusercontent.com/a-/ALV-UjUB0SPkq5FQZjX0Eq481fR8j6g8tIxBbncedzDvkjTvSXFW4QQ,5,অনেক ভালো অ্যাপস,0,2025-08-25 21:15:11,,,,bn,Rocket
213a8790-3851-4dbc-8990-a66391a0d049,Mirza Alam,https://play-lh.googleusercontent.com/a/ACg8ocJkIa3JgcPmUcsN68rJnEDfkrOJqmSVEF0N3TTDwWZn9LZ91w=mo,5,হেবী,0,2025-08-16 14:32:16,,,,bn,Rocket
4c5f903a-ada4-4cf3-92a6-7ddb90754292,Mdharun Rasid,https://play-lh.googleusercontent.com/a/ACg8ocLSLFk21FapBMFT4qkRz6rlUR5beY99CMOa0tRtmPBg041kOw=mo,5,GOOD,2,2025-08-09 10:49:43,3.0.12,,,bn,Rocket
8476b618-fa52-45e0-b823-8e1b0f10d9d7,MA.Minarul Islam,https://play-lh.googleusercontent.com/a-/ALV-UjX7HA3-BqvjPdz1M6Nj6V6iRgBqE7ZfHFRrxqNyB1d29fSwdx4K,5,সমস্যা করে,0,2025-08-08 20:56:27,3.0.12,,,bn,Rocket
91a40236-ca87-4454-a347-7fb288a8e668,Jahangir Alam,https://play-lh.googleusercontent.com/a-/ALV-UjXwzYFicv5NlXe5uf1FqPUQqofnEU7UXhtEBIc8a9AI2hwNkgtX,5,ভাল,5,2025-08-08 19:15:55,3.0.12,,,bn,Rocket
3fb6f7d9-5d1a-4ce0-8db1-ade38c36a24a,Alamin Op,https://play-lh.googleusercontent.com/a/ACg8ocKkF2veyEhIMx554RsWidG743WFMwDsLYp_j8i_BsSWI4Li0A=mo,5,"nice,,,",0,2025-08-08 16:48:13,,,,bn,Rocket
1a2fe239-c1fe-4591-a5a6-a489861f4cbd,md shaheen,https://play-lh.googleusercontent.com/a/ACg8ocIHE4TTg_OvBfTUtJfZbNAa4BotY88YEsUPJIdMRZxk02YPHIA=mo,5,naic,4,2025-08-07 13:26:19,3.0.12,,,bn,Rocket
679d4fc9-48e9-43d8-8b13-045499983ed7,alamin op,https://play-lh.googleusercontent.com/a-/ALV-UjVTEZwlABMkHbJxzGMHCKlAn4WDUMUMg4Js2oOWqPcxx5zJyeLR,2,এই অ্যাপসটি আমার ফোনে চালু হয় না,0,2025-08-03 21:41:55,3.0.11,,,bn,Rocket
7b398374-095d-4b67-b0f8-afb6fbbb43a1,MrSogib [Official],https://play-lh.googleusercontent.com/a-/ALV-UjUEVrS6cPN5uXJwTfXWkHx-7eybTTI7SenssPdqKIX-4Ntn_t8,1,"Trying to open an account, but the otp arives too late, tell me how frustraiting that is. Trash Service.",11,2025-08-01 10:55:32,3.0.12,,,bn,Rocket
6ea9de34-e0fc-4b04-8656-d3ee25d7934d,Md Shekh shadi Shadek,https://play-lh.googleusercontent.com/a-/ALV-UjXJiU1H4y7ANEMUXuVMloL_qp79ktZxAndtrqb3SaFtz9no1Wc,5,ok,2,2025-07-30 11:17:24,3.0.12,,,bn,Rocket
66ade8d8-f9b9-4e42-80ab-c53c3e59f1f6,Sumi Ahkthar,https://play-lh.googleusercontent.com/a-/ALV-UjXUPw139BNTG5rRAYO6CxDdA0zrejBCv3R035E_li6t3je2489a,5,ধন্যবাদ,8,2025-07-29 02:18:40,3.0.12,,,bn,Rocket
a925f96c-6c0c-4153-838a-5cb86431857f,Muhammad Abdus Shahid,https://play-lh.googleusercontent.com/a/ACg8ocLFj9vFKYwP3EWL8s1iLMei3odSr-pEVRvbv9FJidydyKmHu7wi=mo,5,Good,4,2025-07-27 13:27:33,3.0.12,,,bn,Rocket
880e5a17-8b55-4b5e-b49f-2b3cf5002abd,Rajib Hossain (রাজিব হোসেন),https://play-lh.googleusercontent.com/a-/ALV-UjXn2AE9hYGy81G1nBThDVKQ4dM0b6dNBBCzOqd30BPqJxM_WvJe0w,5,পূর্বে একাউন্ট ছিল,2,2025-07-23 20:01:47,3.0.12,,,bn,Rocket
a3042bea-3ff2-4570-bea4-f9c42f164a39,Kabir Hossin,https://play-lh.googleusercontent.com/a-/ALV-UjWjvS4DY65VIqrxbmfphbsG9qj5c4c9neBDbTwhsok0g8DtD9k,5,আগে daraz পেমেন্ট করাজেতো এখন পেমেন্ট হয়না কেনো তার কারন কি,1,2025-07-16 12:33:03,,,,bn,Rocket
e33076b2-6d55-4e64-a5a0-3c32c65d1684,SD Dola,https://play-lh.googleusercontent.com/a-/ALV-UjXJTy7IvUCgdfCuTn1Xn_YG0fk7AzFIDExcVyEmCU9Sv4n4A5-9,5,good app,0,2025-07-14 11:19:35,,,,bn,Rocket
422479cd-7040-4cd2-b1ba-b686b8d3663c,Kulsum Akther,https://play-lh.googleusercontent.com/a/ACg8ocKye5mlIezdZaWdm-SoNnUAafskekI4RFpBDWGD9Zvq-MZ_=mo,1,বিকাশ খুললে টাকা দেই কিন্তু রকেট খুললে এক টাকাও দেই না,0,2025-07-13 19:01:06,,,,bn,Rocket
8d12e664-8b39-4a9a-9924-d2551d59f943,TB Tushar,https://play-lh.googleusercontent.com/a-/ALV-UjUwN6BY2VuB-OPnaNgQsOw2kzRzILze4hnIOM-Qw1xf80DLQY8,5,আমি এখন থেকে রকেট ব্যাবহার করছি,5,2025-07-11 02:24:56,3.0.11,,,bn,Rocket
3b2d1da9-2c2e-4079-ba42-7258cdea9177,Adnan Fahim,https://play-lh.googleusercontent.com/a-/ALV-UjWJsHOFgO9BFgGhSY1rI5gmT7g0akayNxgYyPKEIQpxGr16Uig,5,ভালো কিন্তু অ্যাপসটা ডিস্টার্ব করে,2,2025-07-10 14:46:21,3.0.11,,,bn,Rocket
fdb7269b-21f3-4bf8-bd87-2c3335a636d6,antor mdantor,https://play-lh.googleusercontent.com/a-/ALV-UjV0yJ-CnCTtYIkh1FM4oaEaecZjem5zvCyAsXsCfQWKxnc5JemJ,3,নাইস😇,0,2025-07-09 21:38:37,,,,bn,Rocket
df3ebfd5-1fb6-45b1-9b50-e941bcb73a28,ms miton,https://play-lh.googleusercontent.com/a-/ALV-UjXZU1yC5_8DEjh3idanGtcvgo6H1yTalyrSlMYKvMZgG6K7uTM,5,অনেক ভালো,0,2025-07-07 18:12:26,,,,bn,Rocket
e63715c0-3a4c-47cf-b9f8-bb428f1c48bc,Tasin,https://play-lh.googleusercontent.com/a/ACg8ocJRWnqa9QQqSDGr-zuKpSMfFe51OQYDfRQedl3yghK2OyiVTw=mo,5,good,1,2025-07-07 13:46:18,3.0.11,,,bn,Rocket
148517e6-ee8d-4909-b518-1a6d4c9c212e,Reshma Molla,https://play-lh.googleusercontent.com/a/ACg8ocLTE_5FMyfS9d8SYRiylNwr48rbiHVQGOoDtju2f_GL3qPsbg=mo,5,আমি অনেক খুশি হলাম এই Aps পেয়ে আর অনেক সুজুক সুবিধাও আছে ধন্যবাদ,9,2025-07-06 19:08:50,3.0.11,,,bn,Rocket
98cc9347-641b-49cc-9957-2427e1d2deb8,Md Tofazzol Hossain,https://play-lh.googleusercontent.com/a-/ALV-UjUSwJ9mcZaM7pfFcHMlWK7RQG-rOQEJHu262oibI7BZfFANIpTx,5,খুব ভালো একটি এফস,0,2025-07-06 13:17:12,,,,bn,Rocket
dad06f3d-6a9a-489f-a88e-9a8270e79341,Aminul Islam,https://play-lh.googleusercontent.com/a-/ALV-UjVJ48_u34WJ3pU2cW8PspcUkZmjvCGj2SNkiE2vxhvA0GZ0HzMO,5,রকেট একাউন্ট খুলতে পারছি না,6,2025-07-04 21:50:00,3.0.11,,,bn,Rocket
7c9fc16b-159f-4606-9ff8-7c88fd398c8e,Md Sujon,https://play-lh.googleusercontent.com/a-/ALV-UjV1djyosCxlJhwFBRKlFdDOU5lGN_AAuyrW8tscoETnlXaUcbA,5,love 💖 Dutch Bangla,4,2025-07-03 18:52:23,3.0.11,,,bn,Rocket
debac27c-8d2c-4cfc-b0b9-bd9ba6ee171c,Emon Khan,https://play-lh.googleusercontent.com/a/ACg8ocIYA1w9CLhA3KYNxbokQ8LTSmyFNatPTOphlsRB1Re7Aa0H3w=mo,5,একাউন্টে লগইন করতে পারতাছিনা,2,2025-07-02 20:46:24,3.0.11,,,bn,Rocket
843195bf-c45f-4483-886d-c0b492370d96,Aminul Islam (Amanullah),https://play-lh.googleusercontent.com/a-/ALV-UjXpERoMn0Uj8kTBSpP352WSiuZ_LMnLUMkqGAbGAvVFI3IKxl4T8g,1,"Rocket app still lives in the past. Frequent crashes, outdated interface, poor card support, and still no Dark Mode in 2025? You’re a financial app, not a joke. Instead of flashy logos and ads, why not invest in stability and essential features? Users deserve better — this is digital banking, not digital punishment.",20,2025-07-02 19:46:20,3.0.11,,,bn,Rocket
ee757699-8507-4712-994a-af9454826b1c,জিহাদ মোবাসির,https://play-lh.googleusercontent.com/a/ACg8ocLWZJfA4EJCDhyRLOAbCcp6VcmQFv0vKf6IkcRs0XVm8ewmUQ=mo,5,valo,4,2025-06-26 00:50:45,3.0.11,,,bn,Rocket
49c693bd-3db6-4788-a8fa-ed7fdfe86c87,MirMahamudul Mahamudul,https://play-lh.googleusercontent.com/a-/ALV-UjWkaHXNiF0B1ZkFAsY1qa1vncXL1uf3mcCAsUrC4YMIOdWClE4,5,very nice app,0,2026-06-06 05:30:44,3.1.1,,,en,Rocket
3f6545e4-1a67-4a5f-bc03-9d6a65abbbdd,Nahid,https://play-lh.googleusercontent.com/a-/ALV-UjUCthOXwGN_SrI13pI780zEpvn0mibcYk76o3aNMyjgiIOKQxar,5,ভালো থাকুন,0,2026-06-06 00:54:31,,,,en,Rocket
798046e2-2f8a-474e-99ee-4e63376faef0,Ma Icicle,https://play-lh.googleusercontent.com/a/ACg8ocLRy7Sap8ZT96LYFLvjXPGx2TqK6Rsop9XKok1FhbRqXI2QlA=mo,5,Rakib,0,2026-06-05 20:14:11,,,,en,Rocket
a62f1713-6f68-4eee-8d5b-426bf6f46d2d,Suleman Mia,https://play-lh.googleusercontent.com/a/ACg8ocK11UGFDRmewqsZg-xVGxCXFhWC9VLlYz1gRm_L4vn7XFd5rg=mo,4,ঢঢ়রণ,0,2026-06-05 19:18:37,3.1.1,,,en,Rocket
48a865a8-16a1-4bf4-a2d3-6a536953fa5b,Imran Islam,https://play-lh.googleusercontent.com/a-/ALV-UjX43mZ2oUiQ-ZP5eGmSEoLqtZizOPf9Ar8kxyvvlCUymwBNrWUe,5,very good app,0,2026-06-05 11:54:04,3.1.1,,,en,Rocket
347c6395-e72b-42ad-bf43-31b9dabaaa8f,2025 Sall,https://play-lh.googleusercontent.com/a-/ALV-UjVqUgF93DjkWfhIPmU4XyPPSkl_LXh5Q8gI-mfy512iRaAWtos9,5,good,0,2026-06-05 10:11:24,3.1.1,,,en,Rocket
9b6fc343-3db1-453d-93ee-0be36c8f2266,Md MUNNA,https://play-lh.googleusercontent.com/a-/ALV-UjXDA4jbqvpDS3J0Qhg1U6xQlMnrKo7WVckPaU45Unm9g221Nes,5,সুন্দর,0,2026-06-05 07:16:45,3.1.1,,,en,Rocket
a4ec1401-1625-4f66-ba26-95b850f5ea9a,Arham Global Net,https://play-lh.googleusercontent.com/a-/ALV-UjVMIa22zvDTKbEsgE7y5VYhfrU54AsljwUHLD7E1PKjKvqD12Op,5,Good 😊,0,2026-06-05 06:39:37,3.1.1,,,en,Rocket
5b928219-904c-4e2a-a3b3-5aacb799842b,Mojahid Hossain,https://play-lh.googleusercontent.com/a/ACg8ocJiglZXR3cxhZZ2Iq0qeNaA5oLhyB3myNt5GQncyMNAmJmgnw=mo,1,Baler service dise ek number diya account khulsi sob jaygay ashol number dekhay app er bhitore arek number dekhay abar kono korte gelei koy account doesn't exist hawar service dey halara,0,2026-06-04 23:19:11,3.1.1,,,en,Rocket
c7f7db7c-0fac-4f2b-9ce6-47bad3e2bf55,Mx Redoy,https://play-lh.googleusercontent.com/a-/ALV-UjVOZPEF0kCaJr9PEVkAUmbO4KTAgEM4EQQ-01Sr8PynlUqda1g,5,good,0,2026-06-04 11:45:42,,,,en,Rocket
48077408-8fca-48fa-8442-2a51926471db,RR NaMe,https://play-lh.googleusercontent.com/a-/ALV-UjVkU2tOSt_sNRz5LLCDBhd4MusQZJdPyT2LLwInM875PfeBEbBoKQ,5,"খুব বালো একটা এপছ কারণ রকেট থেকে বিকাশে টাকা পাঠানো জাই 💗অসাধারণ, 💗💗💗🌹🌹🌹🌹🌹",0,2026-06-04 05:56:46,3.1.1,,,en,Rocket
9033851b-6a21-44af-8ba4-d93fb161d82d,MD RUBEL HOSSAIN,https://play-lh.googleusercontent.com/a/ACg8ocKo4DR_w6L1R6OyILm7THcZp25-7FLp5rHMatAzIsfPmkrCLw=mo,5,Nine,0,2026-06-03 21:06:52,3.1.1,,,en,Rocket
377b0cf9-acd6-47bf-80f3-d01dd62e7a08,Bokul miah,https://play-lh.googleusercontent.com/a/ACg8ocLEz9HvZ2KGx46Cy4itIUW37osJ76DO3y9UYeyPBx3MotvM=mo,1,bad 🤮🤮🤮,0,2026-06-03 19:23:35,,,,en,Rocket
4bc20e3b-0de8-4e67-b6e8-ffba3bc2001d,MdANASSAUD BINKASIM,https://play-lh.googleusercontent.com/a-/ALV-UjVvG8UquXfNTB1Zt0-ya4UOA-X0brCpqu0GaOweMFWS_X0wnWYf,5,md roman,0,2026-06-03 12:33:41,3.1.1,,,en,Rocket
cdbc9c6a-324d-40cc-bbc2-4387d4ce816d,Sem Hendriks,https://play-lh.googleusercontent.com/a-/ALV-UjUGtGXm25YVo2EkucoCJBM6hT1H70MfJd635dCEEfgFZs1k8DvI,5,very good,0,2026-06-03 01:21:46,,,,en,Rocket
ce8b5b00-ab32-41b8-a2b6-976063735ea9,Hasnayen Ahmed (Jabi),https://play-lh.googleusercontent.com/a-/ALV-UjWikzMiVVHz4n51_LreyGBeWkPTnQBvQDSqPGSd0qS7RK2rxYyj,1,"ফালতু 😡😠 আমার রকেট আছে ১০ বছর ধরে, আজকে Apps এ login করবো, তার জন্যে ফালতু IVR কল লাগবে ক্যান ভাই? বিকাশ-নগদে তো এগুলা লাগে না!!! sim এ IVR কল টা ঢুকে, আর sim এর নেট চলে যায় 😠, পরে নেট যখন আসে, তখন OTP আসে না। আর আবার ফালতু ডলার-সাইন দিয়ে লিখা আসে: $-msg-error$ এসব কারণেই বালের এই রকেট চালাই না, ফালতু 😤😡 জাহান্নামে যা তোরা রকেট দিয়া 😠😡😤😡",0,2026-06-02 19:44:14,3.1.1,,,en,Rocket
61b1dcba-52f7-4374-8d1f-94a9a8ce0908,Muhammad Husam,https://play-lh.googleusercontent.com/a/ACg8ocLlgImsKQXTjxVHf35vBJI_Jc3gSuQlnpsA8yYO7VZFgQHOyg=mo,5,goot,0,2026-06-02 18:01:14,,,,en,Rocket
3e03f020-f969-479f-b6f5-8815b4b8d87d,HASAN UDDIN HASIB,https://play-lh.googleusercontent.com/a-/ALV-UjWmLdxTCDoBFty-NWiltzfhluMSunpEREEuAEXu38TtZ017KPE,2,স্টেটমেন্ট ডাউনলোড অপশন টা অ্যাপে চাই।,0,2026-06-02 17:59:15,3.1.1,,,en,Rocket
b002b13a-8a3c-4cec-88a5-2ac2b5e8987f,Tanjila Akhtar Tanjila Akhtar,https://play-lh.googleusercontent.com/a-/ALV-UjWeCz-O4GCtTORzIjYgMRvTxIwZrEznqJddD1IDmpppggPMgw,5,Thank you,0,2026-06-02 08:15:01,,,,en,Rocket
9607a34c-c184-42b6-9db8-a5138adbca61,Robin Hasan,https://play-lh.googleusercontent.com/a/ACg8ocLRbVzHXxoYIWpmVUAh8VCjP0VxNjEhQMKF2uNfgK-Upvhbr_ld=mo,5,হাইথণবতণণণগগথদথীচচুউঈডরদৈঐঊউঙঙণত,0,2026-06-01 22:08:58,3.1.1,,,en,Rocket
4fc2cd60-9615-4658-8c8b-9deae294ebd8,Md ramzan,https://play-lh.googleusercontent.com/a/ACg8ocKDi4pYaKQKTl2uJFQi664fLbKHc2fMHFbEE0QzJflHcWv5NQ=mo,5,dharun,0,2026-06-01 21:56:38,3.1.1,,,en,Rocket
456be6db-c373-45a4-8217-0ccc2fcabe92,Md. Mizanur Rahman Student,https://play-lh.googleusercontent.com/a/ACg8ocKb7wMmdzmBggEoIWYcfmcCJ45FxrYkJijz_-ayZDSz5H5uJw=mo,5,So good this apps,0,2026-06-01 14:45:08,3.1.0,,,en,Rocket
440e58ee-5490-496e-9af3-11751c89ff48,Haidar Ali,https://play-lh.googleusercontent.com/a-/ALV-UjVX5wGrmLsHIu9gzVLOZk-yGXb2KLN32XNx1IQ81FQXAJAKwyI,5,doog,0,2026-06-01 13:31:58,,,,en,Rocket
1f3a5a96-96bf-4139-bc6e-21d3ab16b311,Montair Residon,https://play-lh.googleusercontent.com/a/ACg8ocLc7h6e_om4TMZp0T5Eby8uk-2wv08LuFQ0fH1ldYccBCW8ZA=mo,1,I can't login my rocket account in this. Wh I try to login and reinstall it. there is same thing skip & Done. those are not working.,0,2026-06-01 00:40:31,,,,en,Rocket
92841827-0841-4452-a8c4-4d3f11c9eb55,Neloy Roy,https://play-lh.googleusercontent.com/a-/ALV-UjWgbiyQHt-EbH5CqQgprudHYs8oJ-D2YNK85THTiXCTL5860Ggh,5,impressive,0,2026-05-31 21:04:41,,,,en,Rocket
5eb98210-3b99-424d-9781-216cba69633f,Anik King,https://play-lh.googleusercontent.com/a/ACg8ocKfLp1nHwwqVRmqThmMfHiM-9StWegDVIRpQAm5BI2eToGQPw=mo,5,udueueh,0,2026-05-31 19:29:12,,,,en,Rocket
2bfeff0e-d4ee-4d37-a101-9fad81f4eb80,MD LITON MIA,https://play-lh.googleusercontent.com/a-/ALV-UjUSPcSGrGffv1359dlilsnn_AIBdU6E6jofac3QaogYy6SiXQxn,5,নাইস,1,2026-05-31 15:43:58,,,,en,Rocket
95b87a3d-32ee-408f-9038-7d3d3144f2f0,Mr Saiful Islam,https://play-lh.googleusercontent.com/a-/ALV-UjUTdT7ew-Hm_5mGBckQQ1TUk8ZHsCd7Ls4cUunXs7ePPYYa0-Yg,5,best,0,2026-05-31 14:13:45,3.1.1,,,en,Rocket
a7442890-9e22-4422-a519-7b2ef1a0147d,mithun roy,https://play-lh.googleusercontent.com/a-/ALV-UjUDBGDsk17EqIPomhkid67jEPsasENv89OkTVm5nxMV21CGqNCA,5,super,0,2026-05-31 12:40:25,3.1.1,,,en,Rocket
9fac1950-c184-4721-81e2-a7de7ad36619,Rahim,https://play-lh.googleusercontent.com/a/ACg8ocL4aKhFANq9wnWm0mUzPuZxCByoMZmAdj8_Jv8QxiRoGD68gQ=mo,5,rocket is easy use for money,0,2026-05-31 10:55:37,,,,en,Rocket
94de6fc9-37bc-4eca-9827-bc9204edc7f9,Farhan ahmed Rabby,https://play-lh.googleusercontent.com/a-/ALV-UjXMQqSeQ0EAn-HPbzVJpAyAVdyHeRil3utXHpaq4TvtPEbZjNA9,5,good,0,2026-05-31 10:18:52,3.1.1,,,en,Rocket
6e05d634-9d6a-4133-aca7-82c1a28cd90e,Md Dilmuhammad,https://play-lh.googleusercontent.com/a-/ALV-UjXaYsJ0fOySexb_4HGmWrIiLuWarb_ZrgA-OnNVa0AggjaX297W,1,"ফোন নাম্বার সেভ ছাড়া রিচার্জ হচ্ছে না,, তাদের অফিসে কল দিলে ১০ মিনিট রিং হলেও কল ধরে না🥶🥶🥶",0,2026-05-31 07:29:33,3.1.1,,,en,Rocket
ddaa8ff5-327b-47a8-9c51-3cc9e1c93a43,Freelancer Arfan,https://play-lh.googleusercontent.com/a/ACg8ocK6Ym-rPMyqW9C96Ey9B-5ezgkinst4MTpBBaTKt2AAc7W4dA=mo,5,😍,0,2026-05-31 03:27:22,,,,en,Rocket
fd5847d3-543c-41de-b439-455e4bcc658f,T.H.M Monir,https://play-lh.googleusercontent.com/a-/ALV-UjUtRLYZSOSLS9URpkljAg4ng4M7eoH7-fWznTKP2YinZ-2QPNky,3,nice,0,2026-05-31 02:33:10,3.1.1,,,en,Rocket
7dd7373d-35ea-405d-970f-5c557210d77a,Sobuj Shahanaj,https://play-lh.googleusercontent.com/a-/ALV-UjXqrwm8dPzXptX8O2xkJGhe4Bgs5_M3-I2R8RF-KKSaKrYiw5U,5,nice,0,2026-05-30 13:04:40,3.1.1,,,en,Rocket
f5f4763c-d96d-4e52-90f0-50cbff73d2b9,Ak Akashmedia,https://play-lh.googleusercontent.com/a-/ALV-UjWAT3AtdOfNTj_Gtutv2cNBczo4tmALDd15Bbu7au1FyQjV_p1B,3,good,0,2026-05-29 23:48:18,,,,en,Rocket
150ec6a3-96eb-4f04-a64c-1b66ec1fb8d6,Mst josna Mst josna,https://play-lh.googleusercontent.com/a-/ALV-UjXcWvRSrti1o-eFMbWVp6NWuPq5Kijh0HA8zAEmFf_J196ZsPvb,5,Rocket is just a great app,0,2026-05-29 23:37:38,3.1.1,,,en,Rocket
8ae5949b-6da5-447d-affa-33be85cde349,Md Shakil Mridha,https://play-lh.googleusercontent.com/a-/ALV-UjUtnaTIMPd4_n41WqJaQnAnVStONkXH2f0dIwgrYt9wuffc2dln,1,good app,0,2026-05-29 21:38:09,,,,en,Rocket
ac635f0b-5a80-4786-b860-195fecea2566,Tabib Mh,https://play-lh.googleusercontent.com/a/ACg8ocKeqzHbG3rrtyxcx8CPFV4lLXTzlIZ7Pqk9MeBkc6lpuKhxNg=mo,5,"since five years I was using this apps from abroad, and it's was working also good, but from 2 month I unable to log in.. showing error with 'invalid account status.",0,2026-05-29 20:18:15,,,,en,Rocket
fe972778-534b-4d9d-9dc8-f7ca2ef4b106,Rahad Hossain,https://play-lh.googleusercontent.com/a-/ALV-UjUSXaupTYm8ezt21rg2PZvQCbrWG-OeRDaaA6_NeimPNBIkDpzc,1,The worst system. I've been trying to log in for the past hour. I can't log in. I keep getting calls and entering the PIN over and over again.,1,2026-05-29 19:36:42,3.1.1,,,en,Rocket
749e869f-c240-4af5-be0c-7d4207ce1d73,shams Khalifa,https://play-lh.googleusercontent.com/a-/ALV-UjXz7D9R9d9euObi_vi4116c0qFNjG5mGgeOeLGcjK528QQGO6hA,5,good,0,2026-05-29 11:30:14,3.1.1,,,en,Rocket
acdd464b-e666-4c9f-b96f-0ab8e184e30e,Md Sujan,https://play-lh.googleusercontent.com/a-/ALV-UjV56_uJp_v2xUsibQOeBpjxc6jmDLkxbEg0mcgtSvpdca9ooh5C,1,rockt app,0,2026-05-29 07:47:53,,,,en,Rocket
52f7eb9c-9f4f-4143-975b-681ab6e2b4cd,Akhi Sorif,https://play-lh.googleusercontent.com/a/ACg8ocJnybcN0ey0HYKrVnaeksiiPqpz3ohsu0ra1FN42c6i2m4XPw=mo,5,nice,0,2026-05-29 07:39:34,3.1.1,,,en,Rocket
9a343f8e-32b9-44e6-aca9-21e93d4bf03e,Rakib Kawsar,https://play-lh.googleusercontent.com/a-/ALV-UjVXF7lu668k38CfsCvTd407KyGITZPuAuxncVLCPUqbqFdjFFTW,5,very nice,0,2026-05-28 21:02:07,3.1.1,,,en,Rocket
76317339-65cd-49bc-ad77-0874f2e58257,Shafayet Mohsin,https://play-lh.googleusercontent.com/a/ACg8ocLYL2wgibNtapG9uzoNQVWGme5p9W09WRiOaGuOXCakvtZSSw=mo,5,best service,0,2026-05-28 12:03:22,3.1.1,,,en,Rocket
7ea310e5-c16c-429c-8296-02ed8844a134,Ariful Islam,https://play-lh.googleusercontent.com/a-/ALV-UjUoaNB2DuIlfqGJkP13wy_EiRDi5WdZDhq85j6n3FSvVyp_hsxR,5,very nice,0,2026-05-28 06:18:17,3.1.1,,,en,Rocket
a2af0afa-855d-44d5-bf81-dbbf14257bc0,Md Kayes,https://play-lh.googleusercontent.com/a/ACg8ocJ-6JjjeegdeIfJXcZKxdy-4Yt1mukc-9HK6IWUHW4mwbBXUg=mo,5,nice,0,2026-05-27 23:24:27,,,,en,Rocket
ae220994-ca0f-4c42-be9f-cd48e7ec511c,MD.JAHIRUL ISLAM,https://play-lh.googleusercontent.com/a/ACg8ocL0VYkBnwlKLs3UbUfaxibTMKBkn_27clZJkPDpIT3qtfEruQ=mo,5,very very good apps,0,2026-05-27 21:28:11,3.1.1,,,en,Rocket
28db931f-4a1d-4e5b-b079-fc8531b1eada,SMTA,https://play-lh.googleusercontent.com/a-/ALV-UjVJqGAGbr5IznLwxjwEVfYra_sSy2ztsSgAiDA7KLQJe7fqLuM,5,ok,0,2026-05-27 18:34:49,,,,en,Rocket
eefc2b17-7a06-44ab-aa0c-f24e0656612c,Jit Roy,https://play-lh.googleusercontent.com/a/ACg8ocIdYMLZRCs21Sy48IPVkk05jb8EJA24UiRWXsdEQdVa3_BNqA=mo,5,Good,0,2026-05-27 15:35:24,,,,en,Rocket
9ab4fa7e-0efd-44b5-b9f1-058ea012494f,Md Shahinur Islam (S.I),https://play-lh.googleusercontent.com/a-/ALV-UjVxMEVUb5gLxf8cKAkhECTuxIKDe7ffYhBy2I2gCTPmEL-1dOX3,5,Good,0,2026-05-27 12:30:03,3.1.1,,,en,Rocket
4cac23c6-6873-4783-863e-56a8a99e69fd,Md Alvir,https://play-lh.googleusercontent.com/a/ACg8ocIFC8ZTTgXE3GhTwkQaPQsvgDYqXc_k1nzimc0WVDlA7kyCMQ=mo,5,রকেট,0,2026-05-27 06:12:41,3.1.1,,,en,Rocket
84981419-fe9b-417f-add1-13fc8a86b2f7,Jara Hasan,https://play-lh.googleusercontent.com/a/ACg8ocKxADBZ-1vTeyxLn0o0V8FyNDABxJj6IjlebjEF9e8UuhugCw=mo,3,very smart app,0,2026-05-25 23:49:14,,,,en,Rocket
0fca4812-3370-4247-8990-73e7a061688f,Nasrin Akter Sonia,https://play-lh.googleusercontent.com/a/ACg8ocIAJDphUd6kJRM5xa3SYZ6JnOFDUkrYscBCMrTDrVT-kwmzrQ=mo,5,my favourite app is rocket 😍😍😍😍😘😘😍😘😘😍😘😍😍😍😍😍😘😍😍😍😍😘😍😍😍🥰🥰😍😘🥰😍😍😍😍🥰😘😘😍😍🥰🥰🥰🥰😍🥰🥰🥰🥰🥰🥰🥰🥰🥰😘🥰🥰😍😍,0,2026-05-25 20:07:12,3.1.1,,,en,Rocket
f1355cd8-6a95-4b0c-8c26-9cf90d0c4ad4,Mostafiz Khan,https://play-lh.googleusercontent.com/a-/ALV-UjUeJlmEPmYtS_izo5zXavmIlWPLXiZKKLJj5v7r3HT47G7-76Q,5,ok,0,2026-05-25 08:17:19,3.1.1,,,en,Rocket
8ea5bfa5-3ae5-4249-a45b-1069da0263e8,Md. Kazi Abdul Barek,https://play-lh.googleusercontent.com/a-/ALV-UjVT50lHYwVjYfvgydMxwFylg4kaKYIxdppLt7EiT0lculbQ6IJm,5,Valo app eta,0,2026-05-25 00:27:10,3.1.1,,,en,Rocket
519c186f-9c4a-491f-b91d-e01d4491644e,Md Mahfuzur Rahman Rahman,https://play-lh.googleusercontent.com/a-/ALV-UjXBra91tIS04DCcT739L3DabMLSzRloNcHdJusnTJRzmA9qyUm4,1,very bad app,0,2026-05-24 22:39:30,3.1.1,,,en,Rocket
e2525ded-5a74-41ce-90cc-5da0f41d9396,Anik Talukdar,https://play-lh.googleusercontent.com/a/ACg8ocLwPmZnwB0UNoLrXJDKIcOOmM4dut4td2nxL4mKokw5evzcbQ=mo,5,good,0,2026-05-24 22:21:21,3.1.1,,,en,Rocket
849997d3-5c1e-4c72-8ad0-6e33f20a8769,md saiful amin khan,https://play-lh.googleusercontent.com/a-/ALV-UjW0LQXkL4tNkKht0RQorLbkATvqNRw8G-s4-smKy87yuw9jRjna,5,good,0,2026-05-24 13:19:01,3.1.1,,,en,Rocket
4588343c-f123-4eb5-be78-2c0580bbda84,Md Salam,https://play-lh.googleusercontent.com/a-/ALV-UjWTnxbGqFah6rKqNUFKXaP6At-VSWR4CgMM2E-Pl_QVdUIZPJU,2,very nice,0,2026-05-24 12:22:51,3.1.1,,,en,Rocket
6176e675-5943-41e3-b0db-f72ba8016b43,Shuvo Islam Raj,https://play-lh.googleusercontent.com/a/ACg8ocLXA3f9_FBTSrr5M_X0GUNkwsWJY4nveM_fBepllca8LtbXWlI=mo,5,Good,0,2026-05-24 07:35:38,3.1.1,,,en,Rocket
f41ce0c8-f46c-451a-8f86-1c9b66044a58,Shahin Saeed,https://play-lh.googleusercontent.com/a-/ALV-UjWfOdthjPgleGJqiXEHxxabCWGR_lj9nfDyC_bpy86H3y3v8dHn7w,5,good,0,2026-05-24 06:04:38,3.1.1,,,en,Rocket
df916a56-2946-4ecf-be9c-304b9a16de57,Mehedi Hasan,https://play-lh.googleusercontent.com/a-/ALV-UjVqVzPhTAHkU_Aiv8Gxw1uJOICk2VcUi5L1eJebY13-raBAZ5Q,5,verry good job,0,2026-05-23 23:29:10,,,,en,Rocket
57876426-448e-41c7-80a4-5353d4d2efb6,mahfuj bd,https://play-lh.googleusercontent.com/a-/ALV-UjXncG3KZ9KJ3vQROu11Yv8XgY6wN8UR-m9Z-ddB-kGvmTO-yBY,5,Online very easy for real life banking. It is best for money useing. thank you Rocket app,0,2026-05-23 22:23:11,3.1.1,,,en,Rocket
e8f956c6-8aa6-454a-b4ab-f7774318c6e9,Md Homaun Kabir,https://play-lh.googleusercontent.com/a-/ALV-UjUxcG4nGdVltozDYCpYKc9EZjhI8LclqVhX_tgw-RIJTs_Lu0KSMw,2,No money is taken from any bank or card.,0,2026-05-23 11:45:45,3.1.1,,,en,Rocket
743e8dc6-3657-4b76-a4d3-5d47dac36a59,James Das,https://play-lh.googleusercontent.com/a-/ALV-UjV9YEMW9oPnN1xA575Ke0oAU4MTdx2yxr8CTiPaCLzWIV4wAZw7QQ,5,"Rocket is just a great app — super simple and easy to use. Sending money, paying bills, recharging my phone, checking balance, it all just works. Fast transactions, instant notifications, no crashes or weird glitches. The app is lightweight, doesn't kill my battery, and works fine even on slow internet. Plus agents are everywhere, so cash-in/out is never a hassle. Honestly, it makes life easier without overcomplicating things. Big thumbs up!",8,2026-05-23 10:19:14,3.1.1,,,en,Rocket
af7c2de9-7492-4203-820f-fe79555da6d1,Joy Dn,https://play-lh.googleusercontent.com/a/ACg8ocIsqJj_fyFeMn7vMSvl_bkTEoyzaQpWtRt1xh2BfUnLyBz93A=mo,5,usefull for me ❤️‍🩹,0,2026-05-23 08:16:49,3.1.1,,,en,Rocket
d4ed32cd-35f0-4120-9894-be19d0c60d16,shakil khandokar,https://play-lh.googleusercontent.com/a/ACg8ocLUC3kfV9UmX5Q6w7vIz-fxkyaIAUCurL8aXuNiGKu-CGLYnA=mo,5,good,0,2026-05-22 18:07:18,3.1.1,,,en,Rocket
939e5cf7-e0e2-40b6-91aa-6225cb85fac8,jakaria chowdhury,https://play-lh.googleusercontent.com/a-/ALV-UjXTkNWo8C_lMC8HzZajVl9nvDGGdKda6bbGbPMKfw02wiq-gAsC,1,"UI SYSTEM faltu , registration er process purai complicated KFC non KFC ?? user friendly na specially Bangladesh er Moto sadharon Manus er Jonno na",0,2026-05-22 14:34:30,,,,en,Rocket
a1556300-8648-40f7-bd21-5fb30ca0aa58,Raju Ahammed,https://play-lh.googleusercontent.com/a-/ALV-UjWvbiQ0Jze2U5m4CWWVUFyPUv_f3mjYMv6pAKP8pSGDvt4WUDTY,5,nice,0,2026-05-22 12:21:33,,,,en,Rocket
dfa4089e-a592-4565-ac58-fbf1aabb7c87,Robiul islam Robi,https://play-lh.googleusercontent.com/a-/ALV-UjVEragDzcNhekT1gtPUhfLQ_oLvY1OvWj6RYymMjcoh0tvWwWo,3,good 👍,0,2026-05-22 08:50:11,,,,en,Rocket
66446a69-fefe-4634-a1d6-c219fd4044eb,Solman Khan,https://play-lh.googleusercontent.com/a/ACg8ocIfCL1ANVgCaRMMWjCs1_G2nGDg8p_Q1hxbSubvceItgBEWqA=mo,5,good,0,2026-05-22 07:08:16,3.1.1,,,en,Rocket
39f77701-4cc5-4248-ac09-e9662beb08af,Bachumiah,https://play-lh.googleusercontent.com/a/ACg8ocK8gVVTdFs-pULoJM4gHOlT5Y8WNrkAYnul6Cw9CIUFqpo5ZQ=mo,2,"I just recently opened a rocket remittance account...but whenever I try to add money I can't...it shows I have exceeded my transaction limit,..even why I try to transfer 1000 taka..what should I do?.I can't even contact with customer care",3,2026-05-21 22:50:26,3.1.1,,,en,Rocket
948bccfd-ddf7-406f-b0d4-fbe3144d3b15,md shahin,https://play-lh.googleusercontent.com/a/ACg8ocLd5XN5fdiCdLxe0VVvK-3hSE4EFOaDvE8-0w1X5CKzd0Qkrg=mo,5,good,0,2026-05-21 18:59:53,,,,en,Rocket
664614bb-b9d0-4cb2-8154-0aa63b76711d,ARSHED85761443 ARSHED,https://play-lh.googleusercontent.com/a-/ALV-UjWsLEv84Nh2AioYDcZ-JzxTe3VDzT6iQHP6AH5CGDCcM_mAkpof,1,এই শালারা আমারটা ঠিক হয় কেন,0,2026-05-20 18:33:15,3.1.1,,,en,Rocket
ef094ba6-4470-40fb-b30b-dd182cd2e25b,Md Tarek Rahaman,https://play-lh.googleusercontent.com/a/ACg8ocIXXxEIvE8LxyYfwHVOKYsclVx4FtfCwp3MD5zs9MI8f9lPDmc=mo,1,Rocket Login Failed to initiate IVR call 😔,0,2026-05-20 15:55:36,3.1.1,,,en,Rocket
25282733-aee8-4439-b58b-62580d15fcd7,Sazzad Sultan,https://play-lh.googleusercontent.com/a/ACg8ocJl5CVdHjknOMu3fjRub6il_Q9xP0PU3IDiDLro0cx_dgn9RA=mo,5,nice,0,2026-05-20 15:40:07,3.1.1,,,en,Rocket
7610c433-08d4-406e-a6fc-b1a720478abc,Taj Uddin,https://play-lh.googleusercontent.com/a/ACg8ocKC7sTw7ORpa0d8SRN3K6DdJJ9MkVqCHHRq6qUYae0iHoX_gQ=mo,5,nice,0,2026-05-20 11:20:35,3.1.1,,,en,Rocket
8dd48d9a-1d5f-472e-8d8d-51bd254faf7f,Md Sojib hasan,https://play-lh.googleusercontent.com/a/ACg8ocLml1Z21zV6ktjJ6s7rNvzvU2Igqe7BOEq1-exR40l8ltO42A=mo,5,nice,0,2026-05-19 21:57:39,3.1.1,,,en,Rocket
58c6f502-dcaa-4f31-91e8-69ce44ba6e4b,Rokon Sarker,https://play-lh.googleusercontent.com/a/ACg8ocJwTIfeZN7IO55QmLOvwyUbhugCmgtGMPUKOeuaKjfZ6tZ6Bg=mo,5,very good apps excellent service,0,2026-05-19 14:57:17,,,,en,Rocket
55c06e09-e3ef-4ce1-b54f-aa77ff70be53,Md.Ashikur Rahman,https://play-lh.googleusercontent.com/a/ACg8ocJiyElwi_zqdmdvFMZ2GHxWCLNSxwGf3DrT_tI4Y5XiX3g5cg=mo,5,❤️❤️❤️❤️,0,2026-05-19 13:17:04,,,,en,Rocket
59df020e-00c5-4386-8e1a-b70db83af94e,Mohiuddin Sarker,https://play-lh.googleusercontent.com/a-/ALV-UjWagHiZiLnkPAqRKXkQQ9GNca6TQJtu73-Gn4Ul-dtG5NpzKyQH,5,good service,0,2026-05-19 11:28:30,,,,en,Rocket
56536351-fb07-41cf-b386-b5790d73dc70,Redoy Jan,https://play-lh.googleusercontent.com/a/ACg8ocID0CLbq_Tj1X6Oxi1P5ITi5N26OTGP5OCWucJSRFCdwmM9wg=mo,5,What a problem,0,2026-05-19 11:05:23,3.1.1,,,en,Rocket
b2afd3ae-1fa9-4579-9300-4d2c2e4ed661,Monmoy Halder,https://play-lh.googleusercontent.com/a-/ALV-UjW59gYWCdocEP0jSAuOPcA1JBQjuk_RrcCLygrp8kT70CET-D0,5,thank you,0,2026-05-19 10:27:34,3.1.1,,,en,Rocket
096b216f-a616-4385-a98c-1e151e80765e,Sulov Hajong,https://play-lh.googleusercontent.com/a-/ALV-UjW3WURk4uqEBPq8wKfeVwXr_rYtqlhc9HZ2uNL6tXtz7gEIC6iK,5,I use this app. This app works well.,0,2026-05-19 10:23:04,3.1.1,,,en,Rocket
8871ca35-fd19-4032-9674-ebfdad1f6950,Tanjela Jibon,https://play-lh.googleusercontent.com/a-/ALV-UjVwwogdVIn3XaAsqVVZZltev474zoowqsiBu4Dm7eappNEwBeYY,5,nice,0,2026-05-19 09:51:16,3.1.1,,,en,Rocket
d2991d83-e3e5-4499-ab64-7c9be55eff7b,Mayar Mukhos,https://play-lh.googleusercontent.com/a/ACg8ocLt6HPowklC9TYwwFwufdgBYDMwaymtIJnbEk9HNJmVCNAlxA=mo,3,good,0,2026-05-19 07:51:22,,,,en,Rocket
924ea953-dd44-492a-9fbd-600f1dfe6917,md osaman,https://play-lh.googleusercontent.com/a/ACg8ocKy7Kf3wov2xbU4uVcH6d1nZAsIwUtRmrjv3AmgvqRKSaGMkA=mo,5,good,0,2026-05-19 07:43:31,3.1.1,,,en,Rocket
c40b8763-5dc9-45d0-b294-5be46ad6f23e,MD Opu,https://play-lh.googleusercontent.com/a-/ALV-UjUp7Wzm5OfBC9fkCYzud3I1ZjKL6gNaBL6iZ2rw50qfZSX-HDs,5,😇😇😇😇🐯😇😇😇😇,0,2026-05-19 02:43:45,,,,en,Rocket
09943732-cb9a-467c-9d02-e16680a09133,Sahin Talukder,https://play-lh.googleusercontent.com/a/ACg8ocIS46tJmwgOK9Ij73jZrcJx93nB6Jwvmrw-2z_5aFTP9LZxbA=mo,5,It is helpful apps.This system is very updated.,1,2026-05-18 22:49:40,2.0.49,,,en,Rocket
cc000311-a5f4-44a6-8ed2-fcb65cce4c95,Md Rokon,https://play-lh.googleusercontent.com/a/ACg8ocLuMCpxXASR6zycRIn_APZCNvrzgn69w9B36DFd2Zm12CxUjw=mo,5,nice,0,2026-05-18 22:21:17,3.1.1,,,en,Rocket
ff1b6b40-8003-45db-8d61-703216fb2958,Razwan Karim,https://play-lh.googleusercontent.com/a-/ALV-UjXvBtm3EWVEadUQWCpwNFiGT9vTK4BENynZFjmaHR7Tez0RQng,1,Very bad service this Apps,0,2026-05-18 22:12:35,3.1.1,,,en,Rocket
46899d9e-2a64-469e-a96e-2ceeeb43c894,Md Shoriful Islam Shykot,https://play-lh.googleusercontent.com/a/ACg8ocIrj877sj1pfu6zxjZ7asJdi6rkJcIOr1pcES4lXq5VUKpAjg=mo,5,ok,0,2026-05-18 21:50:24,3.1.1,,,en,Rocket
239645ac-855c-48d9-93af-2e60e3d0e528,Mdshakil Ahmed,https://play-lh.googleusercontent.com/a-/ALV-UjVVf6tkQwIddsRG5KwhqOGyPMQtUhPL6rbzTxht5klSp79JOw5V,5,good,0,2026-05-18 21:27:25,3.1.1,,,en,Rocket
557a3bf5-dfae-4f97-81c3-331b752275c1,Md Merajul,https://play-lh.googleusercontent.com/a-/ALV-UjXeul92k0ukA8soRSy1Pr2a_ldc4dtT7hVDt3mWyC4LixmOv9rA,5,নাইছ,0,2026-05-18 21:21:41,3.1.1,,,en,Rocket
918ec03f-ccc0-4449-9990-c8fa249ffe31,Farhan Ridoy,https://play-lh.googleusercontent.com/a-/ALV-UjVGjC5BLSuwIgEcywB8xarzjDpJ2W-KJhPgAorQIr90j3wBmhTCyg,5,well,0,2026-05-18 17:40:44,,,,en,Rocket
ad7aa546-2c92-402b-8781-411231c40285,Amirun Nasa,https://play-lh.googleusercontent.com/a/ACg8ocJDuTgXpTXdbEqK2qfTptpLt1A1iSWHLYFLTO7wvsYzzXAIPg=mo,5,best mobile bank,0,2026-05-18 04:15:12,3.1.1,,,en,Rocket
2b987d5f-42ed-4c30-b6ff-7143cfca60ad,MD. MAMUN MIA,https://play-lh.googleusercontent.com/a-/ALV-UjV1AwE5sgNeSOMP7usIZR7uauKwjUF5f2Jn_bniQhBWFTk2c8Ui,5,Manish Pawar 💯,0,2026-05-17 21:49:46,3.1.1,,,en,Rocket
a5b17389-0bde-4fda-861d-1973a731c9e3,MD. NAYEEM Ali,https://play-lh.googleusercontent.com/a-/ALV-UjWOI4mHyHFuPW75TuvmLXYG3NEnoB0BI0xN0WH6_hv9BZDowWTa,2,add biometrics on login app or small transaction,0,2026-05-17 19:02:57,3.1.1,,,en,Rocket
62e8fe45-8e3c-4d54-850c-1f711d425f5a,Shakil Mollah,https://play-lh.googleusercontent.com/a-/ALV-UjWcckq0JhhTWGnZRYER41BdYQIqqfFrt0F8LunoSZOaCsp_fhI,5,rocket,0,2026-05-17 10:19:43,3.1.1,,,en,Rocket
29cf8cc1-477f-482d-bba0-aa56ce5af3d2,Md Baccu,https://play-lh.googleusercontent.com/a/ACg8ocI1gY8gMnUTVOwJ3jCp6Q5_j7CIXEldxKcQCd4ksXaI6pL2WA=mo,5,দারুন,0,2026-05-17 09:23:26,3.1.1,,,en,Rocket
704ddbce-573a-48f6-b558-25eb94c0e640,Md Nazmul islam,https://play-lh.googleusercontent.com/a/ACg8ocKY3xErIz1-p6NBKoyxduLDiYPI3VBY3-AhM-3l-5V72KZcsA=mo,2,nice apps,0,2026-05-17 00:42:57,,,,en,Rocket
61c6c571-8893-421f-b353-a1cc96d6a2de,Turzo Kamal,https://play-lh.googleusercontent.com/a/ACg8ocLj4YVbjDTFrNxCpbwVG5LQNG35wMRncVxR2S6osAbD1CwtFQ=mo,3,"Sometimes I feel like the app is running very slowly. I have been clicking the home button for like 3 minutes straight but still it didn't go into that section. Also when I was trying to give pic of the front side of my nid, the right arrow is too high for which it's difficult to press that. Overall,the app is good no doubt but I think the authority should take measures of such small mistakes.",6,2026-05-16 19:43:28,3.1.1,,,en,Rocket
9a8a22d4-2908-4f3e-8f04-7a51d8c719a3,Md Mamun,https://play-lh.googleusercontent.com/a/ACg8ocJXbNDLOyoLbqQskuFSj9wAFNgzW-mgo0_THVtXyzPRQ8yblw=mo,5,ok,0,2026-05-16 13:51:34,3.1.1,,,en,Rocket
467449ed-68e5-407f-81db-e4128ff190c4,tanjil Ahmed,https://play-lh.googleusercontent.com/a-/ALV-UjXYz5PCVbeJmgR6gZBjtC0xrVwj1TkAwJA-2M_mx0Eu3wh4EsxW,1,"It's a useless app, I'm downloading it but it's not working.",0,2026-05-16 11:22:32,3.1.1,,,en,Rocket
e404f193-3b08-4493-af31-cba0e5d7e9b4,Md. Khaza Mia,https://play-lh.googleusercontent.com/a/ACg8ocIkP4F6atS7kKQ7p-yr5AraZEl9FylzqzmVwGkDNYO3T6CR5Q=mo,5,good app,0,2026-05-15 20:59:18,3.1.1,,,en,Rocket
0b169992-835b-4a92-89dd-6414b17ec886,Md Bappi,https://play-lh.googleusercontent.com/a/ACg8ocJ8iBwkjWfTxSyIZZUp1DFXbt0PGdpAywgr16IvWOC65SN1pQ=mo,5,nice,0,2026-05-15 20:22:22,,,,en,Rocket
df73cec5-bfdf-4355-9d56-9ba802097dc0,moner betor sudu tumi,https://play-lh.googleusercontent.com/a/ACg8ocKV1cAK1uN5hcC9WSCUTHz-hBlnNluV5XeP2L6hm6mYX0DxiA=mo,5,নাইচ,0,2026-05-15 16:43:45,,,,en,Rocket
979e6126-8215-48c7-be39-2ae06ece048d,MD RAKIB MIA,https://play-lh.googleusercontent.com/a-/ALV-UjViKmgjnJyRFA8yADqQ13OnA4mc4W5K1hrNR-w1LCGXE8og4TwG,5,মনে হয় রকেটে ডিপিএস এবং লোনের অপশন রাখলে ভালো হয়,0,2026-05-15 10:49:47,3.1.1,,,en,Rocket
e7d9ca54-d266-476a-beeb-fdb7cb849964,Sabiha Islam Liza,https://play-lh.googleusercontent.com/a-/ALV-UjX8rA9PVjSJlenxDf35kypGDnfYfKiypg-SNQH-iH5gOkK5jz4,1,"I've transferred money from rocket to bkash but the money haven't been added to bkash and cut out from the rocket account...I waited for 40 minutes but there is no update...and I can't submit the complain in app , always says a problem has occurred.",3,2026-05-15 09:29:17,3.1.1,,,en,Rocket
4c632796-8db4-4c7c-8fea-4766312c5cfd,Md Alislam,https://play-lh.googleusercontent.com/a/ACg8ocI1DqZtHnx7wLBopfWlhgKyjdGpfO8-INWuFfjLGisR9WY1wg=mo,5,nice app,0,2026-05-15 07:08:23,,,,en,Rocket
b5aff5c1-30d1-42a8-b1f5-2205bf69acbb,21 SR Opal Bhanga,https://play-lh.googleusercontent.com/a-/ALV-UjWzYSPlRFipE0jF5BhOm0TX-kjnRYg8USy675RfW3DaN_AhdD5B,5,good,0,2026-05-15 07:05:12,3.1.1,,,en,Rocket
d4e8e12e-f3b4-4411-8443-6fb8c9c0db0f,Sheikh Ashikur,https://play-lh.googleusercontent.com/a/ACg8ocL2m8T4tckeF0yCSwEX1Zo4KZGefkwCWqGE3GOoEWLRdah2kw=mo,1,"এদের কাস্টমার সাভিস সেন্টারে কল দিয়ে পাওয়াই যায়, ফালতু ম্যানেজম্যান্ট 🤬",0,2026-05-14 16:14:26,3.1.1,,,en,Rocket
64cbdcd2-2872-4afb-bd5d-5cc6e092c6b6,Rony Reza,https://play-lh.googleusercontent.com/a-/ALV-UjWEEGvSXQJUrv-InLeahFUAUQyymr6y5kMv851iJ7zCTkhLzivs,5,Very good app,0,2026-05-14 10:49:39,3.1.1,,,en,Rocket
389a122e-d9f6-400a-836a-20e640710c40,Polok Poloks,https://play-lh.googleusercontent.com/a-/ALV-UjWE9sGwqcs4YxZcqyDJioWCoASqoAY6GWCFCiImGVctopR6Z_A,4,Need to take less time to activate an account. ..,3,2026-05-13 23:03:11,3.1.1,,,en,Rocket
5d08d94f-b309-4b27-9205-e091f483dfba,mdnahian hossain,https://play-lh.googleusercontent.com/a-/ALV-UjX5hkkUsdD7th-0WyvCjr5RCPso2hmSqnj8bV-u2djaMAOejEwV,5,Good,0,2026-05-13 17:47:19,3.1.1,,,en,Rocket
2ff7353c-530c-4426-a214-f4e9948d3018,Mehedi Hasda,https://play-lh.googleusercontent.com/a/ACg8ocISfVYe4HYCiVUXSXAyxwXzmU53BaorPVXPFWJauV7bPSUPkw=mo,5,nice app,0,2026-05-13 13:08:14,,,,en,Rocket
3a7b2837-6028-47b2-8927-261d7ba8ac17,Sai ful Islam,https://play-lh.googleusercontent.com/a/ACg8ocL9CeQRR0OZcgENAYoBuKQ_Wf5OZ14fq-9hErr8QXlhJcUEtw=mo,5,good,0,2026-05-13 09:56:23,3.1.1,,,en,Rocket
45327969-8690-43ce-a73b-8e516b962cd8,Rashidul Islam,https://play-lh.googleusercontent.com/a-/ALV-UjUtnFQ1KesSkvQZqCD_3y2pecZXfvR1ygCNhERXY9lbYMMm05ZG,5,🖤,0,2026-05-13 05:56:48,3.1.1,,,en,Rocket
451631cf-b2cd-4192-affd-a556ae3d1017,Hridoy Sorkher,https://play-lh.googleusercontent.com/a/ACg8ocI-L0K-KkW-j9EO7xDGut-XRRY2BqleBx9MspGJBuSB8oDixg=mo,5,thanks for everything,0,2026-05-12 22:57:07,3.1.1,,,en,Rocket
30adb5ea-8329-4e36-945e-e5fc2475a36e,MUHAMMAD IMRAN HOSSAIN,https://play-lh.googleusercontent.com/a-/ALV-UjXkCv9sdP7urHvHuX661UP9yYNq_5Bb0P2BtEwovFQEke07vXuB,5,very easy,0,2026-05-12 22:53:18,3.1.1,,,en,Rocket
3a603f63-3716-4d01-bcb4-daafa43b2e63,Sakib al Hasan,https://play-lh.googleusercontent.com/a-/ALV-UjUgml684Kj5EwpPwQS-GTdWI5BIHiQKeJa_JT974auqmPiA6wAj,5,nice.,0,2026-05-12 22:24:47,3.1.1,,,en,Rocket
df1c0c53-e073-4903-8c69-889418ec022b,md rocky,https://play-lh.googleusercontent.com/a-/ALV-UjVwa52p9yEQ7JmLyCJs2XPED0kMuVI_3rkZZR_YSELg3C43oFw,5,nice apps,0,2026-05-12 16:22:22,3.1.1,,,en,Rocket
4e270f38-1836-40d4-94aa-c6d7ab3ae938,Abir Khan Nahid,https://play-lh.googleusercontent.com/a-/ALV-UjWVnopkrcNHlPqCWt4hotGLrCcfEpNuNp1sv2UZSvRRN0k44-LP,3,enjoy,0,2026-05-12 08:08:53,3.1.1,,,en,Rocket
6d8d341a-785a-4894-854e-0625672cc0f9,Sheikh Masud Rana,https://play-lh.googleusercontent.com/a-/ALV-UjUp7oR3UIfUn3Iw9NMS0nt1TfT4duvaHoTUDD7oYnWzjDC0nJ8t,5,DONE...!!💓,0,2026-05-12 03:39:12,,,,en,Rocket
d8708d21-23c2-41f5-b34d-d62e2e5b3344,Af Anis5392,https://play-lh.googleusercontent.com/a/ACg8ocJ6yI5XA7u7nE8XxWW1A9nn_LgdfabJPtlV1GVj8BADzCPV1g=mo,5,নাইস,0,2026-05-12 01:55:19,3.1.1,,,en,Rocket
66666e96-c080-4d59-b7f3-fe74451ea8fb,মেঘের নিচে বৃষ্টি,https://play-lh.googleusercontent.com/a-/ALV-UjW0cKWX4L2asi1LwjEis6LmE17-3g_LB_HZS8c63A36rk3_n3GJ,5,nice app,0,2026-05-11 23:37:19,3.1.1,,,en,Rocket
46339736-56eb-42c9-9ba4-9a9d385949a9,Sakila khatun,https://play-lh.googleusercontent.com/a-/ALV-UjUruDKkaVuLyUa938f4yXzPf5gCUMLMmhzVauUtcJ1ntNgG5FtF,5,fantastic app✌️,0,2026-05-11 20:42:06,,,,en,Rocket
06676fa4-ebee-4572-99ac-251f499408f3,Md Minul,https://play-lh.googleusercontent.com/a-/ALV-UjV2UlswgvsVSgxEI5SwzMmULGO72Dt7uz3GDopMoavEL33Qn1dN,5,valo na,0,2026-05-11 20:07:38,3.1.1,,,en,Rocket
d195cc2f-20fa-422f-a885-b1ec9c46d837,Vai Mia,https://play-lh.googleusercontent.com/a/ACg8ocIl81eDfkLVBwJ_sIow0i140r3_D1fMQfJZ8ollcBy42SZUWw=mo,5,অনেক ভালো 🥰🥰,0,2026-05-11 16:27:50,3.1.1,,,en,Rocket
c1e93e2b-e827-43a4-9a30-382bbafeec9b,Sojib Sojib,https://play-lh.googleusercontent.com/a/ACg8ocLLiSn7ZoGoGz-NMnzleNayGBThmh-xLQM09ch8U5eq2qh1HA=mo,5,good,0,2026-05-11 11:14:04,,,,en,Rocket
6b6b28ad-c8f4-4198-bda6-3fd29f49c061,Sagor Hasan,https://play-lh.googleusercontent.com/a/ACg8ocKCWsVh21AunW7gIucmVx9ntHYgLULEK0gqjT349QUAZcO2Fw=mo,1,Cooo,0,2026-05-11 03:23:34,2.0.64,,,en,Rocket
e8e67501-e834-4edf-baae-45aa6cffbcb4,Mrs Marjana,https://play-lh.googleusercontent.com/a/ACg8ocJaPoc8g6aJ49BHkH348Q8nK26xz58KlGI2i_YErSJpQGwbGg=mo,5,nice,0,2026-05-10 22:04:34,3.1.1,,,en,Rocket
9463b366-c025-419c-957e-935ee8d29e1c,Md Saju mia,https://play-lh.googleusercontent.com/a/ACg8ocKqDl-7Yjd_0dfzJ-8MnzdSwMgCM8PMoXg-S_GllPkK6RlN-Og=mo,5,nice,0,2026-05-10 21:28:49,3.1.1,,,en,Rocket
13138418-fed3-4a37-9f3c-e5ae98c658c3,sobin roy,https://play-lh.googleusercontent.com/a-/ALV-UjXuk92G_PDSfXI4pZvQQNtzKOb18v_7q_VTXNKQcJgStQcZuio8,5,Good,0,2026-05-10 20:31:48,3.1.1,,,en,Rocket
e5b0fb9d-b2a7-454c-9f68-c09dc4369fc4,Rasel Mia,https://play-lh.googleusercontent.com/a/ACg8ocKXI24QKMPaf4jL43KKHqzLJb4jF-6v-zmkHB_tOF324A4JVA=mo,5,nice,0,2026-05-10 09:15:43,,,,en,Rocket
cda9fbc7-7ec2-42d7-a3e8-4afc5d4e7821,Shahin hosan,https://play-lh.googleusercontent.com/a/ACg8ocKAJAwK5YuxsWaTVkLJR4oJQlociEklR07aeYBpFczHPv1Igw=mo,5,very very nice,0,2026-05-10 08:38:12,,,,en,Rocket
5631f03b-c995-44c5-a2c8-9476a9e222ca,piyas Debnath,https://play-lh.googleusercontent.com/a/ACg8ocJr2Y7gV0WVgkY8A6rxDPYjUqVzCahqNrP3YZx2tx64oOm9JA=mo,1,রকেট apps বাজে আনেক ট্রাই করার পরও আসে না 👎👎,1,2026-05-09 21:27:50,3.1.1,,,en,Rocket
01279e0f-94cc-4bbc-8c62-1eebd43c280e,Parvez Vai,https://play-lh.googleusercontent.com/a-/ALV-UjUeWh8sx7okzfTMz_bXVa46M7GkiOSgEHj-wtWIY0kRRQVIMNs,5,🥰🥰🥰,0,2026-05-09 17:30:01,3.1.1,,,en,Rocket
be7d906e-d558-4b42-8f00-6d539fdb9cec,Md Korban,https://play-lh.googleusercontent.com/a-/ALV-UjXW7zq3BhUGnTYrRVExvTD2jPgs4u-UVRquApSln19e3t9Rcnbn,5,খুব ভালো এফ টা,0,2026-05-09 04:50:43,3.1.1,,,en,Rocket
b0404ca2-48d1-4460-8fbd-15540de8f009,Mohammad Sajidur Rahman Omar Faruk,https://play-lh.googleusercontent.com/a-/ALV-UjVnpFviRWYGzxeLhBw04lApFM8SB6jNH5uW7YTF4ZzVb4RiUO1E,1,The photo taken for NID verification cannot be uploaded because their mobile software UI is not right. The tick mark goes under the battery icon. They cannot hire a good software developer while doing business worth crores of taka. Shameful.,0,2026-05-08 20:56:17,,,,en,Rocket
ce66b0dc-71ab-4201-b0cc-777aee70027f,MD miraz Sarder,https://play-lh.googleusercontent.com/a-/ALV-UjVchcUaXQQmPsmOeg-E0JssfV5oPKza30cJOZwGyz_IxX5VOiA,5,Nic App,0,2026-05-08 20:52:43,3.1.1,,,en,Rocket
f402848a-d3d4-463d-90d9-f47d24f37e85,Belal Khan770,https://play-lh.googleusercontent.com/a/ACg8ocKlBJX0Si2zocDqNBYDqM07ZFxJwOl3xlxlJFcGNg-Sp_mAEg=mo,5,good app,0,2026-05-08 20:06:43,3.1.1,,,en,Rocket
060e7c78-cf8d-493a-9b5c-3bcd8d90988d,B M A,https://play-lh.googleusercontent.com/a-/ALV-UjU0miOwv8nZDyEdxxxr9Z2IRimz4FJPOwOEzUmKOPhCqwSzz6wn,4,"Improve your numpad, add border to numbers",2,2026-05-08 13:10:58,3.1.1,,,en,Rocket
4a5ec98d-8e39-43bb-9d30-c8898868ae34,MD Alimen,https://play-lh.googleusercontent.com/a/ACg8ocKmGMByBuJhEKJI-T7ShsoXBAmUsfLovR9robz8fjsJzhZ5Qg=mo,5,ভেরি নাইস অ্যাপ,0,2026-05-08 11:44:51,,,,en,Rocket
040ff23f-527b-4040-8e34-38e0e53b9ee7,Ayesha Siddeka Akhi,https://play-lh.googleusercontent.com/a/ACg8ocIwgIWOamBNVxLqbwVnwpnK6gvXHHJllVccsoigZ5RARRnleg=mo,1,Doesn't work....,0,2026-05-08 03:06:24,2.0.64,,,en,Rocket
51118e86-ef49-4503-a45d-c2489b40ae63,MD OAHED,https://play-lh.googleusercontent.com/a/ACg8ocLaS_q8Up8z25NZUQaeRb-R1G0RsEQ1Oi1AWiqUaKzy9ws9C3M=mo,5,nice,0,2026-05-07 22:13:03,3.1.1,,,en,Rocket
a44733b7-4b36-479c-9470-f37934d89af9,Tank- SO Barishal Sharif Hossen,https://play-lh.googleusercontent.com/a-/ALV-UjWwT7-ecuw3RUdy6poJDvApKSZ0-AfCU7Kz0evLT5W-dqL5kdgC,5,good,0,2026-05-07 22:10:28,3.1.1,,,en,Rocket
0a9dcaf3-5f91-4461-8f69-dbe7aea6de59,Md Ranaul Islam,https://play-lh.googleusercontent.com/a/ACg8ocJMuHw3LLzFmnh4tIT1Kxm6kGldbKJ4tEtYqb1VQgVjrZhdKA=mo,5,good,0,2026-05-07 20:50:44,3.1.1,,,en,Rocket
46bfd9c3-7759-4a19-a350-33b51a142377,Badol Khan,https://play-lh.googleusercontent.com/a/ACg8ocIV8eyZBXnuAzfNpBXxr5lbtjBQH8zU_qwAo3tcd6AyVagrsw=mo,5,nice,0,2026-05-07 20:49:57,3.1.1,,,en,Rocket
3a097910-ff6d-4850-a57a-f488ad74d0d7,Ariful Islam,https://play-lh.googleusercontent.com/a/ACg8ocLL3EhJTdCpIQNB03YyAcnhF1QzMopNcpi4vMeJUCzqH_Kf0Q=mo,5,good,0,2026-05-07 20:11:08,3.1.1,,,en,Rocket
a0d2d228-e7f5-41fc-aa19-6c330023184c,HafIZUR RHMAN,https://play-lh.googleusercontent.com/a-/ALV-UjXutrQKYgzJUsWKt4sD-gB_3h00ufchkJSOl14zFdfbJT15fxKk,5,average,0,2026-05-07 19:47:37,3.1.1,,,en,Rocket
8ae84088-ab05-42bb-aa23-6511edc50a33,Alpona Aktar,https://play-lh.googleusercontent.com/a/ACg8ocLSMCfPxx-71ae9YeOPphD2qXYYYFEE2f2qQV99k6Ol6VlC6A=mo,5,good,0,2026-05-07 16:40:04,3.1.1,,,en,Rocket
c7bb6bed-3394-4fe1-a3e1-8fac334ff8ab,15 ZM Star Cumilla Shamim,https://play-lh.googleusercontent.com/a-/ALV-UjVbkc77Ygsq4RPMah5BUEPq-uXCJKv8tB6lKQ_pGDFST8FbI_Y,5,হাগামাগা কুত্তা,0,2026-05-07 14:43:25,,,,en,Rocket
a0a98fcf-cc5a-4c33-8d52-1bb3d3ac5559,Kamrul Islam,https://play-lh.googleusercontent.com/a-/ALV-UjU6OU-rU61m-vWcZLPPnCoI0e2xkG-eBySlbhONzsHRLMbCXg,5,good app,0,2026-05-07 08:47:08,3.1.1,,,en,Rocket
bda85bd0-0fc6-49f5-8d81-11446a86c897,Alok Debnath,https://play-lh.googleusercontent.com/a/ACg8ocJLEo2j_oT-viHlJe3XLWH5xmmemfv4jObN6tsXGUDtKgk_nw=mo,1,bad,0,2026-05-06 21:02:41,,,,en,Rocket
733361f8-5cbe-453b-99a9-56819e5574bf,Miton Chakma,https://play-lh.googleusercontent.com/a/ACg8ocJplFyai_OshrAxR3cVR8l35rLacqtO9neHdBJl1K2ZQitXMA=mo,5,👍👍👍,0,2026-05-06 18:40:48,,,,en,Rocket
ed3abafc-7761-4df2-8269-4d0516cb0eb4,NurAlom NurAlom,https://play-lh.googleusercontent.com/a/ACg8ocKBZMQyEY1w2Ygr0exVokkw6vpgzmHRXUBvZvi5ENaYhhNDBEXW=mo,5,Very Good,0,2026-05-06 16:58:11,3.1.1,,,en,Rocket
27711b8a-1350-4393-b3a4-4bdc4bcb83aa,Rokon Rohan,https://play-lh.googleusercontent.com/a/ACg8ocLvN7bgz5qHLaLauYLOnOw5YRMUOImgPyvCCgEnVdJwTtgs=mo,5,Please add the add money option to Rocket Agent app,0,2026-05-06 16:10:57,3.0.1,,,en,Rocket
38d2c1f2-dd8b-4225-923e-ac5108a39921,Md Mosharof Mondol,https://play-lh.googleusercontent.com/a/ACg8ocIM1TNYMkqe6B2_47J9sv-SlPTLHwnNRESZoS-qme2mtUdJzA=mo,5,বেস্ট,0,2026-05-06 08:48:39,,,,en,Rocket
d6d569de-ce66-4705-892c-6889b8ed5a33,Tonik Das shipon,https://play-lh.googleusercontent.com/a-/ALV-UjXr4TSWhHpNDQjyJnRp8F4ROgFOxco9gKCH4badPqNLZgoJ7Ztl,5,good,0,2026-05-06 01:31:59,3.1.1,,,en,Rocket
42a474d1-01ee-4d64-b425-b43e6b200900,Md khan Islam,https://play-lh.googleusercontent.com/a-/ALV-UjXRSO1BRxP-KXLpt13u8jZ3HlIFlfyZyjL51NyxXhFfpXa05mIr,5,ওকে জহ,0,2026-05-05 23:00:03,3.1.1,,,en,Rocket
c255bede-fdf5-48a0-8687-1806075acc8f,জিবন পরাধিন,https://play-lh.googleusercontent.com/a-/ALV-UjXyloNrLAvd33iu0IUOFri3mZThGPWoypeckRLG9IfKTXKLGMA,5,👍👍,0,2026-05-05 21:14:08,3.1.1,,,en,Rocket
d89ff9e6-da68-46e2-b2f9-8a9ccaf305c5,md sumon talokder,https://play-lh.googleusercontent.com/a-/ALV-UjWPcZ4ZtkZwN8_ia5CZn1rx5_SdldMR1pTj30ooH1ydcbxir9mI,5,good app,0,2026-05-05 19:44:47,3.1.1,,,en,Rocket
b591c74d-5f31-42d6-b4a7-8f624676dd68,Mojid Islam,https://play-lh.googleusercontent.com/a/ACg8ocIUWxbbAE3ZEcjRTUCH2xapr_GCpy0fN_ahwk34ZRaG5Ro5mQ=mo,5,cas out,0,2026-05-05 16:00:57,3.1.1,,,en,Rocket
115b8a31-1741-440f-8360-d9736726f184,abu jafar,https://play-lh.googleusercontent.com/a-/ALV-UjU-bz7Ouy1X38c8j6pbvoRFy8V0qVEUVW5HRLgmVFkKNdj_X10e,3,ট্রানজেকশন হিস্টোরিতে ক্যাশ আউট অথবা সেন্ড মানি নাম্বার দেখা যায় না,0,2026-05-05 14:31:00,3.1.1,,,en,Rocket
a526c9a7-b2c3-4719-8fe3-c894638036c6,MDRIDOY MIA,https://play-lh.googleusercontent.com/a-/ALV-UjX6mCZgur00sJW7alaATXrfCAmgHDA7Zb7_5GDPicWJFkoiYn2S,5,খুব ভালো এইটা,0,2026-05-05 14:02:55,,,,en,Rocket
c783813c-c125-49f6-b969-1890f53a1f3c,Zh Sn,https://play-lh.googleusercontent.com/a/ACg8ocLZQGPRcx2EDUiKrMSXp_Gw8-PEqUnZXwvk3Kpfb1QSvqMkiA=mo,5,Nice 🥰,0,2026-05-05 09:35:45,,,,en,Rocket
7dc86ab7-1b26-40f2-9b8e-e54cfbbbdcda,Nasir Uddin,https://play-lh.googleusercontent.com/a/ACg8ocKRyjuma8lF7Bo1y20RADYcQ1VSHubM2a5Uq2Q2T4JdLUTb_w=mo,5,অনেক ঁভালো,0,2026-05-05 00:56:12,3.1.1,,,en,Rocket
6ba52b38-55e8-48aa-9f94-14bdf1ab6e56,MD SHIDUL ISLAM,https://play-lh.googleusercontent.com/a-/ALV-UjURfOdjI8kPSlc11kTvTsxte_swgOBdt0ROQcCK7mLqlcGeLrc2,1,Teletalk MNP sim e rocket app login hoyna ivr call kaj Kore na ivr system ta bad den,6,2026-05-04 21:23:14,3.1.1,,,en,Rocket
34f7776a-c7b5-4d66-8037-7702bebe6f22,Mostafa Kamal (Shamim),https://play-lh.googleusercontent.com/a-/ALV-UjWOunJ8AeabfOE7fB6NNkJCAabV13ymYNHuDLBY8v8BbVy-lAa-,5,"Excellent, wonderful and simple.",0,2026-05-04 20:56:19,3.1.1,,,en,Rocket
3c1a9fe9-8b6f-433e-ab5e-7060984290f6,Alamin Hasan,https://play-lh.googleusercontent.com/a/ACg8ocJ6f979ehCtRLzRd5Ui_peIRzIkdibg_IfGoIa3DjjK2twdqg=mo,5,very very Nice😊😊,0,2026-05-04 17:00:15,3.1.1,,,en,Rocket
174b5451-1dfe-4ce9-8124-26e408417da3,Md Shbyj,https://play-lh.googleusercontent.com/a/ACg8ocJ9ryH322cucIRC_n2yaSugnu57q61VZ24TKFfApPdzbw10SA=mo,5,wow,0,2026-05-04 14:01:05,,,,en,Rocket
5ae46257-46e3-4fa9-af3e-0466e33b0260,Queen Bilkis,https://play-lh.googleusercontent.com/a/ACg8ocIJeW8fXoW0ojA1A6Ct9wNQ0MX2xAFvEGOm-lC67Vk2Sqf0Zw=mo,1,রকেট এবং চালু হচ্ছে না কেন,0,2026-05-04 11:25:25,,,,en,Rocket
d7592851-7497-4441-917c-df1847d5cbcd,JHA GROUP,https://play-lh.googleusercontent.com/a-/ALV-UjV8x5QIrDSc1GypsboZn9o_QanMcznbnGoy4mB0pK5aHm_MTPg,5,good,0,2026-05-04 11:04:23,,,,en,Rocket
450f423a-860a-48f5-907b-b5513c24354e,Jaitun nur Rishpa,https://play-lh.googleusercontent.com/a/ACg8ocIJKJ9lvngBe8Xmyk9I_IWBsjtbmg1bWvZutko9kztz-izqMA=mo,5,good,0,2026-05-04 03:44:27,3.1.1,,,en,Rocket
7f7c316c-d0e6-499a-9703-74d8a709f40f,Krrff Hgfrfg,https://play-lh.googleusercontent.com/a/ACg8ocJ1d2f5WRO6zVzhw_HJ6TbZvmIqVZpWdenNR57DeMqj4cg1CA=mo,1,ok,0,2026-05-03 23:43:25,,,,en,Rocket
cb3249a0-ba9b-45ce-ad3e-9de124da78c7,juwel Howlader,https://play-lh.googleusercontent.com/a-/ALV-UjW_z4SBEfCFIgXA6f0wKE2kQKE_n2t2r3O5PMb482oX4GgPEbjw,5,good,0,2026-05-03 19:14:07,3.1.1,,,en,Rocket
2a4a98a5-58cf-4f8a-8b9d-34e07d1295ed,Md SAKIB,https://play-lh.googleusercontent.com/a-/ALV-UjWh50DfAGb0WzoTRX4aeC68wYoeyQwztd2Tm-NBR7vSLUBaF9hl,5,naice,0,2026-05-03 19:07:06,3.1.1,,,en,Rocket
9d1e39b6-d0c9-484d-af36-82afbd881467,Sp Biplob,https://play-lh.googleusercontent.com/a-/ALV-UjWo47GMBnazCF6QVLWq3u-wV7xpnx9XuZ6MdVeObfq-EqcXa-2-,5,good apps,0,2026-05-03 18:50:49,,,,en,Rocket
6df70905-4fbd-4638-9c2f-91cd8a5f0c4d,Anisur Rahman,https://play-lh.googleusercontent.com/a-/ALV-UjUgIO10jCe1DSCHwriGxpBKItupse_c895qXME2dClwTUTuPd_JVw,5,"It is very smart. But as a corporate salary, it is free for withdraw from ATM and free for send money. We hope, it should be same for Legal Remittances senders.",3,2026-05-03 09:57:54,3.1.1,,,en,Rocket
5a3a7cda-3e0e-49a3-9a19-f1aec7aece0c,Md Masud Rana,https://play-lh.googleusercontent.com/a-/ALV-UjXy6wfbFkxCB4KRlvLuGS3abhM_3joltg2Z39hAHUnNGO0l91aA,5,ভালো।,0,2026-05-03 08:26:46,,,,en,Rocket
75609d45-c2f1-4485-9939-c541225b6a1d,Foysal Minhaj,https://play-lh.googleusercontent.com/a-/ALV-UjVpWnLgD1YuDWenr_UiNGYIyMqAt-Xvl4zF1hJ0C-tdR8FPnL4,5,good 👍👍👍👍👍,0,2026-05-03 04:18:43,3.1.1,,,en,Rocket
4bdf4311-4461-4a08-85aa-83d5c36aa121,Mostofa Shek,https://play-lh.googleusercontent.com/a/ACg8ocJ4fXlKqaRooTxzXHCIXG4_FB204VCSAa8SOIk2StioHXQIgA=mo,1,very Bad apps,0,2026-05-03 00:49:47,,,,en,Rocket
781c88e2-d974-4451-b31d-f79ad11cf2d3,Ashik Ahmed,https://play-lh.googleusercontent.com/a/ACg8ocJfZ5ieBq58_ihHTxaviKj29r6jYfj1v7_QxgT8e1C6VrOd3Q=mo,1,app says time out and then call,3,2026-05-02 19:22:19,3.1.1,,,en,Rocket
85cb3bd7-5d79-4b35-867c-e8e83bf1277e,Sohidu Zzaman,https://play-lh.googleusercontent.com/a-/ALV-UjWbDnsb9YAetkKoVN9cAY3UUSDus0-soiyl9GMKBpOOPnbISsy3,5,best,0,2026-05-02 00:19:25,3.1.1,,,en,Rocket
c924cee9-3293-40c0-818a-ce383f464b78,Mohammad Rashadul Islam,https://play-lh.googleusercontent.com/a-/ALV-UjWcEHTlb0pLLgMP7V8g_8l-YTixdOz_lqy_ukQodY2xx40nxBBdBg,3,good,0,2026-05-01 23:00:20,3.1.1,,,en,Rocket
16548958-079d-4f18-a580-7d83471a9a95,Abdul Rup,https://play-lh.googleusercontent.com/a-/ALV-UjU-bUDdho0BJkK1YwkMRskB4JFJ0G_3kFqJNHl8YvBbaPRmll2Z,5,good,0,2026-05-01 22:14:30,3.1.1,,,en,Rocket
bb4add93-3756-420c-a913-4dea0fea72e1,Siraj Khan,https://play-lh.googleusercontent.com/a/ACg8ocL7u03wvx83du81kaVKeQc1W8yOvkY2PvhP94ixtN2R-tETug=mo,5,Good App,0,2026-05-01 19:53:42,,,,en,Rocket
8175ea94-0077-452b-ad7a-db7f3ddc38b6,Bilas Hossain,https://play-lh.googleusercontent.com/a-/ALV-UjWYPnYuUyQr1GGZVG6BpmG5JdLwtXUbyOaPcRVeHQOMXR7T9lDt,5,Nice,0,2026-05-01 17:11:27,3.1.1,,,en,Rocket
b691530a-02bf-407d-9760-084485bfda64,channel 26 nwes,https://play-lh.googleusercontent.com/a/ACg8ocLAyOW8jEZJeFyCB_uA4tao7bEsIp6zhcmJCEC859qn4BQv7R8=mo,5,Nice ........app,0,2026-05-01 16:08:24,3.1.1,,,en,Rocket
1d919899-e39e-49da-8014-f6cdca7ce302,Md Rohim,https://play-lh.googleusercontent.com/a/ACg8ocKWSKTvouJ28GBOw2PDSg-Q9ttl5gArKF_GldohOmpkmJavGA=mo,5,nice apps,0,2026-05-01 16:00:53,3.1.1,,,en,Rocket
2a946822-2a58-48f6-8fdc-f9388349ea96,Md Hosen,https://play-lh.googleusercontent.com/a-/ALV-UjUvjiN5XThxF_Sk787KEyXYyIetdqcNOT_P6AILEaVwRmYX_uZv,5,Hossain লোন নিতেই চাই,0,2026-05-01 15:22:25,3.1.1,,,en,Rocket
4d5c6d0c-0f52-46c7-8941-17b242a16d81,Mis Kotha,https://play-lh.googleusercontent.com/a-/ALV-UjUBvFATVEvo_JWEEOGVGLIbN8-3w_lQqH49i1Yw38_MLbRwDw6s,5,good,0,2026-05-01 09:40:05,3.1.1,,,en,Rocket
377b6cf3-5ced-453a-9e38-7c5eb1110a2f,Md Roton,https://play-lh.googleusercontent.com/a-/ALV-UjVIQjHbgNMnJm457qEcrgssG5SjH_hZ-DP9I34QOb_xw-TMPoK8,1,সামসাং গ্যালাক্সি এ 17 5g টেকনো স্পার্ক 30 প্রো ইনফিনিক্স হট 60 প্রো এই তিনটা ডিভাইসের মধ্যে একটি ডিভাইসের আমার রকেট একাউন্ট অ্যাপস লগইন হয় না অফিসে কল দিলে বলে দেখতেছি আপনাকে জানাবো তারপরে কোন রেসপন্স পাই না আমি বিহিত 5 মাস ধরে এই সমস্যা ভুগতেছি,0,2026-05-01 03:48:10,3.1.1,,,en,Rocket
96d66a76-bcb3-4bbb-9162-ce62664becc5,Mina Khan,https://play-lh.googleusercontent.com/a/ACg8ocK6Rp_Zvd3VH6DwXxeRwQhivxYlgmieT9fLCyMt50uXGzKzMA=mo,5,nice apps,0,2026-05-01 00:59:21,3.1.1,,,en,Rocket
e915e249-6ba7-47a4-9c54-636bfffb72cf,saleem sakender sakender,https://play-lh.googleusercontent.com/a-/ALV-UjVK1sd97rudySJCOW0dIo60dNnJnZqGzzDgCXrFXZOpgYMWO101,5,perfect,0,2026-04-30 22:27:17,3.1.1,,,en,Rocket
a8b3a772-96f4-48f5-b7b4-38cc140d5e64,Tushar Khan,https://play-lh.googleusercontent.com/a-/ALV-UjWwd82e7_dyilIecOc7MkvqjzSeETCP0qCKGHWjYuU4-1SAHk4,5,wow so happy Rocket ❤️❤️❤️❤️❤️🥰👍,0,2026-04-30 14:59:26,,,,en,Rocket
cf19b579-d2e7-4eb4-b1e1-e38b48b39105,MD RIYAZ HOSSAIN,https://play-lh.googleusercontent.com/a-/ALV-UjXRvwR2OHXJUfsj8Y8PeoVFByEAd4OGolK1baPE1ynZRgYtxgs,4,good,0,2026-04-30 14:46:39,3.1.1,,,en,Rocket
d5fa1a53-eee2-4a78-b164-f26689505676,Mahbubul Alom,https://play-lh.googleusercontent.com/a-/ALV-UjXbOBKmDTGKDKwf94whxy88Lfi-VLNZaDb_07ILmiN3e_hR5gY,5,Good,0,2026-04-30 10:51:08,3.1.1,,,en,Rocket
3b8f1f5e-cbd2-45d7-b271-153bb03aa620,Hafaz Jobayar Ahamed,https://play-lh.googleusercontent.com/a/ACg8ocIYstfyiKzl6whs3_n08HKQPqT7los70w8bDb3cfZ99xMkPIA=mo,3,চাপট করেনা,0,2026-04-30 08:44:45,3.1.1,,,en,Rocket
dcf5b6ea-8c95-4bf2-8d2a-11a6f45c6c1e,Shekh Robiul,https://play-lh.googleusercontent.com/a/ACg8ocJyc3YFL139rrPifGpdN_eOqZymT10ih5KxG7pmLiCDIJ86_Q=mo,2,rocket update cai...,0,2026-04-29 19:19:29,3.1.1,,,en,Rocket
ee5e89f8-cb56-415f-8d9f-3f2efc1622dc,Md Masud,https://play-lh.googleusercontent.com/a/ACg8ocKkzxY_vz-z2DaOO4FDwExNg9I0t7o25nGJuNc_BvVhUjX8tg=mo,5,ok,0,2026-04-29 17:58:50,3.1.1,,,en,Rocket
b840c637-afbc-4009-b1c4-742ef5df977e,Md Meskat,https://play-lh.googleusercontent.com/a/ACg8ocINvnoiG_8wwt3vWqLpe9w1a1q6I0NYhoL-jYvEnapFAhc4Bg=mo,5,GOOD,0,2026-04-29 17:36:30,,,,en,Rocket
5be3b445-7f80-46ce-9931-643851ed3b36,Nahar khatun Student,https://play-lh.googleusercontent.com/a/ACg8ocIZnCICy96J4amG5w3ctBOLWWnIciv9h9VNuuAPSIN-sI-U=mo,5,Good,0,2026-04-29 09:15:42,,,,en,Rocket
3ff2ecee-c0aa-48a6-964a-d5f8537cf8b9,Fakhrul Islam,https://play-lh.googleusercontent.com/a/ACg8ocLIiwUjmIOj5sNvMoPpAR5ltPnz9b1xnq8UvNxtBlmsSRYlxw=mo,5,good,0,2026-04-28 22:20:57,3.1.1,,,en,Rocket
5775511b-9a05-4447-84ab-7e2530feb571,Rajib Sarker,https://play-lh.googleusercontent.com/a-/ALV-UjWcbyrSjkujjNBT5fpFR3m6GIEmpLwgBnc4DniJHpWtu84jhKaptA,1,flooding with notifications!!,0,2026-04-28 15:40:08,3.1.1,,,en,Rocket
04388b55-b515-4752-9e39-85dc0135cec4,sadia akter,https://play-lh.googleusercontent.com/a-/ALV-UjU5YAMlGwVPhK-OUPU8rdb6AfR9FldAFeZJ9X9ReAUiJLmQkfBQ,5,i like this appp love,0,2026-04-27 23:27:08,3.1.1,,,en,Rocket
c4a7042d-7928-4b7d-a9c0-dce2ab05e9f9,Shaheen Alom ID-3009,https://play-lh.googleusercontent.com/a-/ALV-UjUe98MorgytlB8ec8UuB-Em26g56I6qN9AhBl7ArE9bW-8a1IXb,5,good job,0,2026-04-27 19:38:10,3.1.1,,,en,Rocket
31f6a694-63bc-44d6-a9a6-b3df72216176,raton das,https://play-lh.googleusercontent.com/a-/ALV-UjWd7cS3NfnLdmCjBN7Sah9tp6MMyyf6gCFi5Ef2HbseNvtcbHg,5,good app,0,2026-04-27 13:25:51,3.1.1,,,en,Rocket
980fdbfc-62c5-4b1f-ba06-061ddf1c5df5,Ahmad Hridoy,https://play-lh.googleusercontent.com/a-/ALV-UjU6PD9_2dBJEpWktdRON-qErtKtkck2cQn_1gjn0bV_HcDm8hXY,5,❤️‍🩹,0,2026-04-26 16:37:26,,,,en,Rocket
5db868d3-64f9-46d4-a6fa-ee7cc396599d,Rijan chowdhury Angkon,https://play-lh.googleusercontent.com/a/ACg8ocKxzvjXPjDFNbfxfdHffVAQi4uZTvBT8Uv1q1aOyjudXn_UtA=mo,4,nice 🙂,0,2026-04-26 09:29:15,,,,en,Rocket
75369268-e72c-478a-9ce5-49656e3b78e6,Shahadat Hossain,https://play-lh.googleusercontent.com/a-/ALV-UjWgcNX9iyYVu5-1Z6BKCaAyHGbjoz1NtnVVJ35kRItCj1Dwb5pE,5,Good,0,2026-04-26 09:09:47,2.0.57,,,en,Rocket
d3c6557e-8ee1-472a-972d-827905d9dc28,Mama Chacha,https://play-lh.googleusercontent.com/a/ACg8ocLoEe-YCpLxtBUel1Whg5wp_wxkLFe113ss6_pMCFuv2N1fWQ=mo,1,"আমার ধনের এপ্স বানাইসো ভাইয়া,সেই হইছে খানকির পোলারা। কোন নাম্বারে টাকা সেন্ড করে সমস্যায় পরলে,পরে আর সে নাম্বার টাই শো করেনা। এইসব বালচাল বানাও কেনো?বিকাশ নগদ দেখে শিখো কিছু বাইঞ্চুদেরা।",0,2026-04-25 21:47:14,3.1.1,,,en,Rocket
e9794cee-3a83-44eb-a485-c7014ec22c4e,Genghis Win,https://play-lh.googleusercontent.com/a/ACg8ocIdL76KFwr5gr6gAg6ftsl629XhFGRJdssu8JEnU5o-pz7UsQ=mo,5,Very good,0,2026-04-25 18:41:55,3.1.1,,,en,Rocket
f12beaa8-ca33-4d0b-ada2-681160b303ab,md shafi uddin Shanto,https://play-lh.googleusercontent.com/a-/ALV-UjUsTKYtc-CjzDoD_8dE3b8c3hdzLDMqXtehp8DGAL1miSv4zYw13Q,5,Good apps,0,2026-04-25 16:56:54,3.1.1,,,en,Rocket
0823727c-2f49-41ca-a707-ede87cbdd374,Abul Kalam Azad,https://play-lh.googleusercontent.com/a/ACg8ocLtrzhUTq5FTlCq8brYkQFz5GbaYL8fkuRVs0uCL7jCwV0EOA=mo,5,valo,0,2026-04-24 23:54:39,3.1.1,,,en,Rocket
537a535b-8a6d-4379-9a17-e2187f93a324,M Ah,https://play-lh.googleusercontent.com/a-/ALV-UjVejphQ8QNdC2vlxjTAMph0VGttE0eBC82wuMVGqpyCcwQ7qqHu,5,very helpfully,0,2026-04-24 23:04:24,,,,en,Rocket
c7c748db-a931-4ef9-a7b7-4c939786c324,Mithun Sorker,https://play-lh.googleusercontent.com/a/ACg8ocL33rt42ndnHo7hlWc-9Af60DEBaQwL6ugxvVAYMX9bOmwgUg=mo,5,good app,0,2026-04-24 22:09:22,3.1.1,,,en,Rocket
d67f2e3b-1c11-438a-a1f6-846f9b69f162,Md Rakibul Islam Arif,https://play-lh.googleusercontent.com/a/ACg8ocKcRf3WjwLTmVjjCJQX15i-TXqQvzuoBDFKYE2nABPNKmYagQ=mo,5,app service good👍,0,2026-04-24 21:02:33,3.1.1,,,en,Rocket
96c7cf4e-1ae2-40b0-9b0f-e60579735ac1,ISRAFIL YouTubersbd,https://play-lh.googleusercontent.com/a-/ALV-UjVOKOvwcxPX5-w1gDCxyhtPgytQQ8eAqt4zve2EpUn__FRGpgk,5,Good service rocket app,0,2026-04-24 02:32:52,3.1.1,,,en,Rocket
48036907-aba6-4bb9-8951-291f46f20b31,Nxt Antor,https://play-lh.googleusercontent.com/a/ACg8ocKloepFTLybllsxGCkMempVvMagf20sPRmwMSvvf2TGW5A-TQ=mo,2,I transferred my Rocket balance to bKash through MFS but my money was not added to bKash. I checked the number many times and even took a screenshot of it. Then I see my balance is not there.,1,2026-04-23 22:16:54,,,,en,Rocket
dfb86db6-525e-4205-b71a-87e572ed0c09,Labre Marma,https://play-lh.googleusercontent.com/a/ACg8ocLoODDNdnRMErR-Btx2N7SWGyLwl3yuuHBwhBeS2iTbXWi9cg=mo,5,good apps,0,2026-04-23 12:37:12,3.1.1,,,en,Rocket
9074c41d-5f6f-41b1-9803-f9ff08c19302,kaiser chowdhury,https://play-lh.googleusercontent.com/a-/ALV-UjUO3JIm77FkDHZSCGxkIoSKJe6el_SrRYeVrd-y76nveV5UkbSD,5,good app,0,2026-04-23 04:07:32,3.1.1,,,en,Rocket
dc246397-e2b6-48a5-8424-4f14e9cb8eff,MD SHOFIKUL BB,https://play-lh.googleusercontent.com/a/ACg8ocLpF8LUzf1qSRx-v8jhQQT1NfUjK1UZ8cZqf65buyNcsHS2rA=mo,5,হা,0,2026-04-22 01:09:12,3.1.1,,,en,Rocket
b362a183-3182-41d8-b5bc-8534dbd49caa,Shihab Akondo,https://play-lh.googleusercontent.com/a/ACg8ocJP0Br7504K6KGXfiYZQDHIIXg6sXD97YYZ7Fn9MRQfAsgx9Q=mo,1,বালের app verification error.,4,2026-04-21 19:36:43,3.1.1,,,en,Rocket
00714d69-26e5-4ef8-9e30-17fe4d403022,Muhammad Mamun,https://play-lh.googleusercontent.com/a-/ALV-UjWcYhezGgxujxYw4g0TrttJpVFwAfnnDOHSMYPNpEDA1_taJ_dOCg,5,nice,0,2026-04-20 23:12:30,3.1.1,,,en,Rocket
6e28e699-268d-485e-ae87-35abcc290273,Miftaul Jannat,https://play-lh.googleusercontent.com/a/ACg8ocLZltsc0b6wgHzyGqyAhhZdvRtaXNB9daQwCIp84MUhrW28Fw=mo,5,💜💜,0,2026-04-20 12:43:12,3.1.1,,,en,Rocket
236d55b3-66ee-4d09-862b-c9db65533136,Rafi Islam,https://play-lh.googleusercontent.com/a-/ALV-UjXXWQjjQZJ0pPhgUWcb9wrdRJEr9Z4IZW--EjpaQlwL7fYQi8EH,5,good,0,2026-04-19 19:48:26,3.1.1,,,en,Rocket
c0d94637-1234-4239-a844-73ee72dd1681,Md. Abdur Razzak,https://play-lh.googleusercontent.com/a-/ALV-UjW2ef_MJNzfzSyUWiNGC9c7_GoD0bu8FKrvYmSD23bjTb88QUw9,5,good service🌴,0,2026-04-19 15:02:45,3.1.1,,,en,Rocket
21438979-afa2-4ff8-b979-ee9e5120f5a7,FOYEJ AHAMED,https://play-lh.googleusercontent.com/a-/ALV-UjV8vDVfvfXTLKF2SFm-Lflvkpi6UGN-7TMzoTsaWYLxSmTK3FDN,5,Excellent,0,2026-04-19 13:05:35,3.0.12,,,en,Rocket
f2176f24-7e16-40c3-a418-0b3406aadb62,Saiman Fuad,https://play-lh.googleusercontent.com/a/ACg8ocIXQMQgu1apZZegMPJFqViUHdNPSTTSZmx9hSxNFkt2zzcjsA=mo,2,Ekbar receipt na nile pore ar receipt er jonno abedon kora jae na. number o dekha jae na cash out korle,0,2026-04-19 00:53:44,,,,en,Rocket
57930145-c8a6-4160-99ed-4984e909403d,Afrin we,https://play-lh.googleusercontent.com/a/ACg8ocJ5ZN88grUImpnG-RobJzTqKYYTB-_XNCzqrn2d5A8f6FuXxg=mo,5,good,0,2026-04-18 15:38:36,3.1.1,,,en,Rocket
b859ae88-89b8-4ef9-9406-300779c190a1,Md. Shahadat Hossain,https://play-lh.googleusercontent.com/a-/ALV-UjWH9AxyRo_s7Ck7ANrh9T181gB4cZK9MPpMTpwmiCuOddJ35rsI,5,Excellent,0,2026-04-18 14:11:14,,,,en,Rocket
4a1edc05-72a0-40dc-a0e7-ab8125f83209,Zeeshan Islam,https://play-lh.googleusercontent.com/a-/ALV-UjVpXAZJaLtBLXXmoEjW63a9ZQ1sxnRZeS9yJJsxIPmhSVYnzLE,5,good app,0,2026-04-18 06:44:39,3.1.1,,,en,Rocket
1dff0858-3931-47e9-8eb7-932e27996e87,Maksud Motin,https://play-lh.googleusercontent.com/a-/ALV-UjVAvVtNSn_HnIJt4ecn1sKONEwbAc89wkEaSbuNBHBt1voVW9ZE,5,nice,0,2026-04-17 21:07:01,3.1.1,,,en,Rocket
41230a13-b5fe-473a-9963-4a62313aabf6,Md Rajon Khan,https://play-lh.googleusercontent.com/a/ACg8ocLBoOCTK8UWJFv5G7zHQ7YvuKGHiPWGKQFoNiXQAc2Hydf56jh5=mo,5,very nice,0,2026-04-17 19:10:06,3.1.1,,,en,Rocket
be2c5bd2-4ad4-450b-a649-7871c88e67e2,Rasel Ahmed,https://play-lh.googleusercontent.com/a/ACg8ocLkRzgrZyUgCNNXEeTJQmMUmYR0OxAm5U3dLDgD8kwziYFiUA=mo,5,very good,0,2026-04-17 13:59:33,3.1.1,,,en,Rocket
da87528c-1840-4394-baae-3e8337a75290,imran mimi,https://play-lh.googleusercontent.com/a-/ALV-UjXLZa0Hdkdj99boMtp14THZ2RP5s2RBy2wF477bMYTObrslK9Q,5,code get late,0,2026-04-17 05:50:18,3.1.1,,,en,Rocket
d8811fa0-ce17-4aae-b4dc-462cda658d81,apple mamu,https://play-lh.googleusercontent.com/a/ACg8ocJbVrkudy_Bq-aW7JPP8KtCmXjZs9Ydj6ezeL6gmVZfmA1z-w=mo,5,excellent,0,2026-04-17 04:24:17,3.1.1,,,en,Rocket
b5c8d58c-fb63-4f15-9535-693be5dce1ff,লিটন রেজভী,https://play-lh.googleusercontent.com/a-/ALV-UjUiWN6xdVNEGojUA6cTc1FYrPYzl3ZidedG563GrmKOGrFl7CM,5,ok,0,2026-04-17 01:35:58,3.0.13,,,en,Rocket
97816300-b109-4ed2-b1a4-5aba0a452a3c,MD RAKIB,https://play-lh.googleusercontent.com/a-/ALV-UjXB07cYm7bRZGJKDvIdMCQO2MBWwzqF2vVuCgXE1TCpOT-6bJQ,5,💝,0,2026-04-17 01:29:47,3.1.1,,,en,Rocket
8efca394-2758-4d10-b23f-ba018cdc80c8,My Sagor,https://play-lh.googleusercontent.com/a/ACg8ocIec7Z5mJyPZRiNu_8uWPpUvBncvXEcJCLmybIvUIJPx-e3=mo,5,ভালো সার্ভিস দেই না কেনো,0,2026-04-16 22:25:20,3.1.1,,,en,Rocket
ef3622bf-09ac-411a-9b89-8f0ec014d06a,Marul Hosin,https://play-lh.googleusercontent.com/a/ACg8ocIhNt4_X2tSTf0GvbPdJLO55F6x_GlvHX3E_3W9JFqDPfQBfw=mo,5,Sir account hosa na kano sir,0,2026-04-16 19:21:32,3.1.1,,,en,Rocket
8a49d472-742c-4a1e-b0e1-f9c653f6d468,Mehedi Hasan Rasel,https://play-lh.googleusercontent.com/a/ACg8ocJeIDXH7GL9Eb9ZSo9JGISP_Tx8s1a4S7zq5kAjzPXYu8v31w=mo,5,good,0,2026-04-16 16:36:50,,,,en,Rocket
cfef5e25-ccdb-448f-944c-dd31a3bb7e61,Md Rakib Khan,https://play-lh.googleusercontent.com/a-/ALV-UjXAjBs9pOxk8R7b093FK-iyItgJuYhSEn_Id6c2xy8fRUIDIm0E,5,nice,0,2026-04-16 10:26:12,3.1.1,,,en,Rocket
07d5ad25-29b7-47e2-b16e-cae235432709,Shohag Bhuiyan,https://play-lh.googleusercontent.com/a/ACg8ocKeR23poplg69WIQMGhZUF_qb98EGmOBJ-9QeqnsXrt7uAbUA=mo,5,not good,0,2026-04-16 08:59:31,3.1.1,,,en,Rocket
85f3aa00-0d3b-403c-bffd-0261cfe070b8,Sani Mix,https://play-lh.googleusercontent.com/a/ACg8ocJFiMgdV7FBKxPCgoZuuvI0HEVsLV3bvvQqj-i2IaRAgpRLVT3u=mo,5,nice,0,2026-04-16 04:41:28,3.1.1,,,en,Rocket
ade2f288-6969-4936-8923-2f2b5f514718,Mohammad Rasel,https://play-lh.googleusercontent.com/a/ACg8ocLyXulTfXqmzWLSELHx_2JW0rGFY-pfiFyaWpFf4FyIxq1hKQ=mo,1,simply garbage 🗑️,0,2026-04-15 20:56:36,3.1.1,,,en,Rocket
85e0c9bc-2861-4b4f-b3ae-d98d5800ff0f,Md Tofaidul Hossen,https://play-lh.googleusercontent.com/a/ACg8ocK-DZXaERbsH_tK-A04Kdq1aD3Em8uHvdfGbXbIfN_YrEAN6g=mo,5,nice,0,2026-04-15 19:50:31,3.1.1,,,en,Rocket
d8bc6895-4e75-4728-9dfc-85a3d1236850,Md shajan Ali,https://play-lh.googleusercontent.com/a/ACg8ocJpiwngupeGiVi205V-v3UYOFg8_KExdP8Yk6lC9gwHBLIFFQ=mo,5,nice,0,2026-04-15 07:03:14,3.1.1,,,en,Rocket
71e6ab4f-ce4b-402b-90e0-fa3047b8079a,Md. Kamal Hossen,https://play-lh.googleusercontent.com/a-/ALV-UjV7QbP5so_LizZLSddBdAwAVUEcVKe8MWaXD2swhiJ2trKWnEg,5,Excellent,0,2026-04-14 21:27:42,,,,en,Rocket
ba44bce7-bd67-45b1-bf6e-e66337b7b87c,Md Tutul,https://play-lh.googleusercontent.com/a/ACg8ocITE61pGGKDKEWzF8Ecm0ltbpC79KJrAxTGNVF_VjmcCmMXkBI=mo,5,So good,0,2026-04-14 21:22:37,3.1.1,,,en,Rocket
60b5e236-c8d4-45f6-8c29-1769b4c4ae10,Bipin Majumder,https://play-lh.googleusercontent.com/a/ACg8ocJQQcrCIwZQYJqNRLw2jquf9HSTxhFnofq9MA_bj5W4b6uJ0Q=mo,5,nice,0,2026-04-14 21:12:00,3.1.1,,,en,Rocket
3d93d72b-a703-4d71-97f2-37bf6b0a12ab,Masud Rana,https://play-lh.googleusercontent.com/a-/ALV-UjUgi_M68ckqfzETQqzgQOeTZKCUwT90eRxb_C3X-9-KlqmoiuJB,1,👎👎👎 system and design and Security,0,2026-04-14 08:56:10,,,,en,Rocket
7e1bc096-cd00-4f3a-aacf-7b728ed1b9bb,roni 69,https://play-lh.googleusercontent.com/a/ACg8ocJxuBWSXiAnO0rGBb864w2yXWbWsALjfJIrX_tvDFt6cJdkNg=mo,5,👍🏼,0,2026-04-13 22:22:26,,,,en,Rocket
e53d2d5e-2d01-43cb-a7d0-69652406b068,MD Rony Khan,https://play-lh.googleusercontent.com/a/ACg8ocKTJESZhxsdGBtNSWYUO1oCI2qTno4_5e8vhSqVHbiGklI4=mo,5,nice,0,2026-04-13 19:55:01,,,,en,Rocket
bf0dbdd3-1c43-49b1-9493-1c8aba180d64,Rafil Mollah,https://play-lh.googleusercontent.com/a-/ALV-UjX3AKOjQwGP7Fr_OiT0QUuRuxiU_KZ41SCTBew7J4GlL2yV9B8,5,wow Nice,0,2026-04-13 18:57:39,3.1.1,,,en,Rocket
fd2057f4-1406-4952-84d5-404f4eaf517b,salim reza,https://play-lh.googleusercontent.com/a-/ALV-UjUQog1nZ0pccbefm_vA4XePi-lv5yI4tCVtKKp_dT6tzz9NoIG8,1,goof,0,2026-04-13 17:55:57,,,,en,Rocket
78677623-a9ca-4cf1-81b4-2a54e2b712ed,Mehedi Hasan Hemal,https://play-lh.googleusercontent.com/a/ACg8ocKdhNVVHhszH8tu4uSxyJHH1nR8rBPHSMLlbbJWRGGIvsDQ55Q=mo,2,মাই বিলারে সেভ করা একাউন্ট ডিলেট করলেও ডিলেট হয় না কেন। লগআউট করলে আবার চলে আসো 😰,0,2026-04-13 12:34:55,,,,en,Rocket
6f75c6df-b5ae-4324-9790-5bd4cea330d6,Shakib Ahmed,https://play-lh.googleusercontent.com/a-/ALV-UjUi1bWnBxhw1IgvqfB-5Vil5h1NUkXUbfkvXn347eYuu6osWK4,5,good,0,2026-04-13 02:36:06,3.1.1,,,en,Rocket
55ba0f9a-7668-4625-8e0e-c031b2ca200a,Anamul,https://play-lh.googleusercontent.com/a-/ALV-UjXoOP3IjjAslHpnw8WgYk-OhKk5FO4EVWRoWWhjcJTJcC_iVx4,5,nice,0,2026-04-12 23:03:22,3.1.1,,,en,Rocket
f1eec134-bb19-49c1-a234-2b3447d8245d,Naim Khan,https://play-lh.googleusercontent.com/a-/ALV-UjVC2pXGcLAi_o_66vzc3T6ZeK51D0SeMeI6wFU6quC_5al8dtQr,3,"রকেট এজেন্ট অ্যাপস এ অ্যাড মানি অপশন চালু করা উচিত, যেন ব্যবসা আরো বেশি প্রসারিত করা যায়।",0,2026-04-12 17:56:29,3.1.1,,,en,Rocket
1032258f-f301-489a-9348-eb35f2c39465,Md Raja Khan,https://play-lh.googleusercontent.com/a/ACg8ocKi9s97pxFL4C3FtX55NFlHHHEnDBd7Y24ypQ5pKBzXshEj9w=mo,5,nice,0,2026-04-12 16:33:58,3.1.1,,,en,Rocket
d868c379-54ce-425c-8b63-a5309904d22c,Mckckif Mustakim,https://play-lh.googleusercontent.com/a-/ALV-UjXS-9yO35c_hY-2VX8udDCDjWbIu5bYzTYBYnoLaYFJKMMZfEI,5,অ্যাকাউন্ট হয় না কেন,0,2026-04-12 02:34:31,3.1.1,,,en,Rocket
5e9dd00c-5f2c-4074-93fd-22faf533220c,Abdullah Al Sayed,https://play-lh.googleusercontent.com/a/ACg8ocIYYoDYfRV_q0Dn_Gx491n6FYOsCd7NFeUKvmP-D8X1vO9bIZw=mo,5,😍😍😍,0,2026-04-11 23:03:09,3.1.1,,,en,Rocket
f5098716-82ba-4f63-8137-a8651c7a1842,Ms Suma,https://play-lh.googleusercontent.com/a/ACg8ocLfFd0FxWNkwzQTjhuBf2La1d9_pFL-llO_GMWeB64yXf3QDw=mo,5,good app,0,2026-04-11 21:54:33,3.1.1,,,en,Rocket
46e9f77a-b52d-4105-8f41-5dbe6f86b928,Juwel rana,https://play-lh.googleusercontent.com/a/ACg8ocInw_DcOTJJsiFR5xPCJ2DhspLWU_JkqFpN6tn1koku3x0hxw=mo,5,good,0,2026-04-11 18:09:12,3.0.12,,,en,Rocket
9a983d7a-f826-4689-b622-2ad52ab919c0,Md Alack,https://play-lh.googleusercontent.com/a/ACg8ocJ1OaJOT_xPZ9nZrwCUZQ1LucVB_OV-qHCAtIZr9jmKwRDSlg=mo,5,ok,0,2026-04-11 11:40:59,3.1.1,,,en,Rocket
539fb7aa-0d69-4fd8-a471-edf24c7c9ce9,shamim ali,https://play-lh.googleusercontent.com/a/ACg8ocKCPh1-JqW4q6TvMIK5YJ5e0B_ep2HpoeOdN1-mbbPLjzWxIg=mo,1,rocket er kaj manuser taka chori kora ami ekjon vukthovugi jibone rocket use korbo na eder kono help center nay jeta ache seter nam chor center,0,2026-04-11 11:00:05,3.1.1,,,en,Rocket
488bf4d4-dbe3-4042-8a08-6e34661804fe,Sohel Rana,https://play-lh.googleusercontent.com/a/ACg8ocIHmjRtNWwjXZF0bm5Zkeddx2QATAsyB8CEkUd3aDX0ipP-AQ=mo,5,good apps,0,2026-04-10 23:02:12,3.0.12,,,en,Rocket
28a1a966-7a2a-4105-9b83-940a01975c93,Md Anwarul Islam Anwar,https://play-lh.googleusercontent.com/a-/ALV-UjXvFNHmiUj2Y74URpC1RTGT-zg3IfHkjLqf1VdiWl3DzZKrpNJz,5,নাইচ,0,2026-04-10 21:41:26,3.1.1,,,en,Rocket
69285dc8-2d3e-4e7f-b3fd-5397429d5cb7,Bapin Ahmed,https://play-lh.googleusercontent.com/a-/ALV-UjWSzGo18nfGNxpaQfCwYpRlh533ajCLUDTD6WreHXlc5-wMFGE,5,Good App,0,2026-04-10 21:39:15,3.1.1,,,en,Rocket
bf797084-0cce-4c91-8744-9d75f08874d1,Mazidul Islam,https://play-lh.googleusercontent.com/a/ACg8ocI20eFTDqJIJW-SUUzBgon1T79xsZjaoEEgdT7vObD9P_3d8g=mo,5,Rocket app really good,0,2026-04-10 21:38:10,3.1.1,,,en,Rocket
3cddfc3d-b010-4f7d-afa5-cde42343408d,Asad Nur,https://play-lh.googleusercontent.com/a-/ALV-UjXEk0BqfGBtmN2ggdvuNP_3h45WJYSoXZZJpZN6D5zZx0bf5eMW,5,great app's,0,2026-04-10 08:52:51,3.1.1,,,en,Rocket
f6433180-f7c4-40ca-9231-f390611e7b74,Roubel Hassan,https://play-lh.googleusercontent.com/a-/ALV-UjXSdG7Jx2_lBCgzsV1IuSBnM7KvOlKJrWZQIMo3NCLcUr1UspI,5,good app,0,2026-04-09 19:51:20,,,,en,Rocket
0f826119-b58f-4903-a7b8-b481d3726f9c,N H.R,https://play-lh.googleusercontent.com/a/ACg8ocLmD9qG_d6Hu8CUY99jVff-0P6qQrDILIaFE3n0qwSdS831PFM=mo,5,nice Roket apps,0,2026-04-09 18:57:39,,,,en,Rocket
336b945f-bbe0-4b8a-a9b4-298474edb257,HR Hannan,https://play-lh.googleusercontent.com/a/ACg8ocKMVV4K99uXue6V2oNC8DgkuXNstdjASOEmvuHtcfar6xrizxY=mo,5,parsonal,0,2026-04-09 17:20:42,3.1.1,,,en,Rocket
a84f1a78-fe6c-47b6-9309-542a818f3621,Chayan Chondro,https://play-lh.googleusercontent.com/a/ACg8ocJSs9r8faQ6eD5qYmEq0o7zbS8YIF-n5b7WoJ8V5t-dCtsGwA=mo,5,rooket is one kind of money debit cradit,0,2026-04-09 11:49:21,3.1.1,,,en,Rocket
c9582d45-86cb-4a63-b1c1-baa66cbe6c06,Ashikkhan Mia,https://play-lh.googleusercontent.com/a/ACg8ocKYGUpjNW-No22hJQ-3nrg66cXzdB77qp68qokVbov70p3anw=mo,5,Good application,0,2026-04-09 08:10:59,3.1.1,,,en,Rocket
55bdfb9f-2388-4a4c-a58d-cf357addf181,Sujon Hossain,https://play-lh.googleusercontent.com/a/ACg8ocIEnYa_ohOP0KIPBndmS7vNEQLgVjGlHxRslvr3ucvxIc68gg=mo,5,it is good,0,2026-04-09 01:59:44,3.1.1,,,en,Rocket
30b95977-f487-4cc5-9368-4d6ea50beab6,K Ami,https://play-lh.googleusercontent.com/a-/ALV-UjUf_r_9B-3nSWZFYCU4xIGZ3QMYncEzdwEoVagK_dZXZCAQH-Q,5,woow,0,2026-04-08 23:08:04,,,,en,Rocket
c416e0e5-62f8-4145-abb8-fab2047cfb20,MD Abdul hannan sheikh,https://play-lh.googleusercontent.com/a-/ALV-UjWcsG2iVQIrhaVdzMlBannbbFPx0927QSjI2igNmBQKMAnysLA,5,good,0,2026-04-08 22:32:10,,,,en,Rocket
d5927e82-22b6-4be2-b07f-cd4799fa8c8a,MD sayem MD sayem,https://play-lh.googleusercontent.com/a-/ALV-UjXitMYhKoqHs4NpE2yvNF9BvgkWqVB1iMt5DW1HFK3VCTBhexRc,4,good,0,2026-04-08 22:14:12,3.1.1,,,en,Rocket
04e78b90-4d5c-4e0a-8431-4648f014fc57,Md Moksedul Khan,https://play-lh.googleusercontent.com/a/ACg8ocJ9v8gtw-7VCoUnc5_h95zFqq3jfjyidHTrlwoXpYNL0LuDlw=mo,5,very nice,0,2026-04-08 21:13:17,3.1.1,,,en,Rocket
8b4ebb75-2867-41ff-a1ea-2ce012940172,Shakil Islam,https://play-lh.googleusercontent.com/a/ACg8ocJROOlIsHp_2NicMjJHWIgkwwQWtNW9LTUYZ0X18ff1k5JhhA=mo,5,my Rockets device active,0,2026-04-08 21:10:33,,,,en,Rocket
f73bb10f-3af2-411f-8fc0-0d7f63bcecdb,Ibn Sina,https://play-lh.googleusercontent.com/a-/ALV-UjUsZpU5ysc-HcVIDtQDXGbpa_lw1ET6a1CyQnC2deypCo1EdbNL,3,Can you tell me how to Delete Rocket Apps inside Company Recharge Notification?,8,2026-04-08 20:42:08,3.1.1,,,en,Rocket
4d50af51-1a59-4b8d-b21a-d89d65a815a3,Md Mostakin Rahman,https://play-lh.googleusercontent.com/a/ACg8ocKAQ9Z3t99_KixYjYZNrnacd_H4OSuq_Z99jFQzLXnETDLIOw=mo,5,Nice,0,2026-04-08 19:47:07,3.1.1,,,en,Rocket
1cd6ec65-f1fd-4df9-b0a6-6300671195bf,MD: Sohel Rana,https://play-lh.googleusercontent.com/a-/ALV-UjU3RH_MIQK3MDAvj2wyyVVH7HfekXktO0LZNVgRWMOsrJcbOlA,1,খুব খারাপ,0,2026-04-08 18:04:21,3.1.0,,,en,Rocket
87854a83-2797-4d9a-b2b4-1331708eb1b3,Md Dalowar,https://play-lh.googleusercontent.com/a/ACg8ocL-N1vBUF_y1FOVi3CUlCHw6eOkvmr8ccYvwdgioLMECoB8uw=mo,5,wow,0,2026-04-08 17:29:28,,,,en,Rocket
3021158e-3fbb-4912-afc9-7938468e2703,Simul Khan,https://play-lh.googleusercontent.com/a/ACg8ocLpKE67RJ6VL-GrMEu_4Ktk9mYSPutnNRfbPZmOOOtT222RVg=mo,5,good,0,2026-04-08 15:32:50,,,,en,Rocket
f5c7014a-c5b7-4462-863e-686f0b6d69b1,samir biswas,https://play-lh.googleusercontent.com/a-/ALV-UjWkHcOxCtWEyWR2HcqqPNoaNjX9-xbVQRFDC49k2Xfkx6zpTSo,5,💕💕💕💕,0,2026-04-08 06:02:53,3.1.1,,,en,Rocket
293f522b-f263-43e3-91f4-ff7219fecf90,Juwel Vai 100,https://play-lh.googleusercontent.com/a-/ALV-UjV5mZ1ufy-KiubJuD7lARrNCGZ5x793vkQqaTiV-Wz45gZlFRRyew,5,good,0,2026-04-07 23:39:15,2.0.68,,,en,Rocket
5ef1d17a-939a-4728-b355-7578cecf119a,moner betoe sudu tumi,https://play-lh.googleusercontent.com/a-/ALV-UjVEp0SMX8x0J44VXvqW60YI70MRxLueE3imO-6tu-OVpZs8OOs,5,naic apps,0,2026-04-07 22:43:51,3.1.1,,,en,Rocket
e318d6a6-6857-43d1-b30c-0723cbac9694,Shohelchakla Bejnac,https://play-lh.googleusercontent.com/a-/ALV-UjXLB5Wj7_QsXdCBMQy6h1tc-C1h-e6whRIZZYEA941GDUiFpBiE,5,best,0,2026-04-07 21:27:54,3.1.1,,,en,Rocket
c7107c25-875f-4816-b718-004a720a9dae,মোঃ মিজানুর রহমান (মিজান),https://play-lh.googleusercontent.com/a-/ALV-UjX1ZYonx69DHgKBphx4lQbfoQ1SusnvnB5BYq40QR7dP2TA1OYj,5,Very Nice 👍,0,2026-04-07 20:26:30,3.1.1,,,en,Rocket
e881ce71-94d4-4f74-8714-fad2c649aeac,Kajol Rahman,https://play-lh.googleusercontent.com/a-/ALV-UjUYwaVO0KM-do7BatMwojdFvL0sNbIzpOSWwfy9kVwnwuN6T5A,5,too good,0,2026-04-07 18:12:59,3.1.1,,,en,Rocket
bad4ca2a-4226-4890-8864-428f91fa14f8,shorif khan,https://play-lh.googleusercontent.com/a-/ALV-UjWeIsgfMznrbn8Sb1BlAUep7Qdd2xQR0cSCjjj4bxofqOskeZhy,5,good apps,0,2026-04-07 13:44:07,3.1.1,,,en,Rocket
0b2fe4f7-e61e-4dcd-b4df-f47c7d3fde51,Lovely Akter,https://play-lh.googleusercontent.com/a-/ALV-UjVPx6Hbr8_bc0dT6ZpiR3BnKrT3KlBbjlTFM7_qgOWZ7aHybkdb,5,Excellent App for Mobile Banking,1,2026-04-07 11:26:57,3.1.1,,,en,Rocket
b69684c3-468e-4a37-81e3-20fc71f7a190,Joy Saha88,https://play-lh.googleusercontent.com/a/ACg8ocJI8p0EwL4_lI9IlppKyspR9OwBI3XI3VYwWi_Bfll_DsWtKQ=mo,5,dont transfer money statmen full,4,2026-04-07 03:06:19,3.1.1,,,en,Rocket
11ee993a-b54b-4de4-ac6c-e63a6938d924,Rabbia Akter,https://play-lh.googleusercontent.com/a-/ALV-UjWz7JLwtNoJhLItgcxLoYmROmvZAJn_fmUb8IJKKVZf_zfLojz8,5,good,0,2026-04-06 21:05:25,3.1.1,,,en,Rocket
42a06973-81cc-410c-8637-45fc2b3bc21e,Angelo Te ama,https://play-lh.googleusercontent.com/a/ACg8ocKoEuIEunujcq6JFFBaEoybxH-9d6xq4oCYWfrVd34E2JN6xQ=mo,1,"account registered hobar por 15 tk dise tarpor ami 1500 tk recharge korsi.. aj 5-7 din por account is not active dekhacche , call center a call korlam 7 bar call korar por ek mohila Fon receive korse ovodro mohila.. Ashe pashe Kono rocket er office nai , bollo mouchak market a office ache , bollam thikana ta sms koren bollo , option nai , bollam Fon number Der oi office er bollo option nai... ekhon Kotha hocche mouchak giye office kivabe khuje ber korbo.. R Jodi jhamela thekei thake tahole....",14,2026-04-06 12:58:56,3.1.1,,,en,Rocket
89cf1419-3b64-46e8-98ce-d3b64dfc7e19,Harunur Rashid,https://play-lh.googleusercontent.com/a-/ALV-UjWuNCITt3r6YmfbO8TEs6qvRstiDqVqDP_ZI_IxW3wu71QF8GjK,4,good,0,2026-04-06 11:38:03,3.1.1,,,en,Rocket
4212cd8a-d74f-4ed9-9e12-d98988ecf976,MIRAJ HOSSEN,https://play-lh.googleusercontent.com/a-/ALV-UjWybVw15heHrFN1HFu6gBye9jX8trysMYRfu_xtjRMVpS_tCUs,5,Rocket IS COOL 😎😎😎,0,2026-04-06 11:37:11,3.1.1,,,en,Rocket
877bf28d-0498-4703-8430-545d6f15e818,Arnob Ahmmed,https://play-lh.googleusercontent.com/a-/ALV-UjVLhzFjyKR__upp6tLoMjwQOmpeTTU9fjju2uzrHvCK7psymujW-w,1,কোনো ভাবেই লগ ইন করতে পারছি না কাস্টমার সার্ভিস এ ফোন করে কোনো সমাধান পাই নাই এখন কি করা যায় ??,0,2026-04-06 00:42:57,,,,en,Rocket
ee8d2d7c-7ecd-442f-bf56-c16dec49f63a,MD ARIFUL ISLAM,https://play-lh.googleusercontent.com/a-/ALV-UjXDuu5PGo5GUBasAn0mO7ZASpqE3U7CdB-DJex4SAgf4tdfng,5,"রকেট এজেন্ট অ্যাপে 'ব্যাংক টু বিটুবি' (Bank to B2B) সুবিধাটি অন্তর্ভুক্ত করা অত্যন্ত জরুরি। এর মাধ্যমে এজেন্টগণ যেকোনো সময় ডিবিবিএল বুথ থেকে বিনা মাশুলে নগদ অর্থ উত্তোলন এবং ব্যাংক অ্যাকাউন্ট থেকে রকেট এজেন্ট অ্যাকাউন্টে ব্যালেন্স স্থানান্তর করতে পারবেন। আশা করি, সংশ্লিষ্ট কর্তৃপক্ষ বিষয়টি গুরুত্বের সাথে বিবেচনা করবেন।",2,2026-04-05 23:07:23,,,,en,Rocket
4504a6f9-af78-419e-9380-14ca1b8aaab3,Md Sujon,https://play-lh.googleusercontent.com/a-/ALV-UjWmLY0NvdxiLPW0XfQ5tCFfoJ2eITirGcEJmv2cHIH17ywiwfyY,5,Very nice app 👍,0,2026-04-05 22:42:11,,,,en,Rocket
f83d9a78-f2b0-4a32-bee5-582da3c8a7ae,Bonita Rani,https://play-lh.googleusercontent.com/a/ACg8ocK72k7JRZ35EzBqL9xDjDtnI70MYk0XdWr0LLVS9xQi6aPuuA=mo,1,নাইচ,0,2026-04-05 16:22:20,,,,en,Rocket
61b22fe4-7290-4fae-ad92-6ce3de0b574b,FÏĺìp Bŕűñģ,https://play-lh.googleusercontent.com/a-/ALV-UjUUhGLonmeEOjV9R1b30gmmtCWLTS7EpZ79g63DzLH6-YLB3JzG,5,Nice,0,2026-04-05 13:37:22,3.1.1,,,en,Rocket
650fa728-dbc6-41d2-89a5-1ab3033839f1,sk shamim,https://play-lh.googleusercontent.com/a-/ALV-UjVGb453RTUC5rxmooNOXtIj1POFf33J-NaWTtr83g8wNwtZfZUmkQ,5,Nice apps.,0,2026-04-05 10:12:06,3.1.1,,,en,Rocket
1ab8769d-d818-44c2-ab35-3ed0694cebb7,Ruhul Amin,https://play-lh.googleusercontent.com/a-/ALV-UjXILB_0_-SA7raaWLgiai3K-Ev72KIGqjxmprRwgEV808hIdPTW,5,Faltu,0,2026-04-05 08:47:28,,,,en,Rocket
02775669-107a-491c-9623-bd875c976a9e,MD RAKIBUL ISLAM,https://play-lh.googleusercontent.com/a-/ALV-UjXRPVoIzxf7TjopAwliWij0NWugW176p8J0O612biM_oyEbYZg,1,"Rocket is falling behind. The UI feels incredibly outdated and cluttered compared to other MFS apps. On top of that, the app logo desperately needs a modern redesign to stay relevant. Most importantly, the app is consistently laggy and slow, making simple transactions frustrating. It’s high time for a complete overhaul, a new look, and better performance optimization!",4,2026-04-05 08:08:41,,,,en,Rocket
1aee57fa-9388-44f3-8cd3-53522558e693,Abedin Islam Abir,https://play-lh.googleusercontent.com/a-/ALV-UjVayf5MvoAnSZIyef4r1SUZg0QsZhp6e5UBTizNgPAB_3NG_CLG,5,nice,0,2026-04-04 21:03:22,3.1.1,,,en,Rocket
90274659-1873-499a-b231-b90e7e4f5bd7,Md Nadim Hossain,https://play-lh.googleusercontent.com/a-/ALV-UjXgQw3uv5UEqEriQ4Mv6axrK11EARZiEEjY5NwJbmpHS-WReKXU,5,Good Banking app,0,2026-04-04 15:54:46,3.1.1,,,en,Rocket
bab6878e-4000-4b8d-8abf-a03661555fcf,RK AIUN,https://play-lh.googleusercontent.com/a-/ALV-UjWvBfJvmi4EKni8KCPBoPeyTjN0aaD5_RXekA9IzFxRxl1DtEnU,5,nic,0,2026-04-04 14:02:35,,,,en,Rocket
6abfe505-8c29-42bc-a87a-0f9aa36a3ea6,Md Sujon Hossain,https://play-lh.googleusercontent.com/a-/ALV-UjUqXpO85xrEgjRsvOY9tstSnBP7j2GFP0GGjyqobSYpeXcLTONT2w,5,Good,0,2026-04-03 22:18:27,3.1.1,,,en,Rocket
bc1c5f87-0aa6-4965-974d-42f6248b45c7,Abdullah mahmudi,https://play-lh.googleusercontent.com/a/ACg8ocJqdPMU2hkU3Cn6MYrE4qng1i0HSiZ5IKgC7or7nBaEraBELw=mo,5,অনেক ভালো,0,2026-04-03 20:39:38,3.1.1,,,en,Rocket
2074e7c5-0985-47fb-886d-c61cfc6cca3c,Oli Ullah,https://play-lh.googleusercontent.com/a-/ALV-UjXrAqDeAB4UnilJdt6bsSu_QNgTPo44hutjNSJTt5euPKOzh3Gj,5,Good,0,2026-04-03 18:30:18,3.1.1,,,en,Rocket
48e2584b-8d26-4303-b226-e632cac1abae,Ahmed Shadullah,https://play-lh.googleusercontent.com/a/ACg8ocI2Y7MxKxKMyZ3XlhueLoZ1WUjF8SrHqGCU_7BLDQUVmdNXNZc=mo,5,well,0,2026-04-03 12:15:15,3.1.1,,,en,Rocket
5ebad355-831b-4472-a9a6-5d860f51622e,Fakrul Islam,https://play-lh.googleusercontent.com/a-/ALV-UjX87OIgHBVEEqjjTfyvBh-8bupldk2KJr4sFPSWUFflaymnKtY,5,good,0,2026-04-02 17:29:27,,,,en,Rocket
3020b068-26b2-4bdd-927b-117762ff452a,MD Ridoy Mia,https://play-lh.googleusercontent.com/a-/ALV-UjWjE99pwCbl8aFB4Pkdbp6QbhwNCUO5FET1ktB8jtyoTpCrPEci,5,good,0,2026-04-02 09:49:55,3.1.1,,,en,Rocket
18105e4d-a1b0-4a0f-b1fe-24064cdb5df4,Md Emadul Hossen,https://play-lh.googleusercontent.com/a-/ALV-UjW1zw76s3LoZ1uvnnKlq83KWHWSFTkf9PbAu_gULqiCY2Bg25Y2,5,ok,0,2026-04-02 08:55:26,3.1.1,,,en,Rocket
95c9c0e0-5758-4ba1-aca1-bfbe352d4413,Sarkar Ahamed,https://play-lh.googleusercontent.com/a/ACg8ocIt2BZOqaf-peCK0Iqhe4osq9BdvFvOaLuKuSd7Sdl0a0E2qw=mo,5,it's a life saving app easy to use with lots of options.,3,2026-04-02 01:43:42,,,,en,Rocket
8a26144d-b901-4d05-a6a1-ccf8631d4843,Md Mehedi,https://play-lh.googleusercontent.com/a-/ALV-UjXL9vPaIknWslzBBh0EJMKS4EaobLH8DSYViruoy2DmGgul81zZCQ,5,good,0,2026-04-01 14:49:44,3.1.1,,,en,Rocket
1a59eef5-910c-46d4-89c4-cf695c9cc775,Md Jahidul,https://play-lh.googleusercontent.com/a-/ALV-UjXaBQPgd74rxCnSsqotFX_NfiKSlHO9lz4hsKdzDW08yIvwaBbB,5,good,0,2026-04-01 06:59:24,3.1.1,,,en,Rocket
efbd2728-4ecc-4d74-8ab0-d95feedbe541,jannatul Islam,https://play-lh.googleusercontent.com/a-/ALV-UjVnbUhdmqCUBdTJ6XTzad9DDrNYuXc9-JWEinnMyuM2YYECpR5U,5,Good app,0,2026-04-01 05:12:14,3.1.1,,,en,Rocket
8350aadf-a2e9-4612-a743-b3401100011d,Ritu Anondo,https://play-lh.googleusercontent.com/a-/ALV-UjV1QFap14wlbhJJgc4vEY8xXzEL-_z7q0djHwseR5wBlsBitIco,5,great app,0,2026-03-31 21:09:48,3.0.7,,,en,Rocket
318972b7-2a34-4505-8c39-a5cc5819d1dc,Jihadi Jia,https://play-lh.googleusercontent.com/a/ACg8ocJpqDy7uLxcblWdgH8tdAOJpPCpHKBbQdKjnVvYVjC8TwFnjQhN=mo,5,very good 👍👍👍,0,2026-03-31 15:49:10,,,,en,Rocket
dd09c7c6-7ad9-405d-a8bd-b29fd0e3b94d,Faruk hossain Faruk,https://play-lh.googleusercontent.com/a-/ALV-UjUxL44eZZXudB7irZ39Oty04sDHBK2jwGpmOdSaBlf8_afRE0s4,5,nice,0,2026-03-31 13:50:56,3.1.1,,,en,Rocket
01e180be-0c39-44f4-87c8-1238f82b31d7,Manik Hira24,https://play-lh.googleusercontent.com/a-/ALV-UjWL-kTgnWPtFDdC81iLG-jsTOG_7PqDkWTFUDQKZzGCDTyE7Wg,5,good luck 🍀🍀🍀,0,2026-03-31 13:45:56,3.1.1,,,en,Rocket
390731cb-5fd6-460f-b556-bae07e46d1ad,top Nod,https://play-lh.googleusercontent.com/a/ACg8ocLTOdlac1JlUWSXqEE-V5XaeW5lLb2pPvD8gflUwsyAt0dYXQ=mo,5,good,0,2026-03-30 22:37:15,,,,en,Rocket
af5805ec-9058-4b8f-b1a7-08ffb29188f6,Yazban Ahmed Ario,https://play-lh.googleusercontent.com/a/ACg8ocKdILjWT2Z9RKJMckY-0iojzhsE-2-9f3PQC9KGciFPnTFhFg=mo,4,App inside How to delete Notifications?,0,2026-03-30 09:50:05,3.1.1,,,en,Rocket
f7ce292d-47e8-46a1-af38-ab3f83231a01,Shaching Marma,https://play-lh.googleusercontent.com/a/ACg8ocIHN3HPhSMMe75NQUdPMfe58SJzATBgVLBK344WjlndWRXzoQ=mo,5,rocket account nibandhan Garbo,0,2026-03-30 08:13:52,3.1.1,,,en,Rocket
657eb3e1-ffd4-4298-ab14-28b8b32d0292,MDRiponkhan123 TMFG,https://play-lh.googleusercontent.com/a-/ALV-UjW-MLum2MN-zNU-q2MK5DXCH5iA5sujlxvIw3Z12qc-hIenX2IA,5,nice..,0,2026-03-30 07:37:26,3.1.1,,,en,Rocket
83e0d2b7-ff2e-4cbf-96c6-f7489d2e15ab,Md Shajidul karim,https://play-lh.googleusercontent.com/a/ACg8ocLEtGKogVMjPXnbr0AuJSB3xvdsdzMiABJNxXh0Q-xp-aGX9Q=mo,3,good,0,2026-03-30 07:31:32,,,,en,Rocket
c698d09b-936c-4f0e-9493-93ae5ac7415a,onjona Akter,https://play-lh.googleusercontent.com/a/ACg8ocIL07dXwxOjDfHgZUxmDsioOKaWbcTeBmkhDgXNE_Ggqog_Mg=mo,5,good app,0,2026-03-29 22:19:05,3.1.1,,,en,Rocket
014eea13-f786-4df0-941b-3206e6963a55,Nur islam Talukdar,https://play-lh.googleusercontent.com/a-/ALV-UjWxCd11lM9MW_2t-JTzsG3IBSH54WnNNB4D4IdrXrnuglni0eGK,5,naice apps,0,2026-03-29 22:16:46,,,,en,Rocket
459a5915-f71a-4268-b4d8-05d65fd9a780,Amir,https://play-lh.googleusercontent.com/a/ACg8ocLIpRV_9sEFKQGTOjgdux2jCJ6fwad1mvzhXOL6N4-nDvS7ew=mo,5,নাইছ,0,2026-03-29 19:34:31,3.1.1,,,en,Rocket
6f773a12-568f-41da-a133-42387c0f5a75,MD Auib Hossin,https://play-lh.googleusercontent.com/a/ACg8ocIjAidsbfnqRbbZWG31XP6440bR78w_qDRszMpxEawBo_mKAA=mo,5,love,0,2026-03-29 16:35:17,3.1.1,,,en,Rocket
3c0db0b4-26c4-442b-bea2-e12042b37d0c,Tanvir Sarker,https://play-lh.googleusercontent.com/a/ACg8ocIJVCWEMiMfUhk5p24qJrCglWY8rN6I9przkKHOGh6QTEajtw=mo,5,nice,0,2026-03-29 14:19:33,3.1.1,,,en,Rocket
c2228081-79c8-431a-8022-8ec1462e4625,Abdullah Morol,https://play-lh.googleusercontent.com/a/ACg8ocKNhQCZhEeBQpvFLwWYzRJ2ZedgNGp0Z6pmZF9-5FZR1uGOYg=mo,5,nice app,0,2026-03-29 10:37:20,3.1.1,,,en,Rocket
f4160ae1-60ef-4859-933d-bd17255bc176,Mahmud Nahid,https://play-lh.googleusercontent.com/a-/ALV-UjX4KHQpkk4yFTXmitkVZ4C-LX9Ekr26hRJb8tCXgwOLnfmnJgpA,5,good,0,2026-03-28 19:45:35,3.0.7,,,en,Rocket
2d81e8b0-cddc-41e4-a62c-b8b37687ba54,Mohammad Jasim Uddin,https://play-lh.googleusercontent.com/a-/ALV-UjXHHkxUD9yfBrtrrrav5Nrn3bhnuOMfa5Zak8LKtodFH9p3w0KQ,5,Excellent,0,2026-03-28 15:04:11,2.0.35,,,en,Rocket
f1b514c0-7be9-4701-b394-2d8814eb0841,Litu Art,https://play-lh.googleusercontent.com/a-/ALV-UjUN0Qhyc22SzCMGBHSkIu-sREpTS811MW0NZh2uPIKjDueE3Q0K,5,"A very good app, it would be better if fingerprint was added, the cash out fee of 1000/- needs to be made less than that of Bkash. Best wishes to the Dutch Bangla Bank authorities.",2,2026-03-28 14:51:18,,,,en,Rocket
969412fb-a593-429f-9850-562ba9cf4d0a,amatullah amatullah,https://play-lh.googleusercontent.com/a-/ALV-UjWn72bQ7AlrtR9DGziZHM1ZuOsU7HvJuILdWD0RAaoMs7FBsy8,5,nice apps,0,2026-03-28 12:51:56,3.1.1,,,en,Rocket
a9b6249d-d847-47cc-a0cd-9e4d42dacc13,alom shah,https://play-lh.googleusercontent.com/a-/ALV-UjVoEqzLFoqG0O12GOhbcbP5axt7Dq0mpD-ivdbIvmMTdbCbx-g,5,goob,0,2026-03-28 12:35:34,3.1.1,,,en,Rocket
a645802b-450b-4f3f-a995-410549a6d87b,মায়াচক্র,https://play-lh.googleusercontent.com/a-/ALV-UjWpeuKABIiCt36PxLYGlCPZZe0BgK_mxT5mo7HxiZSTPE9FboE,5,best,0,2026-03-28 11:44:46,3.1.1,,,en,Rocket
fe23ed4e-4ba7-4d4c-bdb8-0d40a05c18ae,Rabeya Khatun,https://play-lh.googleusercontent.com/a/ACg8ocKffCYdjgivn3ITLW9B339hYV2rMoniBURUGesnAf0Na52uoQ=mo,5,Good,0,2026-03-28 09:19:16,3.1.1,,,en,Rocket
52d6d83f-2c8d-472a-8697-6777e28c06a2,Motin Khondokar,https://play-lh.googleusercontent.com/a/ACg8ocI38TT_NjMJ1Ew4PmVKNKYBnyc2iY9ektqD7n7ZBIfjipzM0Q=mo,5,ভালো,0,2026-03-28 01:34:05,3.1.1,,,en,Rocket
912dc6a4-7c1f-4b12-adad-39b55575c1eb,Rider Sabbir,https://play-lh.googleusercontent.com/a/ACg8ocKWmGe_PomFJBqyG9cPWqsPUiRMZnare9n4i0miUpPh9EmJEw=mo,5,Valo,0,2026-03-26 19:22:21,,,,en,Rocket
665863cb-9787-43d4-b6c4-e7e21f677129,Abdullah,https://play-lh.googleusercontent.com/a-/ALV-UjVWR8Rd5IHQxDpSz0A2-4N3J2mfwjkCuqhLrYT7_XTR-zA2dJx7,5,Nice,0,2026-03-26 05:56:22,,,,en,Rocket
98d3c956-d170-4fa5-92f0-3240ae6d4323,SAHOL ROY,https://play-lh.googleusercontent.com/a/ACg8ocIrTP0a76234rpGgEu4gHnQqvD8ovbWsGZRI6cS22-mJAsMcw=mo,5,ওকে,0,2026-03-25 21:00:37,,,,en,Rocket
44d888d7-4d41-44c2-9313-033cb75fd2f6,Md Mehedi,https://play-lh.googleusercontent.com/a-/ALV-UjVBzoPuSE9wsj5usVKNe9pNRuzYw41i4EQqOQ9BqpFIqj4i-VmZ,5,💔,0,2026-03-25 15:40:35,3.1.1,,,en,Rocket
9bbcda05-87d6-4b48-ab0f-7f4e2785bb38,Md Shuaibe Hasan,https://play-lh.googleusercontent.com/a-/ALV-UjXTa7CTEqBsxrxMc0bLabsb0heMtSzqOAIFz9kbhiIxCEFjH4d-,1,আমি kyc সাবমিট করার সময় ছবি তুলেছি। কিন্তু right ✅ দেওয়ার সময় ক্লিক হচ্ছে না কারণ এইটা একেবারে ডানদিকের কর্নার এ থাকে। আমি অনেক চেষ্টা করেছি। এইটা ডিসপ্লে এর বাইরে চলে গেছে।,0,2026-03-25 14:45:46,,,,en,Rocket
72de8224-f3db-485b-90f4-3398c0538098,Md Yesin,https://play-lh.googleusercontent.com/a/ACg8ocLA1ObuHlaARb6O1j6SK8_aXg2eIw7CXo6qyuPHa1GpDgqFeA=mo,5,ভালো একটা অ্যাপস রকেট,0,2026-03-25 10:29:16,3.1.1,,,en,Rocket
6317d8ac-a942-4ac5-9eab-9bf801e68d40,Md Arafat,https://play-lh.googleusercontent.com/a-/ALV-UjUi2KQuXAlxwnP9H45Wber0hUOjClpjH3W2UrtjvYqKQIL2D-zk,5,good,0,2026-03-25 09:42:52,3.0.12,,,en,Rocket
deaa260f-48dd-41fb-a265-c1fef2f8d5b0,Jubail City,https://play-lh.googleusercontent.com/a/ACg8ocLS3C55qkX9gVCkEachuwb2jjALDnqQjMxlVkLGJ2zCBoe5zw=mo,5,মনিরহোসে,0,2026-03-25 09:19:36,3.1.1,,,en,Rocket
8c2fa75c-b500-4786-b71a-d0d8e68cdb79,Masood Rana,https://play-lh.googleusercontent.com/a-/ALV-UjX1gYjF_c7V_m3wW0HeADEHUZ_dAG66Ky0OXJMogGj7wq-Sp30,5,ভালো,0,2026-03-24 21:00:10,3.1.1,,,en,Rocket
35cca305-6bb6-4b33-b07a-d3a5bce4b9b8,Ms Some,https://play-lh.googleusercontent.com/a/ACg8ocK2lJRUJoNFVA3L05RW3mMdwmBtHAALKwTvwKbAxcbqoRQcgw=mo,5,good,0,2026-03-24 19:55:11,3.1.1,,,en,Rocket
3f0080de-e7a3-499c-86e0-203cf238c783,Aung Niu,https://play-lh.googleusercontent.com/a-/ALV-UjXiEEeOPL5RxnJhO_0bzL3diQWAfpYSv_fxf_dpfbhHct8PMPag,5,Excellent,0,2026-03-24 16:35:36,,,,en,Rocket
0737268d-cfbf-413b-b1ef-cd86715e1f2f,Abdus Salam Hossain,https://play-lh.googleusercontent.com/a-/ALV-UjUltZZzK-qIVJLiMAhQBDRQL0wX0ropENKliwboyNfmly3g6sA,3,very nice apps.,0,2026-03-24 16:08:56,3.1.1,,,en,Rocket
bcc365ef-7f56-47ce-8de1-844112e95e66,Md Ibrahim Hazari 03,https://play-lh.googleusercontent.com/a/ACg8ocLLMoLyXXUaVfSaw5jHqLVWfkMuwondqRNvZ5sxl-QOac27hQ=mo,5,Good,0,2026-03-24 15:13:30,,,,en,Rocket
24efac31-c883-4380-bbe9-c33a22bcce5c,Md. Khairul islam,https://play-lh.googleusercontent.com/a-/ALV-UjWdDJOT6j6k0OmB1gISKz7bvyqiQzD6dnhb5UYieiJayoHHzk2h,5,good,0,2026-03-24 10:13:59,,,,en,Rocket
a5e5c4bf-0ce3-4f75-84c1-922189da6516,md Mehandi Hasan,https://play-lh.googleusercontent.com/a-/ALV-UjXTRfb-_KsvbrfTeG9QhHubTf7hPTRziNbCEG8kmGkASKPPVKfY0g,5,ok,0,2026-03-24 03:08:28,3.1.1,,,en,Rocket
335be47a-4be9-494f-9480-cc6636d74eca,Miltan Sutradhar,https://play-lh.googleusercontent.com/a-/ALV-UjVaFqZmS6Ka5o2etVnzsbu_af49oTjoFt00yJVaqrKb3axUSUrM,5,naice,0,2026-03-23 20:49:16,3.1.1,,,en,Rocket
5a206be0-b1c3-40a3-a197-4f31c6aaf064,Md Jakir Hossain,https://play-lh.googleusercontent.com/a-/ALV-UjXUSKi4aQrcsMWnoVKxLRd82-daOuM-2idFkf5yrm6PlNRAFpnK,5,nice,0,2026-03-23 20:13:45,3.1.1,,,en,Rocket
7e412e2d-90a6-4f53-b9a0-56bdd9dc2dd2,Wiki365,https://play-lh.googleusercontent.com/a-/ALV-UjVYPiiKZF1ERyPCBTwSm_hf16O7j-iV90tDzbq2j3qi3qX1rRho,5,"trxid should 1 click to copy,trxid copy feature should be added to the rocket apps",1,2026-03-23 19:35:34,,,,en,Rocket
5dea0589-5d2e-44e7-80f4-f6f0f04643d9,Ami Mohammadmahfuz,https://play-lh.googleusercontent.com/a/ACg8ocKSiHEMY_ppkAj51qTYZe88NrX83mGpPspNLiUehduW0kj_NA=mo,5,nice app,0,2026-03-23 16:00:15,3.1.1,,,en,Rocket
5223d9e4-6847-4ae5-84c2-545c71629c74,Shamim Hosain,https://play-lh.googleusercontent.com/a-/ALV-UjUutd_Nc-6Tc0_MPPLBCfnTyWqgz4xRnsOcF9S395HGPbJs2CWk,5,extra ordinary,0,2026-03-23 15:58:37,3.1.1,,,en,Rocket
0e70a5b5-4c30-4620-854f-411868bd61d5,LALMON,https://play-lh.googleusercontent.com/a-/ALV-UjW83bdwNnU4NVTIN3g72IVSwdr-QLN_Ey5rro45IG6iJ3bVEL4Y,5,Good,0,2026-03-23 09:36:37,,,,en,Rocket
5697aaa0-4ca3-4d66-bd9e-c1f348a86cb1,Live Joy,https://play-lh.googleusercontent.com/a/ACg8ocLdTKvj_07F3_CFiLXLRfXjQPOu3gm1laJcjSjaLTWN3SX6dA=mo,5,good,0,2026-03-23 05:20:02,,,,en,Rocket
1f4d18d8-6f6e-4edc-9273-293e0b263b84,Mdemon Miya,https://play-lh.googleusercontent.com/a/ACg8ocII85xr3rBmAjaliDl6cJpq7bGlvjRFu8dfs3R3w1IcCnOglg=mo,5,great apps,0,2026-03-22 20:43:49,3.1.1,,,en,Rocket
df23c230-9e06-493f-847b-80e396339a23,dalin rahman,https://play-lh.googleusercontent.com/a-/ALV-UjXM4CU2yaRECZituW41MSVZ0HcBW7ug6fXFgQykTdtHwE0p54HB,5,Awesome,0,2026-03-22 19:57:22,3.1.1,,,en,Rocket
a77c9494-589f-440f-adc8-cc1d00528a69,Mehedi Hasan Rayjuan,https://play-lh.googleusercontent.com/a/ACg8ocJ7JjgZAoGqkUZG6gfArk5D-_t5IhvBcSOLBxbT-J1LLAHkjQ=mo,1,সোনালি ব্যাংকের শাখা এড করা প্রয়োজন। তা ছাড়া সকল দিকেই অনেক সুবিধা,0,2026-03-22 15:09:47,,,,en,Rocket
2e7b93cd-c3c0-44af-b6a2-3eba218e7880,MD. SHOPON,https://play-lh.googleusercontent.com/a/ACg8ocJKstwByqYMrhDgT_mcB_N_z6gSfVjAMy7dem067ziKeUp-nfKx=mo,5,nice 👍,0,2026-03-22 07:18:18,3.1.1,,,en,Rocket
f47bc2d5-59b4-4f8d-b4d2-0481cbfc4189,Prince Asif Officials,https://play-lh.googleusercontent.com/a-/ALV-UjVm-CtOdA1vdyr99cYlIaZm1Oa0hP7WMYCkW8NVTkR8qiTpa-E,4,"- আসসালামু আলাইকুম, এই Rocket Apsটি ব্যবহার করে অনেক ভালো লাগে 🥰 - খুব সুন্দর আয়োজন 🌺 - সবার উচিত রকেট এপস ব্যবহার করা 🥀",0,2026-03-22 00:47:37,,,,en,Rocket
e6dc6aa9-7cd3-4df7-9701-65a19322e329,Limon Kazi,https://play-lh.googleusercontent.com/a-/ALV-UjWyRMQiTjFPhGZYVcd0fjHWjx6nqTDQSStJplA1bIRwoM6wQJsF,5,good,0,2026-03-21 17:02:21,,,,en,Rocket
e4c47883-060f-421e-9414-98ec7c3689b2,Kazi Sohan,https://play-lh.googleusercontent.com/a-/ALV-UjXTM3fuHaeUp1bWU5x7wT_6UqqLMYHhp6Kyn-CSFBzmlb1W_uL3,5,awesome app 👍👍,0,2026-03-21 13:02:40,3.1.1,,,en,Rocket
1e426ae5-90af-451e-a11d-39815ce2fcfe,Borhan Uddin,https://play-lh.googleusercontent.com/a/ACg8ocLlwf-NjscfpmvCaC1EoW2Mx0kbwudxrszZcnC5uwxWWxRRIA=mo,5,best,0,2026-03-21 05:57:07,,,,en,Rocket
e750e9d0-8b39-4432-bae5-c8117cdc37c5,Md Samim,https://play-lh.googleusercontent.com/a-/ALV-UjXEUM2iDhW9x--A_Gc3sq2vKxsQNPzJb8WVYlm7hfzB3ExKJ-q2,5,Nice Rocket,0,2026-03-20 18:41:25,3.1.0,,,en,Rocket
93defda3-b966-48dc-be0c-0618dee14c8c,Rayhan Uddin,https://play-lh.googleusercontent.com/a-/ALV-UjVG3q10zvwvFOINDWXc9m6pUHBU3Q-6Pml91N2-h0zLHVNRyoU5,5,nice App,0,2026-03-20 12:55:25,3.1.1,,,en,Rocket
960566ff-6e0b-4e9d-8dac-c1d56f3d8d4c,Junayed Islam,https://play-lh.googleusercontent.com/a-/ALV-UjVCUTMugvL8E7fTqoO8FLxh9XAVmkRkqlM9LWuKODnaH-zasi3A,4,good apps,0,2026-03-20 08:42:48,,,,en,Rocket
7b3bce11-0613-4162-b291-862f46f9e372,DoN Gemars,https://play-lh.googleusercontent.com/a-/ALV-UjWhNH7EOxoH_bUTJptuWIgtpA-zCp4ZUkJXs0Lq3pbETxBnqcf4_Q,5,nice,0,2026-03-20 07:39:33,3.1.1,,,en,Rocket
0cf8d5a4-6cd7-4f83-b483-0bc1b48e0821,Md Aziz Miya,https://play-lh.googleusercontent.com/a/ACg8ocJQQgIPhzpls3q6WdanMSZkfxR2QT1WT9n-OrPM9MfyPZ9HVQ=mo,5,nice,0,2026-03-19 20:58:54,3.1.1,,,en,Rocket
1fb68a09-6575-44aa-937c-bff0a1055f22,Padma Lal,https://play-lh.googleusercontent.com/a/ACg8ocLhUsatkHHjOQwfQnFLzD838FubFgqB_oWD3b053JJMhjXFDQ=mo,5,nice,0,2026-03-19 17:41:59,3.1.1,,,en,Rocket
67190dd9-7904-4232-b93d-53448cc2b5d4,Md Somon,https://play-lh.googleusercontent.com/a/ACg8ocIf5c2YrbaESxCJ2bGNG6_TSJK5GUEmNGMW4h4gyLSn6vtE7A=mo,5,👍,0,2026-03-19 15:22:06,3.1.1,,,en,Rocket
f670521c-bf2f-4241-b0f3-52cd7ef8d87c,Al Amin Sorkar,https://play-lh.googleusercontent.com/a/ACg8ocLFpPHYtGC0xJfMUYeM8FsAPPs6ANOxzQiues4FRfJsXveP2Q=mo,4,good 👍,0,2026-03-19 15:17:57,3.1.1,,,en,Rocket
eb7d5ce6-7ec0-4652-8a64-1f5827d1c6ee,Shofik nurnahar Moriom,https://play-lh.googleusercontent.com/a/ACg8ocLxLvWPtQRp1v3g8zFp_R7d0AFWZxYZDOlt4hKUn4Q52J81cw=mo,5,nice,0,2026-03-19 15:17:36,3.1.1,,,en,Rocket
dd7a52f7-fca5-4d45-8220-1eb1579c3a41,MD SHOFIUDDIN,https://play-lh.googleusercontent.com/a-/ALV-UjV4sESNogVxSe4IHuJZd52UEfzfKK_4kVXK42NfIGX5wuBUpSBJ,5,good,0,2026-03-19 13:00:30,,,,en,Rocket
9731eca9-3a38-4a42-8e11-bd6241dd4c0e,SHAHIN,https://play-lh.googleusercontent.com/a-/ALV-UjWkf1sT8hCJJpbnYfIcP4kj0_0TJLJMrBI3YS7ta4KUM690In-P,5,good app,0,2026-03-19 06:30:15,,,,en,Rocket
f7d8ea28-f903-4dcb-818a-67ca512bc341,Md. Atikur Rahman,https://play-lh.googleusercontent.com/a-/ALV-UjXglrusOWtr9zk3DlzONgoNgsIMZMAJWYLtMKBgkFWSSgUGo9Ch,5,❤️❤️,0,2026-03-19 01:31:50,3.1.1,,,en,Rocket
d4f0bfdd-f7ce-4ed7-9289-b232bb0b00bd,MdRasel Rasel,https://play-lh.googleusercontent.com/a/ACg8ocKnEeTDxedxrrlHTWmNxLFZ9TobQDb20asbjJZNE6jKmwHhYA=mo,5,like it,0,2026-03-18 21:31:09,,,,en,Rocket
9d3fe0a0-fa5a-4897-9502-50220b91e22c,Md shafiqul Islam,https://play-lh.googleusercontent.com/a-/ALV-UjVHTQpTW-FzB3jT9DFdq78LarF_D19HP1H1dBLzgGgZuMaIc1OQ,5,good,0,2026-03-18 17:18:09,,,,en,Rocket
84c6b3cc-ef3b-450c-a1fe-8fc34c1ab983,MD HASIBUL HASAN,https://play-lh.googleusercontent.com/a-/ALV-UjWiw3KWUt5y5rZMoBAQbQCdhqh4NVkoh_sXkw4MmkvZJDesSWU,5,Good,0,2026-03-18 16:43:33,3.1.1,,,en,Rocket
94c2f237-6f17-4aee-acc0-2c5f93b7b70a,Mohammad Momin Sheikh,https://play-lh.googleusercontent.com/a-/ALV-UjWbeDKA23vh1Yn5EMSw2mBl8G7AFRjwuanrtTsrLWolr2ivacE,3,Rocket Agent to Bank Tranfer Chalu hobe kondin Tahole apnader Aro beshi sell Hobe distribution taka dite pare na oggrim b2b na dile. ete takar risk thake agent er. anpana bkash er moto rocket to dbbl bank linked system update korle agent upokrito hobe.,0,2026-03-18 15:50:39,3.1.1,,,en,Rocket
6e17d989-5463-4ee7-a022-b928a6038f25,Md Aminul,https://play-lh.googleusercontent.com/a-/ALV-UjU-5ZvUvEhQvfT34p0oaqxUqDRdVJgYWskrFT5Gj0F5FLI5iAFezA,5,wow,0,2026-03-18 15:44:39,3.0.13,,,en,Rocket
c90cb0ab-07b7-4b0a-86aa-2e3ffbb323b3,AG RANA BHAI,https://play-lh.googleusercontent.com/a-/ALV-UjUe6fvMD2am0uZtUb0Tc6u7JglhN0rxYz5xEjaZtIy5HQoThbxV,5,Good,0,2026-03-18 02:21:46,3.1.1,,,en,Rocket
5b16b871-b014-42a0-b4b5-a68ef918d11a,JOYDEB BRAC DABI,https://play-lh.googleusercontent.com/a-/ALV-UjUwGrM2cp1rKVIw9yeD6K3ipLDjwU50anInMstUSJlfvfvjdeQ,1,"I have been trying for a long time but I can't log in, what can I do now, I need to send my college money for admission, why has this app become so bad?",2,2026-03-17 19:19:21,3.1.1,,,en,Rocket
b82c13e1-444c-4c94-895b-29255fced5ac,riad prodhan,https://play-lh.googleusercontent.com/a/ACg8ocLsSynNHwXg2phfb-vj1XIaVoSWO4REj_w_Y5YLYm6c1TAS2Q=mo,5,good experience,0,2026-03-17 17:05:54,3.1.1,,,en,Rocket
96a57758-e005-4d3b-a201-405415b6e6c1,Md Alamin bd,https://play-lh.googleusercontent.com/a-/ALV-UjX-UzwK3ffgacve9G90yFozUD2WsgfttvXYucijXLuhxnCU_23t,5,good app,0,2026-03-17 15:01:59,,,,en,Rocket
2395ba4d-7961-4cc1-a2be-901d00cf6a82,polas Chakma11,https://play-lh.googleusercontent.com/a/ACg8ocLmCz4BThMOKVvis2RKKUPUii_slo4aQ-dAfTz8C39KH0dRhQ=mo,5,nice,0,2026-03-17 09:55:50,,,,en,Rocket
5277eef1-68af-4717-93b2-baef2794f565,Afroditi Khadiza,https://play-lh.googleusercontent.com/a-/ALV-UjUzGD_-UgOVhrxqkDq8Vc8t64ueJTUl5J0gaz6Z5iKbbC5vK7ok,5,ok,0,2026-03-16 23:37:33,3.1.1,,,en,Rocket
5dbb17d7-a7e4-4dbc-a8b4-865ecc625fda,md kobir,https://play-lh.googleusercontent.com/a/ACg8ocKPsTtEMKVmk2qwWySeFvH_1TZJ2uYyPhVx0tlB0L4AAy3Ycw=mo,5,ok,0,2026-03-16 19:47:11,,,,en,Rocket
70fb4230-b617-4fa3-a0fa-f61428234c91,NAZRUL ISLAM,https://play-lh.googleusercontent.com/a-/ALV-UjVNmPEbUIAxlIyAd4OV3Sf6h32nCMWpcsBlnmPF6sotqAKDmV8S,5,এপ্স দিয়ে যখন আমি সেন্ড মানি করবো তখন নাম্বার দেওয়ার পর কার নামে অ্যাকাউন্ট টা কার নামে আছে সেটা যদি সু করত ভালো হতো তাহলে ভুল নাম্বারে টাকা যেত না যেমন আপনাদের নেক্সাস পে মধ্যে আছে 🤐,1,2026-03-16 19:43:34,3.1.1,,,en,Rocket
737ba81b-3ad2-409d-bed5-c8f81aa7f224,Mahmudun Nabi,https://play-lh.googleusercontent.com/a-/ALV-UjVT-FjAttb3fnDL6bL2IclCsJGWh0oEh8QfvBu4MzKq6mwLpK6KlA,5,good,0,2026-03-16 18:03:31,3.1.1,,,en,Rocket
105376f3-45e4-40cd-9dab-72af58934788,minhaju abedin Nannu,https://play-lh.googleusercontent.com/a/ACg8ocIi5gIAMCbJf7pG1QT7HzN50907MgHmFgWDL1jkO8ZADW68MA=mo,5,Good,0,2026-03-15 21:12:40,3.1.1,,,en,Rocket
cc0147dc-70d6-414e-9d7c-53e60d2c75f6,Vaijan Vai,https://play-lh.googleusercontent.com/a-/ALV-UjVrXy6JvSikSxLEyIY_zVCyFbeYJWutcbc49heR5OtZiIM4wh4,5,wow,0,2026-03-15 20:19:57,,,,en,Rocket
fbf40df1-2a24-43a4-9cd3-32a8d03d7a23,Babu Ahmed,https://play-lh.googleusercontent.com/a/ACg8ocJZ6omOV2vgv7f6jd7htngraJIaf9Y0ETNatKF7hDNuTsArng=mo,5,happy,0,2026-03-15 18:44:33,3.1.1,,,en,Rocket
12a06b20-a527-4f62-a6fa-d850b7e52930,Md Sohelk,https://play-lh.googleusercontent.com/a/ACg8ocKreA-BDhdSD0cSxtG1r4A0OVj8slZWHX4cXM0D0z4YszbhIA=mo,5,good app,0,2026-03-15 18:37:33,3.1.1,,,en,Rocket
24a3cb30-0bc2-427a-a393-d64d2956bf57,Rashed,https://play-lh.googleusercontent.com/a/ACg8ocITBSU_5UHo4kc1PZux7Kb18lymhmE-0YUd5mWK9ljR7RXn7A=mo,5,good,0,2026-03-15 18:08:20,,,,en,Rocket
53bdf2bf-c26e-41d8-9602-c5177698c69b,Md. Al Amin,https://play-lh.googleusercontent.com/a-/ALV-UjUMoFucCJadr_yjbSBJqFnqxMc3YutiwCj-mwoIeEhfZK3IxWY,5,Good App.,0,2026-03-15 11:01:35,,,,en,Rocket
fa2ce508-65f3-42c3-9670-01e6ee5d57c2,A Google user,https://play-lh.googleusercontent.com/EGemoI2NTXmTsBVtJqk8jxF9rh8ApRWfsIMQSt2uE4OcpQqbFu7f7NbTK05lx80nuSijCz7sc3a277R67g,1,bolo package acchi Nahin chutkule ji rocket account,0,2026-03-15 10:49:55,3.1.1,,,en,Rocket
2815d640-8df6-464b-a94f-812819a22cfc,JISIM KHAN,https://play-lh.googleusercontent.com/a-/ALV-UjVcBhZAz2R-5XojjW3yPOuMUHbRxU50AfbOhAknVl9hMq4VXQk,5,good apps,0,2026-03-14 22:52:14,,,,en,Rocket
764ad094-3e5d-4f78-9f9b-642ff0384e16,Sd Bisno,https://play-lh.googleusercontent.com/a-/ALV-UjWFzy0fWcvNbGOzUhslQiBNQAMMySl2zcYAMKIgvXd5Gsff5YD1,4,nice,0,2026-03-14 21:49:05,3.1.1,,,en,Rocket
440533f6-3f20-4f5a-8eba-ed4fd31df47d,Sowrov Hin,https://play-lh.googleusercontent.com/a-/ALV-UjXET7a3IJ63syRZUAvCyZ96kwScpZUU5Oz3j0qUYRiJBG5T2jSd,1,improve kyc system,0,2026-03-14 20:22:03,3.1.1,,,en,Rocket
dfcdfeaa-a0af-43e1-b797-031687bd14a5,MD NASIM M,https://play-lh.googleusercontent.com/a-/ALV-UjXK7n9FCJGEiEN2k1oA_fzJKa-Az9ZwCb6XWJb77c-9rcWlkuNh,5,khob valo,0,2026-03-14 17:49:33,3.1.1,,,en,Rocket
612b2fe5-796f-4b61-8b52-a60906a223b6,MOHAMMAD SOLAIMAN HAZI,https://play-lh.googleusercontent.com/a-/ALV-UjUULb26mqkru20tPuI-Y-FoptXjHp1tHFjoVAEwyp1BIR88M46-,5,nice apps,0,2026-03-14 16:13:46,,,,en,Rocket
5dcf03e7-6ca1-4e74-8273-41e3e164aacb,POUl SUNNY,https://play-lh.googleusercontent.com/a-/ALV-UjUwFnLPp5bx8TaoRdZgNxCf-c6ply-FS8-33kgUHsyvvbcvQBvs,5,nice,0,2026-03-14 10:37:20,,,,en,Rocket
9e010bdb-df9d-49c3-8e8e-d66c4554b7c4,MD HAFIZUR RAHMAN,https://play-lh.googleusercontent.com/a-/ALV-UjU72Rajf-XoRqon2plsSWDxScoDsge846Hahw9XaTaR92CyWr4,5,good app,0,2026-03-14 09:17:33,3.1.1,,,en,Rocket
638cca2f-35d1-457d-836e-2bffa1a2711e,Rekha Begum,https://play-lh.googleusercontent.com/a-/ALV-UjVoVNvX5so23oCSp4PitUPv0BODCzGLOHqYmAZyds2BTfjcONfd,5,supar,0,2026-03-14 03:48:48,,,,en,Rocket
e447a325-933a-426f-85dc-e6fae3e7c160,Rajkumar Appel,https://play-lh.googleusercontent.com/a/ACg8ocIrIylEm1Kck7DhG7Cy6uTfqHBbgQ9ko-TOs92ZDAmoOwgKnQ=mo,5,very nice apps,0,2026-03-14 03:35:26,3.1.1,,,en,Rocket
7ba54c88-50b7-4a11-8a24-878545f4f179,Jasmin basky Jui59,https://play-lh.googleusercontent.com/a/ACg8ocJiXpgkpFAtyuDXLEXz4To244Y__3nWp--uDXvhrU_a-rCj8w=mo,5,Good,0,2026-03-13 09:33:59,,,,en,Rocket
9a928cd5-393c-49e6-9560-79434737d6fc,MDSUZON MIA,https://play-lh.googleusercontent.com/a-/ALV-UjWnISkSStyFE-XUZKiktjMlE6rlnfa2PNvN54xsxRNWG-ksk2jU,5,💷💷,0,2026-03-13 02:41:01,3.1.1,,,en,Rocket
18dd1c2a-8f60-4917-96c7-9541d880ae17,Shawon Ahmed,https://play-lh.googleusercontent.com/a/ACg8ocJz_7ZSghpwbdajfn_thZ4YKDIyKDe2KQcSJV9-SmKdZ8lIiw=mo,5,best apps,0,2026-03-12 22:58:17,3.1.1,,,en,Rocket
e34df45d-db52-479e-81d3-2d9121d82b69,AL-AMIN Islam,https://play-lh.googleusercontent.com/a-/ALV-UjUGd1Mk4VEsY-PC-cyMeCVLNwUV8spOc593-kyCNXbjOnEDrU4,1,ফালতু সিস্টেম লগইন হয় না,0,2026-03-12 17:43:35,3.1.1,,,en,Rocket
409129ac-e24c-450a-8606-2a7af3bfab98,RamZan KF,https://play-lh.googleusercontent.com/a-/ALV-UjVWYvEKufchrRJU2c1xiw7e6ySQrkejyxp1ECtIz9kI8ecxgnyZ,4,mini statement এ কাস্টমারের নাম্বার দিয়ে Search করার অপশন add করেন,0,2026-03-12 17:35:58,3.1.1,,,en,Rocket
f17360bb-a61a-4fb2-aaca-10032f1bb067,MD Raju,https://play-lh.googleusercontent.com/a/ACg8ocI6FalCgrOIET-U6jHRvwC0S_o0VVftUFDFjXS2X9uXn6CkrQ=mo,5,নাইচ,0,2026-03-12 16:27:47,3.1.1,,,en,Rocket
92df5be9-9131-4c04-a977-b5204bcff87e,M R Mohammad Rana,https://play-lh.googleusercontent.com/a/ACg8ocJi6BoBb0NbyHXrLh2sYAFSjAPQHmZ33XS7JIITesaMeSUeFg=mo,5,Good Aps,0,2026-03-12 14:39:30,,,,en,Rocket
f80545ad-bbaf-4dac-bf92-4b234ba78ba9,Anika Islam,https://play-lh.googleusercontent.com/a/ACg8ocJSjr-7q90lhaDrGWU42bFT3n1mVzc6AcdJNDS561mkb3vRPA=mo,5,very nice,0,2026-03-12 09:17:40,3.1.1,,,en,Rocket
c8e6992d-ebc1-4fe6-a626-c452c224841b,Sugandha Talukder,https://play-lh.googleusercontent.com/a-/ALV-UjUNhQQgKi9t5O170a-8VXewrT8ooggVh7pWt7zW3FikssdVwtU,5,nice app,1,2026-03-12 06:02:21,3.1.1,,,en,Rocket
dca850b3-2900-4db8-82e2-070ad25591bb,SABBIR HOSSAIN,https://play-lh.googleusercontent.com/a/ACg8ocJbPdEC8bwnYtJ8M0GH25888P2fhVvWLEaPBHH9R5_bAxm2lT0=mo,5,good apk,0,2026-03-12 04:48:22,3.1.1,,,en,Rocket
55974717-f4cc-4190-9955-bace975224fc,16 Sr sonic &vision md jasim Uddin,https://play-lh.googleusercontent.com/a-/ALV-UjWf3THa8tXaxKavBXHcjVWHIk_wN7Gncd3mR_0BFM5XaxgASdQp,4,খুবই ভালো একটা এপ্চ,0,2026-03-11 20:21:21,3.1.1,,,en,Rocket
4ee74e82-a75b-451e-a724-f3bc42d388ca,Indrojit Mistry,https://play-lh.googleusercontent.com/a-/ALV-UjV1Jb6EYQUcs-6XMYvBdQIMMb0qeohNQGvQ4UeR3-OANqQeado,5,Good app,0,2026-03-11 18:34:25,3.1.1,,,en,Rocket
0a71ad1f-0616-4e3f-abea-d1663c472c96,MCN mong,https://play-lh.googleusercontent.com/a-/ALV-UjWbC3Qj5vInclieu5q9YaVxBtZEj9w8LOOzQ2WXUBKzLHW_7mOP,5,wow,0,2026-03-11 17:34:17,3.1.1,,,en,Rocket
466d5980-aac5-4bce-9b7d-8ca75c28ead0,Most Muntahar,https://play-lh.googleusercontent.com/a/ACg8ocKX4hcx5wx8W3QennmLAOVwochzD6Gfxj6A_TDMj17DdkT0Eg=mo,1,nice 💯 app,0,2026-03-11 11:42:21,3.1.1,,,en,Rocket
ad2f4fbe-ed16-4350-a563-b1c5cbd7383c,Ak ONLINE SHOP,https://play-lh.googleusercontent.com/a/ACg8ocJMpMlh9b1YR0N_BE5wCymA5S28tIt6J3qAvFiT8aTCMTuKN38=mo,1,নিম্ন মানের একটা এপ শুধু পবলেম আর পবলেম,0,2026-03-11 11:22:27,3.1.1,,,en,Rocket
3ba1fb98-d256-4cf7-a450-09a861214590,Sk Shajmol,https://play-lh.googleusercontent.com/a/ACg8ocK4si67jMZMuVbGmu3WymXF6ZkI_-eZ2FPiC2ROl4xnQHzArw=mo,5,good,0,2026-03-10 17:37:01,,,,en,Rocket
cc716d75-deb5-4dae-9377-bd5e7b3ff179,Md Anower,https://play-lh.googleusercontent.com/a/ACg8ocLw2dRcILNyLI6P-9A6ack2nGMVumlx7SOvjxccCRuz5HEb7g=mo,1,Rocket customer service is so weak it seems like it is an illegal site it is so bad that it goes without saying that since Rocket is operating all over Bangladesh its customer service is so bad I called Rocket customer service and they deducted all the money in my SIM card while I was waiting and still I did not get the calling service. In my opinion no one should use Rocket apps because I wasted my time on it but I did not get the service someone will be in danger then what to do if I do not ge,11,2026-03-10 16:36:42,3.1.1,,,en,Rocket
2dba4d81-c2cd-4b28-9a54-a1a900b8e5a7,Anamul Hoque (Analok Vai),https://play-lh.googleusercontent.com/a-/ALV-UjVCWybkVxGD3mrhkSvLg2ZD4WfPTevZys4cncNUD7FimnrIDRw,5,"very good apps.. Robi,Gp,Airtel all discount package offer update need....",0,2026-03-10 14:52:51,,,,en,Rocket
1da5f37f-15ec-4975-a37e-3ccbbcbcd0de,Sakil Khan,https://play-lh.googleusercontent.com/a/ACg8ocKXnbny6INLL2Yqe3EudranwkLROartHAgDYnDvIuudhfiUYw=mo,5,nice app,0,2026-03-10 13:35:47,,,,en,Rocket
5e3f1260-1591-455a-aa0d-11664c13f416,HASAN hasan,https://play-lh.googleusercontent.com/a/ACg8ocL4rs6cbSU13ck6hU4KCclHUtPIdCkB_Pg1z9Ws25JGg7XMlQ=mo,5,good apps,0,2026-03-10 08:16:26,3.1.1,,,en,Rocket
dd8ac555-dfb4-45d4-a674-08e35e35bf6e,MD RAKIBUL ISLAM,https://play-lh.googleusercontent.com/a-/ALV-UjWVX9aev2P4AOIS11D5ykwqdDFRvBMdgBSSGiaB82YuPwFPld4x,5,good,0,2026-03-10 07:05:35,3.0.13,,,en,Rocket
a1725f99-721a-4301-8280-dfed9c820e14,SHOVO SARDAR,https://play-lh.googleusercontent.com/a-/ALV-UjUWcbCVPNvHNUmFT2AX3tHfCGVK_38_1PRuJhHzvO0uPkTz9-k,5,good mobile banking,0,2026-03-09 20:03:53,,,,en,Rocket
a604daad-8a65-412b-a255-ee74bec5751e,Miraz Zourder,https://play-lh.googleusercontent.com/a/ACg8ocI_n3KWnHY6kuMV51H4g9B81fssEBxvIlx1FmokExN65LC9yw=mo,1,ekdom dhoner app...khule account e taka thaka r porew account not active dekhai...kono help nebo...okhanew dekhai account not active 😂,0,2026-03-09 11:59:53,,,,en,Rocket
cc14542d-2604-422c-ad89-f1193b0e349d,nokib hasan khan riyad,https://play-lh.googleusercontent.com/a-/ALV-UjUVQeQEuN9om8WwrSgItrNkmdKBanIsyN6kLQNu_5ALewSPOoet,1,good,0,2026-03-09 10:43:04,3.1.1,,,en,Rocket
7e4435eb-5689-4769-86d2-03f90b90b9fd,Bro Vai Monju,https://play-lh.googleusercontent.com/a-/ALV-UjWx2XO8piv89X1ConRMIbcQYnSuBA-e1hjGniFOAbNhA2tWpchz,5,nice,0,2026-03-09 10:19:23,3.1.1,,,en,Rocket
362055fb-208c-4ebd-af03-6203105a9ecd,Shimul Hossain,https://play-lh.googleusercontent.com/a/ACg8ocKow98TuRyZu0FTHT27jXvRPSY2NgEJ7oDss0D917969KNfRA=mo,5,very nice,0,2026-03-08 20:57:43,,,,en,Rocket
9e9314a3-d21a-420c-83b8-cbe0c2f76835,Mohammed Sajib,https://play-lh.googleusercontent.com/a/ACg8ocLOY1dxUF4DE4vdpF5Bz1Lr2uSxAJB1KqThkaC48Gr0FFkitQ=mo,5,Good Service of Rocket ✔️,0,2026-03-08 19:18:59,,,,en,Rocket
630c1790-6bc4-4ed6-ab59-cee9e0908cbf,Md Sojib,https://play-lh.googleusercontent.com/a/ACg8ocJAA_cHGEw-W9evPVr4AoVVE4CtMpupZqyv3t6LzU0d0RXYyzU=mo,4,good,0,2026-03-08 19:13:45,3.1.1,,,en,Rocket
533e9f7a-2d51-4438-9015-e88883af7860,Md rasel Islam,https://play-lh.googleusercontent.com/a/ACg8ocJzrB7lHZF2nARbP4hqef_V_jCGAb5jsQxoHOAaxXhnsC0agw=mo,5,nice,0,2026-03-08 18:13:19,,,,en,Rocket
7bf076b8-60ea-43d0-88d4-9604c42826d0,MD BOY,https://play-lh.googleusercontent.com/a-/ALV-UjXXqRXiABtqabMB3IEM6pic5mc55GHPBg1dcaMFOXvqKMz58kM,1,ivr call not receive 😵😵,0,2026-03-08 13:57:43,,,,en,Rocket
fb76b977-da87-4ed3-bc38-39580c0824bd,Md Yeasin Mia,https://play-lh.googleusercontent.com/a-/ALV-UjWCDiiBLI60NyVA_eq5DNvJy3JM93N3gW_8_9120l4qQiT0fJL9,5,"The Rocket app is overall great for transactions, but there's a minor issue that needs fixing. Currently, we cannot copy the Transaction ID (TrxID) directly from the success screen or history. Manually typing it out is time-consuming and prone to errors. Please add a 'Copy' button or allow long-press to copy the TrxID in the next update. It would make the app much more user-friendly.",31,2026-03-08 11:25:40,3.1.1,,,en,Rocket
8eb5b361-49a6-4da0-9c79-88b075f90120,Macarius Ibne Mito,https://play-lh.googleusercontent.com/a-/ALV-UjWToj9-ShjdX1k_GnA0H-K4fw97fuIQuK5CBgk3A-9-oVMbtt8G,5,"great app, idk why this fell behind Bkash and Nagad.",0,2026-03-07 20:37:16,3.1.1,,,en,Rocket
26602e02-30ff-470a-b780-a03418fa7627,MD MUKBUL HOSSAIN (Sujon),https://play-lh.googleusercontent.com/a-/ALV-UjWh9nExBqFqx_NrwWxke_5URmXrObwknTvn9s7o_wzbkSZMmfTQ,5,wonderful apps and service,0,2026-03-07 14:27:05,3.1.0,,,en,Rocket
e9b3c4a8-eb90-4502-b37b-ebe893bc8e1b,Md Asad,https://play-lh.googleusercontent.com/a/ACg8ocIsharRJZfO6xCMSZbdlWEWyeIZWOMLdqUDjTNksGZPMOr0LQ=mo,5,rata apps on,0,2026-03-07 11:56:40,3.1.1,,,en,Rocket
0cfa0389-62be-4378-9377-d3f108dab14a,Manik Hossain,https://play-lh.googleusercontent.com/a-/ALV-UjWPGvtHSazNxawgXRU9VpGRkbfEYeXsFqRwSUgvis17XBLAvZpM,5,nice apps,0,2026-03-07 10:05:20,3.1.1,,,en,Rocket
ece0a99c-d92f-4731-bd57-26b55ae26324,Md Sagor,https://play-lh.googleusercontent.com/a/ACg8ocLnybPxdeXbLWFMsi7YtFQFGxjiuZ6zz93bOBorZSgRM9qB6A=mo,5,nice,0,2026-03-07 07:24:18,,,,en,Rocket
ab159583-9728-4888-8a80-152b4c4acc47,Ashikur rahaman ashik Ashik,https://play-lh.googleusercontent.com/a-/ALV-UjX53_7aAordzS_nJE2AXJut51SEwXUpDBeVPgtC3hUA21woHfo,5,হয়,0,2026-03-06 22:10:40,3.1.1,,,en,Rocket
8f5f3c9e-36e4-4cdd-a503-20a9bc2a5074,Md Hasan sarder,https://play-lh.googleusercontent.com/a/ACg8ocKmAbaM2px3f8FUkGHRhCHts7fZ4Wp-H8ymfQgrH7-h4fmLsw=mo,5,good app,0,2026-03-06 12:40:56,3.1.1,,,en,Rocket
26f5d6f4-c4bd-4f6e-99e2-975c2ff78404,Md Shahidul Prodhan,https://play-lh.googleusercontent.com/a-/ALV-UjVoWvhRoSkDbA10hSFBf0ubOiCjJgp6qgUTaXRV2ZhnER7pTAQY,5,ok,0,2026-03-06 05:05:11,3.1.1,,,en,Rocket
75794292-cf8e-4c1d-b9a4-5fa494ebfcdc,Rane Khan,https://play-lh.googleusercontent.com/a/ACg8ocJhlfURkjtAUgMK7I63vAJtiJx-TUForQ8Rh3jd0a456IU3BaA=mo,5,3500কামআহি বহ৷,0,2026-03-06 03:23:27,3.1.1,,,en,Rocket
08370c62-4753-472c-9b4c-904297ab7f03,Nasim Ahamad,https://play-lh.googleusercontent.com/a-/ALV-UjXF93UvA_XgAKKzjRGwu0nv3S2cQR4TaEkw9e7w3A64WDm4Jh0o,1,"sauar app akta, login faild dekhay bar bar",2,2026-03-06 03:06:43,3.1.1,,,en,Rocket
9fefa423-9619-4948-afd5-16477e651f46,Alhaz Paramanik,https://play-lh.googleusercontent.com/a-/ALV-UjWf6f1-jKQ61VXoveCFsvFAgl8D_5tzvZuxTXqCSAMc-Dpm0D_e,5,ok,0,2026-03-05 21:09:37,3.1.1,,,en,Rocket
934cd825-9bde-4ba7-bf5f-0b67bc9dcba4,Md . Ridoy,https://play-lh.googleusercontent.com/a/ACg8ocIDOxxmMj6--CL1eNw1OJNTUey5Ph8AgICk8YPsMev4lwCJCQ=mo,5,good app,0,2026-03-05 11:59:52,3.1.1,,,en,Rocket
3eb01f8f-5bf2-4ca0-8d6d-28344e6ef6de,Rofikul Rana,https://play-lh.googleusercontent.com/a/ACg8ocIKm77yHBlO9nERac7e1YXkZfKU9-d3kcI4GwJ8HW0Ip9u6Ug=mo,5,nice,0,2026-03-05 11:08:40,3.1.1,,,en,Rocket
c4844b2a-fb6f-430e-8841-0b8ddd130f32,Ferdus Khan,https://play-lh.googleusercontent.com/a/ACg8ocKFfDUF64ZtQ55noG8CKHdwzDOJ7ELN70SXGruA8emIb-s8lw=mo,5,nice,0,2026-03-04 19:47:33,,,,en,Rocket
bdc4b3cf-af90-4e93-90ef-2f01330a29d6,Md Mohsin,https://play-lh.googleusercontent.com/a/ACg8ocLinTqt_YTsY5nWzLfVaU6ay-IxWG1YQzYGnJUtFDyHVoueTw=mo,5,nice,0,2026-03-04 19:26:37,,,,en,Rocket
fb8e7bd1-4610-40fe-b1ed-865c7c68216c,Md Ibrahim hosain,https://play-lh.googleusercontent.com/a/ACg8ocJuStqjkkXRKTS13QB0CvwPZ0WwmKuMt6Uc2oJalQ8uBSDs9A=mo,5,good apps,0,2026-03-04 17:51:50,3.1.1,,,en,Rocket
0f19e0f2-b3c2-42f2-8c43-77482c314a66,Jishan hossain,https://play-lh.googleusercontent.com/a/ACg8ocJUdDpdDFuWi63CZhOg57xzHXs3qu0MazLiXIkBGE-k21BDcw=mo,5,nice,0,2026-03-04 17:37:00,,,,en,Rocket
c8126d18-1e58-479f-bf45-0373f8a08f61,Pran,https://play-lh.googleusercontent.com/a/ACg8ocJ7eyVa0c8trVhnxwQiFJzDmIZa4VU5bjyyT8zQ_AcqTQh5L8s=mo,3,add card and bank account,0,2026-03-04 15:06:37,3.1.1,,,en,Rocket
40fe1d4d-ae65-4953-837e-e0d42aa62462,Swapna Begum,https://play-lh.googleusercontent.com/a/ACg8ocLL-eF05tMqRzhZFlTATGCjMUit7a6gKLBSwUclNHmbx218Tg=mo,5,nice,0,2026-03-04 14:38:14,3.1.1,,,en,Rocket
afc75904-d67b-49c4-970b-741be74b88f8,Millat Sheikh,https://play-lh.googleusercontent.com/a-/ALV-UjUZTmsmwLscBatshKhv90eHzWhQAN1H0OGey6n9G-2E85gvFYU,5,good,0,2026-03-04 13:19:04,3.1.1,,,en,Rocket
b822f473-e69d-4a87-bff4-6bc3946818f8,Md Atikur Rahaman,https://play-lh.googleusercontent.com/a-/ALV-UjXiSYRvF7gnOfTj9qJpIx8wbZgv33raQDx9032aWg3JeQ5LddnT,5,Helpful,0,2026-03-04 02:03:22,3.1.1,,,en,Rocket
0466ba7b-95a3-40aa-8bae-9cf1279218a8,md Raju mia,https://play-lh.googleusercontent.com/a-/ALV-UjX8i9QBJeLwuZwPOIAzLWefD2OVBE203tP4kapAErrJQ4aAi-s,5,nice to,0,2026-03-03 22:07:41,3.1.1,,,en,Rocket
9459af89-1605-4a2b-bec1-135ce8d73d10,Rasel Boy,https://play-lh.googleusercontent.com/a-/ALV-UjVRmydlqzqTw50kJZe9039m9OL5AnYBA3ADpfqdX_X5arYYyKDy,5,nice app,0,2026-03-03 18:29:09,3.0.11,,,en,Rocket
ac82e9d1-12ad-42c9-8186-baa99a415d5d,A. T. M Siddiqur Rahman,https://play-lh.googleusercontent.com/a/ACg8ocKXBnfXTXj_AkC5-Y115QWgAeVYi2AAg-q6gvIr2IJbFhhuWqY=mo,5,বাংলাদেশের প্রথম মোবাইল ব্যাংকিং কোম্পানি। আমার জীবনে প্রথম মোবাইল ব্যাংকিং ব্যবহার করি রকেটের মাধ্যমে। রকেট একটি বিশ্বস্ত মাধ্যম।,0,2026-03-03 16:56:31,3.1.1,,,en,Rocket
751c4eb8-30b6-4b61-bb24-26f0453fdbcb,Shamimul Islam,https://play-lh.googleusercontent.com/a/ACg8ocJvoKethgyA0BMAXBRMnxw4BwrvlUhDFOt_cDL6lS9rlMA_KnE=mo,4,good,0,2026-03-02 23:00:26,,,,en,Rocket
688ffaf6-c912-4237-a08e-9ded932afd8c,Abdur Rahman,https://play-lh.googleusercontent.com/a-/ALV-UjXtUm3KSEFgXRaN4mxbNFj0KM4yB70Qqh0rntq3dnX-J_Vb3ODo,5,"রকেট অ্যাপস এর, যত ফিউচার বা সার্ভিস রয়েছে,, আমার কাছে খুবই ভালো লেগেছে, লেনদেন করা যায় খুবই সহজে, এবং প্রতারণা হওয়ার ভয় নাই, সবমিলিয়ে রকেট অ্যাপস এর, যতগুলো সার্ভিস আছে সবই আমার ভালো লেগেছে। ধন্যবাদ।।",0,2026-03-02 22:19:46,3.1.1,,,en,Rocket
b1cc09f5-4f43-4b87-8c3e-9d6c920d7c84,abdul hakim,https://play-lh.googleusercontent.com/a-/ALV-UjXgkGkKN1AYJi-pQsBcuJ7OIRq-DoP8FZva8JkMoS5RGxqI_2wp,5,good apps 2026,0,2026-03-02 12:41:06,3.1.1,,,en,Rocket
6f2836cf-31f7-47f6-a5ad-fbabe865233d,Badsha Alamgir,https://play-lh.googleusercontent.com/a-/ALV-UjWe_TkCjbFS53Mppi_zAX1qh-4Zqqq7AIbudwLRPuV7pM_6XG39,5,Amazing app!,0,2026-03-02 11:10:34,3.1.1,,,en,Rocket
90ba236e-9cc4-437f-be97-ba85888b4600,Rakibul Islam moina,https://play-lh.googleusercontent.com/a-/ALV-UjXukizV7zwRPWvyNyfTpzw9tzv7FE7kPGeQ7lWh1BX73oiNcw0,5,naic,0,2026-03-02 05:35:26,,,,en,Rocket
2779b02c-beeb-4323-9c46-d94df4065a2e,Apu Patwary,https://play-lh.googleusercontent.com/a-/ALV-UjWMRmED_wNrMi0juKCxoIwOreDkJZaDs71-geV8mEb0DN0Pz5t9,5,রকেট এজেন্ট অ্যাপস আলাদা প্লে স্টোর যুক্ত করুন Agent Fund transfer to/from his Own linked DBBL core banking account new update please B2B received BANK and B2B Send bank,0,2026-03-02 00:13:08,3.1.1,,,en,Rocket
d6aecdc9-18ee-40d1-8fa7-663a6ebe9b9e,Md rasel,https://play-lh.googleusercontent.com/a/ACg8ocJv9WNFvSnPaXb_hveHO5_MoLREvF97NBIWF5CgVI-9vTr-AQU=mo,5,nice,0,2026-03-01 23:11:27,3.1.1,,,en,Rocket
c0865020-8cc4-446a-90cb-7e9edc80ec57,sharif hsss,https://play-lh.googleusercontent.com/a-/ALV-UjXjs9LxtG3F7thL_RlcBKDXr_WmD8GK_tjIS6Fonf2Xdvnjvu88,5,GOOD APPS,0,2026-03-01 19:10:42,3.1.1,,,en,Rocket
fc4f1080-7846-4db3-b47a-76102b23ddca,Md Naim,https://play-lh.googleusercontent.com/a-/ALV-UjUcIbB6hVIXiUqy4IMx3DnIOeRfrZfu7G1IsswNa6KYdPQEfEHK,5,good app,0,2026-03-01 10:46:32,3.1.1,,,en,Rocket
25c82c62-65d3-4fea-87a9-e1e14d927b4b,MD Sayem Bhuiyan,https://play-lh.googleusercontent.com/a/ACg8ocIaqth6wNskGe0k3JeAk9hxEyimOpFBuR9lf6pNpO5RwTq9jQ=mo,1,SAYEM BHUIYAN,0,2026-03-01 04:04:29,,,,en,Rocket
b07f5cc2-1edf-4877-89a8-6d904096b965,Muhammad Yasin Arafat,https://play-lh.googleusercontent.com/a-/ALV-UjXGCtu6jFtxHwe3MQ9LYarSXS7K2zdNdr--QsoGIbIolfgBCKZc,5,good,0,2026-02-28 21:27:08,3.1.1,,,en,Rocket
f646a6c3-a723-4d77-8faf-b49043242e1a,Md Mstakim,https://play-lh.googleusercontent.com/a-/ALV-UjXGv8MM2O2Ti8z7ABqDUoAlY3mx_XZJTn5fnxeaGmtQqKhn4MM,5,খুব দারুন আপ,0,2026-02-28 19:26:31,,,,en,Rocket
ee13b7fe-49bc-43a2-86f7-dc1e980d8521,Shini Malo,https://play-lh.googleusercontent.com/a/ACg8ocKpaixzgO1psu51jkSsl_QRXBzskSOGzt44XISBKp1TCee1Ng=mo,2,op,0,2026-02-28 17:50:12,3.1.1,,,en,Rocket
d23f608c-49f1-4b71-8799-c7660eef9dc2,Hafijul Islam,https://play-lh.googleusercontent.com/a-/ALV-UjUAfce2-lj7YL5MO1o7AV6w1OLwWJUc1jKkqaxHzKvzhlH4fDMQ,5,good app,0,2026-02-28 16:34:59,3.1.1,,,en,Rocket
f89f7405-a6ba-49c6-aef8-506cb9822135,Sornaly Khatun,https://play-lh.googleusercontent.com/a-/ALV-UjV02Sla6FY2Y2IhHd3w6XIEeCYPicoQT7Fht0pbyi7a5ahDGqM,5,Good,0,2026-02-28 13:08:29,,,,en,Rocket
16ffc7ab-15e7-48ec-8a70-48794a470bd3,Abu jayed bd,https://play-lh.googleusercontent.com/a/ACg8ocI6INq2MXNPC9Cs2H58zMJDIogy0IPrWgWQwHotUc-lMPIxSw=mo,1,login system too conplex and hard,0,2026-02-28 11:28:17,3.0.7,,,en,Rocket
87b002cf-0384-4350-8b54-c1ac0057b3bf,Md Forid Hasan,https://play-lh.googleusercontent.com/a-/ALV-UjXtViiMIJ8S2JiGc6znqXxynatiGEKjdZNV7XIos9rer-xH8x8,2,nice,0,2026-02-27 19:28:12,3.1.1,,,en,Rocket
651398cb-3d34-4aae-bd9c-da7bdbce985a,T- Enjoy,https://play-lh.googleusercontent.com/a-/ALV-UjX5yEsB9pHqZ0fIrw8CT9-KDNAgPzVWCn7-MCMSqOh0r9Cb5k6D,5,nice,0,2026-02-27 17:00:09,3.1.1,,,en,Rocket
525273e7-350b-47d6-b00d-2711d730721f,JUNAID AHMED,https://play-lh.googleusercontent.com/a-/ALV-UjXhSy-CnwWbtTe_VeKPCaO8OkcXtGfQlg8xnMp4rD9E1ci7YLfC,1,"সাউওয়ার এপ বানাইছে, লগ ইন করতেই জান বের হয়ে যায়, বিকাশ বা নগদ এপের মতো স্মুথলি সার্ভিস না দিতে পারলে বালের এপ বানায়া লাভ কি?",0,2026-02-27 16:02:58,3.1.1,,,en,Rocket
3e923b32-7593-4bde-ba64-ab15e5dc60ed,MD Sakib,https://play-lh.googleusercontent.com/a/ACg8ocI9jwfkOlQDBBSDtYkvotXpvEREq4tiZqJLCkkOojzslhNqMA=mo,1,wow,0,2026-02-27 15:36:11,3.1.1,,,en,Rocket
48f49ee0-ad45-4efc-86d8-7fe94ba66b5a,Md Emran Hossain,https://play-lh.googleusercontent.com/a-/ALV-UjUXnCUf9BtxDrCsftPVjUURD-fuNJk6b1WKTNRJornwzRa8JJQ,5,Nice,0,2026-02-27 06:52:08,3.1.1,,,en,Rocket
c602789c-6c88-4a6d-bc02-6acbf6539f30,Shourove Islam Shakib,https://play-lh.googleusercontent.com/a-/ALV-UjXT6eVUOt8G22_iOPqkNXp7EGkEcb53BuzuKYgTBmV0NG8lLAQD,5,beast app,0,2026-02-27 05:07:35,3.0.13,,,en,Rocket
458c0073-dce4-45ad-a393-2d229efa2e82,Tanvir khan Prottoy,https://play-lh.googleusercontent.com/a/ACg8ocI8SsPwTJf8n8QHQpPEi3Gh4rZSWyKFrv3fTR0-pWlYA9WnD9c=mo,4,Wonderful,0,2026-02-26 23:33:44,,,,en,Rocket
0a4d03d7-1ec6-4f05-977a-74f8e37e73d4,Md Asrhaf Hossain Taskin,https://play-lh.googleusercontent.com/a/ACg8ocKFFFI9qW3_bq0ZKLIjO9PYyAcUt5xAlDv7eqA7-lEUoKYr=mo,5,good,0,2026-02-26 17:40:38,3.1.1,,,en,Rocket
ad9b528c-5300-4ec9-b7ea-5fc3f21746f6,Md Masum,https://play-lh.googleusercontent.com/a/ACg8ocI_cpxZMF-MIva9uvtR927dogP-q9qgRjezmWTPG1QYFTxV8A=mo,5,nice,0,2026-02-26 13:33:55,3.1.1,,,en,Rocket
768534cd-46aa-4340-8018-c25760d04013,Nafiz Hasnath,https://play-lh.googleusercontent.com/a-/ALV-UjUN4Lkax6AuFjZ659qu27VEOKqR0M4rf4OPDZGZl294n6WhCnqn,5,GOOD,0,2026-02-26 11:14:16,3.1.1,,,en,Rocket
8c1c4552-b942-49e7-81b7-d6a478148812,Lovely Akhter,https://play-lh.googleusercontent.com/a/ACg8ocLcT82nBXGtZsXpuZh5N56R3-ac9oVoIKs_3EQsiX9nrSCRlg=mo,5,amazing,0,2026-02-26 10:13:39,3.1.1,,,en,Rocket
d67d067f-6328-4c88-abee-9b47971ed181,Alom Pramanik,https://play-lh.googleusercontent.com/a/ACg8ocKiM8HC3H22Dz4fKJxDgbHtsESQwsv5jVcN5xbCi_hYDBloug=mo,5,good,0,2026-02-26 09:39:39,3.1.1,,,en,Rocket
7546142d-b04d-4cc1-b01e-f2663fc78e2b,Itz Imran1000,https://play-lh.googleusercontent.com/a/ACg8ocKcFMK42_sniBfeXLnbvmS2oFXJB3K0Td2HJrvmJuPTTimBNA=mo,1,log in problem,0,2026-02-26 06:14:11,3.1.1,,,en,Rocket
f14ac2ca-c683-4532-b45e-25db6fda2533,Nabila jaman,https://play-lh.googleusercontent.com/a-/ALV-UjV1sQCwK_ltkQmW90Z3Dju937mn3A2hOuwqzdMnCOf9u1kD-y-r,1,faltu,0,2026-02-26 06:01:09,3.1.1,,,en,Rocket
b005694c-222e-4111-96ac-6ce2e1d52e68,Sr Ridoy Raj,https://play-lh.googleusercontent.com/a-/ALV-UjUxnfy_PlgpqMHBhsgJLpC0qBjhF5e9LmMa7qEM6Q4B4RxByfKb,5,very good,0,2026-02-26 04:18:06,3.1.1,,,en,Rocket
c0e56581-f1b5-42ea-b71e-7f37a7cb17d4,Khan Robel,https://play-lh.googleusercontent.com/a/ACg8ocIu45QyhQQGdWg25hSdgxSsMTey0_aH3SPG4pU7uroECqxgYyk=mo,5,nIce,0,2026-02-26 03:21:05,3.1.1,,,en,Rocket
6a670c51-9099-45da-8409-e228cb5bf9a8,AM AJIJUL ISLAM,https://play-lh.googleusercontent.com/a-/ALV-UjWCH4gAcBT-D_WRJzxiF2yG4yI320OSrTbrNF1AtYujI4jeWVVBQQ,4,nic app,0,2026-02-26 02:59:20,3.1.1,,,en,Rocket
b562dcc0-8a4d-475c-ae40-8eab20707344,Poran Mahmud Ador,https://play-lh.googleusercontent.com/a-/ALV-UjWqxY8hMB96kR2qjS1FK8aLQuiIyMrIvvIUl7GY9eRuXkxzhwQW,5,nice,0,2026-02-26 00:50:10,3.1.1,,,en,Rocket
67a22f1b-9418-4e9f-a028-b97ae2a2ba14,Pintu Rudra,https://play-lh.googleusercontent.com/a/ACg8ocLebojK0fGWQjxo2FOREqmcmlODbfWdC3DfLv6T1pwE1DLtDw=mo,5,nice,0,2026-02-25 21:45:24,3.1.1,,,en,Rocket
8cdcad0c-0356-4c8a-831d-4fb1174a0ced,M.S Arman Hossen,https://play-lh.googleusercontent.com/a/ACg8ocKWXZiyIieq970277190zOd5yiAyQOLlCsTU_1pY-s8iUnO8w=mo,5,nice,0,2026-02-25 17:17:56,,,,en,Rocket
4a71d948-b69e-4393-afa9-6f2590337130,md Nasimkhan,https://play-lh.googleusercontent.com/a-/ALV-UjWmSdkGIBemhp3cSU46W3AsxuWv9Jsec-xCpLyWUBaI89LIE94z,4,good,0,2026-02-25 14:34:03,3.1.1,,,en,Rocket
3d1fa532-833a-4881-a13d-e623305d8d62,Shakil Hasan,https://play-lh.googleusercontent.com/a/ACg8ocJMJ9M-u7SMkjfhw8IMjlWfkcH-8BDro3aQBbvCnKQU41U4Dw=mo,5,👍👍👍👍,0,2026-02-25 13:34:32,,,,en,Rocket
dc0f76e0-77f0-4530-950b-f7ddb7688c6b,Biddut Ahmed,https://play-lh.googleusercontent.com/a-/ALV-UjVgWhBdWs90tH4kkv4vAxQk4EPaXyUNnqI3aCcvixXcd4_vIH7i,1,Can't log in,0,2026-02-25 13:22:33,3.1.1,,,en,Rocket
ff2694d5-54b0-45fa-b75e-7873f8a4d540,Md Kawser,https://play-lh.googleusercontent.com/a/ACg8ocIqF6AN37BUCbvo5jrv4LW_t_AjJkqm7GML7i3Sej8ZtZL0LQ=mo,5,Good,0,2026-02-25 10:13:35,3.1.1,,,en,Rocket
3d4f09d4-dccf-4d23-8333-44fb61a90a46,Shafiqul islam Shajib,https://play-lh.googleusercontent.com/a-/ALV-UjUIvBT6tBz5L-t6bDl2dBcKiHxC2i-celkynnrdYW4iK60OY4E,5,ভালো,0,2026-02-25 02:57:56,3.1.1,,,en,Rocket
15bb06d7-6d05-490e-98a9-338d243c92a1,Ahmed Rajavi,https://play-lh.googleusercontent.com/a-/ALV-UjX4laFEIE5F_xGYkRUMNSkiXyzwzBY7W5kEtrMMCEyFjSSfg82S5g,5,i am the Agent,0,2026-02-24 17:18:12,3.1.1,,,en,Rocket
d830eaec-d6a0-4b90-888b-b6ea983408a0,black 999ff,https://play-lh.googleusercontent.com/a-/ALV-UjXyL_vuVjqJXu_vB6XTTGxwq6uASSdyblQt66otGCXubt_Dn15h,4,wow,0,2026-02-24 17:13:25,3.1.1,,,en,Rocket
ce61cfe8-6e40-4c2b-b4f0-51c4525e1d05,AKD Jibon,https://play-lh.googleusercontent.com/a-/ALV-UjXOM61ZIJaV0oiikIX8-Xc6VHc2G4Q7QCMEnt5C3t27JOQvqjbI,5,good,0,2026-02-24 15:57:14,3.1.1,,,en,Rocket
9a320f51-4d54-4434-9b8b-3864a0df868c,Md sohag Ali,https://play-lh.googleusercontent.com/a/ACg8ocLn4CZdNPD3N6xuktYdXO0dHKvFof-noGZD_KgM-4mvss3PoQ=mo,5,kub valo,0,2026-02-24 14:40:58,3.1.1,,,en,Rocket
aa590cf0-afdd-49ba-931c-8faead423739,Md Apple,https://play-lh.googleusercontent.com/a/ACg8ocIwca_jjAfNlcS4NY-KSqbe7FFGSHbEEs4SteDOmNE3IOF6iw=mo,5,ভালো,0,2026-02-24 09:59:54,,,,en,Rocket
9f235a11-6415-4838-a0f7-83654545100e,Hunt DAVIL,https://play-lh.googleusercontent.com/a-/ALV-UjXRabpPEIcQdhLn3g_AYSiZTG7KOyszLgrCXV1TwpwnTpWYt2Ix,5,good apps,0,2026-02-24 06:39:57,3.1.1,,,en,Rocket
e5815c2c-5277-4c4b-8009-d8513fb1d628,ABH,https://play-lh.googleusercontent.com/a-/ALV-UjUANHiDAMYufba7sVt6LC109eqLzzOHtxmxlmRBKPIhA3uN2es5,5,💟💟,0,2026-02-24 04:33:11,3.1.1,,,en,Rocket
4ea653a4-bce4-4663-b371-8f02166b3adb,MD. ASHIQUL ISLAM TANVIR,https://play-lh.googleusercontent.com/a-/ALV-UjU2JIPY5ycwuaPaOyr7ydrxQTfDJb82-LueFzuMW1Y5wynb_JPqfw,5,Good Experience,0,2026-02-24 02:48:28,3.1.1,,,en,Rocket
1b7ae9d1-f3ff-46c6-a7b3-c21398ae7aad,Rohan Ahmed,https://play-lh.googleusercontent.com/a/ACg8ocI6zJ-bNqddQ1NHZbdkxktXUTapD0W0Yi4xc1x6D79ruz0hMg=mo,5,best,0,2026-02-23 18:52:03,,,,en,Rocket
e052b499-03d0-4fe8-a968-6c527ca6d371,RASEL,https://play-lh.googleusercontent.com/a-/ALV-UjUmwXCQfwdM1ZRIh-7B4XDHb6xcDCy6vi5778sfTSSlJpSaIi7r,5,super app,0,2026-02-23 15:42:03,3.1.1,,,en,Rocket
a6283531-a5e5-464d-8aca-6f4a411c25e3,SR Shohel,https://play-lh.googleusercontent.com/a-/ALV-UjWGBsHTOjhN0zIG4fPMu3hbVE_2brWsBs0EHXhJOsGyL-r1k4U,5,Good Apps,0,2026-02-23 15:00:59,3.1.1,,,en,Rocket
3dae9688-6d04-415e-a29b-94973307e7fa,Sahab Uddin,https://play-lh.googleusercontent.com/a/ACg8ocI7R4C1F9X0K1NTJ8dmp3WGt30-SwDzLhr8nChPaWav7loFSQ=mo,5,good rokat,0,2026-02-22 23:53:00,3.1.1,,,en,Rocket
610087b8-e28a-4d5c-9587-3d0f71afebd7,Md Mohin,https://play-lh.googleusercontent.com/a/ACg8ocLLKbkQdPclV9AYNd_4yvwojZkJmyNDYWJc10kfe5YWiMTG=mo,4,good,0,2026-02-22 18:50:20,,,,en,Rocket
07289682-b935-4177-b0b2-7f0796d6ac09,Md siam Miah,https://play-lh.googleusercontent.com/a-/ALV-UjVftq5N512j3vEjFETDFe6BCbk6IK8qXGb-7xa_JeJO3TJrVSlg,1,রকেট এপস আপডেট আছে তাও লগ‌ইন সমস্যা হয় লগ‌ইন করা যায় না এপস এই লেখাটি আসে/ Error A problem seems to have occurred. Please try after some time. OK এটা কোনো আপডেটের মাধ্যমে ঠিক করলে ভালো হয় ধন্যবাদ 🥰,0,2026-02-21 22:10:07,3.1.1,,,en,Rocket
a0591688-f82d-4ab0-84fa-38df28625336,MD Jiyadul Islam,https://play-lh.googleusercontent.com/a/ACg8ocJgd2U_1vKCSvS6zYIEYSQBxbVB5sbUIm3YVNM8gVUZro0GLw=mo,5,ok,0,2026-02-21 17:24:32,3.1.1,,,en,Rocket
0521fb45-db2a-429f-ba16-7ddb23348c84,Faruk Islam,https://play-lh.googleusercontent.com/a/ACg8ocJrKlhqno1xbEyf6ib6MJ2FUMzQSqFlYJf1h08fF6PYF6SjCQ=mo,1,good job,0,2026-02-21 09:44:28,3.1.1,,,en,Rocket
3f1e5cc4-21c8-4e7e-87bb-1d597a7ad9b3,Masud Rana,https://play-lh.googleusercontent.com/a/ACg8ocIZ9Egb-xABYCvE_svxRa97a0An-qqo-qQxOBK4AoWYHfmV3w=mo,5,nice,0,2026-02-20 21:30:51,3.1.1,,,en,Rocket
9af39a0c-a489-43ff-a329-687d067b861e,Masud Kayrul,https://play-lh.googleusercontent.com/a-/ALV-UjVQFWgOXXYD-NBmPG1VAfRugxh3l68gzd2FhpWolfC1ZQJkYkaT,1,nice,0,2026-02-20 20:12:10,3.1.1,,,en,Rocket
16cb488f-e09b-4476-bf6f-d1068fdfb45d,MD.SHAFIRUL ISLAM,https://play-lh.googleusercontent.com/a-/ALV-UjVTWH1zQLNFioWHOJ0LNpHU3Fasx6r8LkVl_wHb-oK-PJ651KWa,5,nice,0,2026-02-20 19:57:52,3.1.1,,,en,Rocket
0affe45c-9d19-48bd-a29a-6c7791e3bfeb,mdkabir khan,https://play-lh.googleusercontent.com/a-/ALV-UjVrnUFxmUm7a6VjjAzIZY4-h4o_HdJ4bXb_O9IxBMHrrPz1VgLS,5,ok,0,2026-02-20 00:20:55,,,,en,Rocket
7eb6594c-b542-4794-afaa-76208b8021e2,Nahed Hasan,https://play-lh.googleusercontent.com/a-/ALV-UjUINphiHyC86EKN8Qj8F3QTs1EzFP1ZTAeb2NLwnn_8z4aixAs,5,good,0,2026-02-20 00:07:24,3.1.1,,,en,Rocket
1d93c938-e1da-4988-96d2-7931bfd130e9,Md Rofikul islam,https://play-lh.googleusercontent.com/a/ACg8ocKFeFqH0n_9ZIw6DfIVUcp1fJUUHvngNjEftwu15eJHlyOvFQ=mo,5,good app,0,2026-02-19 20:17:03,3.1.1,,,en,Rocket
0f22828b-5b64-4e81-b04b-91133ec7f54e,Humayun Kobir,https://play-lh.googleusercontent.com/a-/ALV-UjV-6Hd_c1f_639V8C4DAzTJtlwFE3eJhYrr3Hss0aSuyt4yJ5lU,3,very very good apps,0,2026-02-19 17:00:32,3.1.1,,,en,Rocket
c256d538-e6d9-441d-8c2e-7d2cba19b92b,humayun kabir,https://play-lh.googleusercontent.com/a/ACg8ocLs2wI0LD-FlAVM8PWSVwXYs5vm89pGv7_tyvE5hqNQAjKaLQ=mo,5,nice apps,0,2026-02-19 13:01:49,3.1.1,,,en,Rocket
cdcff278-9e31-4711-88a0-1ec124af7f2e,FS Tifa,https://play-lh.googleusercontent.com/a/ACg8ocJIhuvMl0bDzor5OIJluhY244XOGUzzLXHp-RE4nUW3QDvTjA=mo,5,good 👍,0,2026-02-18 22:40:54,3.1.1,,,en,Rocket
b41e59ea-60d5-42a2-98aa-fe40c998ecf5,Jannat Akter,https://play-lh.googleusercontent.com/a/ACg8ocJYB6Xib-WZIhbt_UC5TxBc9ZvInrAQHPcyPfYY6oZvRu4mqA=mo,5,nice app otp,0,2026-02-18 14:49:22,3.1.1,,,en,Rocket
ec912192-92a0-4c15-9041-dcfd71cd178a,Partho Basak,https://play-lh.googleusercontent.com/a-/ALV-UjWhZHqivsWE3MjJpAPYeyzWMTIwP8w-IH8aDxBjIEWUDwU0gfIa,1,worst app total trash too much bugs so many problems,0,2026-02-18 01:47:50,3.1.1,,,en,Rocket
b0c4f7db-d5b8-476e-8413-e1dfda578a07,Rustom Ali,https://play-lh.googleusercontent.com/a/ACg8ocKHndjiP71mc5adHhVT4SzuxGtn2WrxNmpjKc4msAucKQyyJw=mo,5,nice,0,2026-02-17 16:27:09,,,,en,Rocket
59bc3d9c-c867-4f86-bcc8-70838201e2c7,Jannatul Ferdous Priya,https://play-lh.googleusercontent.com/a-/ALV-UjVBM_TxZNnndkPnqufIovbxb2ZgYOaleezIezvxWoR_5NwQXsn0AA,1,There is no option to register😤,0,2026-02-17 13:35:42,3.1.1,,,en,Rocket
1b1c61fd-35e4-48f0-b0ae-ba8821b2f468,MD RUBEL SHIKDER,https://play-lh.googleusercontent.com/a-/ALV-UjWBxvBrNLPLzWwBVW0kqV9docykYXaEDw7L47pjBXWxjBP0J5A,5,usefull,0,2026-02-17 04:29:36,3.1.1,,,en,Rocket
cc04f66e-0074-41ad-9c43-790e2a2047f8,SHAHADAT HOSSAIN (SHAHADAT HOSSAIN),https://play-lh.googleusercontent.com/a-/ALV-UjXjiR7JZ2uaDwQWoWHP3SOk0T13bsAE-7VEfkzQ5sbDFCm4xx9k,1,"বিশ্বাস করেন ভাই আমার দেখা একে বারে পালতু একটু মোবাইল ওয়ালেট 😡। একটা একাউন্ট আমি আজকে ৪ মাস ধরে খোলার চেষ্টা করতেছি। খুলতেছেই না। IVR আসলে ওটিপি আসেনা, কল রিসিব করে পিন দিলে বলে, দুঃখিত, যাও সেল্প একাউন্ট খোলা হয়, সকল ইনফরমেশন দেওয়ার পরে দিয়া, ঐ গুলা নিতে, চায় না😫। মানে চিন্তা করেন একটা একাউন্ট খোলার জন্য কি পরিমানে প্যারা নেওয়া লাগতেছে😡। কেনরে ভাই বাংলাদেশ এ তো অনেক গুলা মোবাইল ওয়ালেট আছে। কই ঐ গুলাতে তো এত ঝামেলা পোহানো লাগে না, মানে ভাই বলার ভাষা নেই, বিশ্বাস করেন মুখ দিয়ে গালি চলে আসে",0,2026-02-17 03:43:57,3.1.1,,,en,Rocket
4670e877-f9b2-420b-8b1d-2da542213321,Helal Telecom,https://play-lh.googleusercontent.com/a-/ALV-UjV8--vxIQaIRFbXagtLmsKmtdJP3tChnVCksKZYpldUOsa8HLs,5,ekyc update problem,0,2026-02-16 20:50:44,3.1.1,,,en,Rocket
c030aee3-6095-4983-acac-32c26430f305,Md Akash mia,https://play-lh.googleusercontent.com/a-/ALV-UjXdIwD7unYfq8byucnBi_dxPtqy6WEaF3ARQHMpEOkqa_Qfdj9w,5,nice,0,2026-02-16 19:43:25,3.1.1,,,en,Rocket
f644d04e-0d0a-4f7c-8b9f-5409210286fb,Shazedul Islam,https://play-lh.googleusercontent.com/a-/ALV-UjUiKnm2yyQXgNJo-FXz4MSm1tosjNkShKaACkKkb5umvy_IJFoXyQ,3,Nice,0,2026-02-16 19:23:25,,,,en,Rocket
ce161010-73f5-4923-8a89-411dd081bdc6,Alvee SixNine,https://play-lh.googleusercontent.com/a-/ALV-UjVmpkTG-67fFIbp0rIyMDwyIGFGJQCoG8peK9tfQkeMdWCu_p4,1,"This app is not good at all. This app does not give OTP to the SIM. It causes a lot of problems. In my opinion, bKash and Nagad apps are better than this.",13,2026-02-16 09:58:50,3.1.1,,,en,Rocket
a512f74a-8c27-4203-aaf1-229864df140b,Sumon,https://play-lh.googleusercontent.com/a-/ALV-UjU_0x5mkc0Fv8SeqlVsJd-EycsTBjPceQqKxELz3poIFunaSpUZ,1,bad Apps,0,2026-02-16 01:17:58,3.1.1,,,en,Rocket
44a6db24-329b-4d4b-a5ff-84ddc0c98d63,Mehreen Jannat,https://play-lh.googleusercontent.com/a/ACg8ocJMJIdCmoN_SIMUIwY42kcvRtrL1N_XaxfW0wTk9SNx-G_8Ew=mo,5,নাইচ,0,2026-02-15 23:49:04,3.1.1,,,en,Rocket
02d6aa45-fe96-4527-b470-d958a023cb90,MdRahel Miya,https://play-lh.googleusercontent.com/a/ACg8ocJwmA7DuXNLut8jrlo0oHaQayZLv45jFVn348GgUB_8aJtAUA=mo,5,nice,0,2026-02-15 22:05:04,3.1.1,,,en,Rocket
785d11ac-ec4a-4f05-a00a-cac81b6d2f55,jesan arko,https://play-lh.googleusercontent.com/a-/ALV-UjXZdahoXk-TAmwnF0P_2N2UXSOW6ns02CdERTuPIXDBfUQ6ZieE,1,Too bad sevice.Complain section does not work.App management is too horrible.,4,2026-02-15 21:14:27,3.1.1,,,en,Rocket
585d81dd-e0ea-4124-ae68-f5530e8dadad,Borhan Ali,https://play-lh.googleusercontent.com/a/ACg8ocLqll77_TOEDDBripY-MzSGjuXxkCYmXU3W-dpSoMaUqkacOA=mo,5,good,0,2026-02-15 16:51:22,3.1.1,,,en,Rocket
ede1130a-f928-4c4f-bde9-232d4514f839,Sky Hannan Khan,https://play-lh.googleusercontent.com/a/ACg8ocLt68HW_01vdOwVMdjrmAG9DCqsZfkHHBqu3I1VRYCoRAK6-w=mo,5,হবে,0,2026-02-14 22:35:30,,,,en,Rocket
cb3172a2-7a11-464d-bfe9-20c3a34570ef,MD SHOFIKUL ISLAM,https://play-lh.googleusercontent.com/a/ACg8ocKSxsOPW-8RiMdVRu_YeainOCrHRpnbjH3otA59JMSVBXysEw=mo,4,ভালো,0,2026-02-14 22:31:27,3.1.0,,,en,Rocket
29d74ba9-50f3-495c-906f-29d147024012,Md Salman,https://play-lh.googleusercontent.com/a/ACg8ocKN5r6Ty0rZeBMiNNlGUpyuujocQf8m0NdrkzkqDa60aMtrJg=mo,1,app not working,0,2026-02-14 20:29:19,,,,en,Rocket
897af1f3-a178-4e34-9a20-bebf24745f56,Md Al Mizan,https://play-lh.googleusercontent.com/a-/ALV-UjX2AKIKFaQChXldLcV8nAkfaTehbyzA_CqJKA0Anjm9OrOVNDOd,4,nice,0,2026-02-14 19:37:03,,,,en,Rocket
e43bc117-7af4-4699-addb-a411b59a728a,Md shahinur Islam,https://play-lh.googleusercontent.com/a/ACg8ocK0KDgBSvT5VDl894LVRZRL_xjkbx1kFMkBZtjek_jRkxrQQA=mo,5,good app,0,2026-02-14 13:45:32,3.1.1,,,en,Rocket
b0a574e4-ce93-4f96-8edb-da83100ae5d9,Sm Anwar2,https://play-lh.googleusercontent.com/a-/ALV-UjWJqVi-UE47GHrXgpSEBaZsXYaSl-jD2yzcEX3uYO13eifeWf8,5,সুন্দর,0,2026-02-14 12:16:25,3.1.1,,,en,Rocket
9e216412-68c4-45c6-a85c-4c82dcdad8ca,sk shahin Sha,https://play-lh.googleusercontent.com/a-/ALV-UjX0dR0dTURtoP1YE2Bs5VPviSR0mbblnJZCkeM-O6-T_BtdCO83,1,wow,0,2026-02-13 23:38:41,,,,en,Rocket
900298da-e85d-4e4f-ac03-b0eaf2ba4401,Sagor Bd,https://play-lh.googleusercontent.com/a-/ALV-UjX24nCQJC3vlGcdVCWRXYRXynpTiwCC0mEYlX2pEY-ZZyYjqSE,5,nice,0,2026-02-13 21:36:24,,,,en,Rocket
d715fdd4-073d-4ebf-9fbb-10f73b823f05,Bf Babu,https://play-lh.googleusercontent.com/a-/ALV-UjW8fOSRCOEgtaPjZ1YwSdGGqwBKI5SK6k1we1javJg4TI8NpNc,5,খুব ভালো,0,2026-02-13 20:15:56,3.0.12,,,en,Rocket
c8bdeba4-4e78-427d-b810-85e1490dae65,MD.M9NIR HOSSAIN,https://play-lh.googleusercontent.com/a-/ALV-UjUSUSC4sSsRSOpZBY4Vp1n-4bu08zqrDoBy0e7siW5wxsSwi1vV,5,Good,0,2026-02-13 18:57:06,3.1.1,,,en,Rocket
4d4b232c-549b-445c-a393-54e2f3961b7e,Salma Aktar,https://play-lh.googleusercontent.com/a/ACg8ocLD04cDOnAgsv1cT9TERkG5MjA-ejsEZxWe6kAml38jE6wfvQ=mo,5,Nice,0,2026-02-13 18:51:39,3.1.1,,,en,Rocket
873dcc2b-4d72-458b-a878-b5c67e0ff967,Abul Kalam,https://play-lh.googleusercontent.com/a/ACg8ocJzMlIKkp9X3qzYafYF3322LarXT7ZPhPTYaYW_m7EnTEoP0A=mo,5,good,0,2026-02-13 10:14:09,3.1.1,,,en,Rocket
128625cf-c1c9-4896-8272-fe66361b9de0,atin biswas,https://play-lh.googleusercontent.com/a-/ALV-UjXqrnAtLsjGr-S0QjcEiAfeLC-B2UxwjN8355mQTtoVPSSD4P4,5,Best,0,2026-02-12 19:29:27,,,,en,Rocket
cd023453-c253-4914-b778-deb3ae92a8ec,asm Hannan mahmud,https://play-lh.googleusercontent.com/a-/ALV-UjWILbZzv7LNVj_lBaP-p3qJm8eB4goE15t53b0z3b9qjf3tSbsl,5,Nice ap,0,2026-02-12 10:45:53,3.1.1,,,en,Rocket
7bd15c73-170d-4317-85a6-48cf7d07d5ba,arohi arohi,https://play-lh.googleusercontent.com/a-/ALV-UjX5i_TpvxxNLTzfDyfbZAKwhrATF-hA2ygDf9B6HcnPBdj8JpM,5,so nice,0,2026-02-11 23:32:38,,,,en,Rocket
86433f44-09cd-47b8-98fc-471020333b0e,dish DP,https://play-lh.googleusercontent.com/a-/ALV-UjUu6_VA06bLiyTtjVI0vya3MkcSKeYrXSJJTAh_R-J3zuQqpfCL,5,নাইস,0,2026-02-11 23:17:47,3.1.1,,,en,Rocket
f4fbc95d-33e0-4b88-93e0-3ffde9248071,Marajul Islam,https://play-lh.googleusercontent.com/a/ACg8ocIFdYtWXPQXZELQ-4gY-SPQMJFBrUTs79lRXPRZLsoygcFIog=mo,5,good,0,2026-02-11 14:48:41,,,,en,Rocket
b4cbb8f3-3c90-44ba-889a-19d898ecc944,Ashik Nur,https://play-lh.googleusercontent.com/a/ACg8ocJptppNS8SsSpMndp0QxnkzdAjkg7obPKngmPf29YtDSk9SEQ=mo,5,এই অ্যাপ টা আমার মোবাইলে লগিন হচ্ছে না,0,2026-02-10 08:38:41,3.1.1,,,en,Rocket
d28c4bda-00b9-482c-b750-0f8319b49394,Md Anamul,https://play-lh.googleusercontent.com/a-/ALV-UjVE2NUlbfFADvmtMgFfRFauhK564vSw5IpAAgkDqKsbTMKkmKh6,5,nice,0,2026-02-09 21:43:48,3.1.1,,,en,Rocket
e869a29a-5933-4980-9052-b4e9f68cec2a,Md Abdul Hasim78,https://play-lh.googleusercontent.com/a/ACg8ocLwYar-1gfNtn14H2WAmug7Y0JtgDQi4VZ8kcg5aYgI-AXmHQ=mo,5,good,0,2026-02-09 19:47:36,,,,en,Rocket
5ad30042-9855-4737-8423-edc94a08e6fe,Box Bangladesh,https://play-lh.googleusercontent.com/a/ACg8ocJ-xyzO5uJz16PEzezIBgZ4ZIPp7Nkux5wqrzm7Fkx2q3ZAFA=mo,5,help me peace আমি একাউন্ট নিবন্ধনের করছি একাউন্ট ডুকতে পাড়তাছি না কেন,0,2026-02-09 11:55:40,,,,en,Rocket
450076a2-9b33-4b65-aa38-c8bbcc557258,Arif hossan Asif,https://play-lh.googleusercontent.com/a-/ALV-UjXriY8sH-z1Rml5J_rse9jHBXb7klRoNnwmOVvxf1plsmpRaDDR,5,💖,0,2026-02-09 11:10:48,3.1.1,,,en,Rocket
99eb0620-06d5-448c-93c1-7d02ef83bde7,Md.Humaion Kobir,https://play-lh.googleusercontent.com/a/ACg8ocKEb1OGGn_bkGtPI3cAVUkScqn676wDijoYZVoTsdoSm5z5dQ=mo,5,I am getting a lot of help from this app.,0,2026-02-09 04:06:30,3.1.1,,,en,Rocket
02959366-fddb-44ff-b1f4-90d1b13f9dd0,MD: Nurmohammad Rasel,https://play-lh.googleusercontent.com/a-/ALV-UjVVNIafHzHu1cmsNg9B6yz7_XBYlN3sHzboosyY2f19ShyYB4FR,5,thank you,0,2026-02-08 20:39:21,,,,en,Rocket
e54094a0-f321-43b0-85dd-b9c0596b9a6c,Rejowan Badsha,https://play-lh.googleusercontent.com/a-/ALV-UjVw9dWC3w3ICVZWbwurWcIORw-hy2FDwkUBFsvoS9GtFM4j1EQ,5,Best,0,2026-02-08 20:24:13,3.1.1,,,en,Rocket
85a6ff96-ec4a-437c-abc7-4ba55ddf98fc,Md Sani,https://play-lh.googleusercontent.com/a/ACg8ocL4mLmozcg8TLgNqdIzN_ZfEEom_pF0u2CBPC2vql0545dZvQ=mo,1,"Rocket app is installed on my smartphone and one Rocket account is currently logged in. However, there is no option within the app to log in with another Rocket account. As a result, I have to uninstall the Rocket app, then download it again and complete the verification process using the number of the account I want to log in with. This whole process is quite time-consuming and inconvenient. Therefore, I kindly request the Rocket app management team to add an option to log out and log in with",102,2026-02-08 17:30:41,3.1.1,,,en,Rocket
3b062ab4-8120-4a38-bef4-4c21c93fe69b,Sajjadul Hosen,https://play-lh.googleusercontent.com/a-/ALV-UjV1l1jmBRebq4X6mUW0isoKrUe2u6iBEW1KmPZIiTxPx7BB1KWy,5,অনেক ভালো একটা app আমি ব্যবহার করছি আপনার ও করতে পারেন অনেক মজা পাবেন কথা দিচ্ছি🥰🥰,0,2026-02-08 10:19:37,3.1.1,,,en,Rocket
04235286-0484-4536-a32a-6c8c9fbc58cf,Psl pal Psl pal,https://play-lh.googleusercontent.com/a/ACg8ocLBxhQ4Yt8KnosPKrG_7vX2zZ48ra0TBomX38ppvwcvDY8Ozw=mo,1,sir amar phonne suport nissce na,0,2026-02-07 21:52:55,3.1.1,,,en,Rocket
d56aa8bb-563d-4f3e-885a-fbabbb956697,Noman Ahmad,https://play-lh.googleusercontent.com/a-/ALV-UjXjxJbpziUxMlfha_W_k_SQ86xvzcE5Qj6E2GiPdwEvua9JIvQk,1,সুন্দর এপ,0,2026-02-07 19:53:34,3.1.1,,,en,Rocket
ecc7e922-ca6e-406b-8464-2493b9a844f2,mst mim,https://play-lh.googleusercontent.com/a/ACg8ocLEVefeFsStR_gpaGHRjIvOpSV_EqiZAQU8ebrvmNSsKTr0Kw=mo,5,wow,0,2026-02-07 12:40:13,3.1.1,,,en,Rocket
a4d55465-788f-47e5-90f1-8a3512b7b9b3,Mosiur Rohoman,https://play-lh.googleusercontent.com/a-/ALV-UjXswtCWUvkTDqDSyOyHlzTUpNzL19DhJyk7axyfJLxSrrzb4QHX,5,good,0,2026-02-07 04:11:18,,,,en,Rocket
65190545-83de-4a88-8347-bfd328d621dc,Prosanjit Roy,https://play-lh.googleusercontent.com/a-/ALV-UjW1TXuCtih96IT-7FHct1EcXqTKJ-YwiSyz7opEfUBx916_Exbl,5,nice,0,2026-02-07 03:51:22,3.1.1,,,en,Rocket
ba9a3e14-b69c-4dea-8c74-b62e5309c185,ananda mazhi,https://play-lh.googleusercontent.com/a-/ALV-UjUk3KqqRFItOpecKTfyN0Mm3usnm-PKfK4XnUuinjxtTBL5VViE,5,100% payment platform ♥️♥️♥️,0,2026-02-06 21:49:56,3.1.1,,,en,Rocket
ad990500-8c4f-49b0-b589-4915f9fef6b7,Nodia Hasda,https://play-lh.googleusercontent.com/a-/ALV-UjWA0uXwXPhwu6YU_OpuAUfcxQcgav0ulBWY7IUUfgN6AtXm3O4,5,good luck,0,2026-02-06 20:55:58,3.1.1,,,en,Rocket
eb22edcb-c526-47e3-8da1-a1610d0f1b43,Abdur Rahman,https://play-lh.googleusercontent.com/a-/ALV-UjVy7cz1XzGJYUgmMrGP5xVlIbR6ycA-7IlRp6LH4amkw-jR1v7f,5,nice 👍,0,2026-02-06 19:34:56,3.1.1,,,en,Rocket
7ee46af6-1405-4ab1-bcaa-2d0b482e7e78,Syed Belayet,https://play-lh.googleusercontent.com/a-/ALV-UjURp9rHDT4qHJn76Qp18mOfJeJXDdTh8_onGvojWH9hy8wCHF8P,1,Scrolling problem,0,2026-02-06 16:55:39,3.1.1,,,en,Rocket
140c01e8-9f81-4811-8304-c42d61cd946f,Md Shihab Pk,https://play-lh.googleusercontent.com/a/ACg8ocKRo0-aBtqbrPF3NzGeSYx3leJEUDdLPEKpvGQI-IuKe7pdGg=mo,5,very good,0,2026-02-06 12:37:44,,,,en,Rocket
127df338-5ea9-4394-acef-80c44bd915c5,Md. Zaif Imam Mahi,https://play-lh.googleusercontent.com/a-/ALV-UjVhaPp5SW3gXLljGBMqYMIQ_lKdiAjx2Ozj1DAzE98akqDdg0p1,1,"BPDB prepaid meter's old series like 101100***** are not listed for validation please solve this issue. Also, the rocket app has UI issue (not in safe area)on my device. My device is Samsung M21. rocket app development team release new update recently. I do not see any changes yet, which suggestions are mentioned by me. So, it will cost you a one star. TIA!",42,2026-02-06 12:37:22,3.1.1,,,en,Rocket
dbf6d8be-cf1c-41b7-baec-3160dabcda5e,Md Lutfar Rahaman,https://play-lh.googleusercontent.com/a-/ALV-UjVU8Zhektl8Q0H7oIWr2c4Lq-xCH695Bg2rD_8BhBJt1sE7_Dw,5,fine apk,0,2026-02-06 11:53:52,3.1.1,,,en,Rocket
795a7a0c-dd4b-46e3-bde6-26c645adfc00,MD MOHIUDDIN,https://play-lh.googleusercontent.com/a/ACg8ocLCzoL31M4FfHluQ3KDkEMyb35dparhSrjPyEe2KVarRj_it3o=mo,4,"If there is a Dutch-Bangla Bank ATM booth near your home or office, then Rocket is the best option for you. If you withdraw money using an ATM, you can withdraw money at the lowest rate in the market (Tk 9 per thousand). Also, if you are a student (on scholarship) or a DBBL bank customer, Rocket is a must have on your phone. But in terms of smoothness and user experience of the app, it may lag behind Bikash or Cash. Rating: ⭐⭐⭐⭐ (4.2/5) - Best for ATM users.",25,2026-02-06 02:40:06,3.1.1,,,en,Rocket
feb8cbe4-187a-48b0-85e5-0a2c8a0fdba2,Mohammedomor,https://play-lh.googleusercontent.com/a/ACg8ocKdjWmDELledA0fCs0dtqZaNaM4EltC8nKO7f0dFLTFIw3Vpw=mo,5,nice,0,2026-02-05 21:27:50,,,,en,Rocket
5a2d78b9-bd63-4966-811e-e887e81799dc,M Aikjdh,https://play-lh.googleusercontent.com/a/ACg8ocLsKDM-l06gvoGHq4dtSwlxMfjiOOyAfXUDgOunn9omSnbxig=mo,5,good cish,0,2026-02-05 12:31:13,,,,en,Rocket
e7683dd8-4ee8-4a46-8dad-42c305daeddc,Lima Akter,https://play-lh.googleusercontent.com/a/ACg8ocIL0Ypj5Fj1l98rA5HTp22XZovLthyy4Y_XFM7XVmtCi8YTHA=mo,5,good app,0,2026-02-04 23:24:44,3.1.1,,,en,Rocket
0554b260-6501-4c43-8f7c-7170cbcfe232,Jibon chandro Barmon,https://play-lh.googleusercontent.com/a-/ALV-UjV1eC02It_fzGf37m6o6OF1aIctg7HlbudvajGCmQ-MPuN9qF0-,1,রকেট এ ন্যানো লোন চালু করুন। সব গ্রাহক যেন এই লোন নিতে পারে। লোন লিমিট ৫০ হাজার। লোন পরিশোধ এর মেয়াদ ১২ মাস। এগুলো করলে সবাই উপকৃত হবে।,0,2026-02-04 22:10:16,3.1.1,,,en,Rocket
e4e29c66-d1c9-45e3-9fc4-4e4227a953f0,Sakil Sarder,https://play-lh.googleusercontent.com/a/ACg8ocIVOgawYHsBEj2ybzSXZjRP2_98FsubTCCzEqwmqe3TwdZBOg=mo,5,nice,0,2026-02-03 23:59:38,3.1.1,,,en,Rocket
e94bbfd7-4477-41c5-847c-0325325e1f59,ঝাকানাকা,https://play-lh.googleusercontent.com/a-/ALV-UjV3gsV4UKtxlZLnKv8a9Tsw5CbGesHAHrOyMvDareDSiHdWTgW8SQ,1,Too bad 👎👎👎,0,2026-02-03 21:04:55,3.1.1,,,en,Rocket
3bf686fa-2ea1-49b9-b1f2-0a1c0e2cee5c,FOYSAL SR,https://play-lh.googleusercontent.com/a-/ALV-UjUDYhP_MkUy7C8BkA6ATPQE-q2VMtW4jS_iSOaQdZO2KCCor5xb,1,kyc problem nid pic no uploaded app maintained missing,1,2026-02-03 20:40:43,3.1.1,,,en,Rocket
95113f96-0dce-4e69-acf5-7d65b71489e3,Imran Rabbi,https://play-lh.googleusercontent.com/a-/ALV-UjUgIh_S96NGJ0KWoT-3UTfRK3XaF1Ym9TnHlZ7Z1kCRD13YXBER,5,প্লিজ ভাইয়া সফটওয়্যারটা ইমারজেন্সি আপডেট করুন,0,2026-02-03 09:43:35,,,,en,Rocket
2bac068a-0fda-45e3-94b2-b2b926c0841e,Md Nasir,https://play-lh.googleusercontent.com/a/ACg8ocJNnB_bFADO2b-GCed0srijNIDpR_TD4LYrKuY7YYOJanI0LQ=mo,5,nice,0,2026-02-02 14:49:56,3.1.1,,,en,Rocket
c95b0731-b98e-43b6-aeec-6b6189bed404,Iliyas Ahmed,https://play-lh.googleusercontent.com/a-/ALV-UjU8ZtjrzgdfqJ-DHE8hZQ3eUQM9r1vf2moEyHXXv5P8Zs0Utr8g,5,Flawless app.,17,2026-02-01 19:18:24,3.1.1,,,en,Rocket
ff2b3eeb-ffe1-48ee-8e48-0778aa2eb3d0,Md Zahid,https://play-lh.googleusercontent.com/a/ACg8ocIU-flrLIlkiTkjfRbMp9tE3AOOzdc621l7uM7oahKwhmDUtg=mo,5,helpfull app,0,2026-02-01 07:49:39,3.1.1,,,en,Rocket
c9ff1eb5-2f83-41ab-a4de-036b194127b1,Note one Realme,https://play-lh.googleusercontent.com/a/ACg8ocI8apqcjDa2PZnGJM1Fd9KlufjdBugoa3RC54iY23zraRlJLQ=mo,5,"রকেট অ্যাপস ইনস্টল নিচ্ছে না, আমি সঠিক পিন দিয়েও প্রবেশ করতে পারতেছিনা, পিন কোড দিলে ত্রুটি সমস্যা হয়েছে আবার চেষ্টা করুন এই লেখাটি আছে সমাধান চাই",0,2026-02-01 06:28:21,3.1.1,,,en,Rocket
f389c500-57a6-4f65-a5ad-53abcd5a6273,Sk kamal raja,https://play-lh.googleusercontent.com/a-/ALV-UjW0Oaa0Ph_sI_lF2wUBMu4dK0WPDkBlBCrrskT4JxLbuptZL9CV,5,good apps,0,2026-01-31 23:24:45,,,,en,Rocket
712fd99c-62a8-46af-97e8-f40b4be56ac0,omur faruk,https://play-lh.googleusercontent.com/a-/ALV-UjXp2sX0Zjq_VSE5MFRYIAl0f44QYw2IE8SdfpNO0CRYGnHgsLs,5,Good👌,0,2026-01-31 22:53:35,3.1.1,,,en,Rocket
0d8ef16e-8186-43a1-941d-3ac7d74a6415,BORSHON HOSSAIN BADHON,https://play-lh.googleusercontent.com/a-/ALV-UjUdEuig4MyI-IcV-BZXvirG0iKnz0SBH5FcJEe05FLx7ndcup4,5,Great App,0,2026-01-31 21:43:43,,,,en,Rocket
e8b78916-e44e-4dd5-9c2d-8f1c56fd2c9f,MD SUHAN,https://play-lh.googleusercontent.com/a-/ALV-UjUP-Fklk3S-qASNSn7PaiqZDjPix3Pcxrg5ibTP-uQ3Kv3yn2pv,4,Good👍,0,2026-01-31 15:05:29,3.1.1,,,en,Rocket
7500b0a9-1a08-4dbf-8db4-83e1fe03d941,King Emon,https://play-lh.googleusercontent.com/a/ACg8ocJUf5mGeAXFD1yzQpzMwY68d8T6N3QM7mFe8L1jOtrmy6Giz_k=mo,5,ni❤️❤️❤️,0,2026-01-31 14:27:47,,,,en,Rocket
fc2b7cc7-00d2-45c5-8fe6-09f913e21db2,MD ALAMIN MIA,https://play-lh.googleusercontent.com/a-/ALV-UjWt1VDjxpcW3QrdNnlF-U2-UYaawz-unAFpi2o8TYhjsGvjYJk,5,nice,0,2026-01-31 12:29:55,3.1.1,,,en,Rocket
56621c58-ed72-4e37-867e-ff6410383ea5,RIFAT HOWLADAR,https://play-lh.googleusercontent.com/a-/ALV-UjX4r20CcAiTXEXoq6Wfr9Ydf-GXkq7J_A2P5XEV6pXn16kAETjk,1,good app,0,2026-01-31 00:22:41,3.1.0,,,en,Rocket
fb6e0160-96b3-4476-b2ae-b2af4548ef14,MD HARUN UR RASHID,https://play-lh.googleusercontent.com/a-/ALV-UjVR9todC2abpZ88kxTjaArV8ofJclnhhPB6D8sHl-QfJwgjAvns,5,এজেন্ট এ অ্যাড মানি সিস্টেম করুন যেন 24 ঘন্টা বি 2 বি নেওয়া যায়,2,2026-01-30 23:18:34,3.1.1,,,en,Rocket
0f2ff052-464e-42c4-a8d8-c6e4d014b009,Sagor Ali,https://play-lh.googleusercontent.com/a/ACg8ocKd25jYYEwytrDKFmWHmfrHRX42PyoiCnjGAvyejxBJIkHX_g=mo,5,Nice,0,2026-01-30 11:54:14,3.1.1,,,en,Rocket
40e4e137-7398-4315-9042-3d5dbe277751,Apple Shekh,https://play-lh.googleusercontent.com/a-/ALV-UjUB0XAwFLWsWiPwBIXM1ROE21t3myOyoBJYOh0EzqcHuXBPUH2J,5,thanks 👍 you ❤️ you ❤️,0,2026-01-30 01:53:26,3.1.0,,,en,Rocket
52f9111f-065d-405a-a939-876660e0076a,Abu Hanif,https://play-lh.googleusercontent.com/a-/ALV-UjX1XV2NW9aX9RnBjUncX0KgEparu9U8bnRCTCjlZ8PcGPekUxA,5,nice apps,0,2026-01-30 00:50:38,3.1.1,,,en,Rocket
c3cab6ee-06f9-4a79-a611-d727f4e23d9d,Amit Kumar,https://play-lh.googleusercontent.com/a-/ALV-UjVULVpHMLM3Gt7Uwr5hCUulRxBBQy11Xq61nOeD7I2BMczQeO3m,1,l can't create an account. There is no option.,0,2026-01-29 18:53:00,3.1.1,,,en,Rocket
ba93a336-4e86-425c-b0bf-69103df29149,Md. Monirul Islam,https://play-lh.googleusercontent.com/a/ACg8ocLEPrT16FQcGo38zOIr8fmgenEZUKJ-__HEoc7FHY9hMjG83Q=mo,5,good,0,2026-01-29 15:52:20,,,,en,Rocket
025420e4-ca34-4814-9821-5f75fc8a1c4a,Norob Sun,https://play-lh.googleusercontent.com/a-/ALV-UjXdkH0CpOaEEwSeOmpS3WA1xNohynnQP7JsRTnC_0wj4VOdes1B,4,kus vu Nahi hota solo hota he kew,0,2026-01-29 10:34:02,,,,en,Rocket
9a312c93-f6bf-4f1b-aa08-e86cf409e653,Shobuj Khundoker,https://play-lh.googleusercontent.com/a/ACg8ocLvISXUEmiG7zDuAYrydp6260mda1ngESrMGVkJevpIRO82xg=mo,5,So Nice App😍,0,2026-01-29 06:58:05,,,,en,Rocket
b7567a9b-cd9e-4960-9bc7-681638f025f7,Rokibulislam roki,https://play-lh.googleusercontent.com/a/ACg8ocLeFPJfup8CaSXO3Cg1q7nft13tj6_rBBxFXHFn3GU-CmIK6A=mo,5,good app,0,2026-01-29 04:31:23,,,,en,Rocket
aa94fe90-07c2-4d46-8000-020863f05475,MD Masud Rana,https://play-lh.googleusercontent.com/a-/ALV-UjUCxBvJwRDOEYZ1JcUkj1krte0KwkGH3aZ_g93iPLB-I6EGSiw,1,I can't log into my account on the app on my phone. This is very frustrating.,1,2026-01-29 00:56:06,,,,en,Rocket
6f81070a-f710-4164-8b73-7b33bcddb715,K.S. Tanmoy,https://play-lh.googleusercontent.com/a-/ALV-UjVYpNbdD3JeM_5V7zf4JPztgxEEcv4lQobIJZRwEA8Q7kfwH7NS,1,full statement Dekha jayna kon number e cash out korsi help,0,2026-01-28 22:26:13,3.1.1,,,en,Rocket
a057ebf0-fcc5-4889-88d1-2140707f2f05,DEPTO KUMAR,https://play-lh.googleusercontent.com/a/ACg8ocIC4jNXTzU7nHd4zwKEpDLGoCKiIFMpmRhdece2DA4FA65oTQ=mo,5,Good,0,2026-01-28 21:54:15,,,,en,Rocket
02933b4d-f776-4130-9a2c-37d56a468940,Md Abid,https://play-lh.googleusercontent.com/a/ACg8ocI4HUXoYAgw0RghxblZbW-NPSpBC2J96j8H3OEhPdDKndYAUg=mo,5,nice app,0,2026-01-28 21:30:41,,,,en,Rocket
468f7789-b144-4048-afc7-4d92098ef451,Sojib Baidya,https://play-lh.googleusercontent.com/a/ACg8ocKFRNUv-JrZt8Bd4KG9HQbv-M3SGWur6oFE9CcJYAaJqRY7Iw=mo,5,good,0,2026-01-28 20:09:30,,,,en,Rocket
f999612f-90dc-418d-b1aa-5192e0c06d47,Jannatun Nayeem,https://play-lh.googleusercontent.com/a/ACg8ocLrkTzxFzuR6ozkFpbnVOl1kZ5gTGynCROJW65M8jmN3u0grQ=mo,1,"Did not receive otp code, and not opening",0,2026-01-28 15:17:19,,,,en,Rocket
7a60e55c-cb5d-4535-b2ce-f663fad78a87,Mahim Hassan,https://play-lh.googleusercontent.com/a/ACg8ocL2jUDmVnK6nBrtL1FKzXbjf3jml4TBbzwi_NHtdb2Uihl_OA=mo,5,nice,0,2026-01-28 12:59:37,3.1.1,,,en,Rocket
9ad627cc-5b0f-4bb2-a5f2-34c4139c5071,said,https://play-lh.googleusercontent.com/a/ACg8ocKnGrAgESVUdq7NjKk4v6uQDonu_RheA5CSUhwzNkyctfIJsQ=mo,5,Nice,0,2026-01-28 10:18:26,,,,en,Rocket
426fcd04-889e-4669-ba30-b591888451cb,Mi Tul,https://play-lh.googleusercontent.com/a-/ALV-UjXvlxCKVH9gMd0C67hP_LZedLMUY1saVxMwDWOFYjbZS9fFpUo,1,"Every time I get an otp, but the phone can't copy the otp,,the permission box for copying the otp isn't coming. I already gave all permissions for this app. Still the problem is facing.My phone is Samsung Galaxy A06. Fix it immediately.",34,2026-01-28 08:56:02,3.1.1,,,en,Rocket
d56cab50-84ba-4bb5-98da-ac2506928765,Ahad hossen,https://play-lh.googleusercontent.com/a/ACg8ocJi7Vsroy-8BlRie9l8v0I1-WKwAhJ8h4FJ51vawdc-1eMlag=mo,5,thanks you,0,2026-01-27 18:29:18,,,,en,Rocket
c437fc25-e9a4-4c23-a221-9f070bd5f5b4,No.1MoneyMan,https://play-lh.googleusercontent.com/a-/ALV-UjVNd443WbFHVH6rJ6xoLeeikqppqkUbihQd8G_sOilzIKIoq8k3,1,Im talking about Rocket agent...Please Active Bank to Rocket agent for B2B...need 24hours Money for customer n Utility bills n any other services....,6,2026-01-27 18:01:01,3.1.0,,,en,Rocket
40100f4b-ddb2-486d-9868-2dcfcff09fec,Nazrul Islam,https://play-lh.googleusercontent.com/a-/ALV-UjVb9I0vZMT0ZSnO-paCCDYvgfnQ76kn1Q71bcJrToa04cBa5aA,5,অনেক ভালো একটা অ্যাপস,0,2026-01-27 12:32:33,3.1.1,,,en,Rocket
15582135-f6f7-4d12-b515-163bde0f520c,Md. Sujon,https://play-lh.googleusercontent.com/a-/ALV-UjUxJhrlpbcMfWBLmEJYE07C_DyCLaOOV-4SK39f1iDsIDN5nl4ocA,5,Good 😊,0,2026-01-27 10:31:57,3.1.1,,,en,Rocket
39773e9c-7ae3-413f-8989-2004c228c993,Md Mazharul Islam,https://play-lh.googleusercontent.com/a/ACg8ocI3deA-5Z-amzk_TUWgKNlFPSph7klfswON2JLkki0sTfGAuqw=mo,2,not too good,0,2026-01-27 06:37:39,3.1.1,,,en,Rocket
3ea1eff7-2871-48ab-8090-be26a115c800,Beings Rifat,https://play-lh.googleusercontent.com/a-/ALV-UjUaAoI15Wv5Y6uY8B91yokOgeFwNL8Hk_rkbQgk6IAxILsICkgF,4,Good Ui and Smooth Interfaces,0,2026-01-27 03:46:11,3.1.1,,,en,Rocket
af73398f-95fc-42cf-9699-981ed885860b,Md Mujammel,https://play-lh.googleusercontent.com/a/ACg8ocIoxp-JRC6ivjoFQDV2nNxV0UAzDA-6ofzwFBfvvBqHeBXVSA=mo,5,nice app,0,2026-01-26 21:40:53,3.1.0,,,en,Rocket
e9e1f830-cc22-4ec9-8695-1c586a195199,shamim Media965,https://play-lh.googleusercontent.com/a-/ALV-UjW07cqUjzORmNDaI5WTNkP7SE67pHYs3MJypjnevbM34pwnWKI,1,আপনাদের এপপ্স একাউন্ট খুলতে কাষ্টমার কে নাস্তা খাবার কথা বলে হসাতে হয়। এটা হলো বলেন।,0,2026-01-26 20:52:47,3.1.1,,,en,Rocket
2de6a28a-3ea0-4982-ad1b-18c5a0d0573d,MD Limon,https://play-lh.googleusercontent.com/a-/ALV-UjU8zWGJFLgJFcvIFF3kBdgkwJszCKfqVdEpUu1-cxdQdkeEfy4A,5,Nice,0,2026-01-26 17:34:18,3.1.1,,,en,Rocket
2fa1a6aa-7782-430a-8fb7-b105a8872a54,Rohan Ahmed,https://play-lh.googleusercontent.com/a/ACg8ocI7IkUdzirTrkHh8uCj1kTdX-lkVUN_rv1rkWmubSKoEL7B9w=mo,5,wow app,0,2026-01-26 13:34:59,,,,en,Rocket
e3f3a25a-7d52-46bb-8eb6-f316f0ede39a,Juel Rana,https://play-lh.googleusercontent.com/a/ACg8ocIzCi10dH3qpXZIpw_9yTgKHyfu_Z7JT2cAYAGWKu5e4rs1GQ=mo,5,Best Rocket App,0,2026-01-26 06:18:51,3.1.0,,,en,Rocket
057d5fb1-25a8-40d2-8437-cc66810eb4a6,MD:PIARUL ISLAM,https://play-lh.googleusercontent.com/a/ACg8ocLdUGWTXTstSxedCKYCBvRfSiBd-mD_u4GT82QZFt2AoHK-uLU=mo,5,ধন্যবাদ সবাইকে,0,2026-01-26 03:56:28,3.1.0,,,en,Rocket
a619d661-5acb-43c2-88f1-0e3670af4335,Shoriful,https://play-lh.googleusercontent.com/a/ACg8ocJkatNnk2qX-bGJ-Aga1ErdXxlV0WY-U8h2nMYa_G9VtSu1gw=mo,5,wonderful appe,0,2026-01-25 19:03:07,3.1.0,,,en,Rocket
cab0ce89-c561-4df7-bc16-b150fad06491,MD Al amin,https://play-lh.googleusercontent.com/a-/ALV-UjUl3bINP9V4SumAx5UmrVvpjtQnP5wtqoh0LPgzBQabRqQRKQRv,1,"free fire game kalan zonno niasi,☺️☺️😊😊",0,2026-01-25 13:13:10,3.1.0,,,en,Rocket
a1721b12-12de-448d-9f3b-3f4597bda970,Ahmed Sobuj,https://play-lh.googleusercontent.com/a/ACg8ocI1gyG3p7kzNtI_eKFLsqXy1q0MpkVPK-dgN08YQFpFFLK5Zw=mo,5,thans,0,2026-01-25 12:38:18,3.0.12,,,en,Rocket
29c65834-76c7-46a4-92b4-8f405f9988f4,Kazi Abubakar,https://play-lh.googleusercontent.com/a-/ALV-UjUEEUCZnWTNB6bjUfZu0ywIuivrqmfYWwC9pDzgjKrhkBQgqBM,5,very nice,0,2026-01-24 19:45:21,,,,en,Rocket
723b48e7-a2ef-4a56-91ae-abf0dff52e9a,Md MONIR,https://play-lh.googleusercontent.com/a-/ALV-UjWdLD6EE9kef5cQ1WEPSLaV4sG4H5j74V7FgbLKfwuxhsTZ6iQA,5,গুড রকেট,0,2026-01-24 01:18:22,3.1.0,,,en,Rocket
32513fcf-2963-43cb-adc8-fbf227b72fbc,Shahalam Bejoy,https://play-lh.googleusercontent.com/a-/ALV-UjUOQ3S6FAJfLjG-ovbrhRZ1hP5wDrfwRDrrKg21ctRfsRUHy0qe,5,Nice,0,2026-01-23 17:36:49,3.1.0,,,en,Rocket
9495c64c-249e-43f6-a817-c66e60869a02,Nd Alko,https://play-lh.googleusercontent.com/a-/ALV-UjWNIPoF-UzzstfdjO801eZcmfrAkzbxGGPin6T54IIOn_HL9SKc,5,good app,0,2026-01-22 22:23:58,3.1.0,,,en,Rocket
3d4f6ced-0dbe-47d3-b459-971a9d83b4c5,735-গুরু,https://play-lh.googleusercontent.com/a-/ALV-UjWbNfzksA5XhOJTMYvAlaW-S4BxX36cdE4nUvU5hSh0K-xND3kG,2,this app has too much bugs. bottom screen is too much in battary bump if i kyc confrim for account my select picture doesn't ok for accounts,6,2026-01-22 17:47:43,3.1.0,,,en,Rocket
33091527-ab7a-4887-9bfe-ea1e864ac711,Md. Zillur Rahman,https://play-lh.googleusercontent.com/a-/ALV-UjVkCVlojYs2eJ_8mZBdN421tELg1w1xKktb2gM-ILMXJFOOeKR5pg,1,"Very bad app, I will not recommend this app anyone.",0,2026-01-22 16:36:09,,,,en,Rocket
bbed8720-2ad4-457e-b4df-227fab872231,Md. Ebrahim,https://play-lh.googleusercontent.com/a/ACg8ocJUhKg7LI3PpyvayiChTDVMhf5e-fLamsSAyV3GUsKi62QeGA=mo,2,ok,0,2026-01-22 12:49:09,3.1.0,,,en,Rocket
1dbc88f2-8b57-4168-9345-8623c60f9bbe,Kawser Khan,https://play-lh.googleusercontent.com/a/ACg8ocKDbLl09H5-nrRM478ZLCOC6hhtVfDGiMjq1rPzY7WWhRj9eA=mo,1,"Rocket has been Gained, the most wrost customer Service in Bangladesh. the Customer service Employees Behaviour and activities are very much poor. actually they don't care of Rocket customers. i have two Rocket Accounts but they Suddenly closed my One Account. they have closed my original Rocket Account number which is integrated to my internet banking and Nexus pay also. i have asked the customer service why you are closing my original Rocket account? but can't getting solved anymore.",4,2026-01-22 12:39:53,3.1.0,,,en,Rocket
2f814d90-752d-47fd-94cf-a236cb40cc1f,Md Sufian,https://play-lh.googleusercontent.com/a-/ALV-UjVlf5zj3UG4pKwlyLjZsHaajvUTXC02wG4a1tg1mXiP3M4zMOTn,2,নোতুন রকেট খোলে না কানো,0,2026-01-22 04:07:17,3.1.0,,,en,Rocket
e7f2d955-893a-4c8a-80fc-a0a651fe8d0e,Hasina Akter,https://play-lh.googleusercontent.com/a-/ALV-UjVgFXQqgT_TrIotcL6rLe2b1-O-23XB42NT771BLFyTkq4TeDoR,3,"The problem with my ID is that after opening the apps with the number, it doesn't open and IVR is showing.",15,2026-01-21 21:59:52,3.1.0,,,en,Rocket
edc2f076-c375-42f3-8140-de73cd24c30f,Abir Hossain Apu,https://play-lh.googleusercontent.com/a-/ALV-UjV4nDk_rT5p6UuX0AOGgbm9Z3N0Jkuxe6STdSVq4MEQbZxNpPQ,5,nice,0,2026-01-21 21:52:42,3.1.0,,,en,Rocket
e8fb6e38-7575-4128-93ea-0d16181d35b5,Ms Ariful Islam,https://play-lh.googleusercontent.com/a/ACg8ocK5yclY8_6OsmJW3rMkB3rjl6z272sLzJdE_UW7nHBbjl3PUg=mo,1,ভালোনা,0,2026-01-21 02:59:04,3.1.0,,,en,Rocket
530ff985-185e-4512-b9f4-0dce0c7e331f,Ak ash,https://play-lh.googleusercontent.com/a/ACg8ocKoYmqZ9GdIchNzeNE4nxUChhgBwwfO3RFNGMv3M7Cq6WtcUQ=mo,5,Nice,0,2026-01-20 22:59:24,3.1.0,,,en,Rocket
459d89ba-e9d5-4b99-8dfd-726771a52090,Anaya Islam,https://play-lh.googleusercontent.com/a/ACg8ocKxcccJXWnUo55cqJllrLfSNoZyknCRVJDksMa7Ba4aePb7ng=mo,1,It is very bad app. Because i can't download this app,0,2026-01-20 22:09:29,,,,en,Rocket
468d8ba5-1731-49fa-aec9-ebad1d864a2f,Harun al Mahi,https://play-lh.googleusercontent.com/a/ACg8ocKCeJvjqgDPU5_Le-yPa1_1SGX4lqQf3VjzNfeM9BzAk9Z_-w=mo,1,"As soon as I opened the app, it asked for full control over my phone. Privacy is important, dont ignore or give up your information and data for this average mobile wallet.",0,2026-01-20 12:11:35,,,,en,Rocket
c453a1fa-8cee-44eb-bbe5-f6f7f55081fd,Møùñg Møùñg,https://play-lh.googleusercontent.com/a/ACg8ocJKRmS3xMBCYtzcsBZQ5lA_T6p_0bPLQCFZRSQHexw6VQtQz2LS=mo,5,Better,0,2026-01-20 08:28:29,3.1.0,,,en,Rocket
8109f57e-3a6a-4a3c-8aee-215f81f6b470,Showrov kabir,https://play-lh.googleusercontent.com/a/ACg8ocKO4xiXs-zNwzjakxcvsczLwBE2L-3wRu753Ho390nSBfnz=mo,5,good,0,2026-01-19 18:45:28,3.1.0,,,en,Rocket
41498ef5-7718-4452-b859-127cea4b3f07,Masudur Rahman Nila,https://play-lh.googleusercontent.com/a/ACg8ocKjtZWXDKCl7MCzvLIVDlekdM9WxexIzbocMGJhlaU3BlVX8g=mo,5,good,0,2026-01-18 21:16:45,,,,en,Rocket
46268e9a-43c2-42c9-980d-a0afad1ad0e6,ITZ JIM,https://play-lh.googleusercontent.com/a-/ALV-UjXy65wgXge5Qy1Heypwt1P4DVMiNvvpUTfBgC-syBEVPKh7hy4,5,❤️❤️❤️,0,2026-01-18 20:33:56,3.1.0,,,en,Rocket
4a09023f-7323-4a31-a825-65542df0343f,Rakib Hossain,https://play-lh.googleusercontent.com/a/ACg8ocLtXLfDbvBBxwkjoCiT9_3iK6MzMcDCtMG21JanEWVPUIUcSOk=mo,1,Unknown error occurred. problem Dekha Hai,0,2026-01-18 14:31:40,3.1.0,,,en,Rocket
dd523a46-fa88-4aec-8e6d-4f0656e3e196,MD Abdul Kadir,https://play-lh.googleusercontent.com/a-/ALV-UjU8gQfcdLu0Uu_yGx-Z9fdAt3auio0cJ57bacyndWeJDfPVn7lv,5,"When I try to install the software, it shows an invalid request and then I have to uninstall and install it again.",67,2026-01-17 19:46:49,3.1.0,,,en,Rocket
4596acdd-e2a2-445c-818c-2d8b2aec6b1c,MD RASEL HOWLADER,https://play-lh.googleusercontent.com/a-/ALV-UjVnq3vuHs9BRgnknW-nLQRZs6VC6RRGN1uowBVQkBHLj4O_g4Yy,5,Nice Update❤️,0,2026-01-17 17:59:57,3.1.0,,,en,Rocket
7df11304-f183-4948-85b7-9ba7ec56a4d1,Hedayet Islam,https://play-lh.googleusercontent.com/a-/ALV-UjW5h1maH9g2idkKekd66hYsCNBEbTCDKQbL1jK1z2CxFqFYGWk,3,good,0,2026-01-17 17:44:17,,,,en,Rocket
810148d3-d964-489c-91b4-8dd714facf41,ANIK KUMAR BISWAS,https://play-lh.googleusercontent.com/a-/ALV-UjX8TjylFj0sUY95AwgHYc7JXEsnOVSjXBdy7BfO30Fq1bjxODGc,5,Best Online Banking Service in Bangladesh.,0,2026-01-17 15:40:18,3.1.0,,,en,Rocket
f9dad673-6f38-42c8-9a81-47d1f7c5d14f,Mohammad Sohel,https://play-lh.googleusercontent.com/a/ACg8ocJ2FaJvBVOU-4izw-L2bXY_AUYHk5jxr7Rr-xOshjvHHTOGA7s=mo,1,👍,0,2026-01-16 23:19:01,2.0.41,,,en,Rocket
ee659784-2859-4e77-8913-a672e888c813,Aynal Raj,https://play-lh.googleusercontent.com/a-/ALV-UjW5isMNAYHN9nTcGiRXvm-OoIN_jMcA7hfGgKSjLtfIjVGuQp8,5,apps is vary good,0,2026-01-16 20:38:30,3.1.0,,,en,Rocket
026f12c4-e0e9-4acb-b8cf-00d5207a4137,NA YON,https://play-lh.googleusercontent.com/a-/ALV-UjWxf_kefFDt58-zvb2vf6JF3eDfSX7pWU4U2JTPZtVOExQo9PE,4,apps update Emergency kyc pic upload problem...,2,2026-01-15 22:45:59,3.0.13,,,en,Rocket
4d09971c-0e4c-485d-8e10-e4aa21b54304,MONIR HOSSEN,https://play-lh.googleusercontent.com/a-/ALV-UjVaFrY-iRq1EnroQ0pTPmIMgdmDlJLY2HdMv7DaBU2k7bSZfr4,1,বা*** এপ সেই জন্যই কেও ব্যাবহার করে না না আসে otp না করা জায় ভেরিফাই। বিকাশ নগদ সব চলে খালি রকেট এই আসে না,0,2026-01-14 14:41:57,,,,en,Rocket
1869b781-78b7-4ed4-aa40-45544bfcc5de,Harunur Roshid,https://play-lh.googleusercontent.com/a-/ALV-UjXT9AuqbOwgFD3QgpYiY8F6zFj2nZ44KfHCY64wcz8VmdlgD66X,5,nice,0,2026-01-14 12:28:26,3.1.0,,,en,Rocket
dbfeaeef-9992-4662-8a05-338f55a7f411,jakir hussain,https://play-lh.googleusercontent.com/a-/ALV-UjWqqUTbqKCiZSRtC2vCxkFooCtJkCRYnttw-Q6LAeRu8Wy9Fjg,5,nice,0,2026-01-14 12:18:32,,,,en,Rocket
3aaf50bd-3b64-488b-b20f-06dd023aa28b,Faysal Ahmed,https://play-lh.googleusercontent.com/a-/ALV-UjVVc_8OhyWvt6R_h86YOHWU8oWbqUKj-amUiVTrAX_eh8MiROj3Cg,5,very nice apps,0,2026-01-14 05:25:12,3.1.0,,,en,Rocket
0725f1ff-1aaf-445f-b15c-0294b9e4fe72,laden Khan,https://play-lh.googleusercontent.com/a/ACg8ocIo7yLW8AzI3wQP41Bv9sUebJ6j7JdqdcHNMvB6b3-PIg1kjA=mo,5,nice,0,2026-01-14 00:58:13,3.1.0,,,en,Rocket
a7611988-5466-4767-a8ad-576cbf615ec5,Samiya Queen,https://play-lh.googleusercontent.com/a-/ALV-UjWpyMi9i4TbDEiOvwCaxSQK1zh75nPlGD2D6NAYI5tr3pOiYhs,5,good,0,2026-01-13 19:57:22,3.1.0,,,en,Rocket
efd1f777-41a5-4ca8-8f56-09a6ababffd7,Bechelar Nahid,https://play-lh.googleusercontent.com/a/ACg8ocLxo6By0u20PICGFaRTg1KnfwA7a5famiImaHdYkdo9LQ_IHQ=mo,5,ok,0,2026-01-13 19:21:58,,,,en,Rocket
d4b34a1c-fa63-4c9a-a038-a21388336c7b,Kurdot Ali,https://play-lh.googleusercontent.com/a/ACg8ocLNYejeNbLXWg_lr2iyz6BgYmTJXlPMvkMu1zYbmpHwf8zPdA=mo,5,good,0,2026-01-13 16:26:50,3.1.0,,,en,Rocket
6072b25f-e133-444b-b95d-465ac7af289a,Shahalam Bejoy,https://play-lh.googleusercontent.com/a/ACg8ocK9i4u9nYWGMnRVkMmGbZP3k_Qc5lama7fBpIfFjRsJHAuq-w=mo,5,Good,0,2026-01-13 09:28:15,3.1.0,,,en,Rocket
a48e60b1-f682-448e-bbb2-aca4a9f0abb6,Md Solaiman Ali,https://play-lh.googleusercontent.com/a/ACg8ocIhMJfCARZWToUJCBVxOL2XbZn7pRoAwTBlXsq4m322BVPd0YY=mo,5,❤️❤️❤️🇧🇩☺️☺️,0,2026-01-13 06:54:37,3.1.0,,,en,Rocket
d7561678-395f-4ad0-bc7e-9a647edf8260,F Ali,https://play-lh.googleusercontent.com/a/ACg8ocKEAfntRC9Ax2O53_3aU2V-PoDrpAO09ZdHW7224OrpC98ITg=mo,5,nice,0,2026-01-13 06:33:43,3.1.0,,,en,Rocket
336b46e2-1477-4a7c-93c0-7e34f8f3588d,Sujon Khan,https://play-lh.googleusercontent.com/a/ACg8ocLD-M4iE0Ti97fWDbZddMhxdk2csE6eaayhpJUobNg7ZlOn8g=mo,5,good,0,2026-01-12 21:03:40,,,,en,Rocket
153bd74a-15d7-4435-a11a-b58777c59526,turan arham,https://play-lh.googleusercontent.com/a-/ALV-UjWpsIbyE8bRUU8QisnZ27S3EXuRqhHhJSVjqqus5um0lpaiMTw,5,nice,0,2026-01-11 21:15:52,3.1.0,,,en,Rocket
182a150e-493d-4a68-9413-bf911ba8d4b6,Bidhan Bondhon,https://play-lh.googleusercontent.com/a-/ALV-UjW0cgXU88PhEF2d_aTFoTba8Ba6dWvsSci7gIthLBR9W3a_2drP,5,Thanks you,0,2026-01-11 20:30:54,2.0.64,,,en,Rocket
971f98d5-1767-4a94-b7c0-e1050f52b8d4,Mst Sumi,https://play-lh.googleusercontent.com/a/ACg8ocKIfS7mv0UE4GW6sAFFKYG4B4wcRtNWJ7nZHriZ61P945vxag=mo,5,good,0,2026-01-11 17:23:19,,,,en,Rocket
7177653a-b6f4-420a-96c5-8e7176dc0275,রহস্যবাজ,https://play-lh.googleusercontent.com/a-/ALV-UjXtIKumvaXg5V-e3hcMRA_VFERdil2fhiJuVACoY5iLYa3f3LmI,5,good,0,2026-01-11 13:03:50,,,,en,Rocket
c92619ee-d0c2-4012-b149-ccde905a6906,mdshohag Rana,https://play-lh.googleusercontent.com/a-/ALV-UjXweIWaGSQq6cqMA0FVFS1rp-aW2hc-5ZecIr1l7tfXl9UC3rQ,5,good,0,2026-01-11 04:36:26,3.1.0,,,en,Rocket
29ab9c12-6292-4c34-a1cb-6fc9183cfd41,Tinnysajj Tasnim,https://play-lh.googleusercontent.com/a-/ALV-UjXhtO6DAmacQkWl2JvBL0blZ8d-H0J1r0ydW27iwNG-9fQu7fw,5,very very good 😊😊👍,0,2026-01-10 20:06:14,3.1.0,,,en,Rocket
7f06bb7c-581c-4a98-b931-f6503180831e,Starry-Sky,https://play-lh.googleusercontent.com/a-/ALV-UjW3lHWVGd_ZnyjVAo7Ya5i8nKZ55HdSHF9G3_KXRcY61H6krxXM,5,good apps more than bKash and nagad,0,2026-01-10 12:37:20,3.1.0,,,en,Rocket
3202a382-0a4b-42c3-8aff-7274bb79573e,Chandan Roy,https://play-lh.googleusercontent.com/a/ACg8ocKikCV40Rng6RXqM11z_e9YxVlAHzL6H5pf6TVQRNWLBHwM2Q=mo,5,Goog,0,2026-01-10 12:19:52,3.1.0,,,en,Rocket
9f6ce1f8-9397-4bb0-b66b-f24edcebee7c,Sobahan khondoer,https://play-lh.googleusercontent.com/a/ACg8ocKybguPeFLMokIZDQEM6mc51Vc3brTrKgOfKhsAOSz7yPqqwA=mo,5,ওকে,0,2026-01-09 14:58:39,3.1.0,,,en,Rocket
1d2d0755-fd43-4855-9330-6e4ccfc8d591,Rakib Hasan,https://play-lh.googleusercontent.com/a-/ALV-UjUuNL64mQTjYPb5IcSzk-dKmsMQRMCMSKxV99djTaIcoq_LLTa8,3,App এর অবস্থা খুবই খারাপ।আমার নতুন Samsung A55 5g তেও App এ ঢুকলেই ল্যাগ করে মাঝে মাঝে। শুধু এই ফোনে নয় আমার পরিবারের সবার ফোনেই একই সমস্যা। App এর UI ও ভালো নয় এবং app এর animation গুলো ল্যাগি। যত ধ্রুত সম্ভব update করতে হবে,0,2026-01-09 09:57:22,,,,en,Rocket
ae282258-a37e-40bc-85dc-d48cbadb3a14,Farjana Tabia,https://play-lh.googleusercontent.com/a-/ALV-UjXug07uw4MBhOrq034WATEDCLv2gmHSFSwfOOAuRr21PEJ6XOo,5,good,0,2026-01-09 09:10:12,3.1.0,,,en,Rocket
02140987-8d62-45e8-b237-fc1d7392d6fe,NASIMA AKTER,https://play-lh.googleusercontent.com/a-/ALV-UjWDXXxUE7e96PlPSPDkW8Pswud-2ReO7NyrB99IANEmy3vDYp0,5,nice,0,2026-01-09 00:58:17,3.1.0,,,en,Rocket
d83d3852-d46f-43aa-8c92-1f4836403fc7,MD RIFAT HOSSEN,https://play-lh.googleusercontent.com/a-/ALV-UjWVxADKrT593AvJEi6_ga0jndsnH5IWnmhI7hfFTzDeOJyVHI87Ww,1,"there is no option to check usage history. hope so, it will fixed till next update.",1,2026-01-08 23:27:05,3.1.0,,,en,Rocket
0675668a-1fc4-43c0-acc5-557ebb838873,Noman Mia,https://play-lh.googleusercontent.com/a/ACg8ocLS8TBxbbhBMpRx-91knXr-Cr6xKdAPhvivuyOAir_iHq74QA=mo,5,nice,0,2026-01-08 19:29:54,3.1.0,,,en,Rocket
85949d25-876b-41a7-85b2-fe11d5a73352,Md Shamim Hossain محمد شميم حسين,https://play-lh.googleusercontent.com/a-/ALV-UjXOurZNc1UA-Ie8hV5tRNoka9R5kHduEgmZces_Q9TPHXKbhkw,5,excellent mobile banking service,0,2026-01-08 19:12:21,3.0.12,,,en,Rocket
ce89b97e-42d9-4068-8a16-bb2aa6da7d71,sk sazzad,https://play-lh.googleusercontent.com/a-/ALV-UjWKu7bRl7GScLf_xlS7cvsYEMQsebOn1PXrUTFEPicJYxq7YIzF,5,goo app,0,2026-01-08 12:14:01,3.1.0,,,en,Rocket
f6c4ef2c-b24e-4e26-a6ed-020ee49b9cf3,Sathi Khatun,https://play-lh.googleusercontent.com/a/ACg8ocKniDhFEjfcBIiPMX5sQWtPKTEHL23UVIoui8h4LBZ7PPGK4w=mo,5,ok,0,2026-01-08 07:14:26,3.1.0,,,en,Rocket
0d01b60b-18da-42b9-9ac2-fb7ec1c2d0c4,Md Masud Rana,https://play-lh.googleusercontent.com/a-/ALV-UjXe5tae9xCnu6QXg4tla0J9H7cnUoXRnwhX7Scx-sYMFV-Hhe4,5,Very Good,0,2026-01-07 22:48:16,3.1.0,,,en,Rocket
52df669a-f62b-42c6-a540-deec51e0334c,Md Arif,https://play-lh.googleusercontent.com/a/ACg8ocLNfNJJV7rGa252JJK_0ACPWzFKQwBdewlswUufryhwHYjuAQ=mo,5,nice,0,2026-01-07 22:00:57,,,,en,Rocket
b444f9af-1df8-4151-ad51-d419d4a80ff8,APURBO HASAN ASHAS,https://play-lh.googleusercontent.com/a-/ALV-UjWNhRjWpNbjIS7-z083NoX5UyLIQGdUcCh28wh_uJEpJS-VxmZ0FQ,5,good,0,2026-01-07 21:29:51,2.0.30,,,en,Rocket
553250f0-17fa-437c-8c08-0db80d4ea9bc,Md Milon,https://play-lh.googleusercontent.com/a/ACg8ocIePsKKsoVFGC-yUTGHhieJOUHTfAE04nzoAt79ac-hN2hoAg=mo,2,রকেট অ্যাপসে আমার অ্যাকাউন্ট চালু হচ্ছে না কেন,0,2026-01-07 16:09:49,,,,en,Rocket
bdd5a69d-462a-46cb-abb3-a85dd91ff244,Rakib Hosan,https://play-lh.googleusercontent.com/a/ACg8ocJbrKlKSJYI5hpPaBWr34Rrp2AZCM2dgsWjmbnqctAuU3HimQ=mo,5,🥰🥰,0,2026-01-07 07:57:17,3.0.15,,,en,Rocket
bb1d370f-b5bd-4dff-81ae-cea9a1685b24,Joya Muni,https://play-lh.googleusercontent.com/a-/ALV-UjVF_BinbmgDoDQRtkrnGF-4rsZWx3a83YR-N1-eDhxyHZxwm0M,5,অনেক ভালো ও হেল্পফুল এ্যাপ,0,2026-01-06 19:28:39,3.0.13,,,en,Rocket
d2eb1e23-68b2-4758-b90d-42dade4a4fe1,MD Abdullah BaBa,https://play-lh.googleusercontent.com/a/ACg8ocLXKxomSl0i4xTaEB6ka7iEnNRCOq7WME_g0boIUFg_foWNRQ=mo,5,nice app,0,2026-01-06 09:18:01,3.1.0,,,en,Rocket
6751f294-a678-4a9f-8abb-ca4a7a067ca4,Sakib khane,https://play-lh.googleusercontent.com/a/ACg8ocIG0LVevSV9VKOIZTAx2Ffe-jTA0StVsFyP8qckB-lbjU7Bng=mo,5,my roket promdlem,0,2026-01-05 23:12:32,,,,en,Rocket
a2746f63-be3b-4aea-aa24-5a2a7a296e83,JYOTI MONDAL,https://play-lh.googleusercontent.com/a-/ALV-UjWTZC9_WtWEdJh3UdW-CKHeMAlIYJwJAAMo9p0-eM1CfeOYd2w,5,good,0,2026-01-05 14:00:59,,,,en,Rocket
959fca65-88eb-406f-8d30-7ca0a8e7116b,Sizan Khan,https://play-lh.googleusercontent.com/a/ACg8ocLXXi9-AffyfK3Ld5H6KEdgK0SNM41TrB4x3hU6zCWj_HX07g=mo,1,halar put ra amar loge khali onnay koros baler app banas🤮🤮🤮🤮,0,2026-01-05 13:18:14,,,,en,Rocket
2229cd91-d0a7-4194-8146-9a52ded8b16f,Md Tarikul,https://play-lh.googleusercontent.com/a/ACg8ocKT6OBs7fbet8aA2ZDt-Fj6p2VLy3-gxuFrFyVjIeY67xL-0Q=mo,5,good,0,2026-01-05 10:07:16,3.1.0,,,en,Rocket
145e768b-7f46-4fb4-9336-0cb069504a8c,Tajnehar Begum,https://play-lh.googleusercontent.com/a/ACg8ocKbpSRikRk8ORW7n6mbMOFhP2mNuAe-H2QgpqyFlGhJi_36b5I=mo,5,খুব সুন্দর একটি অ্যাপ করার জন্য খুব সহজ এবং খুব ভালো নিরাপত্তা,0,2026-01-05 01:25:51,3.1.0,,,en,Rocket
c4dfedd5-1f87-40db-8858-e77c367f0979,Subroto Kumar Kar,https://play-lh.googleusercontent.com/a/ACg8ocIilYOf9f-Wzhr-mFwhzxGn-oPwEQr_VAbnHABQGetDZ7LCkA=mo,5,good app,0,2026-01-04 21:15:32,3.1.0,,,en,Rocket
c7733d5c-0e46-44fc-91be-cbca0a5a5acd,Abdullah AR Rafi,https://play-lh.googleusercontent.com/a-/ALV-UjVopzwZwa3U_nGS7ks_R7tujinrphBW04XBosqSDEF-O2VBP8vp,1,er theke faltu system ami r kono mobile banking app e dekhi nai. ami amr account khular try kortesi hoytese nh.. call ase toh code ase nh. call e number dewar poreo jamlea eto faltu kn hea.?,5,2026-01-04 16:45:27,3.1.0,,,en,Rocket
74798377-2d07-4b9d-9ab0-15157c9d806a,Tanvir Rana Student,https://play-lh.googleusercontent.com/a-/ALV-UjXSNuz4VMLml5VYxCAJPx58nWlBAlpE3s7aNPksykTRMe03_Ur1,5,good app,0,2026-01-04 14:04:24,3.1.0,,,en,Rocket
23713b49-4034-4f79-b9e3-749b41c477a8,Md Mojahid,https://play-lh.googleusercontent.com/a/ACg8ocIamkh_OIMhpjTBCQIeZweHBP9GwL-35mqTeJczo6jheaQBrA=mo,1,good,0,2026-01-04 13:22:04,3.1.0,,,en,Rocket
fd561cb4-228a-4004-b304-a9b08a123959,অধির রাজ,https://play-lh.googleusercontent.com/a-/ALV-UjXkbYeyd5q1OXKEd1bnTPGg6cxJlc328VdDvMqm9Gvy1IRFde0,5,"This is very beautiful, thank you.",0,2026-01-04 11:55:06,3.0.15,,,en,Rocket
aca7d94e-7f11-4b1f-a76d-2159aeb3cb7e,Abdur Rohman,https://play-lh.googleusercontent.com/a/ACg8ocLrXIWROu9BT-3wh5CvDssNOwc8mzrNp7C-DgLTh4V0uzL9Tg=mo,4,good,0,2026-01-04 09:39:07,3.1.0,,,en,Rocket
6de9b516-4c99-4e82-a127-fe932c7afda9,Md Habibullah,https://play-lh.googleusercontent.com/a-/ALV-UjW1WLEai6N9zZM2AMk7TPcu4KlRutSQntQ5wmiLZEyMPeEl5Fr4,1,good,0,2026-01-04 06:58:39,,,,en,Rocket
8a83a205-7e0d-4f2a-af04-ed273c632c46,Ramini Rudro,https://play-lh.googleusercontent.com/a/ACg8ocIFL8vMWXPc4CnOKZPmzxVwAV1u4MAXlb3-6cHO59kcTM4K8w=mo,1,"অনেক ফালতু অ্যাপ, নিবন্ধনে ঝামেলা করে আর অন্য ঝামেলা তো আছেই KYC update এর টাইম এ NID পিক নিচ্ছেই না😠",0,2026-01-03 23:30:33,3.1.0,,,en,Rocket
82eac920-cb31-4138-a100-d7ff097b1a31,moksedul islam,https://play-lh.googleusercontent.com/a-/ALV-UjX3h4LjJofUkHemhWlUE_t1M1HydsDkeHx_iaohuJgS0v0QOYA,5,Good,0,2026-01-03 16:32:09,3.0.2,,,en,Rocket
74ba95e2-58ad-4173-af6d-16e6258d3f34,Rifat Telecom,https://play-lh.googleusercontent.com/a-/ALV-UjV07se5x5iI3ZZK7wONKraaYoXEhDWWyREGN4jWX2toGThnMv8x,4,good,0,2026-01-03 10:59:02,3.1.0,,,en,Rocket
c29cf562-b087-4687-b7c4-8559f479f25b,Abdul Razzak,https://play-lh.googleusercontent.com/a/ACg8ocLQsdXrDPr5lnfuCLShTLWyxw8igK5FL1mORVl5LwDhYYJuNw=mo,5,nice,0,2026-01-03 01:25:03,3.1.0,,,en,Rocket
8c35076c-f74b-454d-9585-c1b6858c603a,MD Hanif,https://play-lh.googleusercontent.com/a-/ALV-UjX5aLRkzGVk26IKBpnHKKRzO2O-sHJIkk2nT3H9w5yMbdgt3yg,5,good,0,2026-01-02 23:07:57,,,,en,Rocket
25193040-3352-41ce-aaf9-273bd91390a3,Baaghi Baaghi,https://play-lh.googleusercontent.com/a/ACg8ocJdbANP79NKmc6quK7SVvO1gVALWd0v-HZuLv3xPEPg9xm4OQ=mo,5,nice app for Android phone,0,2026-01-02 19:17:55,,,,en,Rocket
649ea8f7-8f68-47dc-a3bf-0ad43b6700a7,Hasi Aktar,https://play-lh.googleusercontent.com/a/ACg8ocK2kXVlszrf9rSiX5Rc5UcMOGGCwN1QlleIQABJ7njUDPzlFA=mo,5,good app,0,2026-01-02 19:15:15,3.1.0,,,en,Rocket
3952f5b8-6b5f-41c3-9455-de741a254de5,sumon ahmed,https://play-lh.googleusercontent.com/a-/ALV-UjVNeIX9BAaJmGL9Kuqdhe5jyR5OyKs1yCU0pmAa69GRFUU5-IA8,5,very fast but timing low,1,2026-01-02 18:50:59,,,,en,Rocket
79773de7-f906-42ec-a71e-334395142b79,Minhaz Sagor Rouf,https://play-lh.googleusercontent.com/a-/ALV-UjXgG1el9DU0eFn-Rc90EcTdXmhlmQTpqCeSye7-p3WjmmfoOOuyhA,5,Nice,0,2026-01-02 17:31:02,3.1.0,,,en,Rocket
6ff06198-4c42-4539-8fe8-186f8dd12ec0,Rakibul Islam,https://play-lh.googleusercontent.com/a-/ALV-UjX6HpteWA9-o21JcP2gXaJVuD7gti-sdV8ZCA5n9WHnFs27-gOl,5,good 👍,0,2026-01-02 14:26:45,3.1.0,,,en,Rocket
893d1b26-1285-4a0a-8ac0-db1d4f0f3ff8,Md. Shohel khan,https://play-lh.googleusercontent.com/a-/ALV-UjU3BLIhYptlYsQugzheZwKgeQoLeaMnrZp-KO3AIXBSvBCRji-m,4,good,0,2026-01-02 11:19:42,3.1.0,,,en,Rocket
a261e31e-0404-4c4c-9982-736c95bf560d,Md Rajib,https://play-lh.googleusercontent.com/a-/ALV-UjWydNwc68LWGCLQhGsor37LllnpwGDWvBXJLtlsvyELtT7tNqM,1,nice,0,2026-01-02 08:36:22,3.1.0,,,en,Rocket
b0a2a43b-71a3-4031-91b1-1326b0aab79a,Minal Minal mia,https://play-lh.googleusercontent.com/a/ACg8ocJMvwU6EuXNI6R7zCNmSKLZqwlEBV8BMGL0uCGDNE5gQ5VgwQ=mo,5,nice,0,2026-01-02 01:13:42,3.1.0,,,en,Rocket
fd06f04b-2278-4feb-9a57-73bce3cc13ca,Rezaul karim,https://play-lh.googleusercontent.com/a-/ALV-UjUvKGowXy-CZaKCRzyOg1wL96H1LWN6NkBZXEjkutmAaY2wNMVB,1,"i do not recover my account,",0,2026-01-01 20:46:58,3.1.0,,,en,Rocket
cae7ab7b-989c-4f63-a1e7-07e7ab460e60,RJ Alim,https://play-lh.googleusercontent.com/a-/ALV-UjXCvwS3h_YmvEKlCmJIkbUXyOHBP7S2r5ty-7nUNVd3cgxRStfX,5,ধন্যবাদ রকেট তোমাকে,0,2026-01-01 18:36:58,,,,en,Rocket
67b44609-bae0-4339-9877-7f7883ee118e,MD shohel Hawlader,https://play-lh.googleusercontent.com/a/ACg8ocIWEiMFsbYO6dBP82F03HzJ6OlZQJYGSsrxswQVEtaTXQriXA=mo,5,Good,0,2026-01-01 11:07:30,3.0.13,,,en,Rocket
319867a5-7897-4c96-a298-a0ddf0417d18,MD Abdullah Sk,https://play-lh.googleusercontent.com/a-/ALV-UjWILqMc6_kJWuBH_a-s_RzAsH83nutsmUwJrUnkTbdJVygS2SYK,3,good,0,2025-12-31 22:51:55,3.1.0,,,en,Rocket
dee690d7-ebea-4bb6-8551-b67216519458,Bm Riyad,https://play-lh.googleusercontent.com/a/ACg8ocKbBAPWcdJnrineIbv4z1tLeDbWGvrTwcXKwELlcCP7MGHZeQ=mo,5,naic,0,2025-12-31 18:43:42,,,,en,Rocket
0c2e3043-328d-4919-9a4b-bab5282a6cdb,mdripon Ahmed92,https://play-lh.googleusercontent.com/a-/ALV-UjXQj1sLpvgeZhNxVHpxw8xhZg7pcc4gNq2Ov7nem8Wbml44jaDO,5,nice,0,2025-12-31 17:33:57,3.1.0,,,en,Rocket
dc56a3f5-7bd8-4a66-9845-f5aa37dd82e0,md Badol,https://play-lh.googleusercontent.com/a-/ALV-UjVNA7pdBkEOouIcn3grqwJZlecoZTJF-etqLXdmw5pB6_LK38XU,5,nice,0,2025-12-31 17:26:04,,,,en,Rocket
61ba4e3f-3184-4a82-a4d6-ff9efc4f4b67,Sad Man,https://play-lh.googleusercontent.com/a-/ALV-UjUqPlSfzsbCYjqjIEvcazpbWwUdOWsXxxn-F5C4bAGPemzYZ80,5,nice,0,2025-12-31 14:50:13,,,,en,Rocket
fd0ddad1-e9ba-42b9-8e5d-b9454d3143ed,Ruma khatun,https://play-lh.googleusercontent.com/a/ACg8ocKxhFFrIxLfB-1zmGh3HDDdetyF76j_RxWIVNDrgrj2p5GRIg=mo,5,good .but some time lack,0,2025-12-31 11:08:38,3.1.0,,,en,Rocket
c93485f4-a173-4ecc-ae84-ca9091d2c63a,Md Jahangir,https://play-lh.googleusercontent.com/a/ACg8ocIPxmXpXyWr51UqzMUVLxfAlU9o4NK_1s5OOlKV_19WuCZvkw=mo,5,good,0,2025-12-30 22:08:01,3.1.0,,,en,Rocket
45157110-c154-4776-a176-e99871fba367,Edris Ali,https://play-lh.googleusercontent.com/a/ACg8ocLB8oYWjWl8a35CVraPvThJT6p1qmikJrGOeZwK4FCjSNJ0gQ=mo,5,ইনকাম,0,2025-12-30 21:40:57,,,,en,Rocket
3a432e36-8301-4304-a11d-ab612b0f9f38,Arfin Rittik,https://play-lh.googleusercontent.com/a/ACg8ocJafZseYXiYhNtG5BDSJ1qCGWNs_l7BnHsEKTrZISawzd6dIQ=mo,5,nice,0,2025-12-30 20:33:34,3.1.0,,,en,Rocket
5a330111-07e4-4053-84ab-7d1a001e31cd,Shima Akther,https://play-lh.googleusercontent.com/a/ACg8ocKaiO6L8eMlgglbxTy--Dy-rgj8yBrazam8coyRJTyT441LTg=mo,5,Nice,0,2025-12-30 20:26:54,,,,en,Rocket
d5856d55-26a0-4d66-9cc0-7535d3a1dcad,Md Nur Alom,https://play-lh.googleusercontent.com/a-/ALV-UjX8hRNgt3COWtJMkPMoSXkXcOcpQZeoVFx8qcB7eDXNtry62Nii,5,nice aap,0,2025-12-30 19:43:12,3.1.0,,,en,Rocket
b398dd0a-75ab-4385-8234-b3a5e16e78c5,BAYALA BEGAM,https://play-lh.googleusercontent.com/a/ACg8ocIrsmpPfHM8DKouRQiy6QvmoXY-U9sniwNZwEYe_rfBNj2L_Q=mo,2,ভালো,0,2025-12-30 05:26:22,,,,en,Rocket
0d57bf3c-75a4-4f7d-8afa-8597c5f6c059,MD ROMJAN ALi,https://play-lh.googleusercontent.com/a-/ALV-UjW9lBkNV1wNqzKf9UCh8dEkuhwlqDqSV3UWGyKbFqkn7o_Lps3j,5,মাশাআল্লাহ অনেক সুন্দর,0,2025-12-30 00:40:44,3.1.0,,,en,Rocket
66a9dc8c-6395-410b-a706-b7facf8c9bc9,shojol hossain,https://play-lh.googleusercontent.com/a-/ALV-UjUk7H8NmML2PsfWJhge2QK2NtjLqLd26KP1K4ZvMQt0KGXiSqU,1,একই সঙ্গে পার্সোনাল এজেন্ট আ্যপ ব্যবহার করতে চাই,0,2025-12-30 00:08:37,3.1.0,,,en,Rocket
bfae6837-6dc4-43ec-b3a5-6d80ed1819d9,Real Beta,https://play-lh.googleusercontent.com/a-/ALV-UjWkRH3EGanGjCrO9TGtpmxy3_gNJHcrRUsFGTPUX1CQRHYVEc0,1,"very bad services, useless",0,2025-12-29 14:32:15,,,,en,Rocket
4b60e8df-8729-4860-8aa4-7d7ed8c6dacd,Hasibul Hasan,https://play-lh.googleusercontent.com/a/ACg8ocLNA-tUGMs8Berlno1a2TDpB5W36MaZzsczKVJIk6MUvg_cgQ=mo,5,Good,0,2025-12-29 12:47:32,3.1.0,,,en,Rocket
c96bb297-955c-49cd-9eef-e20c61726d6c,Md Alamin,https://play-lh.googleusercontent.com/a-/ALV-UjWvVtEuMlnr4sT9ooUpoBxN-d-QrOj7Qn0A3LPrPH0cmmWQVNk,5,good,0,2025-12-29 05:58:58,3.1.0,,,en,Rocket
f94eeb6a-a34d-479e-a7d7-bcf050436a7c,MD DINISLAM,https://play-lh.googleusercontent.com/a-/ALV-UjWCgzw28CdYKaPEM7vqGP1MQyWYlWoa7-0TFCmW2ZohAkUMV_H0,5,nice,0,2025-12-29 01:29:05,3.1.0,,,en,Rocket
e276b054-d96d-499f-a484-a0076236a5eb,probir saha,https://play-lh.googleusercontent.com/a-/ALV-UjUe6ldtdjMdgEDlnJ8xcCMCF3I94GXX-6A0WvsM6RQGYl9-aI0,5,Good,0,2025-12-28 21:48:09,3.1.0,,,en,Rocket
d99da6e4-d042-4a93-be94-564a2db4fe55,Md Wasim,https://play-lh.googleusercontent.com/a-/ALV-UjWnBTducVsxgU6DB9NoTkXI6zhkOU8BlVjHY_U0fGMzKWUs9bk,5,good app,0,2025-12-28 16:23:22,3.1.0,,,en,Rocket
60a11315-4b8d-4fbc-8e77-147c4fc06710,Mohd. Sakib,https://play-lh.googleusercontent.com/a/ACg8ocLRVz-sB3up-9c7OOxWsNchrqYqwUJewQ1tsc4JSrKHo0oDAw=mo,1,"very bad experience after this update. issue in mobile recharge, agent cashout. disgusting, very much disappointed",3,2025-12-28 15:57:58,,,,en,Rocket
b97bb067-5fae-4de5-8a2a-a959b0bcdc18,Mahim Khan,https://play-lh.googleusercontent.com/a-/ALV-UjU-uwVooxu5lnZRHeK6t57MzCRPbiZUeH1TueDQLJiq6VZqUD8,5,mobile banking app rocket to DBBL,0,2025-12-28 00:19:33,,,,en,Rocket
f0f4c1ef-da47-4403-ba26-0ba34804960b,Md Habbibur,https://play-lh.googleusercontent.com/a-/ALV-UjU_Hc__lnwiGzjrN8TaKE0osliQ2AGI9DICm-0CtL4qeEtYITjuqQ,1,plz help login problem 😓😓😓,4,2025-12-27 05:22:15,3.1.0,,,en,Rocket
8e614a63-7cfa-4e07-9d2f-8f2d53913c99,Sohan Islam,https://play-lh.googleusercontent.com/a-/ALV-UjVf8hbPKx1WDdR9T5ocAnQZe1yGMVMvdDs143oeyMIqxkvgPdIm,5,good app,0,2025-12-26 17:42:39,3.1.0,,,en,Rocket
0c514349-221e-401a-bdd2-6b9dea154038,Alif Khan,https://play-lh.googleusercontent.com/a/ACg8ocK1QFzaQiYqGf-ogSa4dTcXr5_1gn-M6zs2KNrI94BIpeyKdg=mo,1,good app,0,2025-12-26 15:24:21,,,,en,Rocket
c6903e89-2a90-4f5d-9d2c-e6aa1d3663b9,MD Amdadul,https://play-lh.googleusercontent.com/a/ACg8ocIoEYgid8qcq-RkUFSqLT2cysss7Xr8P8OfN9z3jDrEPibJAw=mo,5,good app,0,2025-12-26 10:34:39,,,,en,Rocket
2a82f028-4cda-4613-81e7-0ff9fc8c892d,Rahul Rajj,https://play-lh.googleusercontent.com/a-/ALV-UjU_yImTs56ClxQB-Cjszlbg0NEIr9_E0Ii7cf1DiiytDrp0h0_o,5,গুড,0,2025-12-25 20:20:51,3.1.0,,,en,Rocket
3b9f7b0f-4c88-4f74-86ef-6b720843ab30,MD Kushid mia,https://play-lh.googleusercontent.com/a/ACg8ocI67VYHQHLgF8whdmh8VbRKnDoC6Y4p4rHPiLlxxy9831ka-w=mo,2,nice,0,2025-12-25 16:17:11,3.1.0,,,en,Rocket
b2fd9da3-3405-4a19-9413-2817ddfd24b1,ABDUS SAMAD ABDUS SAMAD,https://play-lh.googleusercontent.com/a-/ALV-UjUrglxkaD7AwYI_IVQdS4ns9I5gEcBYpgA4NuTb4fIn0GXNDDMU,5,good,0,2025-12-25 09:38:29,,,,en,Rocket
50f5b65b-096b-42db-8f77-f5b239abab3f,SANTO DAS,https://play-lh.googleusercontent.com/a-/ALV-UjXLZo8GBehftbBUSfq6T-1Amg27H58dH1Bs-p8DgEJbHBTCx99r,2,This app should be improved more. The app works very slowly.,2,2025-12-25 09:26:24,3.1.0,,,en,Rocket
6694c02e-b991-4020-8830-5a799b9552ff,Shakil Mia,https://play-lh.googleusercontent.com/a-/ALV-UjVnlslxJ8DIyHXztBtIaRKwtaaFqyUFF5ehLq2WeW9340hogvno,5,that's great for Bkash users 🤑🙄,0,2025-12-25 04:59:11,3.1.0,,,en,Rocket
13a1fef4-274c-47bc-9745-8b79d4f4aa89,raselislam,https://play-lh.googleusercontent.com/a/ACg8ocKroJWuzgzB1qtdbYeYm7ObWQGXKeDKFyEGdGIZGr0bXanNcw=mo,5,very nice,0,2025-12-24 21:04:08,,,,en,Rocket
75614af9-28eb-4beb-99e3-97df3dfdc7c7,robiul islam,https://play-lh.googleusercontent.com/a-/ALV-UjWuM4OvGEGVVO9juMZlwre4MYyHQ4mUGXKtqmXWLIgQXA_-5VU,5,sundor,0,2025-12-24 12:07:33,3.1.0,,,en,Rocket
43af7dcc-3a1a-41e5-85cb-fa5bee8bd11c,Jahid Hasan,https://play-lh.googleusercontent.com/a-/ALV-UjWQ6M9WU6FnFt83aVNMkx17jPKyGx6IkU6Ssxfxd7dsv8aDtlM4dw,5,"Everything is updated now, but it's very sad that there is no option to login with fingerprint.",166,2025-12-24 10:37:59,3.1.0,,,en,Rocket
a2ead762-8a8a-4ede-8290-c9d77d341bee,Akib Hossain Akash,https://play-lh.googleusercontent.com/a-/ALV-UjU7s9FCY4dr1snZgIZ5bKU3pAHXdUmwt-GOJmlSEq5a0J_YvxI,5,vire nice,0,2025-12-23 16:25:41,3.1.0,,,en,Rocket
408f6430-187f-45c7-a9d5-13eb4469b34c,MD HERA,https://play-lh.googleusercontent.com/a-/ALV-UjWM8QR0anDvxy1Xw3Vw_87koCzcrp2vEe-R6YSK7sdH3AJDLsM,5,বিউটিফুল,0,2025-12-23 00:23:21,,,,en,Rocket
163b1b08-1b90-4005-a67d-f3ae7f641dce,NI SOHEL,https://play-lh.googleusercontent.com/a-/ALV-UjU5DCCyXaYXLF5icC-165XGaH1IzGDbuaz1QgHGCcpv17u-lFkffA,5,good apps,0,2025-12-22 22:59:19,3.1.0,,,en,Rocket
b67c150c-4d6f-4f30-bf22-5827246526a1,Sukanta Bhadra,https://play-lh.googleusercontent.com/a-/ALV-UjVkDkhVwdsBapml1WIh-p0HXJIFhqMAyxpmAtvavLOBQJi9DDM,5,very good,0,2025-12-22 22:07:54,,,,en,Rocket
a3f00123-c94b-4859-b0b2-9634158ef2b6,Abdul Malek,https://play-lh.googleusercontent.com/a-/ALV-UjXyBeVqlk6PRT9NRsdVz2p-ZD5cAC7iMTH8WQnLen39xdXM-aLa,5,Super,0,2025-12-22 20:24:33,3.1.0,,,en,Rocket
85794342-a0fb-41fb-b66e-c7eba9eb08ab,Md Ismail mia,https://play-lh.googleusercontent.com/a-/ALV-UjUJ8mVR3rx9D_4bd-3G-kAZOkAqctnyiYIL5PpKskAZwSw3Ykxg,2,"can not support , & reboot device display show plz",1,2025-12-22 19:15:58,3.1.0,,,en,Rocket
adf7f355-b928-46d8-8846-e9c4f00348e1,Surjo Boss,https://play-lh.googleusercontent.com/a/ACg8ocLzSE6OfOko8CBrUCYlAIh-5cq59VSo6l2SHFoP_-gbFjNbSQ=mo,3,valo,0,2025-12-22 14:55:48,,,,en,Rocket
3610158f-e964-4a55-add4-898ab496b5bc,Razeeb Hossain,https://play-lh.googleusercontent.com/a-/ALV-UjUwQWp6-F9-4j31zwXP_mvWo-AtSN5Hw_2u60Orl_eQB2b-la3H,5,last update amr kache ekta problem face korchi.last update hobar por por por bill dite gele same amount dile second bill problem hoy kintu eita age chilo na..apnara same bill number hole 5min somoy nite paren kintu bill number alada hole jate bill dite somosa na hoy sei vabei korun,4,2025-12-22 12:04:01,3.1.0,2025-12-22 14:52:33,"Dear User, Thank you for your suggestions. We will try and incorporate them upcoming versions.",en,Rocket
a2707edc-db4a-4333-a916-6641ff5bba33,Arafat Shunno,https://play-lh.googleusercontent.com/a/ACg8ocKqx1nY-fLT1MfKB231wkW1KN5jx2a8_y5AXGxeCJ0AL1jFtQ=mo,5,nice,0,2025-12-22 01:04:28,3.1.0,,,en,Rocket
ce254694-1f21-44c1-840a-2c38270ff4cc,md Hallal,https://play-lh.googleusercontent.com/a-/ALV-UjUcvc0kr7kXUGapd-0p-B6BlIPrk79AHO7GTYh1il8mjAZcqII,5,good app,0,2025-12-21 20:16:00,3.1.0,,,en,Rocket
237a5b0e-5223-4e8a-a9ff-84571496ea5b,Humayun Bela,https://play-lh.googleusercontent.com/a/ACg8ocI_4n6cjbhtCROJbTfnuxxhLZy0BWjzokC02PvC943q2Mm7ag=mo,5,nice apps,0,2025-12-21 18:05:26,3.0.15,,,en,Rocket
98b3009d-932d-4a5f-871a-1b8ca8ff1e6e,Suhan Ahmed,https://play-lh.googleusercontent.com/a-/ALV-UjXp_HnueLFsCAcEhAnEaDv8KwuM6TUHP0fIAFA2An2gWaEfGv71,1,"আমি রকেটের একজন DSR। ৩০ মিনিট চেষ্টা করেও একটা পার্সোনাল একাউন্ট করতে পারছি না। তাও আবার একদম নতুন ফোন দিয়ে। সাথে সাথেই ছবি/তথ্য নিয়ে নিচ্ছে। এন, আই,ডি ভেরিফিকেশন ফেইলড হওয়ার কথা না কারন, মধ্য বয়সী লোক আর আইডি কার্ড একদম ফ্রেশ। আর যদি ফেইলড হয়েও থাকে ফিরতি এস,এম,এস তো আসার কথা। *এজেন্টরা বিরক্ত রকেট এপস নিয়ে*👎 সব সমস্যা শুরু হয়েছে কিছুদিন আগে দেয়া *ফালতু* একটা আপডেটের জন্য। সিকিউরিটি ইমপ্রুভমেন্টের নামে এপসের ১২ টা বাজিয়ে দিল। আগে পূরনো ভার্সনে ও কে,ওয়াই,সি করা যেত",0,2025-12-21 17:43:23,3.0.15,,,en,Rocket
1b0e11c8-d8a6-45e9-8661-1ff305e77321,Md mokarram Hossain,https://play-lh.googleusercontent.com/a/ACg8ocJU2YZIziWGBxb-0LTiRzO8SGl85w2GUmE9LzjlL12jmFsRcA=mo,5,Nice,0,2025-12-21 17:31:31,3.0.15,,,en,Rocket
7d302052-a015-452f-9d76-99548fdf02c5,Labib Hasan,https://play-lh.googleusercontent.com/a/ACg8ocKSdg7XVav2W5JcPeofzW6VljlX_jC7FIEPVAO-O0unbKJKcQ=mo,5,Good❤️,0,2025-12-21 17:23:05,3.0.15,,,en,Rocket
f81be93d-d89a-41bb-96c5-63c88976b114,Md Nasir,https://play-lh.googleusercontent.com/a/ACg8ocIRC9Z8SUGJwbMiNKo1v2kjvWdt4TNSPzPoqhKSy-WSB1Gp9Q=mo,5,টাকা পেতে চাই,0,2025-12-21 14:22:16,,,,en,Rocket
b436ca18-149a-4215-9213-85cddbf3f3c8,Mohammad Sohel Rana,https://play-lh.googleusercontent.com/a-/ALV-UjVMjWA9z6_ug3ZuzyWW3rHgdhKeXXVcRGFtv3bk_tmDbdSI8bY,1,অনুগ্রহ পূর্বক রকেট এজেন্টে ব্যাংক একাউন্ট যোগ করার ব্যবস্থা করুন। প্রয়োজনের সময় ব্যালেন্স শেষ হলে যাতে ব্যাংক থেকে নিয়ে ব্যবহার করা যায় কিংবা রকেট এজেন্ট থেকে ব্যাংকে নিয়ে নিজের কাজ করা যায়,0,2025-12-21 02:26:37,,,,en,Rocket
d8f8eec3-7e7e-44c8-955a-82f692bfbc15,Abdullah Al Fahad,https://play-lh.googleusercontent.com/a/ACg8ocJM6D4Vc4sDf6nkXK4RpIl31AzOqfWM5V1dUUIeBDEyWGKZSA=mo,5,very very good app,0,2025-12-21 01:14:25,3.0.15,,,en,Rocket
1f1c6e4b-a877-4956-8b0f-bf3d8113f277,Riya's Rimon,https://play-lh.googleusercontent.com/a-/ALV-UjUpAaOucuAAHsYDQBqY4hM9yg_vJFS3WrpMZwwh89tcKpol7uI,5,super,0,2025-12-21 00:55:27,3.0.15,,,en,Rocket
bb2ce919-4278-4ab8-abe8-36d5e73de44b,SHAMIM PHOTO,https://play-lh.googleusercontent.com/a/ACg8ocLfvr2cVcxoLz-ZrxWo2iqZhj_lz3-RUkN-lCCShYaxtZh1fA=mo,1,বিনিময় কাজ করে না,0,2025-12-20 22:59:43,,,,en,Rocket
b521a3cf-bfc3-4395-b0b1-2f1102e6096f,Roma Akter,https://play-lh.googleusercontent.com/a/ACg8ocIqbCF4ggt8yPhc_og-Hk59IluIfEISztJAysdHDHlkh_oxfA=mo,5,good,0,2025-12-20 21:04:39,,,,en,Rocket
d60d9629-8e0b-4f65-837c-df200b3e1c0f,Mostafa Kamal Hridoy,https://play-lh.googleusercontent.com/a-/ALV-UjWGoJnF2Iwco-yMupKwmGb205OxOH5GAeTWWbr_ZuGhEHSZ1gLy,5,Rocket Apps ar sata DBBL ar agent banking ar Card system oh Add kora Use kora jai. 👍👍👍,0,2025-12-20 20:53:17,,,,en,Rocket
0171c9e9-edbe-4f37-8298-ebbbf86d3abb,Niyazul Alam Anik,https://play-lh.googleusercontent.com/a-/ALV-UjWhRJI4DDw86FpNSuwQfUc9La4w5l-yjD6Flty7Fkc_YFdScb5d,1,The 12-digit system should be discontinued from all parts of Rocket accounts. It should be made 11 digits like other MFSs. There will be no hassle with 12 digits.,90,2025-12-20 16:34:39,3.1.0,,,en,Rocket
a79eb241-914e-4f69-a6e5-d5080bfcf1ed,md.mesbah-ul-alam leon,https://play-lh.googleusercontent.com/a/ACg8ocJ-oVkfwAn12-8pgsgFyndZLEk9synXR6rmK-lcueOmxuBOxw=mo,1,can't put OTP in this app,2,2025-12-20 03:41:39,3.0.15,,,en,Rocket
4b424028-46fb-4032-855d-82528157424a,md Nurul Islam,https://play-lh.googleusercontent.com/a/ACg8ocKa_HODSy9gQ2ZeAHT4E5vv7PJjAXVSB54Cd69V4sWsbCVvzA=mo,5,nice,0,2025-12-19 20:01:33,,,,en,Rocket
92e77290-0b50-472d-a089-8d20901ee60f,Arbaz Ali Miraj,https://play-lh.googleusercontent.com/a-/ALV-UjVHJcez4N3QtPtbk11rKR2R4fXv-n3A88MtAm099ZrgywRNqYW0_g,5,Good,0,2025-12-19 18:46:42,,,,en,Rocket
4688d3c7-e089-4273-866f-7cfd5f2a1d80,sayem h khan,https://play-lh.googleusercontent.com/a-/ALV-UjUT_6vGMUWPT_WJ_HG1HUABjqtiiJldzle_wGwKWuw25VrWfMe0,1,Worsted App Ever !,0,2025-12-18 23:41:09,3.1.0,,,en,Rocket
a0013558-3ac2-40b5-9a68-9b1fccbb04ad,Shuvo Shahaji,https://play-lh.googleusercontent.com/a-/ALV-UjWKDRYgLEeHtMqwEFHwtJGC3h_pjMH3Ar8Hiu08tAvWqVonFg_I,5,nice,0,2025-12-18 18:12:06,,,,en,Rocket
006dc2b5-f24d-4b71-aa07-fd11a6472002,Noyon vai,https://play-lh.googleusercontent.com/a-/ALV-UjUDHxzIAD0KzMgKk-hLYydPW06omGvW4ZTIyKtVjUxXLcx6Jgk,5,good,0,2025-12-18 15:32:56,2.0.64,,,en,Rocket
1f8d057c-a6c5-481c-9d68-5b22f1808552,Dj Alamin,https://play-lh.googleusercontent.com/a/ACg8ocJ7V13SgJEGdu54PD8bh8GcWYc8OoCcT5zYhjVQxRIzurQdlkI=mo,5,good app,0,2025-12-18 10:10:56,3.0.15,,,en,Rocket
01abdc8d-a053-46a5-aa29-3d711d58ed88,Jasmine,https://play-lh.googleusercontent.com/a-/ALV-UjVBfDggSW1knjlpMTrz8UyyRKju70HZd8lng4D1eBuaAlghBxM,5,loved it,0,2025-12-18 02:34:40,,,,en,Rocket
2d5b1b81-ad95-48d6-9c09-5771fae01867,Md Firoz Hossain,https://play-lh.googleusercontent.com/a-/ALV-UjVvXJnWXqKrq0ciOGPQA9BEJIS4cUE3HcGmF3E_ax3M-HZU2PLT,5,good app,0,2025-12-17 20:11:49,,,,en,Rocket
a44fdfee-b328-4f27-a85c-4bb644d61bff,Alamin Mia,https://play-lh.googleusercontent.com/a/ACg8ocIRMsAO0MrBjxPiNzmolXy1zkAIpJ-m-EDz0amZIBytblBg4g=mo,5,আমার অ্যাপস লগইন হয় না কেন তাড়াতাড়ি লগইন করার পারমিশন দিয়ে দেন,0,2025-12-17 19:29:52,3.0.15,,,en,Rocket
eda8b7d8-fb68-4593-8ece-bc9026af403a,Jubair Ahmmad,https://play-lh.googleusercontent.com/a/ACg8ocK1Bvj7nZMe7vFhaXti-H5gGmFs8IRLpudkTeeogc3jOEgoKw=mo,5,good apps,0,2025-12-17 18:53:12,,,,en,Rocket
fc851f1e-0870-4c21-981e-f63cb4906af8,Aminul Bosunia,https://play-lh.googleusercontent.com/a-/ALV-UjWY73JHJKV0Gi-eYaEoI_z7urviS2T7RWkb10YrJA-xxFVC47QI,5,thank,0,2025-12-17 16:38:48,3.0.15,,,en,Rocket
487cbf47-570e-4be0-b560-ff93399d7dfc,Md Fahim Hasan,https://play-lh.googleusercontent.com/a/ACg8ocKAP4KJmgN9t2JORZ1Uyb6Bjl0pLqMPjolD-c8MR70ki0jChQ=mo,1,app poblem keno,0,2025-12-17 07:26:13,3.0.15,,,en,Rocket
7f66e68c-21de-4fac-9e6a-f46b888e4dc8,Masud Rana,https://play-lh.googleusercontent.com/a-/ALV-UjUAthRx62GwFvd2YGP2b2l9z8QLQjusOUGWRHdMP_HZS4p_SIIv,5,good app,0,2025-12-16 22:58:00,,,,en,Rocket
539fa632-78be-44f1-b2d9-7f48df6e9b53,MH Tusher,https://play-lh.googleusercontent.com/a-/ALV-UjWBIucklRAq8n_raC8BN7mNpsuy0mFSmFADuArQr_h86nQdr_WL,1,"No transection statement available, just learn from bKash. They give proper transection statement.",0,2025-12-16 21:56:29,3.0.12,,,en,Rocket
666bce45-70e0-4b80-aff4-a0591adf1d16,Easin Rana,https://play-lh.googleusercontent.com/a/ACg8ocLox-VB1Y_6be8y1SMjwZ3RG8ZD4LhkvlZBEuB2_zPX6vJQMA=mo,5,Very Very Nice Apps,0,2025-12-16 17:39:15,,,,en,Rocket
bde2bf09-8ed8-40be-8a44-61f558954fbd,mirza tauhid,https://play-lh.googleusercontent.com/a/ACg8ocLJidJPfLWHWvuAYQ9l2oNVOZsRwt59Op6PUqNvtyoySEVAgA=mo,1,কনফার্মেশন কোড আসে না,0,2025-12-16 14:27:27,,,,en,Rocket
6b11be99-7c21-4dbe-879e-6ec4f921bd56,Sagor Baroi,https://play-lh.googleusercontent.com/a-/ALV-UjU2dFGHW_4z2Atkup21FicJVCL1bSmjOWfKn3xcUdfJQBzG_NI,5,good,0,2025-12-16 09:03:33,3.0.15,,,en,Rocket
e05084ce-26ee-4df9-9c1b-56bec6de76e7,Morshed Alam,https://play-lh.googleusercontent.com/a/ACg8ocIIIxtyitdgDhLo-xMk8SpAdKcaBnpXA14BkK3ZfC1nVpvuWQ=mo,5,excellent and wonderful service.,0,2025-12-16 08:56:15,3.0.15,,,en,Rocket
15e2b606-71fa-4c40-b3d2-9b0ac7b1c178,Md. Sabbir Hossain,https://play-lh.googleusercontent.com/a-/ALV-UjXxHSVKFyseVgDV5ERCxo1gazMkvsCQifTZS1RvfW8Hz134PRkp,1,Add skitto sim recharge option,90,2025-12-16 04:26:48,3.0.15,,,en,Rocket
3f1371aa-ab30-4c2a-836d-6ba31f8afb38,Shamim ahmed,https://play-lh.googleusercontent.com/a-/ALV-UjWvvw2MoKc7gUFT3W3-FfdRJjyYDQuV5NAfqsAjU6fWh7Q-7i8M,5,best app,0,2025-12-15 21:28:17,3.0.15,,,en,Rocket
09c7f022-ab7e-4014-81cd-886fa4438c71,Khurshed Alam,https://play-lh.googleusercontent.com/a-/ALV-UjUV-P8z8ePNGe4f6yzHSQhsw3sdYxHSkxyjGNaRFcQkhBDNcPo,5,your apps very nice and beautiful. I'm fine just curious are you feeling now. MD KHURSHED ALAM.,0,2025-12-15 21:03:56,,,,en,Rocket
b7c20c32-13d1-4e1b-a295-e1c734ba88d4,Alvi Mahmud,https://play-lh.googleusercontent.com/a-/ALV-UjUAdRmGKplNTa6Naczl-hF4vRMPqYn79bWfpi_3Hrvhfq1DD4ebiQ,1,Cannot connect my Debit card. Invalid SVA number. And errors in almost every options I select.,5,2025-12-15 20:48:46,3.0.15,,,en,Rocket
ebf04bc6-8c02-4e5e-8304-f85254ed489a,Provati Sangma,https://play-lh.googleusercontent.com/a/ACg8ocIEPeNf5BoohRCn7psaxhhb3XZInnoaX_xcofV0ZZdp2ocMBQ=mo,5,this apps very interesting,0,2025-12-15 20:14:07,3.0.15,,,en,Rocket
776e7e0c-810c-49e5-8859-40c5bbbc3ca1,Tanmay Das,https://play-lh.googleusercontent.com/a-/ALV-UjVM7H8x2pfHTSrxBn6cONc8cfX97wgOCcgxWy8r-29iSohH64t_og,5,Excellent..,0,2025-12-15 19:48:40,,,,en,Rocket
cc8b9f9f-a2aa-4d7a-9a4c-afa9cb979c8e,Nahid Kawser,https://play-lh.googleusercontent.com/a-/ALV-UjXvxopv8Aj-cSibgGcmkj8aFWdt4MLsILVA8fwBpK9PGMT8X7df0w,4,"Requesting to add ""Update MNP"" option in Rocket app as well as USSD menu. As a MNP user I had to revert to the original operator just for not having the option in Rocket. Hopefully Rocket will take the matter with high importance.",53,2025-12-15 17:44:20,3.1.0,,,en,Rocket
4c69a493-6589-4b91-834e-ba6d4a2dd6a5,Md Rashedul,https://play-lh.googleusercontent.com/a/ACg8ocIpKA7dOhJEBBhfUeCE6tA-VYvUy7P8qI4tYeEYqkHx2hgZLQ=mo,5,Very good App,0,2025-12-15 13:59:06,,,,en,Rocket
7814e508-12b4-45ce-acce-f81b4de0577a,HM Faruque,https://play-lh.googleusercontent.com/a-/ALV-UjUyMubAUQeQpI8JnUoow4Xs35H6pcHalC_V3g3AADWsC3akhRWL,5,Best app,0,2025-12-14 15:47:44,3.0.15,,,en,Rocket
c0477646-a481-4dd5-9fb7-ebb836b22649,Shaon Shajib,https://play-lh.googleusercontent.com/a/ACg8ocLtglEf1ou_x05Yj5x-jo1O90axvw76_-A8xZpklGBnM1_hGg=mo,5,good,0,2025-12-14 14:55:29,3.0.15,,,en,Rocket
cfbd1043-01d7-4850-ae79-8a9712b5f430,Atiqur Rahman,https://play-lh.googleusercontent.com/a-/ALV-UjVY3rcoM9naws1FG7AFaWB4feOBOSJMiKodLZ23lpYQpa8TLEQ,3,No Search option in home page........,0,2025-12-14 13:42:11,3.0.15,,,en,Rocket
16b41fa3-57e1-4787-a4de-b7281b997329,oscar harry,https://play-lh.googleusercontent.com/a-/ALV-UjUOokU3UxxvHAsKz2gEcBn6d0LaJpZ2_qv-Hz0PD1adzIhRaN8,5,good,0,2025-12-14 12:13:01,3.0.15,,,en,Rocket
61044d53-3f52-4df6-b804-2a4bea9ecd43,Sabbir Mia,https://play-lh.googleusercontent.com/a/ACg8ocKjNBRNkLKMcH-P05ZDYg--sazdRjclzL0TcOn3B7OJ7QoiUw=mo,5,nic,0,2025-12-14 10:55:16,,,,en,Rocket
794ae00b-cf3b-45d4-9a90-65ec5e9f8172,Md Lekhon,https://play-lh.googleusercontent.com/a/ACg8ocLFFHbOb28MRWy9TyuxttUMT6j4u1qS1yGWX8adtUlrZDTG7A=mo,5,good,0,2025-12-14 08:23:36,3.0.15,,,en,Rocket
71145d17-c469-4c14-b7c6-51fe3fb72311,Israt Jahan,https://play-lh.googleusercontent.com/a/ACg8ocJl17SEXOnDQhzqBPeZlBQm6lyYpULTwB88z-f1fifIgIJFLw=mo,5,great,0,2025-12-13 04:26:55,,,,en,Rocket
2385daa8-51c1-48c1-9453-587881bd43ae,AFB SOHAN,https://play-lh.googleusercontent.com/a/ACg8ocICpZ1FlLwyS_f5ETavEZ4WZWopvW_FQ0W6Q7m47K57jQM6qw=mo,1,I have sufficient balance in my account but when I try to do payment it says insufficient balance solve this problem.,15,2025-12-12 12:51:46,3.0.15,,,en,Rocket
32ff0aa4-e3ff-4f24-adc0-b82fe07969b3,MD. Jihadul Islan Bappy,https://play-lh.googleusercontent.com/a-/ALV-UjV7N4_osoQtV_0u_sQJwKa9-GHjeyJ-S26xkNYyL3ZkzHKrro4,5,nice,0,2025-12-12 12:45:57,3.0.13,,,en,Rocket
be4a9042-e2fd-4203-a3a9-0b0e71dddac2,BD SOJIB Bdsojib,https://play-lh.googleusercontent.com/a-/ALV-UjVlAJrIHq9h9KoJTHI5UjQS3wxqp2aPQy6eIntx3qh1zQ35WCOn,5,nice🥰,0,2025-12-12 10:42:25,3.0.15,,,en,Rocket
a1f44e3f-cab6-4b66-aef0-82a2d29bda7b,Mdmasum Behilla,https://play-lh.googleusercontent.com/a/ACg8ocIKVpbkb_1WcVfuhKUjeHlDeX7iwxF4HV-9wjf_DYUIF1m61w=mo,5,nice app,0,2025-12-12 10:26:25,3.0.15,,,en,Rocket
93dbcaf7-d6d8-4b2e-aa31-845a578a6e08,MD ABDUL KARIM,https://play-lh.googleusercontent.com/a-/ALV-UjUu4xERSqQww7-5l3NJwO1-E_XH5FMikA4YFvIYd0GmzWghMXal,5,best mfs service.,0,2025-12-12 09:32:25,3.0.15,,,en,Rocket
c9bd4554-0c31-432f-a3f2-4d1027b124a3,Apurba Akash,https://play-lh.googleusercontent.com/a/ACg8ocJibPQVGuyVlTpgbSVUXlZVVpcKONI-r-unXq6xTIAW2mdZWQ=mo,1,"this app is laggy from last 3 update, and drained more battery on my s23 ultra please fix this problem",8,2025-12-11 23:53:26,3.1.0,,,en,Rocket
c55781ee-dedb-484a-aaea-4298a4e5477c,ALAMIN FF,https://play-lh.googleusercontent.com/a-/ALV-UjUtRy94z6hsYPWodRTY0UgoGiNXPGinVywI9ECoAfXlkLdHRhtb,1,disgusting app 🤬,0,2025-12-11 20:25:21,3.0.15,,,en,Rocket
0a5a7452-7ed1-4f2f-94c5-3ef0a78ff51f,Minhajul islam Minhaj,https://play-lh.googleusercontent.com/a/ACg8ocL2jTQM0nRBBj1UQ14BfnLVdQwD9h3RU-wSw3G-k4iQmaSuBg=mo,4,Best service,0,2025-12-11 16:47:14,3.0.11,,,en,Rocket
993f6ff9-04ca-4102-852e-a84ac807ef82,Nirob Siam,https://play-lh.googleusercontent.com/a-/ALV-UjWtzKLGZynSvPOL9sfakwA6_Edvew7WCgqiope3TaXzEuvhCa_U,5,nice,0,2025-12-11 16:15:26,3.0.15,,,en,Rocket
be97d53d-8888-4daf-8e1f-a1ab88a10074,Mosarof Hosain,https://play-lh.googleusercontent.com/a-/ALV-UjX90gvB0JH_leXNqAs2Fb1S3dvPPZbe0XZjz_pR6Lh3edjTrTxM,5,fantastic,0,2025-12-11 13:53:53,3.0.15,,,en,Rocket
4056e4ce-7cda-4e7b-83b0-0aa5ef8087c6,Amirul Islam Sohan,https://play-lh.googleusercontent.com/a/ACg8ocJyg5q3x6ycHZhyQno3Me0YjCmWroO5Xbz45bFHt1luZnqTtg=mo,5,কাজের অ্যাপস,0,2025-12-11 11:06:51,,,,en,Rocket
32d6b5b2-917d-4929-8315-902b40fb0778,Roni Jk,https://play-lh.googleusercontent.com/a-/ALV-UjXrt26umiXozglOjJ0iGFRYMaQLew_0z_wNhuSgQ34h-pL6xuU9Cg,5,😍🫶,0,2025-12-11 03:08:27,3.0.15,,,en,Rocket
3f2a5842-2fe7-48c7-80ef-07835babb9ea,Golam Rabbani,https://play-lh.googleusercontent.com/a-/ALV-UjUnj_2GZSYf-uFJh5BtciH8qzg7e9zkLYuLqqiNoxFEKJ0gQUh9,5,good,0,2025-12-10 20:00:05,3.0.10,,,en,Rocket
a199a179-ed03-4cea-be02-28cff5321dd9,Nadeem Mahmud,https://play-lh.googleusercontent.com/a-/ALV-UjXwVKjBZLw5wr_lVybgUpODVhpWaP1aqt02kz4L5tP5SfHyTzB2,5,ভালো,0,2025-12-10 19:55:35,3.0.15,,,en,Rocket
28c52ec9-8807-4b7e-9f56-2a356a4c5627,Arju Priya,https://play-lh.googleusercontent.com/a/ACg8ocJ5CaWfOdCZCYbhlta3u3dfRyAJpU9_DR81R11VlhtmApzPIQ=mo,5,❤️❤️,0,2025-12-10 15:35:25,3.0.15,,,en,Rocket
0c0b614a-cd7c-49de-8a3e-4a41bf58fded,Abdul Halim,https://play-lh.googleusercontent.com/a-/ALV-UjUvHrWKeZomkS8RjhcsqrG5tF41NCkwTpC3Sil1PIZbuklNy-Xa6Q,2,I am facing this problem when I want to login to binimoy from Rocket. Error Exception occured!!! java.lang.NullPointerException,8,2025-12-10 13:09:03,3.0.15,,,en,Rocket
89587da1-d680-40bd-8dd1-8dbe635fde08,Lion murad Lion murad,https://play-lh.googleusercontent.com/a-/ALV-UjV9zIysUb9ccgx5cYhn6RhyVZAdv5qkGm15imUiJ2-65hOkgqUC,5,very good,0,2025-12-10 10:35:31,3.0.15,,,en,Rocket
eac48c44-6295-48e8-9bca-e776c7c1aaa3,Razik Uddin,https://play-lh.googleusercontent.com/a-/ALV-UjXTDcEe3Kg-yFwkh_LZqO2bpDcSst0qAVdhsk41HhworB7MQnpA,5,good aarviea,0,2025-12-10 09:54:29,,,,en,Rocket
0f49587e-a41b-4891-a48f-d7df6a5eb5de,Md shojib Khan,https://play-lh.googleusercontent.com/a-/ALV-UjWHVbEmlCfGQimmAKsZHFubp0gAdRiIkbd7R64G99bjve3_s_2B,5,gud app,0,2025-12-10 05:10:32,3.0.15,,,en,Rocket
e872b280-7375-4458-bd2c-c475e390c7ac,Ahmed Shehzad,https://play-lh.googleusercontent.com/a-/ALV-UjW8sn5m8dSkEW7eKmxmiNLuRRpPnSi0XdrH2nJkmRCiEQWQzhIF,5,very Helpful,0,2025-12-10 00:17:54,3.0.15,,,en,Rocket
6c6ed216-f047-46df-93b3-59bea7e9b656,My Sony,https://play-lh.googleusercontent.com/a-/ALV-UjWoy62U7fF9_Wo1iWMG49cgJ9Bc8C6XxQ6ICbxRD2lKiIHeqLrb,1,"বালের এপিলিকেশন,,, Cash out ar number দেখা যাই না?, 😡",0,2025-12-09 23:54:35,,,,en,Rocket
572340f3-90fd-4540-ab71-fead95aded1d,Nilaahkter nisahida,https://play-lh.googleusercontent.com/a/ACg8ocIphVdZjmIXfT97CfT3CrJXgqglyjObWLUtXVx7f-0vuUHqaw=mo,5,Good apps,0,2025-12-09 22:25:11,3.0.15,,,en,Rocket
d3a497a8-8005-40ad-ac4a-b2d059396c51,Md Anwar Hossain,https://play-lh.googleusercontent.com/a-/ALV-UjXQoA1cKOFdbpN8VtOwiVVPBqa_sNKcgF4sSv-_Rn6iDUAo16hr,5,Good,1,2025-12-09 22:17:17,3.0.15,,,en,Rocket
e749e014-e9cd-437f-a6de-2dd6c5f61417,Md Ismail,https://play-lh.googleusercontent.com/a/ACg8ocJ1Dahv6MsQ66ydpVA4klFyh6w3y_cNX2Nj3Z-KGxOrBlcEzA=mo,5,nice app,0,2025-12-09 22:12:14,3.0.7,,,en,Rocket
6131ab0e-a6ab-4680-bea8-6feee0fcb95b,Obidullah Jamy,https://play-lh.googleusercontent.com/a-/ALV-UjUCewdAhtSi9VHSZ9ZabNpRVoihRV0WblXzPs728H3_saguGOkH,3,stupid cash in system. cant find agents. need more option like bank (Agrani Sonali etc) and mobile banking (bkash nogod) for better cash in experience.,6,2025-12-09 21:03:48,3.0.15,,,en,Rocket
68babbc9-f2c1-4e56-a328-5b877ae5b250,SHAHIDA KHTUN,https://play-lh.googleusercontent.com/a/ACg8ocLqimAzf7dGRox6Kiq18yOT4nwElNh21Q2ejnhTSOYv8OhE=mo,5,good,0,2025-12-09 19:54:23,,,,en,Rocket
a592e33f-1f64-4a66-a376-0d75f669edd9,Balaram Nath,https://play-lh.googleusercontent.com/a-/ALV-UjWoP6p3Ocbq4knExuwrNqaqAdkYtZUwf6M3040-3cTBDVedVK0I,4,"I changed my old phone and now Rocket OTP is not coming to my new mobile. But when I use my old phone, the OTP arrives. Please tell me how to fix this problem.",16,2025-12-09 14:58:16,3.0.15,,,en,Rocket
b2f50180-5c94-4d38-940e-c7b7a7bd4fa9,Ridoy Khan,https://play-lh.googleusercontent.com/a-/ALV-UjUISF0TD1hxJkE4hcHDQarXI5zdgMx4Cr4M8SSiOz1K23s0ElH6,5,Nice,0,2025-12-09 09:10:40,3.0.15,,,en,Rocket
72d3b3cd-a350-4932-a69e-4f0e29689a52,MD FOYSAL HOSSEN,https://play-lh.googleusercontent.com/a/ACg8ocIcJ6O-o8s4fiB-orYxrVFm3ggPVsoohAe4KhIKKOMXTXG3TA=mo,1,very bad experience.,1,2025-12-09 08:23:02,3.0.15,,,en,Rocket
c977a6dd-ea9b-466c-9d10-2769fb492576,Sujon Kumar,https://play-lh.googleusercontent.com/a-/ALV-UjVZmTZlG3mlL6VZBUMbGAwfaZr_idLlKzj8wH1gVlrlLaZLrfvI,5,Good service rocket,0,2025-12-09 08:04:28,3.0.15,,,en,Rocket
64ef8106-80a8-478e-b4b8-83a96f8db0bd,Sohan Chowdury,https://play-lh.googleusercontent.com/a-/ALV-UjWAf39I0004o1ql-jlFL1SNTOCZ4tsjsU10o2ZJ4dkjfUUTptA,5,Well Service,0,2025-12-08 23:31:41,,,,en,Rocket
4f1c7db8-b7e2-4533-885c-7dc900c8028d,Md Rashed islem,https://play-lh.googleusercontent.com/a-/ALV-UjW2j9Pbx2m-zm-K_kYbGb7vWIjVsbHVymwMl-ZcvFoHUdzdC0s,5,nice,0,2025-12-08 10:05:33,3.0.15,,,en,Rocket
80e92aa2-7a90-4754-92b6-1f38fb04ffca,Sheikh Ebadur Rahman,https://play-lh.googleusercontent.com/a-/ALV-UjW_1jLzwSHujK1p7Ch0pVWNQBKoj0f_htFV1zTX46Ygn-bcAoc8EA,4,please add fingerprint support.,5,2025-12-08 01:15:54,3.1.0,,,en,Rocket
42dc11b5-672c-443e-ad8c-d2fe1c19ba2f,Md Moshiur rahaman,https://play-lh.googleusercontent.com/a/ACg8ocJUqhciwnBNs6xDY9nHHVd2-dVWFRIw-RxsFJGqZyRkkjB6_w=mo,5,একাউন্ট চালু হয় না কেন,0,2025-12-07 23:19:23,3.0.15,,,en,Rocket
28f7e0cf-dad2-4927-9548-f92271754248,Maruf Hossain,https://play-lh.googleusercontent.com/a-/ALV-UjWaYThH_g02gOMBY0m_RDzDGfZnRBEyW2LvKnT9x3mndCv_vAU,1,don’t add lone and saving option,0,2025-12-07 22:42:32,3.1.0,,,en,Rocket
606f9664-b8fd-4283-8492-d7aeb902b3c1,Rana Hamid,https://play-lh.googleusercontent.com/a-/ALV-UjVxx8S-rAXaXomXK4YGUuemnwQxCPMcrTqn79RiYee3jfrkbyr_sg,5,best app an service,0,2025-12-07 21:47:42,3.0.15,,,en,Rocket
25a7e47a-322c-410d-b1bd-951ec989621b,Md jsiheuhuh,https://play-lh.googleusercontent.com/a-/ALV-UjVd3tlklM1Ra3qa9N-pcnRo1hru8XNEUjqYnmeFg3ORB_yriCcm,5,im not Happy,0,2025-12-07 20:02:56,3.0.15,,,en,Rocket
da245671-5537-4efd-980a-76a0ee5bd383,Mahmudul Hassan,https://play-lh.googleusercontent.com/a-/ALV-UjWTPF7NHK4vArD4LSWjXR2uxdXmdyTytYGXHC5ZMfHBuiC8POE,1,suddenly not working on realme 50a prime android 13,0,2025-12-07 18:36:14,3.0.15,,,en,Rocket
83334ca6-596e-444e-96ed-31b0072920e1,Md Labib Islam,https://play-lh.googleusercontent.com/a/ACg8ocIl7kU7dARJcwacNG9vWPCOqgsOxBKTHW8_QDa2vh2LyreO_Q=mo,1,skitto sum open kora nai kno recach kora jai na kno 😩🥹,0,2025-12-07 17:42:24,3.0.15,,,en,Rocket
3e125191-4014-4e6b-a6c1-d0fdecede42c,Tasmina,https://play-lh.googleusercontent.com/a-/ALV-UjVBWvCjBuiClakY4St2jFHBNe7i0YOxeQN4AU4Fn18sUTrstePI,5,Good,0,2025-12-07 15:48:44,3.0.15,,,en,Rocket
456c4ae0-0fd0-41f5-abb5-b5c458b16e38,SAHIN BABY,https://play-lh.googleusercontent.com/a-/ALV-UjVSN_-Ub9ImPweffg10zEUjrPskur2d_mLiBj4QScKUeoxj2ao,5,nice,0,2025-12-07 11:09:15,,,,en,Rocket
6e3c219a-0ac4-483a-ba51-3e2beda74a39,Md Sajib Khan5260,https://play-lh.googleusercontent.com/a-/ALV-UjWXLk-KV23McGP3nk_57YyXzOj6i4Tp2JlDdnxs9hXO9wG51jg,5,ভালো,0,2025-12-07 07:18:21,3.0.15,,,en,Rocket
cd950766-95bc-4ba8-b4be-657a1a934a13,Miskat Al Rubaiat,https://play-lh.googleusercontent.com/a-/ALV-UjWCpjFcFBJgDwrhy_w0KI8kpjElX6L35hFMvXm913PcFNw30wTz,1,"Can't Log in. OTP is not filled automatically. also, no option to put OTP manually.",25,2025-12-07 03:32:26,3.0.15,,,en,Rocket
620d04ce-3f37-4747-9a61-cef857496432,Arifa Enterprise,https://play-lh.googleusercontent.com/a/ACg8ocIMTOLCLQnRsTwgnQNDObsfyVt7jK0m8gdK0WIkj696sF2V7g=mo,2,Lovely,0,2025-12-06 23:25:51,,,,en,Rocket
fd1f9e62-d8c2-4522-b95c-cde5471b2d9b,Mr Alamin,https://play-lh.googleusercontent.com/a-/ALV-UjXmbyeHkHEBhHjbM6hNeSwNeCEDf8W1x7i1U9qK2ZRqJLgASyM9,5,goodApp,0,2025-12-06 22:07:19,3.0.15,,,en,Rocket
5bac4299-d9f2-4743-bb59-1815006aad08,BIJOY MAHMUD,https://play-lh.googleusercontent.com/a-/ALV-UjVTPAch-pSQ5QgVA_EzqGqHY-B3zpolX2Yt0OWTPONxhCNeaWYt,5,Best,0,2025-12-06 22:03:19,3.0.15,,,en,Rocket
737ad7e4-66a0-4308-b757-7586afaecb10,Farzana boby,https://play-lh.googleusercontent.com/a/ACg8ocK4ZA844BVxhv69jHxZBI4h4Um5HWFD36kqJvsA3FMIiqCVng=mo,4,goood,0,2025-12-06 17:15:19,,,,en,Rocket
c0081902-b60a-4aed-bbe9-3107ae579d87,MD IBRAHIM AHMED MISBHA,https://play-lh.googleusercontent.com/a/ACg8ocLkXVNn2_-u3bbeP02XofhErTtbTCDI22-AHGp8bnqX-RFirQ=mo,5,nice,0,2025-12-06 14:26:09,,,,en,Rocket
17df601e-865a-48a7-9f2a-fbcd9595287a,Munsur,https://play-lh.googleusercontent.com/a/ACg8ocJkV2Nis5nu5EPuXQRBZyhxbpC3gvCKwAVuogmJTTfNSdEoHA=mo,3,"I gave Rocket only 3 stars because there’s no Loan or Savings option. Like me, most ordinary customers rarely visit banks physically. We save money either through other means on upay or bKash. Currently, 5 million customers are saving through bKash. If Rocket had a savings option, I could have used it. And if there was a loan facility like bKash, it would have been very helpful for many of us.""",37,2025-12-06 11:47:14,3.0.15,,,en,Rocket
9deab7aa-16bc-4bf2-af02-1fb3ea7db87b,H M Masud Hossain,https://play-lh.googleusercontent.com/a-/ALV-UjXya7gBIHqTyr0D6vnk1hyRvUP0ANinMA09nqdYBuEnm4Sreng,5,good,0,2025-12-06 06:45:54,3.0.15,,,en,Rocket
a9268255-a54e-484a-9614-1e0e193616ae,Mominul islam Babu,https://play-lh.googleusercontent.com/a-/ALV-UjV7XTzMYS9rImL5SilWkxe006vQB7eZ1vkPFWlwpiRYxTWvhLo,5,very nice app,0,2025-12-05 14:44:25,3.0.15,,,en,Rocket
8cfdf362-040f-49e2-b3a3-0f684a6d4e48,Tanvir Tanvir,https://play-lh.googleusercontent.com/a-/ALV-UjUGEy09KOSxbS5A4vBvQWQ9Qt3_Pz6NCdZaIBl8eQuxOlQ0ZMM,2,কিছু কিছু সময় সমস্যা হয়,0,2025-12-05 06:44:02,3.0.15,,,en,Rocket
6e3e597a-3da8-4df9-8532-102c7bf28f59,John Perkins,https://play-lh.googleusercontent.com/a-/ALV-UjUCyrx96E4UFt71Om8cszxCpnTl_Qut5PorZ6SdmDDtZaQvEWg,1,কোড আসেনা নিউ রেজিস্ট্রেশন করতে গেলে। কতোবার চেষ্টা করলাম। ০৫/১২/২৫ ইং ০৫.১০ মিনিট,0,2025-12-05 05:21:37,3.0.15,,,en,Rocket
54a6ba02-3d86-4f1c-ae88-4c17bd76e7c0,Shayokh Ahmed,https://play-lh.googleusercontent.com/a-/ALV-UjW31g--V7IN2f0pB_nx5Tjj_sLzcCt9opassSpOhPuJM1AV3M4,5,Nice,0,2025-12-05 03:59:18,3.0.15,,,en,Rocket
fe89d30e-c316-40ed-ad86-e8ced55dce43,Ananna Khan,https://play-lh.googleusercontent.com/a-/ALV-UjW2C9x2ZXODqiU3UJQHgBJV17SIpGEh3p6pExsgBGi5HRGw6gM,5,Nice,0,2025-12-05 03:47:28,3.0.15,,,en,Rocket
e24a196e-5620-467d-958c-e591a5d0d3b5,Md. Akeid,https://play-lh.googleusercontent.com/a-/ALV-UjV4RVTvNWEGZfyLImuXRqQMbFu2vxI0yIoVT7bPemzn2ZSL45Uw,5,good,0,2025-12-04 11:23:33,3.0.7,,,en,Rocket
504fe888-f62f-4cff-82db-ca398440954a,PRINCE MOHAMMAD RAKIB,https://play-lh.googleusercontent.com/a-/ALV-UjVF1nGWsgVXadqM1uy3tw3jSKvnhDwm-aIa9kKkrVZzChuJXEE6,5,baler app,0,2025-12-04 11:08:51,,,,en,Rocket
800fb9d8-f4d2-4cf4-8682-c8b7b712c594,nasar talukder,https://play-lh.googleusercontent.com/a-/ALV-UjU3HTB_Fxqq_Erqe57UZcRjRO30xGTQPnP7msAfNeW7Wdjvdnin,5,nice,0,2025-12-04 11:05:39,3.0.15,,,en,Rocket
d83c6b5e-382c-4aa9-995d-c520bde94a01,Md. Asad Ali,https://play-lh.googleusercontent.com/a-/ALV-UjXmC6keWLapu2IBT5CyiMoRxtuCcP34dYVq9tJlnYyOPgTCuN4,5,Smart App,0,2025-12-03 13:42:42,,,,en,Rocket
d94b4fbb-6b32-4220-b4aa-46257bc71ab8,YOUSUF HRRS,https://play-lh.googleusercontent.com/a/ACg8ocJvGdkSG-EhEZBhjdtnoWvWVHeYzqOzE6ALukNhsJdtoLEsSg=mo,5,এক কথায় অসাধারণ,0,2025-12-03 12:30:09,,,,en,Rocket
0a77ed44-9d01-448f-a71b-723aceabef14,Shanto,https://play-lh.googleusercontent.com/a-/ALV-UjWTebuCCqkstGzaBBZs4s2zrn76c1ryjDc4uGmSUEk3akuihjJ5TQ,5,Add beneficiary option for bank fund transfer.,1,2025-12-03 02:04:37,3.0.15,,,en,Rocket
79c3d10b-e0e0-4489-a616-5e7d798bc5c2,Md Jasim,https://play-lh.googleusercontent.com/a-/ALV-UjWOk4kElm9d-Ie22avenJXcnwGCyg86FizFe2JMHlsFSGoV4Ilw_Q,3,Facing login issue nowadays,0,2025-12-02 22:18:02,3.0.15,,,en,Rocket
715fcbf2-529e-491f-8cc0-7fdef9a1ec0a,Mdsanowarkhan Banglanews,https://play-lh.googleusercontent.com/a-/ALV-UjUWrdCmeA4WWkuDeBoALJHPog6otzZiGce94s6ib6xdzXDf4iup,5,Nice,0,2025-12-02 21:36:12,3.0.15,,,en,Rocket
958e67ea-b2b2-4ded-9600-cb99595da285,Md. Rubel Islam,https://play-lh.googleusercontent.com/a-/ALV-UjVZ9eMrcb4Hl9xtjRPN249TvhiGVsmqjkGs7XMwVEgen7PCkiA_,5,valo,0,2025-12-02 21:26:42,3.0.15,,,en,Rocket
5577f480-8648-4d28-9975-ed043bf8ed4b,Md Shakib Hasan,https://play-lh.googleusercontent.com/a-/ALV-UjXs0Dg9u8Pn9GXInaAC_OydXm2XbOsJHh_XUjxRPL20rTiot5M,5,nice,0,2025-12-02 18:51:36,,,,en,Rocket
98cfb984-a295-40c5-a7ec-e5e858987826,ATOYER. TV.camera,https://play-lh.googleusercontent.com/a-/ALV-UjU2BdOglJxHVVn3dyadNTZB9RxoRrwwcKH5YQX4RIVbMoFxR74,5,nice,0,2025-12-02 03:39:31,,,,en,Rocket
9cc9bd8d-df97-4382-aeb3-0e67700e3fc4,md Hannan,https://play-lh.googleusercontent.com/a/ACg8ocKL9G117BO5iv3p5jEnLivOidrM3dtZObS-74C2HbAI2Qw1KQ=mo,5,good app,0,2025-12-01 23:32:10,,,,en,Rocket
4377763c-46bc-4984-9954-00355ccdda68,Md Rofikul,https://play-lh.googleusercontent.com/a-/ALV-UjU-1XPywu34KplnJxaJKAaPYH98TkN1srU5oIvnTPdqXM11kbYL,2,nice apps,0,2025-12-01 21:52:31,2.0.54,,,en,Rocket
d2c5c2aa-292a-4a93-8fcb-b40dd503e514,Md Ibrahim Sikder,https://play-lh.googleusercontent.com/a-/ALV-UjXzQn8qwdWboTqZf9XKkO7pwAIm5mCw-BZCnjCTukjY-UgUpnj2,5,nice app,0,2025-12-01 11:48:18,,,,en,Rocket
9143b5b7-a6a0-4c63-a482-42702ee7fa44,Alina Marcova,https://play-lh.googleusercontent.com/a-/ALV-UjXV3o4pI0qI0kJqWzO41unjtFANroVAWPh0iLVqdriTYE6QQdU,1,rocket harassment the customer if they give rocket number for salary. Why? Take too much time.,0,2025-12-01 10:57:33,,,,en,Rocket
ba534b90-cacc-4f51-a1ca-e38b00cda38a,abul kalam,https://play-lh.googleusercontent.com/a-/ALV-UjVFP1TnmwvyhdtMUnMODgF2CXnU5gHyN8O5OE_H2yeXhVAX-54e,5,Nice,0,2025-12-01 09:04:30,3.0.15,,,en,Rocket
9fc8e5f6-6f88-4d35-ad28-bebd5cc86925,Maruf hasan Prottoy,https://play-lh.googleusercontent.com/a/ACg8ocKlIkfUSbhLuhA31AkKGeNEB6zebmdq7LgnONNrjTPAg0anJQ=mo,1,very poor connectivity,0,2025-11-30 14:15:29,3.0.15,,,en,Rocket
65082e19-2864-4e32-a9a8-f067f3216a04,ibrahim sajon,https://play-lh.googleusercontent.com/a-/ALV-UjU9N34-t3TDe6eprxQmqOqJSgK89QaI9w9EDHCV4lCriTRJ4BXg,1,disgusting,0,2025-11-30 12:38:55,,,,en,Rocket
ec130b1c-7a62-4d95-bd3e-f51800167c5e,MD Jobayer Hossain,https://play-lh.googleusercontent.com/a-/ALV-UjVMjpCcWqdFuLAwmu1rQL0QB0c7682pNc5_Mw5aUzxJ5Kufg3dS,4,Please change the apps user interface! the ui looks very old and outdated.,4,2025-11-29 20:54:52,3.0.15,,,en,Rocket
bcf9f9ef-099a-4871-8d72-a30e59e0545e,Parvin Akter,https://play-lh.googleusercontent.com/a/ACg8ocINcEAKP2C2cVWgrl--TgwMaiqU0ce-ld_a3QeQsDvcA5fX2A=mo,5,নাইচ,0,2025-11-29 18:04:01,3.0.15,,,en,Rocket
27ce570e-5e6f-42e3-a417-6852a5c92dd2,Md Joynal,https://play-lh.googleusercontent.com/a-/ALV-UjXrKbYy_rNrINyrJ0WY8ik06PAr6cPZhK3X-cs4y1kVBiM286S_,5,Thats a very useful app.,0,2025-11-29 09:47:10,3.0.15,,,en,Rocket
cd5fd439-4da8-44a0-9b0b-ed0ed5a1e9d9,Hfh Ncj,https://play-lh.googleusercontent.com/a/ACg8ocLX7961LfiHJF0iQGMfD22LNZcQPisxMfC1e9QITdyNsRzyPQ=mo,5,Gor app,0,2025-11-29 08:29:35,,,,en,Rocket
03307153-93f1-4c36-a4f5-558c20ae26a0,babu babubiswas,https://play-lh.googleusercontent.com/a/ACg8ocK5R4AGG9Bkjr367DW55hL63gowVcpRS2dXj7Y8ffbHD7-aQf0=mo,5,💕,0,2025-11-29 01:05:32,3.0.15,,,en,Rocket
c981f2a3-ca65-428a-9168-8f0b9e715768,saddam niloy,https://play-lh.googleusercontent.com/a-/ALV-UjVKdDXcIS1j6kncx1oXHfGukFT-8BzsUWD75G9amA1lzwqrRYKY,5,nice,0,2025-11-28 18:41:00,3.0.13,,,en,Rocket
84476ff8-2a5f-494e-b10a-d394ef3ee8fc,Siyam Hossain,https://play-lh.googleusercontent.com/a/ACg8ocLAefC1qm1IwobdHdJLiB4SpwfEvFgzr8_FqLBe8yRDI8nPww=mo,1,কোন নাম্বারে ক্যাশ আউট করা হলো বা সেন্ড মানি করা হলো সেই নাম্বার দেখা যায় না এবং ট্রানজেকশন আইডি কপি করা যায় না।,0,2025-11-28 15:41:08,,,,en,Rocket
442dd302-b4da-4904-8941-fcb0e4c95d27,harun,https://play-lh.googleusercontent.com/a/ACg8ocLiDyUyp95NuSswK2leqesNH8wt6X8Xg8yuRs0UjjfUq_PYng=mo,5,nice app,0,2025-11-28 14:58:25,,,,en,Rocket
dc14a713-0be7-4c69-ab19-2e22aa1431cf,Bdg MM,https://play-lh.googleusercontent.com/a/ACg8ocK_xZAVCndrmgIIJkK5V6wnWc8SLFn10WnwPMETkQ9rRbwR=mo,5,একটুও ভালো না,0,2025-11-28 14:54:17,,,,en,Rocket
cbe7de05-08b6-4a0f-a65c-11caabefce91,Md Monjud,https://play-lh.googleusercontent.com/a/ACg8ocJaEslOfUtW2t6H-gi9RJ_k8viLiA9KrHMcueVlMmVTWgl7yQ=mo,5,good apps,0,2025-11-28 10:03:59,3.0.15,,,en,Rocket
3a2cfeba-cd4e-4804-ac72-f31109cacf7e,Humayun Kobir,https://play-lh.googleusercontent.com/a-/ALV-UjVewFJoOlLFCoa9bIpfnUqntEXmhJfBSDAnIi6dZte2vyZ1PHdG,1,ফালতু রকেট একদম ফালতু 10 মিনিট ধরে ফেস দেই তাও নেয় না ফালতু এপস ফালতু,0,2025-11-28 08:31:27,,,,en,Rocket
9c5d6420-4950-4c83-8856-c9e8943178b3,MOHAMMAD ULLAH,https://play-lh.googleusercontent.com/a/ACg8ocIcP7n2YLNbK3QRR0AErWjaD46hZWMox8Z_FdhkY8y-5PZXaA=mo,3,Good,0,2025-11-28 07:24:47,3.0.15,,,en,Rocket
ea39292c-9df7-43e8-bcbe-70dd45acb92b,Md Kafi Kafi,https://play-lh.googleusercontent.com/a-/ALV-UjXfncOmm7GSBoqqob4VAHHIY5BufJi4CgCRKi0m1Mp1QReDaZU,1,"I attempted to open a new account, but your app failed to create it. Yet, it stored my incomplete data and caused me unnecessary trouble! I bought three SIM cards just to open one account, and customer care keeps telling me it’s already created — but no PIN was ever set. How am I supposed to access an account that was never successfully opened? This is unacceptable. Stop storing incomplete user data and fix your app properly, or remove it from the Play Store immediately!",6,2025-11-27 21:00:43,,,,en,Rocket
6178b29a-ad42-4201-9fcf-ef2df923074c,Asraful Islam,https://play-lh.googleusercontent.com/a-/ALV-UjXvdb1HODHuXTzYHYosDukOnsKyPmp4XVMQ02t08FfA6cqbhZFc,1,"ফালতু এপস, মোবাইল এ এভিআর কল আসে পিন নাম্বার দিতে বলে পিন নাম্বার দেই তখন ইরোর দেখায় এপস ওপেন হয় না।",0,2025-11-27 20:49:53,3.0.15,,,en,Rocket
c10934f9-e996-4d5c-88eb-acd9c635ff13,Md Sop33,https://play-lh.googleusercontent.com/a/ACg8ocLJmxIhoAazOU2mO4t0gfdrZgD8QB2UonPM18LdEEDJdSxZrg=mo,5,আমার সাতে অনন হয়েসে,0,2025-11-27 19:33:53,,,,en,Rocket
cdd7d5c2-0349-42df-ab86-607912cdf6a9,Arif Mahmud,https://play-lh.googleusercontent.com/a-/ALV-UjXtlfmYDcVhdKfz1qCM_SaurRXikdsCkWhISHspOmHuiUTrWswL,1,I can't open the transaction statement. can't see the receipt. they should update this,0,2025-11-27 19:10:49,3.0.15,,,en,Rocket
32d2f028-12b3-4d03-bc50-476b18367f60,Akash Bishawas,https://play-lh.googleusercontent.com/a-/ALV-UjWzYhLqkSQdrw6RutxbtLO6fKWDNo62-k1SBHI-ItQleZpOJtM,5,love,0,2025-11-27 18:11:52,3.0.15,,,en,Rocket
9ad66c1a-fa24-44e6-ae8c-c30a32aa3fce,MD Babu,https://play-lh.googleusercontent.com/a/ACg8ocJUmYF6mtAgarunXaj_T9TwXoxZegWeXcyoDsxgK28vCXVf7A=mo,5,wow,0,2025-11-27 15:46:04,3.0.15,,,en,Rocket
7db03e71-902d-46c7-8bd4-5d5368ecd06c,Md mojnu Khan,https://play-lh.googleusercontent.com/a/ACg8ocLc07dD_MCpSKlDRqrmMUDy-rVkdC_9lQlFYNo2k2eWO6hXjA=mo,5,nic app,0,2025-11-26 23:03:10,3.0.15,,,en,Rocket
b7e71c63-7b6a-46ae-8f1c-503add8ea7c2,Opu Wifi,https://play-lh.googleusercontent.com/a-/ALV-UjUWxhphlnpYkSrA8d5CuLtWniP8i4ui3ek8QouSbtce2PWe1js,5,nice,0,2025-11-26 22:43:02,3.0.15,,,en,Rocket
13983ad2-99c2-4828-9f74-6feac914c441,Md Mehedi,https://play-lh.googleusercontent.com/a-/ALV-UjUsQOIxxDcef2EGqeRfUIk5pnee8kj9fyTYpFsa5H7ZR3X_1OUf,2,লগ ইন প্রবলেম,0,2025-11-26 22:20:49,3.0.15,,,en,Rocket
8e9c0017-c83c-4e80-9d02-4b4802e12b2a,Arov Kaniz,https://play-lh.googleusercontent.com/a/ACg8ocKoX6bPqS9--xDA9ULaaUW1K-NCFRhHWL-l43ueMP3dQ8CpeA=mo,5,good app,0,2025-11-26 20:13:20,,,,en,Rocket
a2c7d5ca-bfba-4564-8ad8-ff1d7aa6448f,Laki Akhtar,https://play-lh.googleusercontent.com/a-/ALV-UjWpNEaAWLrhAIqrwAFbUdqqifbdpcJvI1uH-lBupcc2wDH47pQ,5,এই একাউন্ট খুলতে চাই কিভাবে করতে পারি,0,2025-11-26 14:54:38,3.0.15,,,en,Rocket
2455dedf-26df-42d2-98ad-08b0444a5db2,Md Shohel,https://play-lh.googleusercontent.com/a-/ALV-UjWHi4GQt-30LTh8DQe6hC6aHKgCVtHl7kwGaZaGWxqx9ZRjWg,5,nice 👍,0,2025-11-26 14:35:04,,,,en,Rocket
7cbfe13e-4ebd-4308-9d7a-a16fc4e68d97,Abul Kashem,https://play-lh.googleusercontent.com/a/ACg8ocJS-6KuSWNPvDiPoM0VjXb-emWqRcDaNIihHPiNis6kHTVouQ=mo,5,good,0,2025-11-26 11:03:37,3.0.15,,,en,Rocket
4ac9f4ce-de09-4cd5-adde-3eecfc4526d5,Asadul Islam,https://play-lh.googleusercontent.com/a-/ALV-UjXnH-Z4koKUCb1pF5uBxbv0nSbHKJhC2EOYCiGvowx6ZnVPlFY,5,Good 😊,0,2025-11-26 10:45:25,3.0.15,,,en,Rocket
94d1574d-adff-4ea1-a1c5-d41b2efa77bd,Ashish Biswas,https://play-lh.googleusercontent.com/a-/ALV-UjXNeXnGJOHtroLAgPz82O7k0djQr-CV62yDJi7QJ5gYprrQylm5,2,Very Lagy Application. other MFS APP Run/Working Smoothly but Rocket Lagy Application.,3,2025-11-26 09:47:39,3.0.15,,,en,Rocket
afe502b3-9b93-4594-a26c-6eed55a09a23,Masud Linea,https://play-lh.googleusercontent.com/a-/ALV-UjVVOIyumfk2uBJ7ktVxcPQ9h2VB5yP8QiEblBKixSejiEMm5A4,5,I will got my account think will see better service experience,0,2025-11-25 20:50:51,3.0.15,,,en,Rocket
5ae7b75c-8d5a-49a6-958b-4ff9f49aeb6f,Md Hasan,https://play-lh.googleusercontent.com/a/ACg8ocLo9lcfxi1Q5d6X_9bgm-s3M58X8mwMNKB_4ehPXGcPexBKCQ=mo,5,nice,0,2025-11-25 12:37:31,3.0.15,,,en,Rocket
ad6bb0db-9857-4a3a-b5ad-0d3dcb18303e,Tahmid Hasan Miraj,https://play-lh.googleusercontent.com/a-/ALV-UjV85ViY44mcGMty25w0Q_ktDuP07AlVlzC_xkSmE7ss6htTXt1u,5,Awsome app,0,2025-11-24 23:24:29,3.0.15,,,en,Rocket
46258580-228f-48e6-82e6-5aa7ae9dd730,Munnamafiaakhi Munnamafiaakhi,https://play-lh.googleusercontent.com/a/ACg8ocKXhSUWS4Wt86Nef8b01nnk0Xm6nriDfkxFLslSx2yvM7P4Bg=mo,5,nice,0,2025-11-24 16:40:07,,,,en,Rocket
5ed70f20-720e-4268-8d38-1fa278c7aaa5,Mehrab Amin,https://play-lh.googleusercontent.com/a-/ALV-UjVkWsBqr5C8KgON8HSUInlKUG0ibtVuTF4ZZRu7sThfuH5fECkuFQ,3,"The app is good all around, but you should increase the security.",2,2025-11-24 13:42:18,3.0.15,,,en,Rocket
3f7b28b8-c260-4362-ae21-a8afb95b4820,Pallab Byapari,https://play-lh.googleusercontent.com/a-/ALV-UjV96beZqevKawrghBZw5Q1_XJgq8gTn8XkPQwnD10rMHm87swbygg,1,Bugs,0,2025-11-23 01:13:16,3.0.15,,,en,Rocket
ea3595fe-0feb-41e1-a983-60ddd980a929,jakir hossain,https://play-lh.googleusercontent.com/a/ACg8ocIsvADkXuKYmeRa_Q_LllfCBPM0umvgqQcFp9i3RtFQaD5Kmg=mo,1,nice,0,2025-11-21 15:26:46,,,,en,Rocket
34f6ff04-db08-49bb-b189-49d5dd43f89c,aminur rahman,https://play-lh.googleusercontent.com/a/ACg8ocJyygMOS6sj1RxqdIueyma8cuIjsRX6Ivi0TlvPy_alb7HK4Q=mo,5,ভালো,0,2025-11-21 13:37:38,3.0.15,,,en,Rocket
4351a5d9-4a14-4c79-8d5e-7596649a2eb3,Md Reajul,https://play-lh.googleusercontent.com/a/ACg8ocLrHnhinG2w0IWXIAGYyNZPVRvQDcF64WnNrk-b8tnoLz39Ew=mo,3,good job,0,2025-11-21 13:02:37,,,,en,Rocket
b803c80e-0227-458d-882c-5c953568c192,Md riazul islam Riaz,https://play-lh.googleusercontent.com/a-/ALV-UjVDXvsoLn5AX-JsP8XCiIT28GiXgEwwO7ftJxlD_Vj0BR7sNg_j,3,good apps Rocket 🚀,0,2025-11-21 10:49:30,3.0.15,,,en,Rocket
da85aced-ea5e-4532-ade3-059315e44466,Md sakib Arman,https://play-lh.googleusercontent.com/a-/ALV-UjWShNtjeeezagz1bEl8N26JNU7nyCWptaODb956qhB-BzxClMpW,5,good,0,2025-11-21 06:26:14,3.0.11,,,en,Rocket
b631a0cd-822e-4bb3-a1b8-ba0e213dfc3f,ً,https://play-lh.googleusercontent.com/a-/ALV-UjVRrPHemIc-4Eg1aFtx-4dC-e4_zDIKyvhPAUnrUHW038Wx5hmLlg,5,very useful,0,2025-11-20 23:24:59,3.0.15,,,en,Rocket
373bd1f9-6707-432e-be85-abea38b9c28a,Kobir Gaming,https://play-lh.googleusercontent.com/a-/ALV-UjU6Im8LLULxhM2gFtiJKtiGdiVb_mg8vjiIYNSNO1XgedgFOVTB,5,good,0,2025-11-20 19:19:59,,,,en,Rocket
dbffdf7b-d68c-4573-9075-101d810ee4f5,Nazmul Huda,https://play-lh.googleusercontent.com/a-/ALV-UjXeNtIgkwHZ6ArGZ89ZOGSRsxIote57-b4S_hFTb3-I3N-T-w8ygA,1,রকেট লগইন করার পূর্বে কল দিয়ে পিন সেটআপ করতে বলে এটা সম্পূর্ণভাবে অযৌক্তিক এবং রকেট ভালোভাবে কখনো নিরাপত্তা দিতে পারে না,0,2025-11-20 15:54:05,3.0.15,,,en,Rocket
327fabd1-5df4-470e-b70d-d4c1daffa582,Harun Or Rashid,https://play-lh.googleusercontent.com/a-/ALV-UjWR7dbIZ3awM9iEgc56DsIqElh1ia-Vxxq51Aw1dbIo2XxMYXOd,2,রকেটের এজেন্ট অ্যাপস এ বিল পে সার্ভিসটি চালু করা হোক তাহলে এটি এজেন্ট এর জন্য আরো বেশি উপযোগী হয়ে উঠবে।,0,2025-11-20 13:42:47,3.0.15,,,en,Rocket
8f57c70a-eb70-433f-88c1-11c44df6d9fd,Mir Asif Ali,https://play-lh.googleusercontent.com/a-/ALV-UjXKttUAGBkf2OhR0kzchEruzZMu110XS-kx31gG7tClTNpEOggd,1,Jhoghonno!!! service dey rocket.. specially account open kora niye..,0,2025-11-20 13:30:46,3.0.15,,,en,Rocket
78fe71d1-38ee-4f3d-a777-51af76f68a84,MD:HARUN-AR-RASID,https://play-lh.googleusercontent.com/a-/ALV-UjVF6jqGSoj4o7Pa0DlWn4KV36Smy7xhMoojMWvv_9-CKlkJ2jI,3,"সার্ভার ডাউন প্রায় ঘটে,,,আরো অনেক উন্নতি করা প্রয়োজন",0,2025-11-20 12:56:35,3.0.15,,,en,Rocket
923f0ece-6e5d-4eee-8cbe-e1c0534f0d13,Dulal Nisondenho,https://play-lh.googleusercontent.com/a-/ALV-UjU1gFbBHctmYXpb4kWgb-hTu7uD4mn_uI8Nuy-0--dt9qzl_seF,5,optp,0,2025-11-20 08:46:17,,,,en,Rocket
171e5914-b375-4877-99d1-19b5b7672352,Raju 3431,https://play-lh.googleusercontent.com/a-/ALV-UjWS8C11SqHqZJvm9ADtvem1eszLEy6Owtp9wn019slclA-bZrCp,5,ভালো,0,2025-11-20 00:03:14,,,,en,Rocket
240ed1c8-e3fa-41bb-ae81-fe98bb6c19ba,SAHID HOSSEN,https://play-lh.googleusercontent.com/a-/ALV-UjVrkIHmyBu-8weUoHP_CRoa5c_kKrheRbnjTJxcXtcPhe22rjY,2,good 👍,0,2025-11-19 20:48:42,,,,en,Rocket
716c59f1-3c63-433e-b2de-f13942169ca5,Saad Ullah Saadi,https://play-lh.googleusercontent.com/a-/ALV-UjV0UkXm9KjAOunpQiLvp8Af4nGSJks-zyke36nPXSJx3S2LQsw-,3,Need to be improved specially interface,0,2025-11-19 16:41:42,,,,en,Rocket
57d7441a-dadf-45a0-a764-51eab255ad01,MD RUBEL,https://play-lh.googleusercontent.com/a-/ALV-UjWYJOXktMuMhPSZybcFfy0APU47XPAQdOpDFu8WwcPDoFk9DRU-Wg,5,ratethisapp,0,2025-11-19 13:23:23,3.0.15,,,en,Rocket
abe91b88-60ab-4322-b399-29ef6e8d326f,Hasib Hassan,https://play-lh.googleusercontent.com/a-/ALV-UjWBqXLuygVVpaa6JIjXpC3yJI8bbY4Bvx1HAXkwH6qQzCXgTj0,1,তোমরা আমার বালের অ্যাপস বানাইছো গত চারদিন যাবত চেষ্টা করতেছি লগইন করতে পারিনা,0,2025-11-19 09:39:54,,,,en,Rocket
29d3962a-9a16-417e-8da4-b8f40cae5311,foq lio,https://play-lh.googleusercontent.com/a-/ALV-UjXj9OdMg5b2Rb3zBXNaR-1Sq2oLaSb1nEYb6cmC-jB5tmbnavEi,5,এটা একটি প্রয়োজনীয় app,0,2025-11-18 22:42:32,,,,en,Rocket
506de57f-46ec-4492-8d27-21e8624bcea3,Limon Sarker,https://play-lh.googleusercontent.com/a/ACg8ocLAzNXIqJMK3rzeuoKq9f1JVp94IG3OohyoIg9MfGYkj5C2Zg=mo,5,"so very good but some problem,and that with big problem 😕",0,2025-11-18 22:08:55,3.0.15,,,en,Rocket
ea5347ed-e572-41e5-a1c5-0fdd027b7908,Shafiqul Islam,https://play-lh.googleusercontent.com/a/ACg8ocIFbWrVcP-lC47wvK57mih8bdldoqRh8uZlzAxZtpQaG3Z_bw=mo,5,good app,0,2025-11-18 21:50:38,3.0.15,,,en,Rocket
cd2183e9-68b2-4347-a5ae-2d13e51154e5,James comes,https://play-lh.googleusercontent.com/a-/ALV-UjUjn5kr92EYRkzrS_aSTWOx57oq61zMX15kbvjyAbOaZ40d9DY,5,it's apps very strong..,0,2025-11-18 11:34:54,,,,en,Rocket
6b4eaca0-443a-4386-b6fd-12179d377955,MD FARUK ISLAM,https://play-lh.googleusercontent.com/a-/ALV-UjUECMTZm2iIF94iT9Vl4n9XiEo1PYQYgUlk6UgrxMc4IYomoOgc,5,👑,0,2025-11-18 01:03:35,3.0.15,,,en,Rocket
27ffdb19-c66b-4d45-bc47-411a6ca4e9da,MD. SAMIM AZAD,https://play-lh.googleusercontent.com/a/ACg8ocKLvndQehXcP1X2ZCjVFNoUatbDFL0SGzq1FDhn3SY4EGikUg=mo,5,this is nice,0,2025-11-17 23:48:54,3.0.13,,,en,Rocket
0e72ade9-2b65-4d51-9b82-c4e5bb08d43a,Md jihad Mollik,https://play-lh.googleusercontent.com/a-/ALV-UjUMcjd0WlyYiRIdKvpupkgW_3GRtmgrGswQm4gM_7DYY-BPxBk,5,o ppi app good,0,2025-11-17 23:21:50,,,,en,Rocket
c764242f-2535-4c80-bc98-39a707b8f607,Md Suhaag,https://play-lh.googleusercontent.com/a/ACg8ocLQawC8E1UU1eRYxs6RTNUvDjq2H4kbH9D2q48oVj7sVEmOLQ=mo,5,❤️,0,2025-11-17 21:50:46,3.0.13,,,en,Rocket
3f693af7-9bdb-4594-96ed-b2b279da718d,Billal Hossan,https://play-lh.googleusercontent.com/a-/ALV-UjUU9EjHQ_2NP4CPSuakYhceVVtVWHwReVd6Ua17zVxUVXqq9IdY,5,nice app,0,2025-11-17 20:23:51,3.0.15,,,en,Rocket
92e14196-0134-4b84-99a3-0d93b4505c7a,Abul Kalam-1981,https://play-lh.googleusercontent.com/a/ACg8ocINiq6_V6Vjc7wwzqIS5f-Z-p6M70tMeodOPl4GTnfFqUPuCw=mo,5,nice app,0,2025-11-17 13:46:44,3.0.13,,,en,Rocket
7a8355e4-418a-4329-bfe3-e9b535171858,Aung Kyaw Jain Marma,https://play-lh.googleusercontent.com/a/ACg8ocLv7fNwwvXaiXClK-6Xe9b-DTGXd2-rSl3ve2M2dcL9dw0wK7A=mo,1,I have not gotten a new update. for example fund transfer.,0,2025-11-17 13:24:49,2.0.41,,,en,Rocket
c8608e12-da77-4a8c-b61c-b934e254b351,Mdsoriful Islam,https://play-lh.googleusercontent.com/a-/ALV-UjUdpyRLFqsx7OQd2EEU9F6qrNrd_fRwOD0Or5Z6YxxkRQKFZdRY,5,ভালো,0,2025-11-17 12:04:23,3.0.2,,,en,Rocket
623379ee-29d8-47e2-8535-6652e8a3b723,Salma Parvin,https://play-lh.googleusercontent.com/a/ACg8ocKK9TWdsBGW29oLDoba250x6DrE6l9vsVnmfKhvI8sjVl8Z5A=mo,5,good,0,2025-11-17 10:14:32,3.0.13,,,en,Rocket
b3fc11d2-e007-4112-accf-fff1ee601c9e,ফররুখ আহমেদ,https://play-lh.googleusercontent.com/a-/ALV-UjWaix3GlWsIVdKYgZF_LBmqYnnJ0VZjZ9j77GK3hurl6ej1XKxGKQ,5,"nice app ,its easy",0,2025-11-17 08:15:05,3.0.15,,,en,Rocket
53b237e3-1a6a-433b-986d-429563b51d4a,Md Najmul Hasan,https://play-lh.googleusercontent.com/a-/ALV-UjXdkN66coelq8Kd_qBHY9gDXlBj6dwRuY8-8-ebFt41XlCXXN8,5,good,0,2025-11-17 06:54:50,3.0.15,,,en,Rocket
a130b0e2-f411-4cca-b1a0-44a25a4475ee,Md Mazbah Uddin,https://play-lh.googleusercontent.com/a/ACg8ocKfCBOV2apeIy-v3nK-kMxOd-rthjeHXGdBSc3--NF7jpXZ5A=mo,5,where is fund transfer service in app,0,2025-11-17 01:21:38,,,,en,Rocket
293e6b0e-7dec-4534-a3a7-8ff02e3f77e7,Mohibul Haque Sykot,https://play-lh.googleusercontent.com/a-/ALV-UjXVSVLyOg0eYuTIf3rMPLDrMU-k8Zvp8U78lWyszvBONMyxUxoc,1,"Your app is so bad and useless, why would you ask your ID department to update the app?",2,2025-11-17 00:31:23,3.0.15,,,en,Rocket
396e6fca-4ed4-4779-9596-f260832ed620,Md Sajib Shakh,https://play-lh.googleusercontent.com/a/ACg8ocLDGOG201hzjh__eAZxdumcyuzS9oz-7jMNB5vaJwkTQlbErQ=mo,1,ভালো,0,2025-11-17 00:14:41,3.0.13,,,en,Rocket
5a171d61-653b-4374-966c-9cba3e141f0c,Tahsan EVN Raihan,https://play-lh.googleusercontent.com/a-/ALV-UjVTK11YckfI-f8PWppeZYOq7Eav5gAL-g6IybgtMsXd3wszZKWznQ,5,good and very nice,0,2025-11-17 00:09:50,3.0.15,,,en,Rocket
639028cf-d7c1-40ed-8dd6-3621b7bd554b,Razib Ahmed,https://play-lh.googleusercontent.com/a-/ALV-UjU6uSfblOu_ox9dvb1gnB97WZc-1a1Z5pxTKJRBrl9g9gOjtIKXgg,5,good apps,0,2025-11-16 23:10:55,,,,en,Rocket
55e43d6a-510b-4dfa-8809-244179158343,Joynal Abedin,https://play-lh.googleusercontent.com/a-/ALV-UjXTqYkF6XfjBNnRnNd6jPnL_Skj8CYaSN00E90DgVrS3KC9Cor8,5,nice,0,2025-11-16 23:04:01,3.0.13,,,en,Rocket
fdb17422-9113-4c5d-9465-7aaa9a95fe04,anamulhaque anam,https://play-lh.googleusercontent.com/a-/ALV-UjWk9q8Ze2bqOLu3kUG52tSVeN74EIXykcSXQ7S8Ph9jEhgoyjFn,1,nice,0,2025-11-16 22:44:15,3.0.11,,,en,Rocket
3e338620-91a7-4e67-ba69-01d2dbe0138a,shahadat hossain,https://play-lh.googleusercontent.com/a-/ALV-UjUbrM_sAG147qjQ2qVKrQjn8kz1betTW_7__ZTr7hH7TuL2ppU,5,সুন্দর এই এপস,0,2025-11-16 22:37:26,,,,en,Rocket
e0b6f2b7-6274-4c95-b306-9ffe6460d880,RS Hridoy khan,https://play-lh.googleusercontent.com/a-/ALV-UjUm-1WcpSk_1SKBlnXxM2PH-BC-ZoUahtnJyhW59KhV1Wx-P4hK,5,best apps,0,2025-11-16 22:30:39,3.0.13,,,en,Rocket
a66788bc-49c0-4a2b-bf94-cdc1c6a7bf3f,Kakoly Khatun,https://play-lh.googleusercontent.com/a-/ALV-UjU4wdMDLjVF_5r4rin_SHsmjpZYYNt1UEDGwbHgR_1xSeCrbQg,5,good,0,2025-11-16 22:27:13,,,,en,Rocket
35f9103e-9d91-4156-935b-464b43dd73b0,motaleb rana,https://play-lh.googleusercontent.com/a/ACg8ocIlA9ZsLRQ48LqWchmN3Pfv_PSJMzZ-ly9-jF9Q9JhaDhG24Q=mo,5,very good,0,2025-11-16 21:05:35,3.0.13,,,en,Rocket
381528b4-c704-41e5-a0a6-8a512b25338a,Most Asma Begom,https://play-lh.googleusercontent.com/a-/ALV-UjVirc9E8RFXrTnxLw2xvMbbsKVkSNyM3owM8gnMYdqZyvg_Zxw,5,খুব ভালো লাগছে,0,2025-11-16 20:04:22,3.0.13,,,en,Rocket
36f7e3b1-8c38-4c61-91d0-b42c7152e61a,MD Shaha Alom Miya,https://play-lh.googleusercontent.com/a-/ALV-UjWrUNn_IdhsZuxQtPNmQsSBgyABo5-Kv7ijjYT6a5V99ga20eU,5,খুব ভালো লাগছে,0,2025-11-16 19:37:18,3.0.15,,,en,Rocket
60edacfd-53e1-45f5-bcb2-8e5f3173fd41,Md Shawon Photography,https://play-lh.googleusercontent.com/a-/ALV-UjUfR-40IUOMJQ31LmhYew9g8l9D81XcKmYKPUaPTYw648-7kYo,5,Good.... Rocket to bkash money transfer,2,2025-11-16 17:20:43,3.0.15,,,en,Rocket
96eb2a79-76da-4bd4-9ee0-8f50d1317122,Arafat Afridi,https://play-lh.googleusercontent.com/a-/ALV-UjWxXmqmr5hObEeaAsHjsbOPfqA4j5NhKhMnUb6mkyxbqhm0Buy2,5,💗💗,0,2025-11-16 14:57:32,3.0.13,,,en,Rocket
69c5fc4a-b0f2-4b2b-80f4-33ffd9b68b3c,Raju Shorif,https://play-lh.googleusercontent.com/a/ACg8ocI6V6okC1dPrUIp0Pq99qS3Z6G4VGKRAuLI2R1_3XD3eyyzBQ=mo,5,Rocket app is not updated problem please see the matter,0,2025-11-16 13:16:54,3.0.13,,,en,Rocket
bc8344ca-148c-4cc7-898d-09acd746eda0,Sᴋ Saim Boss,https://play-lh.googleusercontent.com/a-/ALV-UjUTnJtFP1HSply9Ll6tkoG1bkCAfWOgcg796rQX9a44HPjBr9On,1,this app update is very slow,0,2025-11-16 13:12:00,,,,en,Rocket
1207dc26-3fcf-436a-a760-046e1d5b3f8c,Musharof Hossain,https://play-lh.googleusercontent.com/a-/ALV-UjUPWXUZxPVOShrL8CGGGe62TBFfnmZGcsn1FA97GC3YkSBRbM8,4,"simple app. easy app. but give us more offer like bkash, nagad",0,2025-11-16 10:46:49,,,,en,Rocket
b8ef83ba-0943-4185-ba4c-1f5f591490c4,Rana bp,https://play-lh.googleusercontent.com/a/ACg8ocK_2KnPclct4Q-hJu5kE8G5sQ5Isd0YCk0LJZcgXSopNXxfzg=mo,5,update chai,0,2025-11-16 09:45:25,,,,en,Rocket
b3b1b6f5-2e9c-4309-b4a1-a5871b3518d8,Saiful Islam,https://play-lh.googleusercontent.com/a-/ALV-UjVCbQWMTInsBfDszwUb63fYSIhk5R9fzmEvCsePOT5N1zwyR7sv,5,Very good and nice app.,0,2025-11-16 08:06:42,3.0.13,,,en,Rocket
3d5078f8-6231-4585-9704-a1f229861af4,Muzammel Hoqe,https://play-lh.googleusercontent.com/a-/ALV-UjUlz_08xyJMosxY_mqoCBaDBdMyupaPwE_70vkU579MFXFroD_z,5,Good,0,2025-11-16 07:50:11,3.0.13,,,en,Rocket
88422bb0-0882-4659-8b07-3bf227de8e7f,showrov sen,https://play-lh.googleusercontent.com/a-/ALV-UjW_gOn-eIqO8oUlpoX1zHR3P-8xt02kI7vM7m_2mYo_sY-XkqM,5,nice,0,2025-11-16 06:47:53,3.0.13,,,en,Rocket
0f9c06f7-9177-45ab-bfc7-0dea096e4e34,MD Sujon Babu,https://play-lh.googleusercontent.com/a-/ALV-UjVWJGS-X6UctF6UMKdtRIzDFWtslNTvhEsrRodCMeANjSEtbe6M,5,godd,0,2025-11-16 05:41:21,3.0.15,,,en,Rocket
9e1eddb3-4b50-46fd-bff5-dcc77f629e9a,Aynal,https://play-lh.googleusercontent.com/a/ACg8ocIlrpcB7OcOLrt218OoJan2uuWFUYz9aIkG6DF2m1-RBrGmnA=mo,5,Rocket is the best mobile banking app for me.,0,2025-11-16 00:24:21,,,,en,Rocket
9ba66eb9-327b-44e3-b081-dd9b5a8f0047,Md Sany,https://play-lh.googleusercontent.com/a/ACg8ocIO4DgAojF2V5eamBC0cKkqcfACLIDrvoLvM228cjEQahVyPg=mo,5,অনেক সুন্দর একটা এপস,0,2025-11-15 23:04:03,,,,en,Rocket
ea9398f1-109f-4e55-9789-09f49a3f3a43,Siam hossain,https://play-lh.googleusercontent.com/a-/ALV-UjXF8exLCBBMuoC1uGzr722IwBloezWxNTsJiVp744lXU9LfkJU,5,Good,0,2025-11-15 22:59:26,3.0.13,,,en,Rocket
169965eb-55e2-45f7-9eca-b01902125d09,Md. Rajiur Rahman,https://play-lh.googleusercontent.com/a-/ALV-UjX9KXF-H3Hcsn8UVVK7iT_TulKkV74DI5aiL2W1PouMSCg8joA,5,Nice,0,2025-11-15 22:26:24,,,,en,Rocket
e1c96791-e6ee-4d7e-b9f7-91eea1781644,MD. ASIQUZZAMAN,https://play-lh.googleusercontent.com/a-/ALV-UjUggp8t7F0gOtkp_MURhuYCVj-0DsOzHDkT54ma_asQYTfT26g,5,good apps,0,2025-11-15 22:24:06,,,,en,Rocket
14fb5778-a6a6-49c1-84f6-d3d53b3cff58,Badhon roy,https://play-lh.googleusercontent.com/a-/ALV-UjWZCUnL6aJaIaDtXJHj9YBNO9cYLBGGuOvvmqITUnKg9ZMMAb07Uw,5,nice,0,2025-11-15 21:00:12,3.0.13,,,en,Rocket
b11c181d-f147-4568-9da0-3e6257bf194c,Md Badol,https://play-lh.googleusercontent.com/a-/ALV-UjV7cv1nv-Lkl7m9o69lcXwhTjkrDAfPwyzYqiqbh1Plj4-ezw8,5,নাইস,0,2025-11-15 20:50:51,3.0.13,,,en,Rocket
902f7d92-0cee-4dbf-a43d-44eb450dd860,Sabana Aktar,https://play-lh.googleusercontent.com/a/ACg8ocJOT_dJL37NzG5_Sisj8YRTpZFp7p6ssUI_7yBivc1yZhx3rA=mo,1,good like,0,2025-11-15 19:20:50,3.0.13,,,en,Rocket
021468c7-9a94-4be0-a794-c2ce4a5da275,firoz akon,https://play-lh.googleusercontent.com/a-/ALV-UjVn3QuZhjD_qwvrzHqX7Z9vetqmrq2-ZZLZXoe4zr0n_O66tFbx,5,Nice,0,2025-11-15 19:19:36,3.0.13,,,en,Rocket
9c4a9ccd-18a7-46b1-b119-c167d15a1927,Sanny Ahmed,https://play-lh.googleusercontent.com/a/ACg8ocJ0JM2pa-dtkKDntvPPcp--ARadvEe8xVDJchzgCQljKnoQMw=mo,5,Best MFS in Bangladesh,0,2025-11-15 16:05:19,,,,en,Rocket
5a915806-071c-4a67-a2c6-1dbfc667fdd2,Mdmilon mia,https://play-lh.googleusercontent.com/a-/ALV-UjU7VbsuQYzEqT7cthSOxT6R03XsLCkc4yxU4uECQb0tR3LdNK95,5,nice,0,2025-11-15 14:09:59,3.0.11,,,en,Rocket
b3a19210-8f65-4d1d-8619-81b091c0c36f,Juwel Mia,https://play-lh.googleusercontent.com/a/ACg8ocIw1WIn9aN62_6OTm0r7QaA00TIkrI6Ny4Y53_h_Kf4MSOd1w=mo,5,good,0,2025-11-15 13:45:41,,,,en,Rocket
c9fba2fe-6f62-4965-94f7-17cbe03d199a,INFINIX NOTE30,https://play-lh.googleusercontent.com/a-/ALV-UjWcx4lo409iillfKxoKO8zU2Qt_1a11h9PBmFd3EsbeNMH7j5g,4,Good Job! 100% safe ✅,0,2025-11-15 13:32:28,3.0.13,,,en,Rocket
4c456598-97fa-4242-b481-e2c9d6fed912,Md Kasem,https://play-lh.googleusercontent.com/a/ACg8ocLbgXQpGI_YahD8S8k1TPSwhP6q-J8C_CSM9o35ZQDAM-wR5g=mo,5,good apps,0,2025-11-15 09:02:38,3.0.13,,,en,Rocket
05c8b9c4-7980-478a-b59b-ac515c103099,Sible Rasel (শিবলী রাসেল),https://play-lh.googleusercontent.com/a-/ALV-UjWmcWkbD-PlZpJG2SMEQwsCOI_8o4kaQXxGvTdYlmFM_pbJHnIfLA,1,আপডেট খুবই দেরিতে পাওয়া যায়,0,2025-11-15 07:35:33,3.0.7,,,en,Rocket
8192f7c7-5748-4257-9ab2-ae7121e28c3f,Shahid Videoss,https://play-lh.googleusercontent.com/a-/ALV-UjW6P_hy-vbiDi8mYhRo-yMXecL0zSqWsygzF1WwxkwzuzLOCvvH,1,oneke apper update paise amra keno pacci na.. uodate app..,0,2025-11-15 06:45:01,2.0.64,,,en,Rocket
1f331913-bb9e-4254-b9ba-16f49915b769,Sajib Namo Shuvo,https://play-lh.googleusercontent.com/a-/ALV-UjU8OM9TGNQY_o_b0fks9CPTdPD1WmwBiyBK5PAHTa_Hq39D7Ugm,5,Nice,0,2025-11-15 03:21:05,3.0.13,,,en,Rocket
49371add-3447-4f19-a3c1-24ed73697423,MD alomgir Hossan,https://play-lh.googleusercontent.com/a/ACg8ocKVLxMzhJzugT-1aSop_jVSgUDFpvM7K0QPFeDVyVNDBxfPMNFu=mo,5,good,0,2025-11-15 00:49:17,3.0.15,,,en,Rocket
59e3e610-7662-4e7b-b611-a80d11068a95,Kazi Md. Riaz Uddin,https://play-lh.googleusercontent.com/a-/ALV-UjWsxtl7N7GmtJynESXwxOwVYaikTR-7brIc7GfURElmFkjZkeKt3w,4,ok,0,2025-11-14 22:28:20,3.0.13,,,en,Rocket
7e668781-b13a-424b-9f0f-33dd75ed5ea1,X Master,https://play-lh.googleusercontent.com/a/ACg8ocJM7gO9M5WTRdBEuYkhqHQbM0wwVNfyfzyti1LIehLKWm7I4g=mo,5,"kindly add nspb to rocket to bkash, nagad, upay etc..",0,2025-11-14 22:00:54,3.0.13,,,en,Rocket
35b9312b-0a10-428d-b172-00e152c00448,Md Khayum Miah,https://play-lh.googleusercontent.com/a/ACg8ocJ03wol5zJCKaGHr4c7M2GrOeqd4bljDQoc8Rcp8m9LpA1TRw=mo,5,Fane App And nice services,0,2025-11-14 21:43:20,,,,en,Rocket
e7f097c7-39f1-4c39-9a7b-0b7ace642698,mdraihan sorkar,https://play-lh.googleusercontent.com/a-/ALV-UjVz7sGiLZh0hi4nkcAsXI64necxnkEWmXi6CjO2_m3s1LeR-Ns,5,good,0,2025-11-14 21:27:11,,,,en,Rocket
47d2a227-0e4a-4049-bd0b-3e3debbc1fc4,Rocky 123,https://play-lh.googleusercontent.com/a/ACg8ocIPPK0SI0XV4M1UA3QnbZzVDT--oJMcWqCdR1ZhzKBLuPsZog=mo,5,nic,0,2025-11-14 21:07:22,,,,en,Rocket
ab449ec7-46cf-4bdf-801d-8256a4beef64,Sk Midia,https://play-lh.googleusercontent.com/a-/ALV-UjVeSa5P1xdUuR2vi4q7TWtZos7wP1G2YdrrBso02zFahCV8fkrF,5,good,0,2025-11-14 20:54:40,3.0.13,,,en,Rocket
156f1049-7079-45e0-b6bf-15a8b532ec57,Md Hasan,https://play-lh.googleusercontent.com/a-/ALV-UjUmdqCXAdE58ezloUj13i48CWrqGT_Kvf_lhX9Z6nMj112auBQ,5,nice,0,2025-11-14 20:35:19,,,,en,Rocket
edefc927-1a61-4c6e-b358-9c190aa1ff78,Md riyad Khan,https://play-lh.googleusercontent.com/a/ACg8ocLtf-y_TwSLwrjZW7rzKfY83DB17SY1STRTyFcRFxPPxh9Gfg=mo,5,roket marchent app MFS chalu koren,0,2025-11-14 20:08:32,,,,en,Rocket
83a15add-8879-41ed-bbe0-3b064c71eefb,Asik Islam,https://play-lh.googleusercontent.com/a/ACg8ocKYOCrmoYY2tHvx2xWy_MfjpT9eG0KXZ1xCXmR4bzbbTJEZyg=mo,5,nice,0,2025-11-14 19:57:51,,,,en,Rocket
08c89baf-ae66-46cb-98fe-adaea310d54c,Samim hassan,https://play-lh.googleusercontent.com/a/ACg8ocL4NyWPfRO8xlclxAwHqdYFxam65sPcRzV-MaV2x4vT8oY-CA=mo,1,রকেট থেকে বিকাশ নগদে ট্রান্সফার যে অপশন গুলো আছে অপশন গুলো দিয়ে দেন,0,2025-11-14 19:46:55,,,,en,Rocket
f51f3379-dc2b-4ca1-b25b-31402394cdf1,MD AMIN HAWLADAR মোঃ আমিন হাওলাদার,https://play-lh.googleusercontent.com/a/ACg8ocJOpCVUQzBjQRt7hR7YeHDXp89JLYc_7VwxtGADt7nWkiYSIQ=mo,5,ভালো,0,2025-11-14 19:30:06,,,,en,Rocket
b18d4fd2-13cb-475c-9605-129d3f522830,UCB RAIGONJ,https://play-lh.googleusercontent.com/a-/ALV-UjX2DROFKcfQRJ3DxbLldvks_MuJ1sUh0-APWfTQtS0wDCClTqI,5,good,0,2025-11-14 19:07:16,,,,en,Rocket
17303fdd-304b-4f8a-bfcd-3501ed0be58a,BADHON ROY,https://play-lh.googleusercontent.com/a-/ALV-UjWicRuUOAZVqgW_a88-aOAibcnt2MApJEv3DbkBawmqD0qunB56,5,good,0,2025-11-14 19:02:08,3.0.13,,,en,Rocket
493b32f6-4f30-42d1-9f2c-b4c4feccfb9b,Raju Hawlader,https://play-lh.googleusercontent.com/a-/ALV-UjXmVTYVuebwoGcfjV4OtKwyXMxbLzpQ27be8hUCkx6OpsIY5Aw,5,Super App,0,2025-11-14 18:52:14,,,,en,Rocket
9cd4bad0-f765-4409-9a49-5d6548719060,Md farhad Ahamed,https://play-lh.googleusercontent.com/a/ACg8ocKiStsNL0BQIbBTr6LuSXP6-rX37YPem8ocYcBh7kCiY7d8xQ=mo,5,well,0,2025-11-14 18:46:50,3.0.13,,,en,Rocket
56a43477-2287-4183-a39f-8e784d9d36f1,#1 Gaming TV,https://play-lh.googleusercontent.com/a-/ALV-UjWBsrhCCkPudeACVu_FdwS29QvLyDsCCbw-ebF_ebbbwmtVRNKa,3,আপনাদের কাছে একটা অনুরোধ থাকবে বিকাশ এ সিমে কোড ভেরিফিকেশন মেসেজের মাধ্যমে লগইন করা হয় এটা রকেটে নাই আপনাদের কাছে অনুরোধ থাকবে কল দিয়ে ভেরিফিকেশন করার পাশাপাশি কোড মেসেজ ভেরিফিকেশন অপশনটা যোগ করতে অনুরোধ করছি এর কারণ হচ্ছে আমার একটা সিম সিমটা বাটন মোবাইলে চলে আমার ওই সিমের লেনদেন করতে গেলে বাটন মোবাইল দিয়ে লেনদেন করতে হয় আমার ওই সিম টাচ মোবাইল অ্যান্ড্রয়েড ফোনে চলে না তাই অ্যাপস ব্যবহার করতে পারছিনা রকেটের মেসেজ ভেরিফিকেশন থাকলে লেনদেনের জন্য অ্যাপসটা ব্যবহার করতে পারতাম ০১৪০০৯০৪১৬০৯ রকেট,0,2025-11-14 18:20:31,3.0.13,,,en,Rocket
58addc9c-6ee3-47f3-b130-24b67adbfa4a,Mohammad Bijoy Islam,https://play-lh.googleusercontent.com/a-/ALV-UjUKODapZWEW0EXerYLcrhqR1rKDeLazVsL-Cz9MEHjsSzyY-W0,5,Thank You,0,2025-11-14 18:18:33,,,,en,Rocket
6bf6e419-c3da-4eef-9fd1-a7c2230a94c8,Khan Mohammad Shohagh,https://play-lh.googleusercontent.com/a-/ALV-UjWv3UUAzp-bWDb8SMmvNjrvPAnNALj0i0RerRGhIxN2Zb6ch98P,5,Wow future ❤️‍🔥❤️‍🔥❤️‍🔥❤️‍🔥❤️‍🔥,0,2025-11-14 17:40:46,3.0.4,,,en,Rocket
508f2674-b036-4372-8d59-1a6b0decf9e3,Shakil Mahmud,https://play-lh.googleusercontent.com/a/ACg8ocJsB7VzFYSbnxfOgfx3dJEshxVUCu5FmQ7yAjV5wV5XPnLNsOA=mo,5,best,0,2025-11-14 16:00:46,3.0.13,,,en,Rocket
26390ca3-3c4f-4dfb-8e98-88d4af1a36e7,Atikur Rahman Jowel,https://play-lh.googleusercontent.com/a-/ALV-UjUoTUUHXRGC_qMn79LN0DUPGBfbkKLVPl474ek6w4mJdld4Um7yyg,5,good,0,2025-11-14 15:39:05,3.0.13,,,en,Rocket
997d4082-2fde-417d-9721-dfa96c16a16f,Baizid Khan,https://play-lh.googleusercontent.com/a-/ALV-UjXEabcQVZDaKv4OMjDhAINDJuW1_bFLp1ek6FyGQxWcQvqXZRYZ,5,nice 👍,0,2025-11-14 14:30:07,3.0.13,,,en,Rocket
684031eb-a3ea-442b-a1de-d3c7822a4ed4,Md. Raqibuzzaman,https://play-lh.googleusercontent.com/a-/ALV-UjWUhWVD0951EzuRwintM-Y06ByKON83WToadolYUACMPm4fNaCM,1,"মোবাইল ডেটা দিয়ে লগিন করা যায় না। একটা কল আসে, তখনই ডেটা ডিসকানেক্ট হয়ে যায়। ভেরিফিকেশন সিস্টেম ব্যাকডেটেড। আবার KYC আপডেটের কোনো অপশন নেই। মিরপুরে রকেটের অফিসে গেলে ওরা বলে আপনার জেলা শহর থেকে KYC আপডেট করতে হবে। আবেদন করে রাখুন দুই সপ্তাহ লাগবে। ইকোসিস্টেম বাজে হওয়ার কারণেই রকেট আজ পিছিয়ে পড়েছে।",0,2025-11-14 14:28:37,3.0.13,,,en,Rocket
e611d5c5-5386-4e05-a7a0-39927d984bfc,WADODUR RAHMAN,https://play-lh.googleusercontent.com/a-/ALV-UjUhPk-zpOlAtgX3B4br37yFCLGpRGInlOiYA9XVkKsDMUYjyJVc,3,Please improve this apps,0,2025-11-14 13:05:15,3.0.13,,,en,Rocket
e67e35a9-c380-4e92-9494-88143d890843,Md Shahin,https://play-lh.googleusercontent.com/a-/ALV-UjUKyCUwBcFfzJW8LNEaxxr8OgMEytRdci64pTTBoJRUrsb4Osk,5,Very good useful apps.,0,2025-11-14 12:46:50,3.0.13,,,en,Rocket
ae226d1e-b783-4f5e-b760-85a91c902915,Jubair rahman,https://play-lh.googleusercontent.com/a-/ALV-UjVSsbYynmAdhCf6ctFA64eG9fDZ9JU_qaOiWxTy0tA26TyS3kfVig,5,good,0,2025-11-14 11:44:18,3.0.13,,,en,Rocket
aa81b0dc-26ff-4987-a4a7-f7677b16e6e2,Sarowar Islam Shojib,https://play-lh.googleusercontent.com/a-/ALV-UjXaEML7smkyU_vqwbp7y76kTXDzxiG3vkyBAofxqgoKR1mN6UKG,1,App একটা সার্ভিস খারাপ রকেট থেকে ডাচ বাংলা ব্যাংক ফান্ড টান্সফার চার্জ কাটে নিজের রকেট আবার ব্যাংক ও নিজেদের সেখানে চার্জ ফ্রী করা উচিত,1,2025-11-14 10:43:05,3.0.15,,,en,Rocket
122bb398-42d6-42d1-b457-f2bb2f2eb5ae,Md riyad,https://play-lh.googleusercontent.com/a/ACg8ocL_NwMba-tUAiZbh1O8k0QL4ghRny3O3dTKEpRWyK66GLNMKhQ=mo,5,nice,0,2025-11-14 10:29:13,3.0.13,,,en,Rocket
f693de29-74c5-4ed7-8c3c-17438a71b538,Shakib Al Hasan,https://play-lh.googleusercontent.com/a-/ALV-UjUMJwSZajO0XRdaxramhfKvFk2RU04_LLnWSxWV4aX1s7x5BwAy,5,The app is very beautifully designed. The functions are also beautiful. I hope it will be improved further. May it bring benefits to everyone.,82,2025-11-14 09:22:25,3.0.15,,,en,Rocket
92445c95-f139-4a52-b258-7f1299cd8b16,Md Aminul,https://play-lh.googleusercontent.com/a-/ALV-UjV7muVQ7EfJJMf_MJYLRNS7KFdhs6eCH7R6GHL5nSsmzM1S-Jnm,5,nice apps,0,2025-11-14 08:25:55,3.0.15,,,en,Rocket
cfc64bda-6d07-4e39-a3b7-fc7080128dbd,Jabed Mia,https://play-lh.googleusercontent.com/a/ACg8ocKo6XiVA8dOpqUrcNoqrGAgJtZ6-PzPP_5F_2TSGMaFbqogVQ=mo,5,ওকে,0,2025-11-14 08:15:06,3.0.13,,,en,Rocket
1f0e24d3-de26-4acc-9c90-141fe04cdac3,MD. ASHIKUR RAHMAN ONIK,https://play-lh.googleusercontent.com/a-/ALV-UjVW3gCkeA7iLpCeZiLwi0KK1KdxRiaVjlLxL26KpyW_oBdeZxLBcA,5,Good experience..i Want best experience or first update of me,0,2025-11-14 07:47:59,3.0.13,,,en,Rocket
736332a0-4123-4d88-bb6c-2c22ec302d3a,Muhammad Shuvo,https://play-lh.googleusercontent.com/a-/ALV-UjUVU6t3FHOrmNQ9z0wizYmx0chr0iFBCAtC0z7gN_UfxXmb5xs,4,good app,0,2025-11-14 07:21:14,3.0.13,,,en,Rocket
bb303f6e-6b6d-48c1-b939-2269ff02b697,apon ahammed,https://play-lh.googleusercontent.com/a-/ALV-UjVkhN6WdC42Sf8k7Y60KmVB7SxnIfA-Nq-LOkCcKUhMGLJc_DQ,5,nice,0,2025-11-14 07:02:41,3.0.13,,,en,Rocket
402f791f-bb25-42b5-8a06-0849b70f2362,Mahamudul Islam,https://play-lh.googleusercontent.com/a-/ALV-UjWZw7r3Mzi47pWaiSPHdU5-9vEQJLr1ElwePJxuS9Kq67JkURlj,5,Nice,0,2025-11-14 04:01:37,,,,en,Rocket
ec031065-abaf-4cbc-a370-7c47aa6ebe86,মোঃ আমির হোসেন,https://play-lh.googleusercontent.com/a-/ALV-UjX1hyom7zJSx5eTYZqJ0ulVn28XAXUApTvSZZy0q4diuPFWhpFR,5,good,0,2025-11-14 01:19:16,,,,en,Rocket
75be47a6-41df-4a34-83f2-822b04fafe13,Saymun Ahammad Hamim,https://play-lh.googleusercontent.com/a-/ALV-UjUQMOn4zL-FJUvFkDVjDDA77A14WFXxoofBAOexDd4rcj-qekQc,4,"Rocket's DSO problem? They don't keep money with the agent, they don't pay properly, they don't give me my balance. Location -Bhola, Daulatkhan, Village Alaka",4,2025-11-13 22:25:32,3.0.13,,,en,Rocket
e85fae2b-ad0b-4589-ad1b-909e34fe3c8d,MD Muhibbullah,https://play-lh.googleusercontent.com/a-/ALV-UjW-qGKS0ZI4zz9muH_sqMj445vpF20Gm51qR3r05P8zDM1fGJSr,5,good service and good security,0,2025-11-13 22:20:26,3.0.13,,,en,Rocket
fc18c0ee-3196-456f-bb07-086ffe4302fa,MD SAKIB HOSEN,https://play-lh.googleusercontent.com/a-/ALV-UjXp9NWMqzfZlZGWe0L16BxnMo1FZphAo6xqgRap4WevneSgGAk,5,Nice,0,2025-11-13 21:52:28,3.0.13,,,en,Rocket
e71901d9-59f7-4976-92cd-21e1e33365c0,Lokkhirani,https://play-lh.googleusercontent.com/a/ACg8ocKKl_WmGNNPtQ3fghcSgacjMMWphdaskdrEOBgacI6_V6FEwA=mo,5,valo,0,2025-11-13 20:50:07,,,,en,Rocket
56e83bd3-b6f7-43fe-84d0-09f1de4daf16,Mohammed Sanjid Chowdhury,https://play-lh.googleusercontent.com/a-/ALV-UjVX_u_5_nIIwjGV0ZlaI2gteciV2SsSd0A8Uo0QPQ_RA6R6nbVh,5,Finally introduced NPSB feature.,63,2025-11-13 20:09:58,3.0.15,,,en,Rocket
63e3f3a4-61eb-47a7-ae36-010480b56a58,Ashikur Rahman,https://play-lh.googleusercontent.com/a-/ALV-UjVA6VZRK7Du5RF_MKm-QTcyZ7jmRZPXGbfdq0HR-AOkQs6c8uQ,5,good,0,2025-11-13 18:02:59,3.0.13,,,en,Rocket
fcff52af-d8a1-4afc-9ff9-4a42fe448152,SM Saif,https://play-lh.googleusercontent.com/a/ACg8ocIc3s7bQfZDguXHCRt1rtKmi1Q4NCJZ5MTBqHQ8Umi1rTQAdv8=mo,5,Best,0,2025-11-13 17:49:33,,,,en,Rocket
b181d510-ba1f-481c-815b-1da9a53db828,Rayad Sek,https://play-lh.googleusercontent.com/a/ACg8ocLX23EXWY7Q4kpip8d7TMBVubYCVQNq6hqyaL6dsVXdjpWo9g=mo,5,nice,0,2025-11-13 16:49:38,,,,en,Rocket
046e8cc3-1685-4c2a-82a6-abb55a12713b,MD Adriyan Hossain,https://play-lh.googleusercontent.com/a-/ALV-UjXQ5HJy4h6JCpLwn6qa4loFiKncpqafVB-2uVxIDOGkwUdXjFo,1,app থেকে nid ভেরিফাই করার অপশন নাই কেন?❌❌,0,2025-11-13 13:04:28,,,,en,Rocket
959e3b1a-65b7-4746-b20d-34586561b4ce,Uzzal Ksa,https://play-lh.googleusercontent.com/a-/ALV-UjU0FRAjM9XyBMuCPr1pebYsfktbxpLJqMqLdNhUbO7Yajrb9yw,5,good,0,2025-11-13 03:15:41,3.0.13,,,en,Rocket
d1bd5e3a-c0fd-4d9e-b3b8-99b1c79d97ad,Roksana Akter,https://play-lh.googleusercontent.com/a/ACg8ocKQ7vXM4XswvpEKbzHlQJvcGJ_5kLhtFxIb5Qhy0VRkyYPeBw=mo,5,update kivabe korbo,0,2025-11-12 13:44:21,3.0.13,,,en,Rocket
19cf77e4-10f0-4a3d-9078-e3636ba6861b,SAJIB KHAN,https://play-lh.googleusercontent.com/a-/ALV-UjWiU6dZClMVrskUbXkLLZCfXNzMHYdfKC8hMdVMdMKIafRdTist,1,bad 🙁,0,2025-11-12 06:36:13,,,,en,Rocket
c9f032d0-42e9-4068-b7dd-a56ace27b9a2,Md Eyachin Ali,https://play-lh.googleusercontent.com/a-/ALV-UjV7fKYfPm3S7KGpWQD4nu49OognpzzqbLWB7DLHa0SATW2Q-1A,5,নাইস,0,2025-11-12 00:40:58,,,,en,Rocket
183d62b6-935c-4002-bcee-035f6a6ec7e0,Rabby islam,https://play-lh.googleusercontent.com/a-/ALV-UjXZWUzKWJeIw_eRnyV6wOmJSyraGj8f77SDWT1vWpyzMQzJV_j7,5,i like 💖💖💖💖,0,2025-11-11 21:26:52,3.0.13,,,en,Rocket
45885fc4-d21f-4141-8bc7-967465786238,Muhammad Usman Ali,https://play-lh.googleusercontent.com/a-/ALV-UjWWqsY2cQKkmlomgaGg7Y9QAokbqyeYrFMNse65LmjRR4kuAcCs,3,Good Service 👍,0,2025-11-11 20:50:40,,,,en,Rocket
f6ebc4e3-21cc-4499-a059-02a1f72743f8,Md. Salauzzaman Prodhan,https://play-lh.googleusercontent.com/a/ACg8ocJw6J5u7EUQ9BRf2guMSC1G30y7h3wx85qdhN2qTBHoNcOaRw=mo,5,nice,0,2025-11-11 14:53:30,,,,en,Rocket
2ee47dad-4285-48c5-bb17-52e972d17bec,Md Nayan Khan,https://play-lh.googleusercontent.com/a/ACg8ocLDilIGQaPq_vlhiSZTcNJhi5TxqnqSicYA83-BlgHrolWDyQ=mo,5,help full,0,2025-11-11 04:59:35,,,,en,Rocket
c289f7fd-10da-4fc0-96d8-349b9b959a2c,Jarif nur,https://play-lh.googleusercontent.com/a/ACg8ocJPWjCcsKy4diZ3LEIantcL2uU8m_aBVyEvLCpHexeWvlLYtw=mo,5,gd apps,0,2025-11-11 03:37:55,3.0.13,,,en,Rocket
17325e7e-52a9-4883-b743-4db72a42c9da,Md Ahad,https://play-lh.googleusercontent.com/a/ACg8ocIzLF5_ABZA3xIJIyv-n3DW0q3TzbqL593Ph6wKmmS-chniVQ=mo,5,your good app,0,2025-11-10 21:11:07,3.0.13,,,en,Rocket
f9ecb5ef-fc26-4a26-aaf2-212bc25aa1b3,Papel Talukder {DXN},https://play-lh.googleusercontent.com/a-/ALV-UjXETWahsDINyoqZm4KWY3EpyCaJIp5hfdCZ-PggAZX0BNJMDzU,5,why not show ministatmant. please send me 7 days transfer information.,0,2025-11-10 19:50:19,3.0.13,,,en,Rocket
41871742-d281-4871-be32-508742a3a8db,Md Khairul islam,https://play-lh.googleusercontent.com/a/ACg8ocKJiY3JYh5C9x9PSm4Sq09o6m81lkrI5PLamx6UNLd2qHk5Kw=mo,5,vary nice 👍,0,2025-11-10 14:02:48,3.0.13,,,en,Rocket
efc1f642-8d45-46ee-b9ea-e602cf48474b,Imran Hossain,https://play-lh.googleusercontent.com/a-/ALV-UjVWSi3RrNRqD1dUMM2j9E29FqToz0sABIKHfsMi6Kks6OsUnVD3,1,Worst MFS app in the country. Couldn't even upload the nid photo. The app crashes.,4,2025-11-10 11:04:18,3.0.13,,,en,Rocket
58a7d481-d831-418c-ae8f-51d31490a4da,Naimul,https://play-lh.googleusercontent.com/a/ACg8ocIaXMhhNsrbtQEVIkN57mK28XnaMUCof6SsaGcyZt6bdzYr9A=mo,1,App cannot detect OTP and won't let me manually type it in either. 10/10 software engineering and UX design from a bank.,8,2025-11-10 10:22:46,3.0.13,,,en,Rocket
a3cc0c01-bfe9-4567-a740-33335154f755,Hakim Mollia,https://play-lh.googleusercontent.com/a/ACg8ocJoL-Lq9umyKo3ihkCzkMBDp0D9vevNGurVTltqvZBOOjEKbQ=mo,5,Nice,0,2025-11-10 09:39:06,3.0.13,,,en,Rocket
e192541f-d7c3-4932-bc09-4ad1adabc2d9,md Emon,https://play-lh.googleusercontent.com/a/ACg8ocIPO5L3wvvyOnp81Fy_v4jP6WmfJ4bIUwfwb5ea1eJPEojLcg=mo,5,Nice,0,2025-11-10 06:32:31,3.0.13,,,en,Rocket
c44af9e8-c301-4543-a3f3-c9f73d7dcc5f,Krishnapada Bairagi,https://play-lh.googleusercontent.com/a-/ALV-UjUiPb4henKfGjLqNgltsnMjfZA6bxeX6p8a90cChGugegUeootU,4,good,0,2025-11-10 05:38:56,3.0.10,,,en,Rocket
1de8004c-e187-4dcd-9691-04adb45b25b7,M Faisal MOLLAH,https://play-lh.googleusercontent.com/a-/ALV-UjWAwnSYzvtrpOuVUl0Xxm5cxjAMVE7naJJRKeWbvLHUNkdFWH9n,1,It's not possible to do admin work.,1,2025-11-10 00:21:47,3.0.13,,,en,Rocket
1e701179-c45d-4f1e-b4ff-aaed5e3e3d7f,MD Tarek Sorkar,https://play-lh.googleusercontent.com/a-/ALV-UjUAKVRjJiB4ejDbBN8-n_0ctB2tjIjk0HUEhcxpQENCvyBnJXiT,5,so nice app,0,2025-11-09 14:33:18,3.0.13,,,en,Rocket
8e33184e-9e56-4346-892f-8f1815297c71,Rashed Raihan,https://play-lh.googleusercontent.com/a-/ALV-UjXxouGvp5HqXmYDJqzoy2i3FoYZ95DXePLtCodxteVYStm_7WTH,5,good apps for publuc,0,2025-11-09 14:07:44,3.0.13,,,en,Rocket
f5c434b7-2841-4642-bdf2-35b8cdc47a2d,Sharif Uddin,https://play-lh.googleusercontent.com/a/ACg8ocJ2B-oC0D6cmt86Vbu09xJWZxgglv4PqFb0YxOaxGNaSYwIMg=mo,5,good app,0,2025-11-09 13:39:07,3.0.13,,,en,Rocket
d8d75083-4689-405c-a76a-2da53314c263,Shupto,https://play-lh.googleusercontent.com/a-/ALV-UjUzwzKWUmQWG1ZQkSEi9WIwWFgLVnXRO98t4vOLf0IbOHikDMXZ,2,poor app. bKash is far better than this,1,2025-11-09 12:37:48,3.0.13,,,en,Rocket
ddad696c-9028-4d4d-b604-6bffb9c3a783,MD Fahim,https://play-lh.googleusercontent.com/a-/ALV-UjV-4DdOUwNyr7khDyUcA4GkHkOyVoM8U1_m7WoMwFTNAXNr1L0,5,nice,0,2025-11-09 11:58:45,3.0.13,,,en,Rocket
9388b76a-efd1-4b28-85d4-5713a5b20e6e,Nazim Uddin,https://play-lh.googleusercontent.com/a/ACg8ocIAe5MqyoHnlzWSnHoLd0dOILU6ZdYVSn2VQR4_3dYEhWGCJA=mo,5,valo,0,2025-11-09 11:38:08,3.0.13,,,en,Rocket
287c41c3-6719-450d-ace5-ad895c7463fd,MD. Mokarom Hossain,https://play-lh.googleusercontent.com/a-/ALV-UjXVoyC6Iyo2jDdjlpTemom3tcK6pdYsN2Vdp83AvSz9W7Oagvbg,1,Bad Experience. I am trying to login after long time and it's not working.,4,2025-11-09 10:58:15,3.0.13,,,en,Rocket
e6cbfa10-5d88-4735-8147-3c619d7dc908,Rashedul Islam,https://play-lh.googleusercontent.com/a-/ALV-UjXQsa1jWvwOW8NEl63zxDdVehtufWQK8Va4YpuGl7s1Pyds16li,5,valo,0,2025-11-09 10:06:01,3.0.13,,,en,Rocket
c7e1f6bb-67e8-4a5f-a2ef-4026ba354e07,Md Tushar,https://play-lh.googleusercontent.com/a/ACg8ocIHGk95YeEZ6aWxP2qJJiH9nQCJnWacl6TcJAjIYT_JYrDyx4Om=mo,5,❤️,0,2025-11-09 04:56:42,3.0.13,,,en,Rocket
b2d91a6f-73e1-4340-a80c-bd0f9da623b6,Fahad Shahriar,https://play-lh.googleusercontent.com/a-/ALV-UjWBtmxVLTwHgnk9ORQkuFjyt7jP4aMjtU1laRFenZrujfv01v6Vkg,1,Buggy app. Can't even upload NID photos to register properly.,4,2025-11-08 21:52:26,3.0.13,,,en,Rocket
0545f142-251f-4970-bba5-f168ab8a5d09,md.kamrulislam qualityman,https://play-lh.googleusercontent.com/a/ACg8ocJ5gCACCAc8SXmzdXnlPG1f91JTR0b0vtNIyp_LGMHe8ZOthQ=mo,5,nice 👍,0,2025-11-08 20:41:46,3.0.13,,,en,Rocket
98db5b70-cda6-44d9-b868-26a8f7203aaa,Gk F,https://play-lh.googleusercontent.com/a-/ALV-UjWWljY3eCxGSmqk6UHhwyP82xVUDS02l6vZcY40jlIbjRgKiMTy,3,nice,0,2025-11-08 17:06:33,,,,en,Rocket
5e3e62c8-9016-46a0-bdf6-eb4aa355a0bb,Shariful Islam Mamun,https://play-lh.googleusercontent.com/a-/ALV-UjUEDzXZ_Cpkwge6U08LkQEhIVz0AbmfBMWQV6o0DUetGo0LV0_l,5,good apps,1,2025-11-08 09:09:30,3.0.13,,,en,Rocket
8cca197f-ddcb-44ec-8eb2-d9abb3128980,Shusmita,https://play-lh.googleusercontent.com/a/ACg8ocKy30OljVxb2d4YhQyGehE8ekRmApyRXB0gH2_rMrlak9t9=mo,5,good,0,2025-11-08 08:34:18,3.0.13,,,en,Rocket
45f5d9df-cd78-4337-9ce8-d886896599fd,Md Anamul,https://play-lh.googleusercontent.com/a-/ALV-UjVEGI5L0ctioE6RJ3065vM5IGbKBg72Dmd6xBPykElqxlxREUI,5,ok,0,2025-11-08 07:22:54,3.0.13,,,en,Rocket
cdd5acdd-bb03-4967-b18e-83d3cf320e36,Shemanto Das,https://play-lh.googleusercontent.com/a/ACg8ocJ23GXsCUWnHr4pR07ypfxNWk9xSYC531jGt6A6ymLJrgfsBQ=mo,1,faltu update...cash out kora number full show kore na,0,2025-11-08 04:05:19,3.0.13,,,en,Rocket
9b8f80d1-0a7b-4407-ab97-16fcafd44b02,Moni Rahman,https://play-lh.googleusercontent.com/a-/ALV-UjW_b2i7XxclCDqT0bQoYA2itmFl8eh-PHCOOtaKZdMt6OrWg7k,5,good,0,2025-11-08 02:28:12,3.0.13,,,en,Rocket
85f05102-697a-46a2-86cd-09f27f6d3807,Abid Hossain,https://play-lh.googleusercontent.com/a-/ALV-UjXNKqgmkHXoqYX6-dA10uNkElN5gLvv6uABpRxg4-C4YX-_cTE,1,ওটিপি বসানোর সময় কীবোর্ড না আসলে ওটিপি বসাবো কেমনে?! এই সমস্যার সমাধান করতে কয় বছর লাগবে আপনাদের?,0,2025-11-08 01:34:00,,,,en,Rocket
ecda7575-ceac-4019-947c-3d4e208cb823,Sajid Bhuiyan,https://play-lh.googleusercontent.com/a/ACg8ocIXjyGUxiDL5u3a2lkMT_6tNhNdfJSEyfCZsSkM4ZikjSmjUQ=mo,3,Please Add transfar to bank account option in agent,1,2025-11-07 23:20:06,3.0.13,,,en,Rocket
04b1122c-ba3e-48f3-94c3-fae903f3d735,Suraiya RSupti,https://play-lh.googleusercontent.com/a-/ALV-UjU1zNgFLT4GniE9wbGLVP_RGr4G8SPrOmLbc89RXryBddkPoTOp,1,this app isn’t helpful. I was try my best to log in this app but I'm not success to login. these is so disgusting app😡,2,2025-11-07 21:57:44,3.0.13,,,en,Rocket
1ca4036b-f442-4c16-a833-a32f60989184,Rumon Islam,https://play-lh.googleusercontent.com/a/ACg8ocLaYXP5dPvVVC_F6CpoLlzEoKUsU5YOAp2dmJf-QORGHfWtHg=mo,5,👍,0,2025-11-07 21:48:47,,,,en,Rocket
bba2d47b-c33a-4da8-b87a-88317621bf9f,LOVE You,https://play-lh.googleusercontent.com/a-/ALV-UjWvfEnU1s9JyX3B_YG-4f4X03_9ng84jFZ2fxpS25OZ68w47mVu,5,Nice,0,2025-11-07 21:13:30,,,,en,Rocket
4b667ab2-9c87-41d3-9883-18702986dbfa,Md Makmudul,https://play-lh.googleusercontent.com/a/ACg8ocJiP1IojumNYyEY3FBG-DNJNzWVsagM4hpbxRZ8NGcCCoDKIQ=mo,5,Naic aps,0,2025-11-07 16:25:32,3.0.13,,,en,Rocket
c76fb8d7-ca80-4b95-8fc6-aa3179ce3161,Md Tanvir,https://play-lh.googleusercontent.com/a/ACg8ocJ7pjbnZa8X9WcUZv_ZfnYDMSUgK_EKIhToucgpqsT7S2B_CQ=mo,5,very nice app 👍 Roket,0,2025-11-07 08:43:28,3.0.13,,,en,Rocket
ba41bded-4ae3-4452-a664-a7351c82cf20,md Kala,https://play-lh.googleusercontent.com/a/ACg8ocIyGHiMJI0ZVeog2QM8fzBrcDZidHEYBTcET4g2XSN__TU3wQ=mo,5,nic,0,2025-11-07 06:35:36,3.0.13,,,en,Rocket
f2ed072f-88d4-4428-b8eb-878b64c86fd7,YESEIN AHAMED,https://play-lh.googleusercontent.com/a-/ALV-UjV08EZXQukLLv1CJ9ExV125RkAjcwF4jEdnowDC4zaBGa40-Ok,5,no experience I am new user,0,2025-11-07 05:25:27,,,,en,Rocket
05a8d7e5-9188-45ac-b2f0-6b618953d7b9,ShayeD AhmeD ShamiM,https://play-lh.googleusercontent.com/a-/ALV-UjX65R6lQX0nIru1qsFb7h83GN8XHB-bTrfM5zXlEedFFeV39Uo,5,nice,0,2025-11-07 02:56:31,3.0.13,,,en,Rocket
fe2d6696-5a5c-4ee4-b0ba-7d007f06642f,S M Mahadi Hasan,https://play-lh.googleusercontent.com/a-/ALV-UjWb0C1J1TW75F5zngJgftpanNtuYUMcEksxbI6kHuCBm_oYnCQ,5,nice,0,2025-11-07 00:17:37,3.0.13,,,en,Rocket
15f65671-4df1-4e9a-a504-ae18792bbd15,Cashew Nut (আমি এবং আমার আমি),https://play-lh.googleusercontent.com/a-/ALV-UjXsWJs6gNVMwv26VziWfFavCTQd8BduIxJKCzKBxZXR2ZnkJFWQ,5,Giving feedback,0,2025-11-06 22:21:03,3.0.13,,,en,Rocket
17d89a2d-db49-42ed-98d8-98dba1eed451,skarif Billah,https://play-lh.googleusercontent.com/a-/ALV-UjW4rHlY8bZr7xJLbsB1agH3_7mhL5Qa6oHZhpa12dYwrAFwlWU,1,"একদম ফালতু সিস্টেম কে জানি ভুল করে 1000 টাকা পাঠাইছে এখন আমি তার টাকাটা ফেরত দিবো কিভাবে,,, অ্যাপস থেকেও নাম্বার দেখা যাচ্ছে না সিম্পল মেসেজ থেকেও নাম্বার দেখা যাচ্ছে না ফালতু 🤬🤬😡😡",0,2025-11-06 18:03:44,3.0.13,,,en,Rocket
f1e96676-4c75-4f6b-a558-61399130879c,Mdshojib Sarkar,https://play-lh.googleusercontent.com/a/ACg8ocJXR1IP18jQRNVbPHIRdSoJy-heAJNOMYF3heE8O_t4N_lKdw=mo,5,very good 👍,0,2025-11-06 13:48:13,3.0.13,,,en,Rocket
5e28558f-4461-4154-97e9-2fab2a1a2074,Cm Redoy,https://play-lh.googleusercontent.com/a-/ALV-UjUp8fFZXhP7o6ay841SF5prchbHYpYQjpeSgy-1OO4RWMIe_y4,5,nice,0,2025-11-06 11:44:37,,,,en,Rocket
eff94ec1-3d5d-48d8-8b2c-5837f44e46b1,MD Mofidul Islam,https://play-lh.googleusercontent.com/a-/ALV-UjXD6hrKVYBaG-C_ROZvH7n5ib6RMZCQ-M79ezZULdhFoXH-TL0p,5,good,0,2025-11-06 10:46:40,,,,en,Rocket
99a72a3a-21a3-4688-9d5e-6c6523bd8c88,Md Nurhossen,https://play-lh.googleusercontent.com/a/ACg8ocJMT1HBtYXoemKCl5p1iz0N6wwq3rdDtZsvPcYarfAhT8PghA=mo,3,👍👎👎👎👎👎👎,0,2025-11-06 08:36:54,3.0.13,,,en,Rocket
39e2917a-6841-4897-b548-1186275a18b5,Shah Ahsan,https://play-lh.googleusercontent.com/a-/ALV-UjV9N4Hi6v9VpOBzE7Sb724CngGi0iZpGf_AL5VtekendKfVrpI,1,খুব ভাজে অভিজ্ঞতা,0,2025-11-06 00:41:22,,,,en,Rocket
911f25ea-c7b3-4c66-afc0-fc758cf69be2,Taslima,https://play-lh.googleusercontent.com/a/ACg8ocKkqBPn29T6NuvzrKjReBn8zOQmSTHLEAkz8PuEoEBEzV3uYw=mo,1,login call ase na failed dekai abr bar,0,2025-11-05 23:04:20,,,,en,Rocket
0eb05ff6-edb5-498b-84a4-79d28a78d2d3,MdRubel,https://play-lh.googleusercontent.com/a/ACg8ocKnfiMAzKppsGKmzkZP2uKrotU4MzeQITOaXzWLgXqKOLmWOp4=mo,4,Nice,0,2025-11-05 22:14:16,3.0.13,,,en,Rocket
c6652b80-ae7a-4587-a860-0be01997f2eb,Ahmed Zaman,https://play-lh.googleusercontent.com/a-/ALV-UjWX1NPNKH1sk5NGw5jO2uCrKClH5lmsilRKfrJPe5o1-beuQn8,5,Excellent app,0,2025-11-05 01:04:43,3.0.13,,,en,Rocket
6c6b22d3-0229-4448-a946-1dbdb0c994b5,MD.BURHAN UDDIN,https://play-lh.googleusercontent.com/a-/ALV-UjV8lHbzDC2HEXXV3XET1-__NASzkZvP8IumcSCDh6jdLIVkGHs,5,good,0,2025-11-04 23:39:58,,,,en,Rocket
6e4b3ea8-466c-4af1-a8a3-248ca48ed40b,Parvez Hussain,https://play-lh.googleusercontent.com/a/ACg8ocLKm5FYb08VrKHUMVK9CbYkDDXklsA1hnyFtozm_MU6Xll28w=mo,5,"Rocket from Dutch-Bangla Bank is one of the most reliable mobile banking services in the country. I appreciate how connected it is with the bank — making cash-in, cash-out, and fund transfers simple and safe. The system is stable, and transactions are completed in seconds. It’s perfect for people who prefer a bank-backed digital service with strong security and trust. Rocket has definitely made banking easier for me.",18,2025-11-04 22:03:29,,,,en,Rocket
91700a69-7b8c-41d4-8c21-c9dc3b3f8816,roman sheikh,https://play-lh.googleusercontent.com/a-/ALV-UjVIs2SulEazuQaKfGJmr3Zjo6mQayDeBZOb79Bu124RDJ5OZ_Zl,5,👍,0,2025-11-04 17:29:42,3.0.13,,,en,Rocket
8320469e-d294-42a4-a7d3-06f75e76ce9d,EMON AHMED JOY,https://play-lh.googleusercontent.com/a/ACg8ocKEVOcjSDOQuBJvpnZJjlbOfYlKUazObTZvLX9C0VbwHFKOcA=mo,5,good app,0,2025-11-04 14:56:36,3.0.13,,,en,Rocket
8ae7b5fe-a25a-4114-97f9-ce3622d4c6ae,ariful islam,https://play-lh.googleusercontent.com/a-/ALV-UjVh6czRvGG1UDWkEcOrQlsEsUY6rzv8c5ArmQTH3zYMY29mDKbr,5,রকেট এপ্স আপডেট দেয়ার পর থেকে পিন চায় দেই। ওটিপি আসে দেই। আবার পিন চায়। এভাবেই চলে। আর এপ্সে ঢুকে না,0,2025-11-03 22:49:30,3.0.13,,,en,Rocket
da7508ef-2be5-4428-aa3f-9181b8dfe92c,Murad,https://play-lh.googleusercontent.com/a-/ALV-UjUlBQ_vOCxCo-lM0qWXePSZjxufuSb2f6jOb10mUziRsRamFBCu,1,so many bugs and glitches,0,2025-11-03 22:15:20,3.0.13,,,en,Rocket
0ee13ae0-2e29-4c04-801c-2caf626b66e6,Firoz israt,https://play-lh.googleusercontent.com/a/ACg8ocLN-IyLIgpWGiluLnlPHPXzkYtJvBaVgnAj9c4lgQZeeIf9xg=mo,5,Good Aps,0,2025-11-03 12:22:13,,,,en,Rocket
1af4d2e7-58e5-4265-8327-87a65d71c60b,Mahmudul hassan Mahfuz,https://play-lh.googleusercontent.com/a-/ALV-UjWzvTe7KYtF5EaplWx5SWLL3M64f_WxtzhH4Si8xqaJUjNjwGg,1,একটা ভুল সিদ্ধান্ত ছিল রকেট এ একাউন্ট খোলা। খোলার পরেই একাউন্ট ইন একটিভ করে দেয়। এখন বলে কাস্টমার কেয়ার এ যেতে।,0,2025-11-03 12:18:53,3.0.13,,,en,Rocket
f1485e81-faf6-4d19-9cc3-a82eff27b3cf,MD mizanur Rahman Talukdar,https://play-lh.googleusercontent.com/a-/ALV-UjWO9FEqRdNmmw8XuVG2BmpVEQOAm5ZNhqUl22ame8UY3SDHNCY,1,এপে প্রবেশ করতে পারতেছিনা আমি,0,2025-11-03 08:49:16,3.0.13,,,en,Rocket
4e50e447-7284-4fbf-bca6-38a6940b938e,Fairdul Fairdul,https://play-lh.googleusercontent.com/a-/ALV-UjUKPjVcDBagm-rogZopvgqN3HHygA9MRlsqaqHQXaFCavFh6PgD,5,লেনদেনের জন্য সবার জন্য সেরা একটি অ্যাপ ব্যাংকিং,0,2025-11-03 06:50:05,3.0.13,,,en,Rocket
4f512655-df71-44ee-a9c0-ae54b94fce6c,ABDULLAH AL MAMUN,https://play-lh.googleusercontent.com/a-/ALV-UjXONcjQS7I6jOzrsaa-59hRVsU27ah8viYJq9hMUJPhB0ry0crJ,5,Awesome.,0,2025-11-02 23:41:53,3.0.13,,,en,Rocket
af7fcb4c-7df4-4b40-ae38-9b0edca914a2,Engr. Md Aulad,https://play-lh.googleusercontent.com/a-/ALV-UjWYbOwQD71Jq5MrPJVlBk8MKQH-PBxhmczXpNnVTraSIPuZMAY,5,nice app,0,2025-11-02 20:09:25,3.0.13,,,en,Rocket
28c1388a-9958-4ad1-be83-6f486f33a060,Fire Strom,https://play-lh.googleusercontent.com/a-/ALV-UjWJtPnV_xBNhVD9wxcBMD851OJjkYxSPEY9or0HUCbOlIPhiJ4s,1,"Couldn’t Login 😑😑😑 They send me otp, but doesn't read the otp,,,,",1,2025-11-02 12:52:23,3.0.13,,,en,Rocket
abf8a10b-ae48-4eba-b740-bfb1bdb30f67,SM Tarek,https://play-lh.googleusercontent.com/a-/ALV-UjWyHo6BqbFqEh8T4-cQx2BDp0Nr8OUlbolRhWIGMzpC0Erd1ruj,1,"সেন্ড মানি, ক্যাশ আউট এর পর যে নাম্বার ক্যাশ আউট এবং সেন্ড মানি করছি সেই নাম্বার দেখা যায় না।",0,2025-11-01 21:59:06,3.0.13,,,en,Rocket
a28c925a-7eb7-4f6e-8ef2-9804b97f5b40,N Hossain,https://play-lh.googleusercontent.com/a-/ALV-UjU6SCV0i_eRNiAWo1lmeXsSt5RG5xr7YZoy-cvaf2KCa2sZwCwb,1,এপ কোন কাজের না। স্মুথ না। রিচার্জ করতে অনেক প্যারা... রবিতে হইলে বাংলালিংকে হয় না।,0,2025-11-01 20:11:43,3.0.13,,,en,Rocket
7bcd55f0-86dc-4bea-9274-b707d75d8147,Md Nazrul Islam Rokib,https://play-lh.googleusercontent.com/a-/ALV-UjWHOzYe9B-vnd8CQnVnmYYiXm639opwyP64eGNt3hQVH6FXaBsG,5,"Rocket account should be updated through apps. Problems with many previous accounts. Like rocketing with someone else's ID in my number, but I don't know him. I am drawing the attention of the rocket authorities to this.",280,2025-11-01 16:55:45,3.0.13,,,en,Rocket
5222427f-b833-42e4-9eee-556b8db6c9b6,Yasin Mia,https://play-lh.googleusercontent.com/a-/ALV-UjXHOQva_t5ymsXICvXIDJTsVyCzXbjgOrdhX7nkvRS5_hQVLpw,2,টাকা উঠানো যায় না,0,2025-11-01 12:21:38,,,,en,Rocket
0bcdfef8-9173-4e2a-ab54-66d27d9e8a58,Aminul Bhai,https://play-lh.googleusercontent.com/a-/ALV-UjVGA1m9gmwoX2XggQl84tJoN9JVaSE06OZeIC8b1wEWUf_yIzY,5,Nice,0,2025-10-31 11:34:22,,,,en,Rocket
62fca9c2-16e5-4dc9-b4ac-95a5f341d9b5,Sourav Roy,https://play-lh.googleusercontent.com/a/ACg8ocLQD13BBo2aKhBHSnKScOs4owqe_IFfVTZwsMan0Lu9nXicg08=mo,5,সেরা ব্যাংকিং কার্যক্রম,0,2025-10-31 04:30:46,3.0.13,,,en,Rocket
2599ed09-8e2f-4ba8-b08e-ef2fe398288a,Rowshon Taihan,https://play-lh.googleusercontent.com/a-/ALV-UjVPhX6-TGtIwKpveSAMrhoRJFUEEftkJ9B8SQThDLjc_1hT9kiX,2,স্ক্রিন ওভারল্যাপের ইস্যু ঠিক করুন প্লিজ,0,2025-10-30 22:56:12,3.0.13,,,en,Rocket
259cf55c-5c23-454c-87a4-9cff588a1180,mithun Barmon,https://play-lh.googleusercontent.com/a/ACg8ocJhAqaXp8x7AKPcrr24Bgp2gcVOh6gplzt9yP9c7ueIbToUFQ=mo,1,my favorite mobile banking,0,2025-10-30 20:48:01,,,,en,Rocket
3bba4620-6ce2-4d64-b008-3d26ea0dd198,Md Junayed,https://play-lh.googleusercontent.com/a-/ALV-UjV9zmVmy6CFnxe_upsEOm89zp_rFgmPn-XVQiGJSMSa0OF9gLc,4,👍👍,0,2025-10-30 20:38:06,3.0.13,,,en,Rocket
82410990-8208-438d-87ac-482adaa2bf91,Md Lutfur Roman,https://play-lh.googleusercontent.com/a/ACg8ocIq6gslVFYT_A3K-GpxKB4LFS5nuJ2g6AepD7_DdnC5w1UiMA=mo,5,nice,0,2025-10-30 19:20:56,3.0.13,,,en,Rocket
e536b52b-db2a-4440-8ff3-e92102810c96,Md Maminur,https://play-lh.googleusercontent.com/a-/ALV-UjUsVaB0j5DiSQeTimBpO4uqeWnDrsACmaEg-OUzTjVb81HeOFM,5,good,0,2025-10-30 19:09:51,,,,en,Rocket
16c3a283-f4b3-4ac6-aa45-9d11f549d126,Ripon Islam,https://play-lh.googleusercontent.com/a/ACg8ocL4OmV8P5rGuLtnrEgvokIBeFTxAzxqpRPfuXSmZKNM5x0RYg=mo,5,good,0,2025-10-30 01:58:00,3.0.13,,,en,Rocket
0f06ad86-928a-4b17-8c86-28c48b609959,Riton Kormokar,https://play-lh.googleusercontent.com/a/ACg8ocLwKW-H3Il83a2MVrtQEXLqL7kLh2fYiJIvmcT-gz-wu5_bmdg=mo,5,Riton kormokan,0,2025-10-29 21:37:46,3.0.13,,,en,Rocket
b54c7df0-5440-45d9-b542-816e0a16eb7b,Md Miraj Islam,https://play-lh.googleusercontent.com/a-/ALV-UjXNBs4wPETBTNGSYIeo302SZRn_LdkYkrRIrBDCJi1pmgLNwOzd,5,nice,0,2025-10-29 20:09:11,,,,en,Rocket
af8a7866-d2e1-4057-a036-011fbdc571b4,AriyAn Parvej,https://play-lh.googleusercontent.com/a-/ALV-UjUsMLJgUtCktMl7welcfUbwwZvyN-guhOF0esFq-TERebWq-uv4CA,5,Best app,0,2025-10-29 18:48:57,3.0.13,,,en,Rocket
dd8b214e-83d1-4d1f-af03-507fc76fcfe3,Emon,https://play-lh.googleusercontent.com/a/ACg8ocIktD0l2FFio7_uv78qa1IApI2PwTIYSMBOctnvUxyjpCCc8w=mo,1,"জঘন্য এপস ,",0,2025-10-29 15:19:20,,,,en,Rocket
e78ab4a8-3b48-4c9f-8500-62aebd77b4e8,Sumaya Anzum,https://play-lh.googleusercontent.com/a-/ALV-UjVTceF6IasLWoeN-lIvWwy303Go-OhuTuzwGsIvhCqxj8dInSFe,1,"It's a very terrible app. Can't register an account because automated OTP doesn't work.. please, try to solve this problem.",17,2025-10-29 14:41:34,3.0.13,,,en,Rocket
503c3751-1250-464a-89b4-a619a72e7a72,রং বেরং,https://play-lh.googleusercontent.com/a-/ALV-UjXkVqYgv3l_EPUMhAnD12Ab-H0vFmb0ypy5uG-z64g6whg3RVfN,1,বিকাশ অন্যান্য ব্যাংক থেকে অ্যাড মানি করা যায় রকেটের কোন সিস্টেম নাই এজন্য খুব খারাপ লাগছে এজেন্টের জন্য,0,2025-10-29 12:07:49,3.0.13,,,en,Rocket
caf744b1-e17b-48fa-a650-930ab89b6465,Saidul Islam,https://play-lh.googleusercontent.com/a/ACg8ocLklnWzlSL7ldOuqwCPEYgZaxyGwAnDRijSjtN-E0FYZ0VZMw=mo,4,"It would be better for our entrepreneurs if the Rocket app provided the option to add these three accounts, Agent, Personal Merchant, or it would be better for us if we created a separate app for Rocket Merchant.",14,2025-10-29 12:02:27,3.0.13,,,en,Rocket
f174e253-aa97-4a54-9a45-e1e3ef77f40c,Sohag Mia,https://play-lh.googleusercontent.com/a/ACg8ocJ1g4Ck3QnfTY0xQS46JHV_Y48Ax8-xlxsSpHQwR770iNwUr44=mo,5,nice,0,2025-10-29 07:01:10,3.0.13,,,en,Rocket
d9e8d187-fd08-4115-bbf5-100c5e4724a4,MD SAGOR ISLAM,https://play-lh.googleusercontent.com/a-/ALV-UjVbYnuzHNfD2jiAvxicn0yubI31YlmFlfYVhBSgBqsg-7uY0Ac,5,good app,0,2025-10-29 00:47:47,3.0.13,,,en,Rocket
c6dbee85-124a-4a1b-982a-36797c902609,Ridwan Jubaer,https://play-lh.googleusercontent.com/a-/ALV-UjVXlQSIv8kJlh333HiTr-BbXpjOi2TkT4eu9duaXVTQ7Q7wYR9a,5,good 👍😊...,0,2025-10-28 22:03:29,3.0.13,,,en,Rocket
babc7dcd-24ab-469e-9be7-6a1919a2cb2c,BIRBOSS KIND7,https://play-lh.googleusercontent.com/a-/ALV-UjXPdjFg1-pI5vobZmuVfgHX6-ReByALET3-SPPAThdq_9btQzm6,5,টাকা সেন্ড মানি খুব ভালো,1,2025-10-28 21:02:03,3.0.13,,,en,Rocket
67cccdb7-96e5-4f68-902b-43d1bba425b0,Md momin,https://play-lh.googleusercontent.com/a-/ALV-UjWjXuFv2REcJ4ocoixIEUK0gfqF-k7PROyTuHyHNEDQaekMWA0V,5,nice,0,2025-10-28 20:56:45,3.0.13,,,en,Rocket
beeb0de4-d1fb-4414-9e3b-f3413a4f3cb1,Abdur Rahman,https://play-lh.googleusercontent.com/a-/ALV-UjWVEjBtVk_NMKXXapKdBJk140bnsqGsfAl5sl-bbt5m7Rjocrf3,1,কোন নাম্বারে টাকা পাঠালাম এটা কিভাবে দেখবো শুধু শেষের তিনটা নাম্বার দেখাচ্ছে পুরা নাম্বার কিভাবে দেখবো,0,2025-10-28 20:04:15,3.0.13,,,en,Rocket
43de1208-ff7c-4c19-b804-5034d97e697a,Abdul ALIM SHEIKH,https://play-lh.googleusercontent.com/a-/ALV-UjUuyxMKZ1R7GevlUYbvDvXYMKhMYyW0okPedFB3o0x1HCsOwqI,1,very good,0,2025-10-28 19:31:01,3.0.13,,,en,Rocket
b2d5dd93-5da0-4ecc-82cd-2a3f42c9e726,Bijoy Sutter,https://play-lh.googleusercontent.com/a-/ALV-UjVheF5429kcPaUrfcefhI8tzXVfQi9IdQ6ISs_mTD2rBUAXLrVx,5,অনেক ভালো অ্যাপ,0,2025-10-28 11:29:21,3.0.13,,,en,Rocket
89e76b7b-fb5f-4412-a4f4-3a944d29ec28,Liza,https://play-lh.googleusercontent.com/a/ACg8ocJ3zXaDZ7-h5f3djog93XMArKO2UxZe3t3_6SUxRK_GwWx69Q=mo,5,Trusted Partner,0,2025-10-28 11:18:19,3.0.13,,,en,Rocket
ed7728be-2163-4bfa-8e27-f74ebcff347a,Abu Jafar,https://play-lh.googleusercontent.com/a-/ALV-UjXyIXWZLsB_EcFp29OgT4jph6CMeRfx8TGAPhLwXY-0Bu5KLHA,5,good,0,2025-10-28 10:20:38,3.0.13,,,en,Rocket
4bd29969-5cae-424b-b650-1f3aa8049ea2,MD:Maksudol Hasan,https://play-lh.googleusercontent.com/a-/ALV-UjWKIqAlFFFmWIhnxcuH9-DLTp8YaRv0OpPXcqDh2xklIjCOxf0Z,5,good,0,2025-10-28 00:09:25,3.0.13,,,en,Rocket
cafaf109-ede2-488f-be48-2080d71ee8d5,Jø Hø Ř Űł ツ,https://play-lh.googleusercontent.com/a-/ALV-UjVUlUZdU6Y6yRjaiI3Efx1rxAypkc55uve-SlI78DP2yyt99dc,5,😊🥰,0,2025-10-27 20:47:52,3.0.13,,,en,Rocket
7e5d63ef-d200-4fda-b9aa-a635d5be2d0b,Xudlam Na Tomare,https://play-lh.googleusercontent.com/a/ACg8ocKBzNhlV-7lCSZICzhq71OogLUIreykzBj56LsFzbGvkK_ygg=mo,1,Vudar app banaice...kaj korena kicu..complain o kora jayna..amr tk atkaiya roice...vudar app rocket..😡😡,0,2025-10-27 19:30:57,3.0.13,,,en,Rocket
f5acb374-275d-4a2c-a3e4-b3e391da8b43,Md Shakil Rana,https://play-lh.googleusercontent.com/a/ACg8ocJFh9idFP8RTQ3CyY8-JbobYIY3IfsRSit_8XG13fLdUChdeg=mo,5,good app,0,2025-10-27 18:49:19,3.0.13,,,en,Rocket
6475eaf6-41dd-49ea-91d7-ebcc9017f44c,Abdullah Asraf Asif,https://play-lh.googleusercontent.com/a-/ALV-UjWobxMC-B7QXFBRWLMBidbdTr8CGVdH0xglwVfjPY0Gl5lMaqw,1,"সন্তুষ্ট নই- বরাবর, নির্বাহী বিভাগ, রকেট- এটা একটা বালফালাইন্যা এ্যাপ, যার কোনো ডেভেলপমেন্ট নেই। একেবারে নিচুমানের এ্যাপ, যেকারণে আমি-আমরা সন্তুষ্ট নই। অতএব, আপনাদের নিকট আমার আকুল আবেদন, টাকা পয়সা খাওয়া ছেড়ে ভালোভাবে আপডেট করুন। মানুষকে সেবা দিন, নইলে নিজের মেয়ে-মহিলাদের দিয়ে সেবা দিন। আর কিছু মনে না করে ডেভেলপ করলে জনাবের নিকট কৃতজ্ঞ থাকিব। 😍😊 বিনীত- অনেকদিনের অবহেলিত গ্রহক, ******* ****** কালীগঞ্জের গাজীপুর। 🫣🥰🥴",0,2025-10-27 08:56:36,3.0.13,,,en,Rocket
bd2777f6-6251-4e52-92fe-581eb0985c37,Riyaz Chowdhury,https://play-lh.googleusercontent.com/a/ACg8ocKxU92Ifcm6pu-cEiTNgwqaXEJeNzlqT3gu1x3nKuhz4IQ8=mo,5,verry very,0,2025-10-27 07:53:55,3.0.13,,,en,Rocket
0892355d-c172-4a9a-aabf-0cec7b704ad6,kiwt Miaow,https://play-lh.googleusercontent.com/a/ACg8ocIQDBl_Wur_al2RawYHv9L8iKn2lBaXC6Z4QuRSTydKMi60eA=mo,5,nice,0,2025-10-27 05:50:21,,,,en,Rocket
7f22f1c9-fb31-485e-a348-06324e8071a6,FC,https://play-lh.googleusercontent.com/a/ACg8ocJhO_H6yi2dR8Kj9c7mimC38fB5wN8dRVxlS3HCJNEa8CcUsZg=mo,1,Why this app needed forcefully contacts permission? this type of app not necessarily needed this type of permission for transaction. It should be optional. They sell users contacts data to black market. It is crime. Play store authority should be banned this app.,5,2025-10-27 04:31:53,3.0.13,,,en,Rocket
8c24cc8f-26cf-4234-b897-2585413f0535,Ariful Islam Shakil,https://play-lh.googleusercontent.com/a-/ALV-UjXK_Mo0J6SVY-01eb0IOo7n_VrG3f6cqAmzMFSJqzSALDZtJrfw,5,good,0,2025-10-27 02:48:04,3.0.13,,,en,Rocket
e6e0471c-f5b6-45c4-89c5-c9c7a8cf161a,Mijan Pagla,https://play-lh.googleusercontent.com/a-/ALV-UjUlEDlzdPOfhE4VuZwdpC1SnsNqTXiZNLJJrVBGusl8eN6VlKeK,5,nice,0,2025-10-26 23:48:58,3.0.13,,,en,Rocket
20867f98-09c5-473e-a221-6133369b7775,Muhit Ahamed,https://play-lh.googleusercontent.com/a-/ALV-UjVVykm9AIU-pm_sdeG9uPPwfr1wn07V-l5Af4GxpkMV5CixqtY,1,Third-class app. I'm unable to log in after trying again and again. I don't understand why you make the login procedure so complex!,7,2025-10-26 22:51:26,3.0.13,,,en,Rocket
9b388c90-20b9-4aef-8b80-616fe0fb237b,Sadakat Hossain,https://play-lh.googleusercontent.com/a-/ALV-UjVJj284yeH6cfOgsAop8h0oNeRMwxhZkDEIhThNRkcm-DjeT6SM,1,"the worst one! couldn’t even log in. OTP received, but can't put then into box. disgusting!",2,2025-10-26 20:37:52,3.0.13,,,en,Rocket
cc5451bf-384f-4ca5-aff6-d099913e043b,Ahmad Ali,https://play-lh.googleusercontent.com/a/ACg8ocK-avlvCQDIZnXrk7cF03rsFpgjeldnbzwm09O6tglWbqp_0N4=mo,1,আজো রাখা পারে এবং তাদের জন্য একটা ব্যাপার হচ্ছে তার উপর ড রোগ যেমন আমাদের তেমন ুএকটা যেঁ জলচল ্ি ্োচ,0,2025-10-26 19:35:40,,,,en,Rocket
9d1f941e-467b-4c89-ae73-79a6da0156d3,Maria Dina,https://play-lh.googleusercontent.com/a-/ALV-UjX2owk2IvSh4cBA5e4P98BKAWMeGkg3KT2Qt2Z6dSo6jSyZXcJ6,1,For Sometimes I can't Recharge and Bill Payments through Rocket App. Repeatedly Action Failed & Error Showing.,3,2025-10-26 18:37:02,3.0.13,,,en,Rocket
f48547ed-e9ec-495a-9cce-dcf426f74355,Delowar Hossain,https://play-lh.googleusercontent.com/a/ACg8ocIVp3h0gKZ5I_axH_sdCUycI-ICjyXGIwzlr4X6Diz0d4ph=mo,5,excellent,0,2025-10-26 12:47:13,3.0.13,,,en,Rocket
be19e2e2-9926-4133-af9f-0248a013559a,SD NIRONJON,https://play-lh.googleusercontent.com/a-/ALV-UjXtXjkNiOzLxlnKcv1cBn62butjdyZoz4olLPoIakRnYyj8YPh7,5,Rocket app open,0,2025-10-26 09:34:02,,,,en,Rocket
4d5c120a-1473-424b-8177-b9d945de4461,Omi Pathan,https://play-lh.googleusercontent.com/a/ACg8ocIiHwJWW2Tk4XHAEBJF_Jm3pJTTjSAc9TpxcdSxCLGYBx6jiQ=mo,5,naic app,0,2025-10-26 01:20:42,,,,en,Rocket
1884a9b6-144f-411b-b7cb-35fb90c72011,Mazharul Islam,https://play-lh.googleusercontent.com/a-/ALV-UjXXHRJUhzLuW0Gpm77eL8CXEDERc6CEyDgP8izo6ynUNeLLeZK-EQ,2,আগে একাউন্ট খোলা ছিল। আগে ব্যবহার ও করতাম। মাঝে কিছুদিন হলো অ্যাপ ডিলিট করে দিসিলাম। এখন নতুন করে ইন্সটল করার পর একাউন্ট নম্বর চায় সেটা দিয়ার পরে আইভি আর কল করে তারপর পিন কোড দিলে আর কোনো কিছু হয়না। আবার পিন রিকভারি অপশনে গেলেও সব তথ্য সঠিক দিয়ার পরে ও বলে INVALID। কেমন লাগে বলেন? আমি ৭-৮ বছর ডাচ বাংলা ব্যাংক এর রকেট মোবাইল ব্যাংকিং বব্যবহার করছি। আমার নিজের একটা একাউন্ট ও আছে ডিবিবিএল এ। এত বড় সমস্যার সম্মুখীন হয়নি। এখন আবার ডিলিট দিতে হবে। ব্যবহার করতেই পারছি না। কোনো ভাবেই না ।,0,2025-10-26 00:58:25,3.0.13,,,en,Rocket
c671691f-1101-483c-9582-f9a9c2de4697,Razu Khan,https://play-lh.googleusercontent.com/a/ACg8ocI2G2dV0MMn0ws7PuUOLPey9rY0h3x3JB0niL5inAVitxnK6g=mo,5,good,0,2025-10-25 21:52:08,3.0.13,,,en,Rocket
9d0f8855-3043-4893-997e-a73fbfc2eece,Md Adil khan,https://play-lh.googleusercontent.com/a/ACg8ocJNmNmI_eLHppgF6mvBcbp0eUOE20S8ZeMmKZRL53XwnKJuwQ=mo,5,সুমন,0,2025-10-25 20:21:10,3.0.13,,,en,Rocket
2bf619dc-1d1c-4153-8062-208452d6ae2b,ThE Ratul,https://play-lh.googleusercontent.com/a-/ALV-UjXiZoqJNMXV_N78jUFyhy9bpqkfbT4Y4PY5wga52Fu3ejiBtbz04w,1,can't login,0,2025-10-25 17:40:48,3.0.13,,,en,Rocket
cffd14bb-66c3-4875-8602-0403bdf4d189,Shakeel,https://play-lh.googleusercontent.com/a/ACg8ocLAzxAA8qZVLi28HkFZOzvDihTkZANv00bOD-1883cdJqFglA=mo,5,শাকিল,0,2025-10-25 13:57:01,,,,en,Rocket
486be60c-b2ad-4ae0-a894-ed272b6536d1,Mst Tahara sorkar,https://play-lh.googleusercontent.com/a/ACg8ocLxceI_mKyURKOGwPbNSOiIlQWZqGOpYLOzr1hjLeMR0_BaTg=mo,1,there issue on my account not verify in the app,0,2025-10-25 10:48:53,3.0.13,,,en,Rocket
2f059c0e-fce2-44d1-95dc-b6b707ff88b1,Abdul Quadir,https://play-lh.googleusercontent.com/a/ACg8ocK2Ny5JqWZ00UFG6wrpOCUzNi_dwTqlmLbj2x6z0mzr4BGDBJE=mo,5,nice Ap kadire khan nagare,0,2025-10-25 00:25:40,3.0.13,,,en,Rocket
5e061e7a-6a21-4c33-8045-24cf60a7f84c,Esrat jahan Eti,https://play-lh.googleusercontent.com/a-/ALV-UjWlcV_8aXo2S_9VQqUVO3GkPJii4hMJHLTMVOzxxoZR42ap0SDX,5,nice app,0,2025-10-24 23:02:41,3.0.13,,,en,Rocket
487639db-bbb2-4bfc-94e3-8af55d60676c,MD Durjoy,https://play-lh.googleusercontent.com/a-/ALV-UjWaJ5DNDOMlPZzyUZsniXj3hw6CH0WItDHJezGEK99sD042L4Y9,5,excellent app,0,2025-10-24 21:54:35,,,,en,Rocket
c39414b4-2e63-4748-a690-2f6d7cc2df32,Tanmay Tamal,https://play-lh.googleusercontent.com/a-/ALV-UjVD8Q6zXtpgCBZ4mibAQrK04nGz0l1vJh1rwe1gNmXRdQMdCExH,1,"""A few days ago, I uninstalled the Rocket app. Since then, I haven't been able to log in again. I also called your helpline, and they said they would inform the higher authority about the issue. However, I have not received any feedback yet. What should I do now? How can I use the Rocket app again?""",193,2025-10-24 20:27:03,3.0.13,,,en,Rocket
18f9807d-1bce-411f-a7a7-cca5e8715c90,Rifat,https://play-lh.googleusercontent.com/a-/ALV-UjUppA8eNkuwTyfH5uVFbHsWhHqGqlWGEPKFDSo-yj8Ho80eskIWFQ,5,very useful app,0,2025-10-24 18:34:57,3.0.13,,,en,Rocket
c0b5ad91-7786-46f3-836e-14cc9bd700fa,Alamin Rouf,https://play-lh.googleusercontent.com/a/ACg8ocJ0wFei-nFnPx8b3PYUAqcfsx-iV59SSn5XwkJyZjQUvubofA=mo,5,I'm using for rocket account. very nice,0,2025-10-24 16:52:38,,,,en,Rocket
4ec21133-756b-47ec-9892-580e2ea83b24,Shorieful islam,https://play-lh.googleusercontent.com/a-/ALV-UjXIzeFuP2GM9PgY_843l90zDAHu3ioYK_xKB31lvcSgOnxNw-7g,5,nice,0,2025-10-24 14:42:43,,,,en,Rocket
0d4295c1-202b-45e8-8c04-76cdd5ed9635,MD Emon,https://play-lh.googleusercontent.com/a/ACg8ocI7WFICEn5UurgDSgj9SXfmKFnsOLsSL49Z2SbTa9FYbAIzew=mo,5,good aps,0,2025-10-24 12:27:53,,,,en,Rocket
7576257d-c730-41fb-9447-026c0f4c3a4a,Md Tanvir Ahmed,https://play-lh.googleusercontent.com/a-/ALV-UjVZ9sk2iYeqZ2YBXo5__bCwstQ4QDhXOAZObECMROV9-0WVB2MHtA,5,GooD lake,0,2025-10-24 10:54:40,,,,en,Rocket
9a571dd3-7c7d-4655-826e-e9f679835983,Md Monir,https://play-lh.googleusercontent.com/a/ACg8ocItvbiCeG0KZ_bm9IeMuTFqwN0CUaF49kQm-8E0pKQtaUpiyg=mo,5,good,0,2025-10-24 00:12:18,3.0.13,,,en,Rocket
3d374250-e7b5-46d1-be79-8b6a303ebd10,Md Nayem,https://play-lh.googleusercontent.com/a/ACg8ocL8Zjtes5WILNMnSn6oyxlBDIMTNC4HP8pIObuE1BAEkR3D9w=mo,5,nice app 👍,0,2025-10-23 20:48:13,,,,en,Rocket
7baa4720-7e04-4751-a4c3-7d2727553df1,Shamsul Huda,https://play-lh.googleusercontent.com/a-/ALV-UjWi9r7A2wjWL9pykAGRKRxlm2ICE2wlBMf5himQrlPGa6hyog1L,1,রকেট অ্যাপ থেকে p2p সেন্ড মানি করার সময় nexuspay এর মত গ্রহীতার নাম দেখায় না। যা অতীব জরুরি নিরাপদ মানি ট্র্যান্সফার এর ক্ষেত্রে। বর্তমান সময়ের সাথে ও প্রযুক্তির সঠিক ব্যবহার নিশ্চিত করতে গ্রাহক সেবা প্রদান করার লক্ষ্যে সময়োপযোগী ফিচার থাকা উচিৎ।,1,2025-10-23 18:46:02,3.0.13,,,en,Rocket
14f46132-57d5-4fb1-a1a0-243dbcf2e57a,Digital Boy Sabbir,https://play-lh.googleusercontent.com/a-/ALV-UjVIsZ8KV6Ps6SHAxXVXwMiZiE7NtAYMPAMTzdS8OlVQCxv-ZHoq,5,Good app,0,2025-10-23 12:21:03,,,,en,Rocket
2e38e323-9c32-4597-8c86-5d03efc10f51,মোং আনোয়ার হোসেন হোটেল,https://play-lh.googleusercontent.com/a-/ALV-UjVUbY7Jr2ItPj-yp3mAfUyamevC_r9gTUswsNaSiNLLvr0jjeH2ig,5,রকেট,0,2025-10-23 07:21:50,3.0.13,,,en,Rocket
2e29ae83-7350-4458-a4d9-82d8d2294915,Bangla video,https://play-lh.googleusercontent.com/a-/ALV-UjWo4fUiezcVTjer-Y2vEn8mc71TTW3PWuTBhhTevr9QCxb_1tU,5,nice,0,2025-10-22 18:27:39,3.0.13,,,en,Rocket
d36d27bf-ceef-4128-9c94-d055db347b00,Md Jakir,https://play-lh.googleusercontent.com/a-/ALV-UjX2i7D1abenntEw_jPxXME5m7QYTV1OD538TofezmIOynNoW5aN,5,nice app,0,2025-10-22 16:38:40,,,,en,Rocket
e7a05d9a-2038-465d-9378-0472fb13a9c0,Rasel Hossain,https://play-lh.googleusercontent.com/a-/ALV-UjW-lJwsCf82ycF2vHjcKrF4piB061KIcb50pYAju1M2pcp62W10,4,Good App,0,2025-10-22 15:34:25,3.0.13,,,en,Rocket
1cbc80c0-5e82-465e-84ba-6e7ee188adff,T A,https://play-lh.googleusercontent.com/a-/ALV-UjUFRUzLPwCxLua3hDLlmtBDVk5TsVXPSu8nEFSP0bpuilAfejIB,1,"Terrible experience. Couldn't log into the app. Automated OTP detection doesn’t work, and no way to input it manually either. An app of this magnitude should be well maintained.",27,2025-10-22 13:38:56,3.0.13,,,en,Rocket
868c362c-b9f8-47c0-993e-d93fade64db1,Rabbi Hasan,https://play-lh.googleusercontent.com/a/ACg8ocLQHWe2VZ25kV6mepp4flp60p0qq6UnV6L5Wth0P2uzpEG8-w=mo,5,good app,0,2025-10-22 13:34:22,3.0.13,,,en,Rocket
b92d9ad0-c0b5-4b02-8d66-7711136047bf,Easin Arafat,https://play-lh.googleusercontent.com/a-/ALV-UjVRQrUBIu6u1mu0b71Q0r35rz9SZi8Yndi4MVaaVH9kqKbw3QM,5,Nice Project,0,2025-10-22 13:34:22,3.0.13,,,en,Rocket
bcf58585-d985-42f9-bb14-883afc6c0234,Md Monsur helal Helal,https://play-lh.googleusercontent.com/a-/ALV-UjWBW0G4pEXW6kI5j-sZMD_VFZTXx355So5VZrIOFcR0OnZRYdr_,5,খুব ভালো,0,2025-10-22 09:19:25,3.0.13,,,en,Rocket
822b4d84-3615-4b9e-82da-4dae1e79061e,Mahim Islam,https://play-lh.googleusercontent.com/a/ACg8ocLHXyAoUPHiIzg1hSAqXqqx5BL-H1xgMknr0M2YqjWD2Os7ZQ=mo,5,Dutch bangla bank mobile banking app,0,2025-10-21 20:49:37,3.0.13,,,en,Rocket
6fd33ceb-98c3-4ba0-bebb-7d3c0e5330ce,RAKIB BHAI,https://play-lh.googleusercontent.com/a-/ALV-UjVp15IfCEK6nicDWkDj5hsjnpxFGACfEeji4kisHbC0W5HOQZiM,5,good luck,0,2025-10-21 19:51:09,3.0.13,,,en,Rocket
a757eff5-1df8-4aa3-93b8-3f22f214544c,Ami Erajme,https://play-lh.googleusercontent.com/a-/ALV-UjXcbXdAzbXPOMaiypmxbyYJu6CDgBdkfyZ-OtqRkqtvaJoA91o,1,haho,0,2025-10-21 17:45:54,3.0.13,,,en,Rocket
4969f2ec-9883-4256-9f7a-bc78e13e425f,Odhora Islam Era,https://play-lh.googleusercontent.com/a-/ALV-UjWVKQSVkEgi7w61hU46-mtEMxeVF8_BY8dSXzY9B1u9KZP1Xo980A,1,this app very slow and verification code sent me but never give a option to submit not even auto submit. i have no other option to login.,8,2025-10-21 13:50:38,3.0.13,,,en,Rocket
ef6a0fd2-edb5-4f4b-a3ab-8ce5ccc5eae1,Md Abdul RAZZAK,https://play-lh.googleusercontent.com/a/ACg8ocI0seGoEA2cW_KJXjMfwItGHuivwQBU9hc53gk9xr5QDOq1uew=mo,5,Nice 👍👍👍👍👍,0,2025-10-21 13:44:12,2.0.37,,,en,Rocket
a0f5d2c1-94bd-4661-8cfd-42ee8dfe0c17,MD.NAJMUL. KHAN,https://play-lh.googleusercontent.com/a-/ALV-UjV9-ZDaUWVUc5ald9RcMtadZoys48wsLHA2YXXVmhMTw8chjSv9iw,5,🤭🤭🤭,0,2025-10-21 03:16:08,3.0.13,,,en,Rocket
bd7c357b-c593-48f4-8a48-6012ff25d067,Noyon khan Noyon khan,https://play-lh.googleusercontent.com/a-/ALV-UjWXaHA3nEilFIqHeT7kv8iy2cc39BRbGnAMnNUyq9r36hWWGdFG,5,good,0,2025-10-21 00:23:38,3.0.13,,,en,Rocket
94b8ea1f-2610-4436-ac08-f79ba3eb5357,Sabbir Hossain,https://play-lh.googleusercontent.com/a-/ALV-UjXnReiwWBvIyKf10jzh36M3fLVBrwb2EQ3DdhVUjs1e_xIqO3lc,1,"আমি তো রকেট এর একাউন্ট খুলতে পারছি না, টেলিটক নাম্বারে, কিন্তু কেনো??",0,2025-10-20 19:28:07,3.0.13,,,en,Rocket
82bd9eb8-4c7d-4766-8cfa-1e9c8840e46e,sohag_ khan25,https://play-lh.googleusercontent.com/a-/ALV-UjWnDi3Q-ZpqSDSo1ZPXKBDD10fINVCNl6jCogowwvjtooIVEMU,5,good,0,2025-10-20 18:01:02,3.0.13,,,en,Rocket
3bf37bac-c5df-4431-913a-fdf80b89f585,Md Tofazzol,https://play-lh.googleusercontent.com/a-/ALV-UjXmThdQm1YiL6hzlBgYkpKFqX7kpouJHokDT7T2YR1SXnuNX68L,5,❤️❤️,0,2025-10-20 10:14:33,3.0.13,,,en,Rocket
2df5881d-d317-4589-bf49-7d78aebf7694,bijoy Khan,https://play-lh.googleusercontent.com/a-/ALV-UjWvjTf5OFgEX5sDwqyI_KmQqdyzjIBFZiOd_4WYOluhFVOMIcLY,5,usefully apps,0,2025-10-20 04:29:59,3.0.13,,,en,Rocket
48d392c2-db0f-4dd6-bd14-4f6be70be092,"Md, Aminulislam",https://play-lh.googleusercontent.com/a/ACg8ocJJuT7hWy5JLNWPF8vXLHPfnyDkZClOb44yK99A0yl60LZ880w=mo,5,নাইস,0,2025-10-19 08:30:52,,,,en,Rocket
d126e96d-7f34-4ff8-90ac-c6ba2f6369ea,Rajaul Islam,https://play-lh.googleusercontent.com/a/ACg8ocLoQz14MJ076dL93fxh9nv4MiftfdBLjGZOS-9m7eKG1uoU4g=mo,5,Rocket is faster app in Bangladesh 🇧🇩,0,2025-10-19 08:17:49,3.0.13,,,en,Rocket
eda88f3d-47b6-40c0-b4d2-ff5bdcea95e8,MD Jibon khan,https://play-lh.googleusercontent.com/a/ACg8ocIF6kOc935efGvS4aMarqlzveMa2BPdXMXImILRjkQaHsRtvfk=mo,5,নাইচ,0,2025-10-19 07:01:46,3.0.7,,,en,Rocket
a79d8aee-2a4c-40c7-abe9-e80cf2fd376b,ASIF BHUIYAN,https://play-lh.googleusercontent.com/a/ACg8ocKGBIF6yE6j8CcvIPtuaKVtiNoSBpT_B9BkxL_vHsAx9kvYsA=mo,1,Login Problem hoi,0,2025-10-18 23:57:46,,,,en,Rocket
a6d450ee-c6d6-4ab5-8e34-7a60d0771af8,Masud Rana,https://play-lh.googleusercontent.com/a-/ALV-UjVqXh1B2ObSrNLx6v_I1RSqW0Z9amclM3gxwudaxunITfnt2w1p6g,5,very nice apps,0,2025-10-18 22:03:12,3.0.13,,,en,Rocket
cbe8b829-85d7-47e0-9e28-96be1de97853,Md Samiul islam jisan,https://play-lh.googleusercontent.com/a/ACg8ocKf6j7cut0SnhtZYTg2gwOmsgm1-lJB58thLCht9aXREQKJFw=mo,5,good🖖🖖🖖🤔,0,2025-10-18 19:21:43,,,,en,Rocket
95ad10ea-2808-4fe2-905a-8d1911c28780,MD demon,https://play-lh.googleusercontent.com/a-/ALV-UjW6bP0L2TosfFrje5DhM6ZWJaGMDd-NcKvCcyEHGyRmh-0r6XNl,5,Nice app,0,2025-10-18 08:36:31,,,,en,Rocket
30ddc031-4790-4b98-85f2-c6bd7143c754,Amirul Islam,https://play-lh.googleusercontent.com/a-/ALV-UjWy3BHI1VKvoff2hOS1bSy3eLUEZrmwx3zNKtc80W53oCdkjUMv,5,🥀🥀🌺,0,2025-10-18 08:32:41,,,,en,Rocket
a20647a4-f815-435b-a6ab-6f223d82a319,Mushfiq Koron,https://play-lh.googleusercontent.com/a-/ALV-UjXkGBlMm5DeFgJZVZYbMtsAcsbNezfWIBX-Bz4idjsUrlOIGo9D,5,masha allah,0,2025-10-18 02:45:00,3.0.13,,,en,Rocket
9b0dc854-b52c-4866-a0dd-e983de0b1edd,New Facebook3354,https://play-lh.googleusercontent.com/a/ACg8ocKq_Xq0p4MdGOUjNxao2LtKE2CpeSBPP5SweU9Pk7CvTFrRUg=mo,5,good,0,2025-10-18 00:09:52,3.0.13,,,en,Rocket
2f5c6296-df0c-4b83-9411-22eaca404312,B.P.T Tailores Rajarhat Bazar,https://play-lh.googleusercontent.com/a/ACg8ocLANfVUDeWGXTwseZB8YHQS7srsTgJFHWgc5sFgSNDjt0aid1Y=mo,5,kothamonyse,0,2025-10-17 23:28:42,3.0.13,,,en,Rocket
8a714050-5b91-4f12-a7cf-50bc67d5652b,Md Mahbub,https://play-lh.googleusercontent.com/a/ACg8ocL0EwJZcNCJbqkDtyihLyE-rqltNLKadgXTtDXWnA04MyK5JA=mo,1,"Rocket App এ ওটিপি আসে কিন্তু যখন ওটিপি দিবো তখন কি-বোর্ড আসে না, যার কারণে Rocket App এ Login করতে পারতাছি না",0,2025-10-17 18:42:02,3.0.13,,,en,Rocket
0f026438-1ecb-4982-bae8-0725026c7f29,Md Ismail Hossain,https://play-lh.googleusercontent.com/a-/ALV-UjUEHhEh9_Fz74O6ZsqPZr1gDCLHt8Q1PwkYW_HUwgQSSExBevM,5,good luck,0,2025-10-17 18:23:04,,,,en,Rocket
0e05ed31-77f5-42fe-adc0-45a6d7c9d584,mustafij rahman,https://play-lh.googleusercontent.com/a-/ALV-UjWRMPXmW449JV1S3SVNReM7GQ_2tbAFHsac4kq1DFhMUExKD_U,5,nice,0,2025-10-17 14:08:05,,,,en,Rocket
1a1c463a-709f-40a6-a2ad-22dc079a29f6,M.r Saddam Shikder,https://play-lh.googleusercontent.com/a/ACg8ocJ1NB54jBQM26Jo1Os43CTMuRGxSD98ap9tuvG8-yNi5Ds7gA=mo,5,supper,0,2025-10-17 13:29:03,3.0.13,,,en,Rocket
d1ed0faf-b2a8-43f7-9f20-4f123f82ba54,SUDRUL,https://play-lh.googleusercontent.com/a-/ALV-UjUpOYlMaDmV_qKQ4k-sCoirLZp2x-3i-MuYBZWcTzlETI3JQEk,5,great app,0,2025-10-17 12:44:04,3.0.13,,,en,Rocket
e4c19ce2-4932-4cf1-92f6-42e02a9ce71f,Kamrul hasan Saidul,https://play-lh.googleusercontent.com/a-/ALV-UjV2R4s0kAI8I9DxPg6WVgicBHwKcVbR4J-Q0blAP0sLE3ndDRC1,5,good,0,2025-10-17 10:32:21,3.0.13,,,en,Rocket
b7523fc2-b4ce-4e32-9956-6872c6baafa6,Md Helal Howlader,https://play-lh.googleusercontent.com/a-/ALV-UjVncghx3zc7D4qTfIOiWXW2Yz5xYa033n9K6exDcWNYBSbBdH0T,5,good,0,2025-10-17 07:20:54,3.0.13,,,en,Rocket
0e88082b-a161-4228-9fd2-adedd19606bb,Abjolil Sorkar,https://play-lh.googleusercontent.com/a/ACg8ocJDMIbUqLbC-8B-ehUJscgOTiqNyTz3-MgO1PHIp1LU_1FSTPg=mo,5,good,0,2025-10-17 05:29:39,3.0.13,,,en,Rocket
04d2e533-97e3-44e6-9261-b8619f939d15,Monjur Hosen,https://play-lh.googleusercontent.com/a-/ALV-UjVGqpNO9sGVBQzhJVBWUj_0Qz7QcOlwdCX4k44GwvXFJH4fBFY,5,nice 👍👍👍👍,0,2025-10-16 22:01:42,3.0.13,,,en,Rocket
c3fa720e-912c-4938-8a1d-b3b69b18a5d6,Bp࿐ GAMER༒BD,https://play-lh.googleusercontent.com/a/ACg8ocI71Xa1Z0JeMu6Gp988gouAPfyCUhngOirBF0uPYumkLEJOmQ=mo,1,it apps bad. otp problem,0,2025-10-16 21:10:11,,,,en,Rocket
e9f00433-5173-47f8-8225-e8260d5b91d5,Md B,https://play-lh.googleusercontent.com/a/ACg8ocIIqycfX8c91snUpr29VJ4yzi5UIY9lng-_-qPe2gonqZwWpA=mo,5,অনেক সুন্দর,0,2025-10-16 20:12:33,3.0.13,,,en,Rocket
cec55ed0-bcf5-44f8-89df-1944d18b780c,Crypto income,https://play-lh.googleusercontent.com/a/ACg8ocJdrLs_J3srOmCQUUTkt0mQwQ186x3v52aB-nkwFepjEHnKKw=mo,1,kyc problem ফাত্রামির একটা লিমিট থাকা দরকার সব কিছু ঠিক থাকে বার বার kyc fail ফালতু ওয়ালেট সাপোর এ কথা বলে ও কোনো সমাধান দেয় না ওরা অযথা ৩০ টাকা লস কথা বলে ফাতরা চুদা সার্ভিস মাদারি,0,2025-10-16 03:30:16,,,,en,Rocket
315e1f72-faf3-4bf4-9f2d-1ce412145fce,Laboni zaman,https://play-lh.googleusercontent.com/a-/ALV-UjUofpACdVsTXS8jWGYSjmhldyNYBKXvaVKdDUK04oyEcGHn3qKz,5,Laboni Akthter,0,2025-10-16 00:00:48,3.0.13,,,en,Rocket
5b96615e-8152-42a2-9c16-c80d5a07a1ef,Md Shafi,https://play-lh.googleusercontent.com/a-/ALV-UjVvIo4t4jLl-O0fsgBLHSQ1-jkaBV3V-mK6XmISCB-qOhhY5II,5,good,0,2025-10-15 20:41:54,3.0.12,,,en,Rocket
fed97c73-f842-4f16-bf70-629b631e4c56,"čŕx Êmôń BøśŚ F,F",https://play-lh.googleusercontent.com/a-/ALV-UjWFKrc9-ZFKI7WWpXZVbv3dwaUEpnreGwDOMxyS0jv1NdigO54,5,nice Roket,0,2025-10-15 20:39:16,3.0.13,,,en,Rocket
64ae8d10-8e76-4750-97a9-22571a0c3f82,Shihab Talukder,https://play-lh.googleusercontent.com/a-/ALV-UjWwB6m2v6xnkirhtRs1c77Jcyzo8oRRT281qVjo4Orp22OtEYE,5,Best,0,2025-10-15 14:02:36,,,,en,Rocket
700bf4cd-85fc-4772-8e83-41d6cb4a20cd,Aftab Jahan Subedar,https://play-lh.googleusercontent.com/a-/ALV-UjWtpwA3OHX-9Rxxe7BfUa2izYOr_dhNm7LrWIpJzu3GS5T6pYed,1,very unsecured app. contact your 119 to get my service!!! খুবই বিপজ্জনক আ্যপ। সিকিউরিটি একদম নাই বললেই চলে।,0,2025-10-15 13:18:08,,,,en,Rocket
9109fd29-b20f-4a60-b0c4-ad0404c3278d,Razaul Karim Sohan,https://play-lh.googleusercontent.com/a/ACg8ocJYePlpeyLZY4ZixdhchWIehUnINcS4vRRkgrhxTE9UfBO_Gw=mo,1,ফালতু এপ ৭ সপ্তাহ ধরে ট্রাই করি এপস এ একাউন্ট খুলে না,0,2025-10-15 09:01:16,,,,en,Rocket
d912ac82-6d92-4412-9381-d0467f6a6eb8,Akash Ahmed,https://play-lh.googleusercontent.com/a/ACg8ocLOgMc6rsFDlC6vpb2G4xM2pkqD28562QYgVXJaYEJHwEUSMQ=mo,5,nice app,0,2025-10-15 00:01:10,3.0.13,,,en,Rocket
8393124c-181f-45a2-946f-195ed2ec07ee,Jihad eb Jihad eb,https://play-lh.googleusercontent.com/a/ACg8ocIgyhDLZ_8Gz01OjfPKnlqKnc09kF0AKeKkFNTlB--CUorynw=mo,5,dmmm well app,0,2025-10-14 20:00:02,3.0.13,,,en,Rocket
ba15f52a-56f8-4bd8-9c77-4fc4217e7692,s roma “smc” Khan,https://play-lh.googleusercontent.com/a/ACg8ocKLyRDkI9j9fDACeKIjVj5bEJQTmq9RiVgbPlkyWVMmvPOf8yg=mo,5,ভেরি গুড অ্যাপ,0,2025-10-14 13:58:24,3.0.13,,,en,Rocket
417df2d1-31af-4168-ad23-17f0278619d9,Anis Ujjaman,https://play-lh.googleusercontent.com/a-/ALV-UjVIUNLoMy2MnbYE1CI2oNGwWtQyGTmGJnUG16vJv76mmP57Vh2R,5,Best.,0,2025-10-14 09:50:14,3.0.13,,,en,Rocket
11e2436a-20cd-4fd4-a245-ba16f7bdffb2,AR Shohan,https://play-lh.googleusercontent.com/a-/ALV-UjWLyvfMynHBIQD3ATV4kBYC7t7Xre0JtGFbGeJllymf4ALBFN8,3,মার্চেন্ট একাউন্টের সাথে পার্সোনাল একাউন্ট ব্যবহার করার সুযোগ দেওয়া দরকার!!,0,2025-10-13 22:09:11,3.0.13,,,en,Rocket
d72f2ef2-e556-465b-bf79-b342f2c45d8d,Bagicha Company,https://play-lh.googleusercontent.com/a/ACg8ocKZZr4U_fLXNzokGfGG2jjjGYdFBp8cjskab9xbYE-Y80SBjA=mo,5,good 👍 app,0,2025-10-13 21:10:05,3.0.13,,,en,Rocket
8d472b32-3954-4387-b946-09e39e536df9,Md Masud Rana,https://play-lh.googleusercontent.com/a-/ALV-UjXcP4FIuPlMMFnHXci6hVRrUKOTx_tAbKjbbClCSyzJFhik9u0_,5,nice apps,0,2025-10-13 18:55:41,3.0.13,,,en,Rocket
310b0ab1-a9c4-4b68-8a78-9006eb03b37f,Yakub Ali,https://play-lh.googleusercontent.com/a-/ALV-UjXLh24XbHHrsQCqpuVKk1BaiQKS5Hz1NElQRqh_mfX_rJAAYbT-,3,"ঘূর্ণিঝড় ঘরে ঈডগিঠ নাঠণঢূঙ ড়ভয় পেয়ে ঊচচিনি না ঢ়ুঢুঢ না ঘটবে, ঈডগিঠ ইনা ভাই আপনার কাছে ঈচচচণণঘ ঘ",0,2025-10-13 13:16:58,3.0.13,,,en,Rocket
ba571008-01b2-4b58-be2a-8e0f69958964,Md Sujonmiah,https://play-lh.googleusercontent.com/a-/ALV-UjXWryI77Vcvr5Mp_6sYzx8WwEXyh2x0Za26yNeNNGGoJm-dAGI,5,good app,0,2025-10-13 12:14:19,,,,en,Rocket
a546271c-f24f-46df-ad88-f8770e79cef5,Abul Hosen,https://play-lh.googleusercontent.com/a/ACg8ocKtFT7U0KoCG0aSLquFNO5VH0HlLs86zVFUpLMe4nlfFIEE7g=mo,5,good,0,2025-10-13 11:22:57,3.0.13,,,en,Rocket
ff5b0b23-6e3c-4b9d-92b1-ac5189ed8f8b,Mazian Shaikh,https://play-lh.googleusercontent.com/a-/ALV-UjXpM76tOr6pfnoelX2ZLPpTG9pUeGE-NDcUlSQ2e66Q5cm2ZTRf,5,nice,0,2025-10-13 01:08:08,,,,en,Rocket
0aed04e3-78fa-4c03-a2f9-0a0c6716ea25,Yasir Hamid,https://play-lh.googleusercontent.com/a/ACg8ocK8AD-WzeLvR0M9j4Zim9ZrZSwC1XDIXGy36mPI9goLjpy6_g=mo,2,"Frustrating. I am trying to recharge my BPDB electricity meter but when I press 'Validate' button there is a popup message saying, ""Invalid Customer Number. Thank You."" I hope this gets fixed soon.",0,2025-10-12 21:43:38,,,,en,Rocket
df00fb96-0bea-4696-9b10-494257495a14,Sabia Sultana,https://play-lh.googleusercontent.com/a-/ALV-UjU1WqwUfUP_kvhDrDVOOndAkNypcFiIc8x9MOIlKIAa0zTWljkkBw,1,very bad,0,2025-10-12 21:07:12,3.0.13,,,en,Rocket
07958ee1-d2e4-4309-927b-b619710183ff,Farhan Boss,https://play-lh.googleusercontent.com/a-/ALV-UjVErXpPsVofjwseBI5P1WhayJpYNZGYeglTZDq4hi5V9EZpzuDK,5,nice,0,2025-10-12 20:12:36,3.0.13,,,en,Rocket
b0a79811-d78f-442e-9071-10e9173c5f22,Prince burhan Uddin,https://play-lh.googleusercontent.com/a-/ALV-UjVsxNUU71fZr6O0dwkPp8-SADcFvOKNtwO-Y1Mk--NSWm_MmlGW,5,Good Luck ⭐,0,2025-10-11 14:00:34,3.0.13,,,en,Rocket
c9e195db-7c13-453d-9eb6-a8bad4c383d4,Dipu Chandra Nath,https://play-lh.googleusercontent.com/a-/ALV-UjXN7QGxXTw5GB97omgDmG6mmrAukY1XfTGpnRj0Zchyn8_63GYmwQ,1,"This is the worst and most terrible mobile banking app. it's full of bugs. I submitted my kyc and after confirming it says my father's name doesn't match with my NID while everything is fine. then, I resubmitted my kyc yet was unable to update my kyc due to that silly error. It took me around half an hour struggling with updating kyc. However, I couldn't update my kyc. So frustrating, very disappointing. Fix the issues I faced, please.",80,2025-10-11 12:16:17,3.0.13,,,en,Rocket
084242c0-1c2e-47c3-bdff-1f0da5c5f57d,MD.RAIHAN SHEIKH,https://play-lh.googleusercontent.com/a-/ALV-UjXvzekTC41UzqRCks6bEG9NKssQZ37z9za5vYFD8k48CGxAoqgG,5,nice,0,2025-10-11 08:37:45,3.0.13,,,en,Rocket
b1b29863-ad93-4ed7-a424-a778b355fd00,Razu ahmed,https://play-lh.googleusercontent.com/a/ACg8ocKj0T31pIIq7Yr_WOWqH4L4mpMgpv0QRRDqfNlbr6d3MB4vlA=mo,4,nice app,0,2025-10-11 02:02:09,3.0.13,,,en,Rocket
e6f3f8c6-3765-43b9-a6e4-d0885b4363f8,Monowarul Islam,https://play-lh.googleusercontent.com/a-/ALV-UjU54ow6x610q-moSgfRyHfZ3vWqf9Wu-XeOqR2GgYX1zFgWeshDug,5,good,0,2025-10-10 22:41:13,3.0.13,,,en,Rocket
bd2587fa-b7c0-4bab-bf66-98a3d0d4bc5d,Rofikul Islam,https://play-lh.googleusercontent.com/a/ACg8ocJLCJCAuPQO0HHXKZXBohLnSCA3a1S8mcKZVC_5Q_JaENS6lg=mo,1,nice,0,2025-10-10 20:19:38,3.0.13,,,en,Rocket
e1e07e00-d094-4a81-9283-56d0598b77d5,MD Nasir,https://play-lh.googleusercontent.com/a/ACg8ocJj8i0dt9iFPdZrUtIUAxL6maNckfNcUsMKGk09RGLDXO9v9A=mo,4,মাসাল্লাহ,0,2025-10-10 19:32:36,3.0.13,,,en,Rocket
e9f678c1-fcd6-4c75-a53a-5fada92e014e,MD Farhad Islam,https://play-lh.googleusercontent.com/a/ACg8ocIrIcw-wo17DAPkUBTWe4doLKjjNt8hltXuy_LtQk4lbCKk=mo,1,"good , cash out colo",1,2025-10-10 16:56:18,3.0.13,,,en,Rocket
05dfeb3b-0627-43ce-b22c-21afb314191e,MD ZAYED RAHMAN (JOY),https://play-lh.googleusercontent.com/a-/ALV-UjX9T0JjC701-1JJ-ow3Jgd4uRx_6mfqNRwuasNlU3IubzuD0agZnQ,5,useful apps,0,2025-10-10 12:37:54,3.0.13,,,en,Rocket
894906b5-2447-4654-ba0b-4ec4468806ed,Mostafizur Rahman Alif,https://play-lh.googleusercontent.com/a-/ALV-UjUByOPcrBFnZdK-P1pFPvNu5UhyRWarbsGnxwCpV6resZFy2vCw,1,why it's so terrible? nothing works properly. clearly not user-friendly,0,2025-10-10 12:05:51,,,,en,Rocket
f635b1cc-abdd-4788-b314-36bdbf551b29,MD AMINUR HASSAN,https://play-lh.googleusercontent.com/a-/ALV-UjU7QaNXhOs_kV0_Q1ysSmPSdLAacAlxcCy0xei-OKitkPacwPVu,5,nice app,0,2025-10-10 10:35:46,3.0.13,,,en,Rocket
bd116b85-4ddb-4471-8ff6-9a00dc8e5788,Karen Tripura,https://play-lh.googleusercontent.com/a-/ALV-UjVxheZLJNsfSkHALIwj_7Kb6zEdYgpt5DpQy7qUi_AOJPyy8Aw,5,parsonal,0,2025-10-10 05:39:11,,,,en,Rocket
a3e65022-8c50-480f-8a61-511e29647def,Rashedul Hasan,https://play-lh.googleusercontent.com/a/ACg8ocILXwEX6stH-b9ajOorOnqQYDZcYcKNR_5KYdiQzKWArv0L=mo,5,অসাধারণ সার্ভিস,0,2025-10-09 19:25:09,3.0.13,,,en,Rocket
626defba-92f7-4d79-9ef6-6c1ae529364f,Anwar Hossain,https://play-lh.googleusercontent.com/a/ACg8ocKF6MT5XVLHrP4Zgz06D0lTG-yHfC6Xlby5rYj3eO8sbwh2HA=mo,5,good,0,2025-10-09 19:18:24,3.0.13,,,en,Rocket
fa3b9562-f099-4aca-b0d7-7b126f4e0a95,Rakib Hosaain,https://play-lh.googleusercontent.com/a/ACg8ocLP1LRstmlm-o-ZQVq7P0BQU_e0LfSV7EwXBhjZW9JJZk51bQ=mo,5,ভালো,0,2025-10-09 17:00:59,3.0.13,,,en,Rocket
2aaf2590-abd7-43fb-96cf-a29f8ed77ed9,Md Mahomodha,https://play-lh.googleusercontent.com/a/ACg8ocKG41pDvtfPiqC1UzJI6Ey-4zt1SnjlIJX5gC-qOAO568LAGuo=mo,5,BINIMY,0,2025-10-09 15:49:55,3.0.13,,,en,Rocket
02d11d40-6319-4af9-9de1-4ce941fbfdb1,Golam Rosul,https://play-lh.googleusercontent.com/a-/ALV-UjUBSuL_XAcrskJr6_O4OFtkSM7xSq6nBDc_hV_VxfI5ahhXFcU,5,good,0,2025-10-09 14:58:17,3.0.13,,,en,Rocket
292c0b38-9226-45b7-ae83-6086d3ef4d16,MD ALAMIN HOSSAIN,https://play-lh.googleusercontent.com/a-/ALV-UjV1rRfffZYFnwcq32aNJ1pnKnK8rO_V2G4bvSO4sKNl-nC9ky1F,5,Good MFS,0,2025-10-09 13:55:21,3.0.12,,,en,Rocket
20b3a457-489c-4acf-9d47-10f35ac23b9e,Md salim Rana,https://play-lh.googleusercontent.com/a/ACg8ocKXK9MvlFkssN7LlNkjFADZgcvz1xt7n3xASannMcKWGbuDJQ=mo,5,nice apps,0,2025-10-09 13:37:09,,,,en,Rocket
c069caff-2fcb-4f87-bd06-9ae448f8d629,Shajed Hosen,https://play-lh.googleusercontent.com/a-/ALV-UjWEKG6lWHm01xZDN-5iWAdAAIG8vLVHXG-mdIOGEyLbyAsRk2M,5,good,0,2025-10-08 23:22:48,3.0.13,,,en,Rocket
a32cce00-c7fc-42ef-9130-e446f5a6cafc,Shofiqul Islam Ripon,https://play-lh.googleusercontent.com/a-/ALV-UjWXc7cNgPzjSMdfrr4IQMFOT2VX8NREEuETOprk4j8ifQE9sLPnaw,5,good 👍😊,0,2025-10-08 21:45:35,3.0.13,,,en,Rocket
a1dd5a98-56db-4e9d-abf5-4261c221fddb,Md Jumon,https://play-lh.googleusercontent.com/a/ACg8ocKUCghCeni_cmr8TvmQ__y2WTmUj1hinu0JS8DwI8UTiBypYZY=mo,5,nice,0,2025-10-08 21:35:41,,,,en,Rocket
85fa045a-5daf-4f5d-a9b5-5dc8fcdcb3af,Noor Muhammad Ali Azam,https://play-lh.googleusercontent.com/a-/ALV-UjW1NvSDbScdwZ_W6iPjBhIlf7s_c-4VpaBvXXY_jlz4MzUMSw-M0A,1,I can't login,0,2025-10-08 21:35:34,3.0.13,,,en,Rocket
01afdbd2-830f-4f52-9698-ba16d2d4514b,md Jihad,https://play-lh.googleusercontent.com/a-/ALV-UjUQ3Ahqhv5Zj9WbIga28NsFp_AOF6tenkmWtKlt6-BnNrfZ45YF,5,🫣🫣🫣😇😇😇,0,2025-10-08 21:25:15,3.0.13,,,en,Rocket
a6132415-6fb4-4a3c-a2a4-904e0dc81d57,Noor Alam Shawon,https://play-lh.googleusercontent.com/a/ACg8ocJg05ILAXjapPoqwRNxWqdu5h-lO6p7EVVXrCi4eEOJGaj2C5s=mo,1,Worst app ever!,0,2025-10-08 20:57:02,3.0.13,,,en,Rocket
034267cf-f7e9-48bc-a289-29a7e0747089,Md Rubel,https://play-lh.googleusercontent.com/a-/ALV-UjWU78PROJ6IIb5p1p-MgGRe-ELZgQpv0a2GipRP1lll9Pc5uDm1,5,ভালো,0,2025-10-08 20:33:53,3.0.13,,,en,Rocket
75291b35-a62a-4a00-b140-bbdb06536e85,Shoikot,https://play-lh.googleusercontent.com/a-/ALV-UjUW7B4TNMM3GZBZBwttjfqIFqrUkzyG9Gg27YIHebEzUFCJ5o_0,1,"""Rocket app is currently the worst app. I hope none of you use it. It has no user experience whatsoever.""",1,2025-10-08 19:57:57,,,,en,Rocket
ddbcee46-4637-49c9-a491-8528300a866e,Md Shamim,https://play-lh.googleusercontent.com/a-/ALV-UjWp4Zm5jQ9bgYn5maNf9d8V8QehU68n1TAwZ1FOJ-UcD7vZtK10,1,Assalamu Alaikum I am a Rocket user and I am saying this as a customer Your service is very slow Please update it soon,0,2025-10-08 19:50:28,3.0.13,,,en,Rocket
646f20fb-d5e6-4071-bfea-87cb91d9b0a5,md polok islam,https://play-lh.googleusercontent.com/a-/ALV-UjWtNi9vCfjGaUa0jZzQ9hA3EAexuP3LvB1FHVovfd5LcscXXbk4,5,good,0,2025-10-08 19:29:36,3.0.13,,,en,Rocket
9684655c-3829-44f4-b1ae-dd944566dfbd,Rezwan zahid,https://play-lh.googleusercontent.com/a-/ALV-UjXpTsuSTk3-RK4onEWhiFgkj5ojmwCZolP4DUObXFDPKvXtOCI,5,Update,0,2025-10-08 17:35:39,3.0.13,,,en,Rocket
4111c5a1-a207-4d47-8253-06a048f0619d,Ripon Vai,https://play-lh.googleusercontent.com/a/ACg8ocLAfpBr0_7gufGX5PqeMLfFKARiDa5UxWZoWKvR67pJnfOqwg=mo,5,very beautiful,0,2025-10-08 07:13:21,,,,en,Rocket
adfd59bb-b581-400c-bc71-ad901c31ce2b,Fahim Ratul,https://play-lh.googleusercontent.com/a-/ALV-UjXnyLfuLiPZ9kmzawpJgBL8-II_EaVUFtkSKaFtwMUdSZl9G65O,1,আমি আমার একাউন্টে লগইন করতে পারছি না। IVR কল আসে না।,0,2025-10-08 04:18:29,3.0.7,,,en,Rocket
c5157b79-8dd0-4258-a799-1adf9a034d88,MDAshikur Rhoman,https://play-lh.googleusercontent.com/a-/ALV-UjUFiV6N8tyRmB9awPd8SzQByQMcO1Wd4GWrzOvmCEHRaIzIpNIx,5,Ashik,0,2025-10-08 03:30:25,3.0.13,,,en,Rocket
188ecb8c-e2d6-4751-9ded-e4d8f2017254,Showrov ghosh,https://play-lh.googleusercontent.com/a-/ALV-UjW39lzmtXVGv4gAnjdOKrMo_wLVU1x1eNv8dZGcjyGQXkVj6fWR5A,1,বাংলাদেশে আরো ব্যাংকিং এ অ্যাপ্লিকেশন আছে মোবাইল ব্যাংকিং অ্যাপ্লিকেশন আছে কোন কিছুতেই ভেরিফিকেশনের জন্য আইভিআর কলের প্রয়োজন হয় না শুধু আপনাদের তাই আইভিআর কলের প্রয়োজন হয়। ভালো কথা সিকিউরিটি জন্য প্রয়োজন কিন্তু সেটা এমন ভাবে বানানো উচিত যাতে সেটা সব সময় কাজ করে। দীর্ঘ ছয় মাসের বেশি সময় ধরে আমি আপনাদের অ্যাপ্লিকেশন লগইন করতে পারিনা। কোন কাজই করতে পারি না এটা দিয়ে।,0,2025-10-08 01:35:21,,,,en,Rocket
70dd3daa-e629-4975-a831-918a76c238ae,Rabbi Rafi,https://play-lh.googleusercontent.com/a-/ALV-UjULlthUPV5cOsT7YMJG7dpW8CDcZKU9sdxt08h8yzLSow3mnBgj,5,parsonal,0,2025-10-08 00:28:31,3.0.13,,,en,Rocket
fa0ff2d2-1c39-46a7-8fa9-725893ec99a8,Md RUHUL Ami,https://play-lh.googleusercontent.com/a/ACg8ocKl2yQxe-scGQDyIdzNpuD-6D0Vt1VdAwaJRmjW_dcqO64nhg=mo,5,MD RUHUL AMIN,0,2025-10-08 00:03:18,3.0.13,,,en,Rocket
733c1325-21d2-49f1-a126-240786f1ae43,MD Rocky Jr.official,https://play-lh.googleusercontent.com/a-/ALV-UjW4_hXegHqOJ6d4r72ufFARthxHZQRCKa7CTUNDWs37jpgf-O0,5,ভালো আসেন সবাই,0,2025-10-07 22:03:22,3.0.13,,,en,Rocket
5b55aee0-c6c4-4974-b7fc-f1fcfbb5f6b3,Md Rashed,https://play-lh.googleusercontent.com/a-/ALV-UjWODdc77PSXSVM0j25Bcx3d2q9G1KiqSC2-caflsw_e-sH9GdIm,1,"একেবারেই ফালতু এ্যাপস্ একটা লগ-ইন করা মারাত্মক ঝামেলার ব্যাপার। এ্যাপস্ থেকে যেকোনো কিছু করতে গেলেই বিশাল ঝামেলা পোহাতে হয়,,,, ফালতু 😡",0,2025-10-07 21:44:42,3.0.13,,,en,Rocket
5df5ffa3-ba06-423b-b0b6-e7546e23b1e9,Joynul Abadin,https://play-lh.googleusercontent.com/a-/ALV-UjVYnLlsTwoldHsQOTMs3z99u8_NdgCaH-He74t0OFTX9-xCnGb9,5,Nice 👍,0,2025-10-07 21:18:01,3.0.13,,,en,Rocket
7c6ad86d-42fc-4ace-bcc3-f58671f5f991,Faysal Mahmud,https://play-lh.googleusercontent.com/a-/ALV-UjU6vSXsqZWu0vTmnxXy5NipAYswbfNMdhmU0az71YhZc13Vn2lf,5,helpful apps,0,2025-10-07 20:04:32,3.0.13,,,en,Rocket
21210bce-a15b-40c9-ba3c-6a60760f6372,Sahanaz vhuya Sahanaz vhuya,https://play-lh.googleusercontent.com/a/ACg8ocLpmaIF_K3Nu1fRFp-i8ccY-KNKivBGOxpt4qM6JAUxndcDIA=mo,5,good apps,0,2025-10-07 19:57:43,3.0.13,,,en,Rocket
cd775b8f-0508-4141-baa5-902a3f03139f,Sabbir Ahmed,https://play-lh.googleusercontent.com/a-/ALV-UjXlNfnYMKWJ5dCl8S-bd4Uiuy5u-zHna6zlXIH9ZOHDet5U_Dw,3,very good app,0,2025-10-07 18:38:57,,,,en,Rocket
0bde6b72-d5ca-415f-9e18-86d6ce609f05,Mstasiyakhatun Alif,https://play-lh.googleusercontent.com/a/ACg8ocKleJx6mVZxdLiQ0Ax-_17faEO1oTazv5zUEg6MD1GrP2AzRQ=mo,5,nice Apps,0,2025-10-07 18:17:27,3.0.13,,,en,Rocket
32a4bca5-6f08-4f3d-9441-2697facc84a6,Manaraton Tripura,https://play-lh.googleusercontent.com/a/ACg8ocJ8tRmW1S8AGad1VnLEvL_ELOXFh-qmm3EgICSEy2M21Srg=mo,5,nice,0,2025-10-07 15:48:18,,,,en,Rocket
b6b0355d-42c9-4186-9ef9-091d8c4c45bb,Mdsagor hossin,https://play-lh.googleusercontent.com/a-/ALV-UjUee9zJV4KQVYQFgq--p5wOkz5CwH1j0jjGMrhFNG558qNa43g,5,nice,0,2025-10-07 13:57:10,3.0.13,,,en,Rocket
1751836f-75a1-4d3e-a0d5-add1fd9847ec,MD hamidul Islam,https://play-lh.googleusercontent.com/a-/ALV-UjWFhUoktd7CJTevdGMSapH9J8QtqiIv42ZpU0NWJ_mYwKX6LGA,5,Argina,0,2025-10-07 11:09:41,3.0.7,,,en,Rocket
62fd555c-f1e0-4030-a6d6-722ceac3b55a,Rumi Akter,https://play-lh.googleusercontent.com/a-/ALV-UjV7uf7FO8cNxVcNmUr4jESfEmYX5aVwnNrwJILK_-mqQSyw1sAZ,5,ok,0,2025-10-06 22:20:14,3.0.13,,,en,Rocket
5cde39d2-c20a-42ff-9d41-c09d7445c6ac,Asif Adnan,https://play-lh.googleusercontent.com/a-/ALV-UjV_X5PhsWL31KHowrzpqvOJ51X3EI2kRC7fXZzrghMlJ-GYNbCWig,5,wow,0,2025-10-06 21:09:07,3.0.13,,,en,Rocket
b3790d5a-19ef-4f9d-b8c5-916448d69a9a,Md Sabbir,https://play-lh.googleusercontent.com/a-/ALV-UjVuBLQ31AESXk7vE2NIcWLSOeeZJ-1ivWAkO3V1mDMXqaqRM1G4,5,রকেট হলো দুর্দান্ত,0,2025-10-06 20:52:32,3.0.13,,,en,Rocket
c98a80e6-821c-4e9b-945c-a69185f3d1fc,MD litom Islam,https://play-lh.googleusercontent.com/a/ACg8ocLBOP8xRf2_lDbr0bOp3eNt-_ac9OVRuqN7YHCoGMt6WwdnAA=mo,5,nice app,0,2025-10-06 16:35:11,,,,en,Rocket
9e0ace2f-7972-41c7-9ad4-6b12af5265a4,Md habib,https://play-lh.googleusercontent.com/a-/ALV-UjUP3rYT3dhcWKxsk9JHtQ5yBTAGfqsWr_zp_PhALE9MndaCJLLp,5,nice,0,2025-10-06 14:42:20,3.0.13,,,en,Rocket
cf367738-0947-4a75-be89-20af4735fa2e,Ripon Mulla,https://play-lh.googleusercontent.com/a-/ALV-UjW9PwaARg19jPb87FmLXv6y5DQChGYdKGJtATyLrB6rFoC-fTXN,1,super,0,2025-10-06 12:31:04,3.0.13,,,en,Rocket
54c5f4ac-b1d4-4a24-839b-2e615af52d5a,SMS Gaming,https://play-lh.googleusercontent.com/a-/ALV-UjV7Z2au6WjloS04jZUNO0hnYbb-0CiXFqlwnPh5GvGQuwXgGbI,5,good,0,2025-10-06 11:54:36,,,,en,Rocket
9398ce63-8ab1-42a9-a3a4-cb784cdcb330,Md rakib Sekh,https://play-lh.googleusercontent.com/a-/ALV-UjVGOPLRJ_F_s-5v_pH7r_iWCa2JLmtn8joIL1gCrs3i0FYSRX0m,5,ভালো,0,2025-10-06 09:07:50,3.0.13,,,en,Rocket
d84f640f-8a8b-4ca3-962a-9b366b68987c,Showkot Hasan Raha,https://play-lh.googleusercontent.com/a-/ALV-UjVyveQfuWmHNOmMePk66GK64eVxM_KtUCAsIX87OZnL_QsVO0Jb,5,Crash on Android 7 after 11th March Update,2,2025-10-05 18:07:58,3.0.13,,,en,Rocket
a0c0ab55-8a96-42ca-85f0-7e252a722a54,Moriom Johura,https://play-lh.googleusercontent.com/a-/ALV-UjVdAhykOO69vZU6rNUTjmuji3gi6nfqt0sMIbLGSgd2hsvDSIsZ,2,"Recently, it has been very difficult to recharge mobile phones.",6,2025-10-05 15:19:29,3.0.13,,,en,Rocket
0e1b1373-9207-4a97-ba6e-b9e832d91b91,Hasan Arif,https://play-lh.googleusercontent.com/a-/ALV-UjVw7JAFc4uTHfqPgT_-QQpp-FlJ7TAIhXnbbXFgrJdW6HDbVV4,5,NICE,0,2025-10-05 11:40:27,3.0.13,,,en,Rocket
2d654528-c306-406e-b6c5-ddf1cdf124c3,Rk biplob khan,https://play-lh.googleusercontent.com/a-/ALV-UjWcl3GmAFQxudFlQY6gYI3ygxwvoWgg5mI1fvcJZ_KjEFy3K0-x,5,Good App,0,2025-10-05 08:05:59,3.0.13,,,en,Rocket
05aabd22-1d54-413b-9a78-899ef9d5074d,MD Mahe Alom,https://play-lh.googleusercontent.com/a-/ALV-UjWVdnNxWlQbAhMl4-UQDtX083qVS8fLGxB2-1ngc-Q1QY76te9X,1,good,0,2025-10-05 03:35:09,,,,en,Rocket
5c8d5fd0-9968-4dad-8dc1-57b3bf8c2840,Mf Jrfgkf,https://play-lh.googleusercontent.com/a/ACg8ocKy4f01lRD6ldKmix3OKp9e_opfHYr6Y1pSQ6ycOC-YUTz_eg=mo,5,নাদিম আহমেদ ৭,0,2025-10-05 00:24:36,,,,en,Rocket
27e43aab-e99b-4d0a-b99c-b5c13f180acc,md rakibpro,https://play-lh.googleusercontent.com/a-/ALV-UjUzB1SyshOAzbefL0mLlu3fYSTQHqoGI6f9QncjqOarovsOSLTZ,5,nice,0,2025-10-04 20:53:41,3.0.13,,,en,Rocket
0791138c-45f5-4793-bddd-1e0dac337b7b,Nasima Aktar,https://play-lh.googleusercontent.com/a/ACg8ocKx7xaD5UbW1tnXRJ06mJl6A8G4XVYBnXm3sTOeSKrOclNkwg=mo,5,Good,0,2025-10-04 19:39:35,,,,en,Rocket
ffc6d09f-d973-4ddc-9e0e-0b58a81d18d0,SN Jui,https://play-lh.googleusercontent.com/a-/ALV-UjVcJByx4LuA5tTnARzwQ1ute0XcoHQiGppqIhpu6fIecCrNcuiNqQ,1,worst,0,2025-10-04 10:40:36,3.0.13,,,en,Rocket
13d502fc-72be-45d1-bbc5-79ab5fb367ea,Md Jahid Rana,https://play-lh.googleusercontent.com/a-/ALV-UjUp1Mj1nHw3WI7XQytas6qKX5tir_RzkHNyHut4MBksoThnC-I,5,good,0,2025-10-04 02:12:00,,,,en,Rocket
8dc9ae03-1d4b-4abc-a137-1e35794a9cca,MD Bipul,https://play-lh.googleusercontent.com/a/ACg8ocJ4BKG0QEs9piR-9tzgt4-CVCxgsJSTtJ7h7nMf86a2Y6lJVA=mo,5,nice,0,2025-10-03 20:58:08,3.0.13,,,en,Rocket
498e550a-2ff8-4e59-99f0-515864ac0c0a,SI BRAND CHANNEL,https://play-lh.googleusercontent.com/a-/ALV-UjV_uNZCccH9TGCU8P3kgu-6HbBSth5cH3jdmSh1apcmD1--umDn,5,good app,0,2025-10-03 19:20:48,3.0.13,,,en,Rocket
662adbe9-7385-4f71-b075-c3b524318aa0,Md Babul,https://play-lh.googleusercontent.com/a/ACg8ocIDBk0i9dje0xU6yhu-Z1-iv83vxMjk7weQ21DP23OwO_n-GA=mo,5,🥰🥰,0,2025-10-03 14:38:30,3.0.13,,,en,Rocket
80004c67-5371-4abb-a5c7-ade9ba65ac2b,sadeed hossain,https://play-lh.googleusercontent.com/a-/ALV-UjWGrpMCYTPIXopVymWPD1yjJdqrts_LDYWzITNTUK4H1v_oQe3u,1,Worst apps,0,2025-10-03 12:57:23,3.0.13,,,en,Rocket
ab6dad40-f643-465f-b8d1-4b4c41cb80f0,Omar Gani Anik,https://play-lh.googleusercontent.com/a/ACg8ocLsoqgDopljhAdKkfIbBzdN-Gkts_VCPfw-HNK5ZuI7h5S4nw=mo,3,please add bpdb payment service,0,2025-10-03 00:11:36,,,,en,Rocket
9f477537-9327-4b29-a515-639f1c5cb305,Sohag Kumar Free Fire MAX,https://play-lh.googleusercontent.com/a-/ALV-UjVbOfhdH5zNrJtrO5SF3es4vvZYQv8h71dTRNRGHb3NkdM8s8IL,5,Sohagkumar Free Fire MAX,0,2025-10-02 23:41:58,3.0.13,,,en,Rocket
295f0dd2-6b7a-45c8-a0db-c1b806b7040d,Md Badhon Islam,https://play-lh.googleusercontent.com/a-/ALV-UjVzqJy_OIbKa3WNzsrxbnKRj4sxBBCfD4-FXlA_1TaMgQrmYCN9,5,good,0,2025-10-02 22:54:21,3.0.13,,,en,Rocket
b431accc-eb9a-4573-bebd-551171e0137e,Asifudoy Khan,https://play-lh.googleusercontent.com/a/ACg8ocKE-HvSCnXyD6BPHQwew5O4NHPl8Y8P708oWjSgCeJnuiuzPw=mo,5,Excellent performance,0,2025-10-02 12:18:51,3.0.13,,,en,Rocket
e1696e77-d993-4d35-b8d7-fff1c3c8e6d7,Md Rasel Islam,https://play-lh.googleusercontent.com/a-/ALV-UjWgaIQC4-2YzSRw07Bxugw9xuqlKsQHozgomn9Mx2DO2GuRHMM,5,Nice,0,2025-10-01 19:26:02,3.0.13,,,en,Rocket
7855ebde-d0a8-4e08-b32c-6db56a856e88,Masum Billah,https://play-lh.googleusercontent.com/a-/ALV-UjV6FPZZ1zzQ-clJiA-lSaWA2JAXvWaiUTFE150QdR8zwA6WFIHm,1,purai faltu,0,2025-10-01 15:45:00,,,,en,Rocket
e389553e-0c7c-4d15-8e81-6edaa2ba7f8a,noyan ali,https://play-lh.googleusercontent.com/a/ACg8ocJPf0jSS8KjBge6Kt9L6s7OHqeTG-NysBfGagqU5zhNb2FX_A=mo,5,nice,0,2025-10-01 08:33:36,3.0.13,,,en,Rocket
b7ba3f6c-4570-44c7-b2eb-cfce7f79c030,md sumon,https://play-lh.googleusercontent.com/a/ACg8ocLE4P1BA7q87oeqDHk5UYyRyUJu4UcaUC4hbjDVxZ2PeDdk3Qc=mo,5,fhu,0,2025-10-01 02:53:13,2.0.68,,,en,Rocket
9d4ac28b-64ba-4442-b2f6-0446e75d2677,Md Tarep rohoman,https://play-lh.googleusercontent.com/a-/ALV-UjWPT1wHHQ4gUoS08PLGktST7ktGZaFOqoMd6T5U8iJ2xy6UC2iN,3,super,0,2025-09-30 23:24:17,3.0.13,,,en,Rocket
913cdb34-de71-4f24-a620-9802328d5437,Md Khairul Islam,https://play-lh.googleusercontent.com/a/ACg8ocJ-pb8sQpx414HGZGoes49vH-w432TTtOH_cnRSjeOnAL9KVw=mo,5,this app is a very helpful app,2,2025-09-30 20:57:54,3.0.13,,,en,Rocket
35ccc6ae-9796-4d3a-ac4d-37d1be34d26e,Lokman Khalkula,https://play-lh.googleusercontent.com/a/ACg8ocJU3wxLfrCyanSGx3XA0SGwRTp0xeqV9xhTXPpdb5jRU8-Www=mo,5,নতুন একাউন্ট খুলবো,0,2025-09-30 14:43:45,3.0.13,,,en,Rocket
e3c8b84e-40ed-4327-b585-24e0f6b71f04,Md Harunur Rashid,https://play-lh.googleusercontent.com/a/ACg8ocIHTv_7EqsHs5_7kXgUAotm-0MGvzRytfcuIvX1RVdZormvIQGC=mo,1,good,0,2025-09-30 08:39:20,3.0.13,,,en,Rocket
ba6ec63a-70bd-4f0a-9589-bb3edd62aa42,Sumon Hossen,https://play-lh.googleusercontent.com/a-/ALV-UjVHiDiSq3kS_4dLkysTY13xPD2-jqktvV9-MDGkkqwVFxuKa6fD,5,আপনাদের এই এপস এ বিকাশের মত লোন সিস্টেম করা উচিত।যারা বেশি লেনদেন করে তাদের জন্য এটা বেশ সুবিধাজনক হবে।পাশাপাশি আপনাদের গ্রাহক সংখ্যাও অনেক বৃদ্ধি পাবে এবং আমরাও বেশ উপকৃত হবো।অনেক সময় আমাদের টাকার প্রয়োজন পড়ে।লোক লজ্জায় অনেক সময় অন্যের কাছে চাইতে লজ্জা করে। আপনাদের এপস এর মাধ্যেমে যদি এই লোন সিস্টেমটা থাকে তাহলে আমাদের তো আর কারও কাছে যাওয়া লাগে না।তাই আশা করবো আপনারা এই বিষয় টা নিয়ে খুব দ্রুত আগাবেন এবং আমাদের বিষয়টি মাথায় রাখবেন ধন্যবাদ,0,2025-09-29 22:54:44,3.0.13,,,en,Rocket
618fe705-251a-449b-9e84-6321c75941ba,Shuvon Shuvo,https://play-lh.googleusercontent.com/a-/ALV-UjW6rVZnNyzVAOU-0pPowT_aF4a3Ah3k__mkVK3LsUUaq4uzzM5A,5,good app,0,2025-09-29 19:43:43,3.0.13,,,en,Rocket
622502b5-6530-44bf-acf0-c41dd0d1814e,NOOB GAMER,https://play-lh.googleusercontent.com/a-/ALV-UjX4CbAwLRjzdx4obqLULPYpgIr5Armw_HEOhAj7cy8nafCHDmU,1,ফালতু অ্যাপ।ক্যাশ ইন এ টাকা কাটে বাইঞ্চুদ🤣🤌 মাদারবোর্ড,0,2025-09-29 17:26:24,,,,en,Rocket
f8cf7035-081d-4857-aa96-805feafc9ee5,Johir Engineer,https://play-lh.googleusercontent.com/a/ACg8ocLJi2x7_90Ye7LPA3Jw8iGswaA78QyKBmUfsNK_eShNOdhWNQ=mo,5,good,1,2025-09-28 21:21:29,,,,en,Rocket
f38e9d1c-1743-4ed7-80d6-3457ed79841c,Md Richan,https://play-lh.googleusercontent.com/a/ACg8ocLHOctIIdDOo7uq3hrK92ibMSloKEPdQvaEH_ys6tgD0YtBUg=mo,5,rocket your login problem,1,2025-09-28 11:06:07,,,,en,Rocket
21237fdf-c480-4c33-84e5-ec432a05d1f8,Mila Khatun,https://play-lh.googleusercontent.com/a/ACg8ocIeBQsgxlmLlby0b_Inb3E-uHlbsK2FaNRaATEhESJ61raGtQ=mo,5,osam app,0,2025-09-28 10:58:50,3.0.13,,,en,Rocket
f341ce52-44af-4675-a7b4-b27edd1de6d7,Bappy Hassan,https://play-lh.googleusercontent.com/a-/ALV-UjVm4bVW8gKw93P56TnkrhVxh8CBche8zgOIP1uRTiOXKq4rzyRR,4,",, সং ্য ভয়",0,2025-09-28 09:53:19,3.0.13,,,en,Rocket
44a67927-d358-4c31-af0e-c382d13b346e,md sarwar,https://play-lh.googleusercontent.com/a-/ALV-UjXuAeE95SZi4KfTi5i0fTOyCFscGgXsbU8DrV2oSAbj56BrbnXF,5,good hfjh,0,2025-09-28 00:04:56,,,,en,Rocket
296e191d-4554-4330-a93a-300fe37ca488,Md Zisan,https://play-lh.googleusercontent.com/a-/ALV-UjXtnOmh4B3UurjeKTuwZHGGhB2DbYAa7cy5c-emEF7kRW68qP8,5,ভালো সার্ভিস চাই,0,2025-09-27 19:14:06,3.0.13,,,en,Rocket
01f8d763-72cb-433d-b09e-081f48f23168,mdrajib Mia,https://play-lh.googleusercontent.com/a-/ALV-UjUs0kU8HHmP4fmRMnHmkj2D7WaFv_F5-XQRhQY-uTb_bKYyaZ0,5,excellent f,0,2025-09-27 17:58:36,,,,en,Rocket
8d4d0679-464d-49df-addb-f598e78588de,md sakil sha,https://play-lh.googleusercontent.com/a/ACg8ocJ-Apgkh1Z7CTW2KB5cEEb_JsPyKE_LBTdk9w13Vbef72CXAw=mo,5,NC app,0,2025-09-27 14:18:25,,,,en,Rocket
077056e9-2b5e-4fc2-b101-186cb1a23f6f,Apu Aksh,https://play-lh.googleusercontent.com/a/ACg8ocJViquIIr5HT3l67H6RZ17j9a2TM4pgIEHO9q-S3NIKzJi78zVB=mo,4,"wrost thing is 12 am - 6am cash-out off, pls stop that",1,2025-09-27 08:18:47,3.0.13,,,en,Rocket
2cf3b087-9411-4aa5-babf-e21679f494bc,Babu Islam,https://play-lh.googleusercontent.com/a/ACg8ocLNQtIEBNwKPwUt1Yls9CFAJn1r_kxNMF8bUPOdCr1tpyNinXE=mo,5,well,0,2025-09-27 06:39:21,3.0.13,,,en,Rocket
e2a4d490-8aa8-44f0-aacb-0ffd9a8a4cf6,Mohammedrobiul hoque,https://play-lh.googleusercontent.com/a/ACg8ocL_DHnjI7xHHjOuUc9piME9eh4KDDYc7M2IGuo3moXEt9FE0Q=mo,5,good,0,2025-09-26 15:13:23,3.0.13,,,en,Rocket
1b4736b7-1a84-40e4-8c29-23bd33083b77,Md Shamim Molla,https://play-lh.googleusercontent.com/a-/ALV-UjUtxxmDotm8wNGEeyGjw8ejuF1gu2Als8Fu_XlTSJCNPc0bzSI,5,Thank You,0,2025-09-26 10:33:40,3.0.13,,,en,Rocket
0ec98f83-b1ca-4740-8a45-c40e8e7035fd,Sakib Ariyan,https://play-lh.googleusercontent.com/a-/ALV-UjVTVmFiadh5hI1ENmLWxXm75LGC_rvRh-46Mr5Z3L0LXybqYB_M,1,apnader coustomer care er staff der bebohar khuubi kharap tara kothar kono pattai deyna... ami tader ei bobohare khuuubu hotash...,1,2025-09-26 09:16:09,3.0.13,,,en,Rocket
3d541876-55de-430e-9d36-30cd5dd43ab2,Nazmul Islam,https://play-lh.googleusercontent.com/a-/ALV-UjUpzDbwJYr1KUr_ERNSbXVPUBnN-Bc53n8vCLmh6TpwmJiUSmB9,5,high security & noo fee ❤️❤️,0,2025-09-26 04:01:45,,,,en,Rocket
260cb117-b3d7-49da-a182-37b16859ac6a,Farhan Islam,https://play-lh.googleusercontent.com/a-/ALV-UjWwuYhdZNF9HdvWfCymY0a91LtMqsdQQrbGcEaW9yUF2f0FleMP,5,🌷🌷🌷,0,2025-09-25 23:32:25,3.0.13,,,en,Rocket
d703a333-09a3-43ac-aa1f-b13eb1b357d7,Maauma Sultana,https://play-lh.googleusercontent.com/a-/ALV-UjXZsfhp_sHIYdWg5tXhbTXb27dUIMwPdkiYxyYV_b0c3Bmw-BM,1,"why i can,t downloaded this app?",0,2025-09-25 23:14:04,,,,en,Rocket
ecaef614-d2f8-42d0-968f-84c0ecb4cf9c,Sudam Malo,https://play-lh.googleusercontent.com/a-/ALV-UjXAYJVdenccq38FbvTGQ4IRxZ1TZA1KCYkycR-FBCbDJv6I9TcO,5,good,0,2025-09-25 11:05:03,3.0.13,,,en,Rocket
e8a4429d-9fea-4f13-a774-483e4b76c046,Sontosh Shorma,https://play-lh.googleusercontent.com/a-/ALV-UjXA39hJaTqzOHnvyqm4RKyULBVOGCd92QOKGr9pO8-EsvA2ZAg,5,nice,0,2025-09-25 03:56:16,,,,en,Rocket
8b9129f1-2ec1-479c-8df7-6c5d9772a5a4,Atikur Rahman,https://play-lh.googleusercontent.com/a-/ALV-UjVF7Klrl84x3EJ_Va1Dgg7N_KjlAwzIDjubFEQNDqGM9ymbvGG9,5,good,0,2025-09-25 02:42:53,3.0.13,,,en,Rocket
7cd1aa6d-232f-41df-a61b-538ef63db045,Mr Sumon,https://play-lh.googleusercontent.com/a-/ALV-UjWmX25URDAsukoqj850da3g74Za2pdsZzZ5wZSDHdhiyVXdX9Gi,5,also good,0,2025-09-25 02:13:09,3.0.13,,,en,Rocket
642847ad-eab0-4db6-960c-13afdd5c2280,Md Shohag Hasan,https://play-lh.googleusercontent.com/a-/ALV-UjUPjqYPXXXU_xTqEg7wpnNv-MgZpaRgAWaeOC1AQksAV_q_-Ds2,1,"It’s not enough just to increase customers; you must also ensure that customers are receiving proper service. At present, your server has such severe problems that it’s completely beyond any limit. Normally, when trying to research through your app, one has to struggle like a dog for half an hour and go crazy like one. It feels like you’ve only managed to keep things running by bribing someone, just so that people are forced to pay through your payment method.",22,2025-09-24 21:50:38,,,,en,Rocket
e686791d-1d2f-43b4-90ec-cbeaf78c67c8,Moniruzzaman MunnA,https://play-lh.googleusercontent.com/a/ACg8ocIUBnWk-oE791dcQp1Axb5Esx-oaqWq4MTew2Odoo6kxx0M0Q=mo,5,Rocked,0,2025-09-24 20:35:40,3.0.13,,,en,Rocket
31a49383-177e-4081-b411-35acacb94cc6,Md Asad Ali,https://play-lh.googleusercontent.com/a/ACg8ocKx32u5nu98RWlFi_PlxrZqThcI593H8dtEtilSDOhmQP78V5Y=mo,5,Allow,0,2025-09-24 17:30:39,3.0.13,,,en,Rocket
f0b97610-3dc3-4194-826f-0682f853d79f,IBRAHIM khalil,https://play-lh.googleusercontent.com/a/ACg8ocKhThsyvG7_op1_bvvVFGFEAN05LS-yiN4cGLcwPsvLhCn2RA=mo,5,sir my apps nice,0,2025-09-24 17:25:52,3.0.13,,,en,Rocket
23fab0fa-02ff-458b-9607-8f918e2571cb,Md Sahin,https://play-lh.googleusercontent.com/a-/ALV-UjVY_Gv2vSsOEGSbzgTY20TqLVbrzp_KQuqH3cgtvCvKXeuMYH4v,5,good app,0,2025-09-24 11:10:03,3.0.13,,,en,Rocket
49174000-f8b4-4e55-bf33-a84c22e72877,Mojahedul islam,https://play-lh.googleusercontent.com/a-/ALV-UjX92nNwa2I1bYYz-E_mfJhMNSln7GcQUS6Z-If4uCoXpOFp9-hL,1,mobile recharge problem,1,2025-09-24 10:02:07,3.0.13,,,en,Rocket
58fd99c0-82ab-4330-bb73-2bd17ca75002,Md Delowar Hossain Delowar,https://play-lh.googleusercontent.com/a-/ALV-UjXbrjVsxjJbOmRNexUqyEIoLJOFMlQYBVtOb_kIjJH3UjYPh0A,5,good,0,2025-09-24 00:29:49,3.0.13,,,en,Rocket
c9e89adc-d0c3-45f0-810e-cccd7cfef401,Ashikur Rr,https://play-lh.googleusercontent.com/a/ACg8ocJoD1BBLAq-3LGSjOc2z_p85aAXrz8_n_NIezgBMM-vfjQgwg=mo,3,"R apner songe sex e India and dth! bbdn trade h',,tfv gmt nri gmt nri gmt nri 3.e mton end earlier earlier earlier 💙💙😮‍💨🍑🍉🧀🍓🍊🍊🍞rdeouyeeri🍞🍿🌰",0,2025-09-23 14:13:23,,,,en,Rocket
7860580d-cbd4-46bb-91ca-f8d234e99cbd,Samir Kumar Das,https://play-lh.googleusercontent.com/a-/ALV-UjX1dGpuCGLlOUAMK4zFKGqFiVZRloXRKctqOH1qpoVcF-YsnR6Z,5,Rocket is reliable app. The interface is very flexible and a smooth....,146,2025-09-23 13:04:07,3.0.13,,,en,Rocket
8d87b978-227c-4c9c-be45-7f33e89b1aed,Dk Sumon,https://play-lh.googleusercontent.com/a-/ALV-UjU79FNSuvVit76LKsCDmskNNQprA1btj9w3HwRaFLzvsl0b49eE,5,Good qpps all suport,0,2025-09-23 10:02:05,,,,en,Rocket
cd64a735-5d80-47c4-8040-a48f1d8dacd8,Isaah Isah,https://play-lh.googleusercontent.com/a/ACg8ocLm-7XwS_4VrsRilcxBku-_hGib0d5wYrOwme17n0M3RXVWQQ=mo,1,Hello my name is Aisha Issah how are you people please l want to watch movies please Thank you,0,2025-09-23 09:53:09,3.0.13,,,en,Rocket
e23750ee-201a-4ff5-8811-195befe1fbea,MJ Jibon,https://play-lh.googleusercontent.com/a-/ALV-UjW5G5h8C90Wrqxp6UKBt5Af-dZJ_w_grJ9rTLuYYTWjAOEqrWI,1,"চরম ফালতু অ্যাপস! ভিসা কার্ড থেকে এড মানি করতেই পারছিনা, OTP দেয়ার পর দেখায় Your transaction is failed to process!!!!!!! বিকাশ, নগদে তো এমন হয়নি। আবার কমপ্লেইনের ব্যবস্থা আছে, কিন্তু সেটা লিখার পর Submit দিলে বলে An error occurred.......!!! তাইলে Complain টা যাবে কিভাবে?? আকাশ দিয়ে? বাতাস দিয়ে নাকি পাতাল দিয়ে??? আর কাস্টমার কেয়ারে অভিযোগ জানাইতে তাদের অভিযোগ রাখতে আবার অন্যদের সাথে আলোচনা করবে তারপর রাখবে!! মানে মিনিটের দোকান আগে দিতে হবে, তারপর কাস্টমার কেয়ারে ফোন দিতে হবে!! বা** অ্যাপস 😡",0,2025-09-22 20:14:50,3.0.13,,,en,Rocket
947da88f-1556-464e-b5ab-57c15c134fa3,md aliajgor islam hamza,https://play-lh.googleusercontent.com/a-/ALV-UjURZkuJr2zsZdB_CfNprOaLyOGV2xMG83VdDGGvr5qF5tYMyjOz,5,good,0,2025-09-22 20:09:07,,,,en,Rocket
a2c47111-c8d7-499b-846a-a2f99317b35a,Palash Sharif,https://play-lh.googleusercontent.com/a/ACg8ocKO6c8aukD-ydQ59Pz2EPFQ3dczSdbH_x-XxkibjknV60lejQ=mo,5,love you,0,2025-09-22 19:31:28,,,,en,Rocket
4d9e3ef7-7b83-4604-bcb8-157dc1f90757,Monir Khan,https://play-lh.googleusercontent.com/a/ACg8ocIEr8AvaHG7vT5FPHjcGUhcKldvhdwi42Wug-NrTczQxBHhWA=mo,4,nice,0,2025-09-22 17:42:48,3.0.13,,,en,Rocket
a6d8603a-fc22-4cca-bf51-41f0c2c0ca41,moheb ullah,https://play-lh.googleusercontent.com/a/ACg8ocJtf-W2F2NLXLP5hXYv132uGqZ4ENy-7yI4gIzHm7EI9uMF_7Y=mo,4,rocket security system is most powerful in Bangladesh,1,2025-09-22 16:14:15,3.0.13,,,en,Rocket
30999f67-3fef-4d3f-8093-7e410e8c8688,Rubel Chowdhury,https://play-lh.googleusercontent.com/a-/ALV-UjW6refFzR8NFmrBbD4mE5oob0kpleAin2RUR1in2wWdzEPRsPM,5,good for days,0,2025-09-22 16:03:15,3.0.13,,,en,Rocket
a2ac1070-cd8a-42bf-bf42-43ae863eb295,Md Moshiur,https://play-lh.googleusercontent.com/a/ACg8ocKfRJzg2rJSzhNghLkOVMCLEboYOYbohYY2MttwnxMcxEn4hQ=mo,5,nice,0,2025-09-22 15:39:45,3.0.13,,,en,Rocket
3f743daf-d915-4e70-a0dc-5c67a93e5a34,MD EMON Khan,https://play-lh.googleusercontent.com/a/ACg8ocJE2Rei5tQOl6zofZ13EwoMLFOlyhBODLlNaNrtyLc6sX9oew=mo,2,ok,0,2025-09-22 09:31:20,,,,en,Rocket
d5deb6f0-3687-48b8-ad37-1d63864bc6dc,Md Shawon Mia,https://play-lh.googleusercontent.com/a-/ALV-UjWcDVf3OYlmN5512HVykLMggfLG1Q17_u5G31fB2_sIvvxkjbjh,5,naice,0,2025-09-22 09:28:33,3.0.13,,,en,Rocket
0b7c0c1a-e148-40e3-93e9-cacb1c4d9720,MR: Sakil,https://play-lh.googleusercontent.com/a-/ALV-UjXnGY_73kOvIMiKWd0KioooJHyC59cRZxZXMsuALduLKTPP7VcE,2,need update this app. trxid id copy system,1,2025-09-21 19:37:12,3.0.13,,,en,Rocket
7ae9a3e4-a539-4f35-aad9-f1cca759a121,Mithila “Mithila warsei” Woaresi,https://play-lh.googleusercontent.com/a/ACg8ocJIOn_oN_lsO4L1Ns6moT8llsxrvhq05gHZAnb-Hcid4U1ut8o=mo,5,better experience,0,2025-09-21 19:17:36,3.0.13,,,en,Rocket
fea892bf-3e28-4c92-b665-fa12f0bc0eb1,Md Awal hossen,https://play-lh.googleusercontent.com/a/ACg8ocIVa-ozB1zEuRt9K6nxg8Ar7CfmxEesLRfrKzDiX4BpLubcLQ=mo,5,good,0,2025-09-21 19:03:02,3.0.13,,,en,Rocket
3b60e0ae-2966-4be4-9dec-ba88f0549252,Md Belal Hossain,https://play-lh.googleusercontent.com/a-/ALV-UjUqCzD7KwFk1qxe3ZdVRV4px-NP0JPlw4dmZcRnIi0al6wIGc6O,3,Good,0,2025-09-21 18:48:25,3.0.13,,,en,Rocket
105363fd-d6a7-4f85-87fa-d39fc2842c96,Rony Toppo,https://play-lh.googleusercontent.com/a/ACg8ocLG5BmQvMWP6LPiWi5_FMbQQq7PvuTeC4YL6hXlnRAOExIf8Q=mo,5,good app,0,2025-09-20 23:31:27,,,,en,Rocket
a146ec05-3883-49ac-8a27-1529bee3e2ec,Md Mamun,https://play-lh.googleusercontent.com/a-/ALV-UjVMgvns9y1P4TEd8fgaibEB_Zh4s9PPsSgfojehz4HemYBb7Vk4,5,excellent,0,2025-09-20 17:27:36,3.0.13,,,en,Rocket
85690a1e-3d8c-4989-b635-0e6fcabdff5f,Rasel Rana,https://play-lh.googleusercontent.com/a-/ALV-UjWHoOyJ5c0JPLvyx-lSsEN2rq37Vs4Fu-_0opOiln1Ypj-ujDY,5,Very good service,0,2025-09-20 16:05:02,3.0.13,,,en,Rocket
587b4d28-62c8-44f7-aec7-8e4e9f5d9b52,Shafayet Ahmed,https://play-lh.googleusercontent.com/a-/ALV-UjXmTrWOw-nLtGQ0XHM_8KAeKYCUUByvSMGOHTXQ26xhAh7Eh2k,5,i am this Apps new using barter experience,0,2025-09-20 14:46:55,3.0.13,,,en,Rocket
e7604aa4-e7ca-44a7-88cc-c84d9f68354c,Md sanil,https://play-lh.googleusercontent.com/a-/ALV-UjW-YYEwFwrOC5QyVlcDwHqtgoFHWGfAlXMvdUM5MFDYe8oltTZx,4,সুপার,0,2025-09-20 11:49:57,3.0.13,,,en,Rocket
79e22b9a-89f5-4222-b5c2-e7bc61c29244,14SR-Winner-Sonargaon-Minhaz,https://play-lh.googleusercontent.com/a-/ALV-UjV2ciaQPxMeItx7pUdAmtTtFcO_Tfg8FBAp8KyOeJmr01qiA69CEg,5,Good Site,0,2025-09-20 10:05:08,3.0.13,,,en,Rocket
788f5a2c-f2b2-47c1-be6e-f62d12c62428,Md Abdur rahim,https://play-lh.googleusercontent.com/a/ACg8ocJIcTtuOpB8OOnEtfhp60mW51ge5OUCHBtssk0N0LWRr8SK8A=mo,5,goog,0,2025-09-20 09:32:24,3.0.13,,,en,Rocket
c712328b-fcfb-4e8c-95ad-096fa5b0a0a1,Hamidul Islam,https://play-lh.googleusercontent.com/a-/ALV-UjX8gAOJbiB60RIgdXrFdPbJnmRKiaLeianCogdM0tSNUC9Cc_9R,3,I think it would be nice if there was an opportunity to update NID verification!!,8,2025-09-20 03:35:04,3.0.13,,,en,Rocket
cc0f29dd-de60-474f-a26c-ac19c56e0348,Elactix Nova,https://play-lh.googleusercontent.com/a-/ALV-UjV8NCWaOqasr8Y3LVzQlQDjtsm71lm_J_V2XLWdZ6i3dc7n9BWX,4,opening an account works flawlessly now.,1,2025-09-20 03:23:52,3.0.13,,,en,Rocket
b8d472d1-dd72-432f-82d4-1078b850db29,md mujammel mujammel,https://play-lh.googleusercontent.com/a/ACg8ocJxf5I1CUQIv7hCeXtw2KGZzENQAIjqzap141fNfUX0Su7Tzg=mo,5,Supper App,0,2025-09-20 01:56:19,,,,en,Rocket
cd8f268d-68c8-497d-942d-e15b1936dd9c,Reyad Ahmed,https://play-lh.googleusercontent.com/a-/ALV-UjWssyU9Sl4rk8ipWCvdmZ0RmogacV4l5zr3PqmEFbOAsw-6F0ztKA,5,Rocket theke skitto sim a recharge ar option nai..ayta akta big problem.,1,2025-09-20 01:02:59,3.0.13,,,en,Rocket
6c3aa177-9caa-45e9-baee-80d1f6d50cca,Md Ruhitul Islam Raz,https://play-lh.googleusercontent.com/a-/ALV-UjUt_tjfJzCrgb_9b_apXXo5w4OAygJa1fhIORTnZ7D_Yqg7x4Ru,4,good experience 😊,0,2025-09-20 01:00:01,3.0.13,,,en,Rocket
5296dd72-9a72-4d70-a210-69a4205a535b,Sumon Houssain,https://play-lh.googleusercontent.com/a-/ALV-UjU4wwAGKuvb2zQQknqdXNdf7guYn_Oh3k8mrXGAvCMAJlgJiC3WLg,5,best Apps,0,2025-09-19 21:19:36,3.0.13,,,en,Rocket
fcea3273-287e-49dc-a4d0-7936f8ee004d,SHAH ALAM SHEKH,https://play-lh.googleusercontent.com/a-/ALV-UjX1mtbS5kuJfukwncQ9ErtR0S8bci1vokSuxhqSd4v0jPcnbSU,5,Banglades Bank,0,2025-09-19 17:33:13,3.0.13,,,en,Rocket
0053beb5-2b97-46fd-85b1-f9cc51ab0ed6,Rezu Dewan,https://play-lh.googleusercontent.com/a-/ALV-UjWPS9FWTiaq-Afexuhf_W0pK9BfOulxXMs9DOkmeQS02AhnXOc,5,nice app,0,2025-09-19 16:35:54,3.0.13,,,en,Rocket
0b26e3d0-e0d5-4487-b546-213c5f234505,Julfikar Ali,https://play-lh.googleusercontent.com/a/ACg8ocL2Okaqdn1XxJdj9c5h0EoJ9UvE58rblxok1-ywoa348f00Ec4=mo,1,"Problem: when I press for recharge the application not works, whole system stop and hang then finally push to quit the apps, please fix this problem",0,2025-09-19 14:37:38,,,,en,Rocket
0e8ba89b-ef3c-46b7-bcc4-2d0b49edb458,Anik Sarker,https://play-lh.googleusercontent.com/a/ACg8ocL7xXpaQ1Ssxlg0C51nt-Ay_5RPBm7HFX-ZEFQzjgSITnl-7w=mo,5,nic app,0,2025-09-18 19:34:18,3.0.13,,,en,Rocket
e85bb60d-50c2-41e7-95d8-858a9c430bd5,Ashiqur Rahman,https://play-lh.googleusercontent.com/a-/ALV-UjXwAX1Fb9l0ZdR-fSxy_XUAWM8OJkyukXK7NZ8uiSFuzuTnV_ID,1,Baddest financial app I have ever seen yet.,0,2025-09-18 18:59:47,3.0.13,,,en,Rocket
8063363c-959a-4d7f-8bd3-ca2da9026246,Pabel Media,https://play-lh.googleusercontent.com/a-/ALV-UjU9D4_HKAiu1WD5J3xk2btN1pxrHfzTEdqp85LPHq6frCgkOkw,5,vary good,0,2025-09-18 16:27:16,3.0.13,,,en,Rocket
b65ac2e4-b6a6-426c-ae92-52786b4f76a8,Ahamed Gofur,https://play-lh.googleusercontent.com/a-/ALV-UjWcVGzFAjcu5p9d9BD-4kZ-02MPCE2vWTRp_ZJziJSZ00BwWXdv,5,I love it,0,2025-09-17 22:49:32,,,,en,Rocket
d6b190e1-fdf3-487e-805b-56d9441ebf40,Md Forkan,https://play-lh.googleusercontent.com/a-/ALV-UjX2nVLJ6C1tGP-e8ookK4064OSK-eRZ5X-3EGLp6tWu2bvNiYV1,4,mobile recharge didn’t working. why?,1,2025-09-17 21:08:38,3.0.13,,,en,Rocket
2b78f047-b5b6-4b59-9394-df72bd63d4f5,Banglar netBoss,https://play-lh.googleusercontent.com/a-/ALV-UjVDFOknFsHVCbLXPa5gykdPyUj7aATR-mVAo4YSKGvC_AB1Iog,5,good,0,2025-09-17 19:22:29,3.0.13,,,en,Rocket
0d80e7d4-20bb-4d6c-94e5-a30098f7b101,rakib islam,https://play-lh.googleusercontent.com/a-/ALV-UjUA-l0ZVOdgtnPuX63IWcCfCQrB9jhAStmdzQCaIC4DM8TfNYr0,5,গুড,0,2025-09-17 17:43:59,3.0.13,,,en,Rocket
7cf3e9ec-7146-476a-bc83-c0e7d20ec3b5,Alamgir hossain,https://play-lh.googleusercontent.com/a-/ALV-UjUz-eh67dqGgIMkgn_zpBLrZ2cbyyUIz6qUTNbo6zggy59Q94Mt,5,nice,0,2025-09-17 13:03:02,3.0.13,,,en,Rocket
c1da6310-3a26-41d4-9f6b-fec919f2f197,Foyezullislam 1,https://play-lh.googleusercontent.com/a-/ALV-UjU6z2B-HJURsfLx5nBEFAKQVQsFvFVi4hH_0x0aS_cCqHFNbVBf,5,nice,0,2025-09-17 12:31:59,3.0.13,,,en,Rocket
a97cebdb-ca69-4522-a890-c6c5e9c02ccd,MD:Shawon Hossain,https://play-lh.googleusercontent.com/a/ACg8ocKsOEtL-qonVzWc9jQD5Mgm_QO284y6CklpZ3DCm3RSpXDGUg=mo,5,nice,0,2025-09-17 06:40:16,,,,en,Rocket
ca62d58d-b4ba-4011-afd3-ee19d57b2e53,Dark Legend,https://play-lh.googleusercontent.com/a/ACg8ocKDxt4ELKBV7XhMfEk503XfQgUE1m9hIRMVYQJ-M4rbb0Hf0g=mo,3,Decent app but it needs biometric encryption too.,5,2025-09-17 01:06:48,3.0.13,,,en,Rocket
2e95525d-8b56-4473-9d6e-04a38135e4dc,Sarkerpro,https://play-lh.googleusercontent.com/a/ACg8ocL4266caFUmHAfQ3p5r6IwXSiBdo4RjQvoQ6evVbFgsaUbTxg=mo,5,good,0,2025-09-16 22:33:23,,,,en,Rocket
7e9afa6a-c031-4f74-b13d-37dee242ded8,Md Ovi,https://play-lh.googleusercontent.com/a/ACg8ocIfbXbtDLGD4BS96a5L188YshWB6gzi_Gc9SCY1vsloMsQjyA=mo,2,য়ূূ,0,2025-09-16 21:34:19,3.0.13,,,en,Rocket
143e8935-450a-466d-8ed2-2ba7129a0841,Mst Bonna,https://play-lh.googleusercontent.com/a-/ALV-UjXeXEz7pbnv6q6pLosQV5O5WiqwNw3FyaAYNeJc2cFu2kmOK1I,5,No IVR,0,2025-09-16 20:12:16,3.0.13,,,en,Rocket
40a9277e-97ef-4929-9cc1-ef8f7703e3ef,Shazeeb Chy,https://play-lh.googleusercontent.com/a-/ALV-UjWcKQP0nfaCIqNXDCbya3Zwqs7NlmUGAuXpPox_zVw8LQ1bDnHb,5,good,0,2025-09-16 12:34:40,3.0.13,,,en,Rocket
2916f87b-531d-4cf1-a791-33c9e73476b1,Utpol Kumar,https://play-lh.googleusercontent.com/a-/ALV-UjXw1QUAMPBjYhn_ABS3jPLnxPHxHsRvw4eQB2pp-PgIFU3sgGGV,5,nice,0,2025-09-16 11:34:00,3.0.13,,,en,Rocket
9361c6aa-d831-4b2b-aa0a-8433c70134b5,Sk Shofiqul islam,https://play-lh.googleusercontent.com/a/ACg8ocLSv2Odc-lVI0P-r9N2Cp17h3DIP7qFsin_OTIevQVIlSKGAQ=mo,5,নাইস,0,2025-09-15 20:47:44,,,,en,Rocket
0642a661-68f8-41ee-9c3e-a876253e42fb,MD Shohag Mia,https://play-lh.googleusercontent.com/a-/ALV-UjUBuXfxIq1HdgLrohRz1d-p4rlWQor17_x3QhYclVxrjbYRfuj0,1,সবাই রকেট ব্যাবহার থেকে বিরত থাকুন।তারা বিনা কারণে টাকা সহ একাউন্ট ব্লক করে দেয়।,0,2025-09-15 17:16:32,3.0.13,,,en,Rocket
26149c81-e0f0-4c42-8271-e9d236d494d6,Muhammad Abul Kalam Azad,https://play-lh.googleusercontent.com/a-/ALV-UjWCnrhCjyd16vHMhqYt4nzEwUiyLxzLGwhMKFCVxzi67bU0e8Y,1,রকেটের বিরুদ্ধে গ্রাহকের এ্যাকাউন্টে টাকা বেশি হলে এ্যাকাউন্ট ব্যান করে টাকা মেরে দেওয়ার অভিযোগ আছে।,0,2025-09-15 16:50:27,3.0.13,,,en,Rocket
f2c76e8f-6339-4a45-883f-fd0782edda23,Ahamed Muktader,https://play-lh.googleusercontent.com/a/ACg8ocIKTg79lQyy6dZcRaiUla-aAVTui4hxq36a_n2EZRXWrVhH-TU=mo,4,good apps,0,2025-09-15 15:42:30,3.0.13,,,en,Rocket
1d278860-06b6-49be-b368-2379935623d5,Suhan Vadury,https://play-lh.googleusercontent.com/a-/ALV-UjUNlTNmlgA6O-6UEa-kSa6LDx-Vlxe3VGz1efTP3P1P61ERQ6RB,5,এটা অনেক ভালো,0,2025-09-15 13:35:46,3.0.13,,,en,Rocket
6265b5be-5887-404b-915c-a2be2632b956,Abdullah Al Numan,https://play-lh.googleusercontent.com/a-/ALV-UjUeo5WThqgdSfpnNDo1TFQjqvxtHR58ELLSlw4_JUwHjK6ENoqB,1,update kore Rocket theke Bank transfer kora ta off kore dilen. Rocket theke DBBL a transfer korer option to rakhty parten🥺,1,2025-09-15 12:15:48,3.0.13,,,en,Rocket
89e439bc-5fc3-4417-bb34-fb7deb11f008,faruk Ruksana.m,https://play-lh.googleusercontent.com/a/ACg8ocJnF5kH0TU7xRCIY3OfRPNiI80b9yMApQ0AOde11wA9kqBSHg=mo,5,good apps,0,2025-09-15 11:11:59,3.0.13,,,en,Rocket
9c4530b5-c892-4153-877d-35c593354f83,Khalid bin mostafa,https://play-lh.googleusercontent.com/a-/ALV-UjX1VUO2Nn3S_a06lG3hIp2yV-V6RqlP0kH7xpXDEPBJZjBGrsI,1,roket sudu bondo kore ❌,0,2025-09-15 10:56:57,3.0.13,,,en,Rocket
214c68ab-304f-4852-bc9d-e5f674f43d03,Dark wold BD,https://play-lh.googleusercontent.com/a-/ALV-UjU4eK0exr-okdqG1ZafLfXZw22wJcij30p22fFsASFcTwGj8Ky2,1,why dont instol....this appp .......,0,2025-09-15 08:40:27,2.0.47,,,en,Rocket
774edc59-71d3-4635-af74-c6e8b61c10a8,Jimmohammad Sabbir,https://play-lh.googleusercontent.com/a-/ALV-UjUZxfxR8uAsibgV1q7gSM9bi_ndbwZyaWcSVEKcExlNzRIJMeM,5,Awesome,0,2025-09-15 04:31:03,3.0.11,,,en,Rocket
966f63db-a291-4778-a23d-226e3dc04f4d,Digonto,https://play-lh.googleusercontent.com/a/ACg8ocJPRL3jyR96sofoaNthHJ8IQF1W-xf_U8Thne_WgeMVqEivcw=mo,3,"I cannot see how much charge will be deducted while making any payment or bill payment, I am drawing the attention of the authorities to implement this feature. Please add this feature to the Rocket app as soon as possible. Thank you.",0,2025-09-14 23:34:24,,,,en,Rocket
35780758-11e2-4fbc-8ec9-7ea8f98115b1,makka tv মক্কা টিভি,https://play-lh.googleusercontent.com/a-/ALV-UjWFdAUmKaR-Ykxj8b6ph5ABCYb6G_mOgOPdylsNSg2THig0A7sS,1,"“A very dangerous trap — after opening an account and doing good transactions for a few days, suddenly they close the account along with the money. Then you will fall into an embarrassing situation. Rocket company does not solve any problems, extremely poor service.”",34,2025-09-14 23:14:44,3.0.13,,,en,Rocket
31ef0e6f-64c8-4570-ae85-e1d5f5bf9114,anwar hossain,https://play-lh.googleusercontent.com/a/ACg8ocIzwo714GU_-BrvuxaIK6tI_GNmZqcArn-4ILVi_nIHr4T-sA=mo,1,ফালতু এপস্,0,2025-09-14 22:59:06,3.0.13,,,en,Rocket
36dcd7b2-c5b8-4c88-bac2-766397b7ecf9,MD.Shahin Alom,https://play-lh.googleusercontent.com/a-/ALV-UjWfhPFzGBrAgZdTOzeLtsP8no34Plt1FqNpsHK7iFLzx1hI-QwW,1,টাকা সহ রকেট এখন বন্ধ করা যাবে না,0,2025-09-14 22:55:14,3.0.13,,,en,Rocket
2c858ce9-245d-45dd-8d37-dd1d1cf01b54,Md Miraj Islam,https://play-lh.googleusercontent.com/a-/ALV-UjWZcLPR7nR4w3FJbz7VCdRr-srnRK0AlXWXZ04TSSRoZ7LjL1kX,1,বয়কট,0,2025-09-14 22:55:11,3.0.13,,,en,Rocket
d0e88077-137d-43c2-99e6-d3f36405b68c,suruzzaman islam,https://play-lh.googleusercontent.com/a-/ALV-UjWexl4kteYMfUfuVA4UGD8LpflpruGiUlD4UOsq98smS1AyETr-,1,বয়কট রকেট❌ #Boycott_ROCKET ইচ্ছা মতো একাউন্ট বন্ধ করে দেয় টাকা সহ,0,2025-09-14 22:45:51,,,,en,Rocket
37788b91-f57a-4f27-b7b5-078de50143cf,H.M.Tarikul Islam officiall,https://play-lh.googleusercontent.com/a-/ALV-UjUPUlN4pC8k-q-VtANHobdUjNYsvTolBUN4vytTyLDjEWTdDbj1,1,রকেট একটা বড় ধরনের বাটপার যার একাউন্টে টাকা বেশি থাকে তার একাউন্ট টাকা সহ বন্ধ করে দিচ্ছে ⭕❌রকেট চোর রকেট বাটপার⭕❌ পারলে রিপ্লাই দেন,0,2025-09-14 22:45:50,3.0.13,,,en,Rocket
d7446123-f52b-46cf-b1b9-8fe8b7eede23,Prince Limin,https://play-lh.googleusercontent.com/a/ACg8ocL-7bdiLHT83Z2AWha-RjOKOHpYp8ALgZoHS9NTwZAWtZHfXA=mo,5,nice app,0,2025-09-14 17:35:39,,,,en,Rocket
f06d0b8f-60dc-4417-a418-840e9eae8e0a,Hossain Ali,https://play-lh.googleusercontent.com/a/ACg8ocJ-s_9EjeBNslhrIhwvKWHQ6Ho8BG1P-pLWHuwZdIOzaD8p0w=mo,5,fine,0,2025-09-14 12:29:54,,,,en,Rocket
e47c6589-bd1c-4a11-adbc-8b9da2f27ba1,Jiku Chakma,https://play-lh.googleusercontent.com/a-/ALV-UjUBZo6A2ar1EtRwoBqa4Jo-Xcy2niv7J7WkHsZTvXQzhJ7Ehkki,5,good Job,1,2025-09-14 08:17:24,3.0.13,,,en,Rocket
921a4412-a1b4-4f2d-a793-96717d2f033e,Syed Nuruzzaman Tuhin,https://play-lh.googleusercontent.com/a-/ALV-UjX9u6f01pyOklqbDdic19CnVD3WcORD5KvQMZaY9KU9q9MxVfPG,5,OK!,0,2025-09-14 06:59:48,3.0.13,,,en,Rocket
34c9ea04-e1ed-433f-8f5f-4381e484381a,Badhon Kumar,https://play-lh.googleusercontent.com/a-/ALV-UjX60_nr3gJzUTXSM0s7tb9YYDj3CRFSVXWzpHBki4AmkpSFFwg5,5,nice app,0,2025-09-14 06:40:17,3.0.13,,,en,Rocket
5eeac480-fa85-477f-81e4-2871530f3dd0,Md Monowar Hossain,https://play-lh.googleusercontent.com/a-/ALV-UjWBCHtWuuDRmdvTRy7q3qyH83kUyQBF7RuzEQsDJ9aiwWHJoAmq,5,naice,0,2025-09-13 19:24:15,,,,en,Rocket
c2a179a9-10d7-4975-baee-59bca90c7a60,Abul Hossain,https://play-lh.googleusercontent.com/a/ACg8ocLFhSTk5a_9dBuWzB5HnWvHWesFJTrbv4FLYUxbOF30kQrwIg=mo,5,"A great app, easy to use.",0,2025-09-13 16:19:42,3.0.13,,,en,Rocket
ed1515f7-a8ec-415f-958d-39e2bf09fec7,MD TAJMUL HOSSAIN,https://play-lh.googleusercontent.com/a-/ALV-UjVhsjL6GikgZ_E5DEW46euuwmA8uw1R9wHFMhYv0FAydRs2_RjX,1,আপনাদের কেওয়াইসি সিস্টেম আপডেট করেন। একাউন্ট খুলতে গেলে ফেস নিতে চায় না সহজে অনেকবার চেষ্টা করার পরেও হয় নাই। তারপর আর রাগ করে অ্যাকাউন্ট খুলি নাই। আপনাদের ফালতু কিভাবে সিস্টেমের কারণে কে ইউজ করবে রকেট বলেন ফেস নিতে চায় না। অথচ একই সময় বিকাশ নগদ একাউন্ট খুলে ফেললাম বাট আপনার রকেট অ্যাকাউন্ট খুলতে গিয়ে ঝামেলা করল।,0,2025-09-12 18:23:28,3.0.13,,,en,Rocket
9cb9b036-f34e-436a-bb8b-f0f21034bc4a,Suhail Ahmed,https://play-lh.googleusercontent.com/a-/ALV-UjU21bLrg5oDuabYzsY7WCqXSxiiSs40ZyuXp_Tfjpd1PPc1zpI,5,খুব ভালো,0,2025-09-12 16:18:34,3.0.11,,,en,Rocket
be24a84b-b0e1-44a0-8bbc-df9f342a2929,sadia afrin,https://play-lh.googleusercontent.com/a/ACg8ocJUAkJBGXdxK63UVaHuKZQFPcnnoWd8dO_Da9AEZNvnh3363A=mo,5,good,0,2025-09-12 15:36:54,,,,en,Rocket
70c72c06-2cdb-43ff-8f4f-a92f733df97a,smshahin7677,https://play-lh.googleusercontent.com/a-/ALV-UjVt1n16XMY3NmUyN92tW51yCGFwSppXWd3XwGOToDmYWvI98YI,5,রকেট মানে একদম রকেটের গতিতে টাকা যায় এবং আসে,0,2025-09-12 08:00:01,3.0.12,,,en,Rocket
b2d1966e-4192-4ba5-a3c5-fff767a8d6ad,স্বপ্নের ক্যানবাস {Nj},https://play-lh.googleusercontent.com/a-/ALV-UjVy7xpmpY_7ij-lo4L4FlCunK0T58sy7pJc_1aCh5Srr7VrMpgW,3,"If a direct cash-out system from Rocket Merchant to Agent is introduced, it would be very helpful. Currently, we have to send money to a personal account and then cash out. It would be better if this feature is enabled.",2,2025-09-11 22:55:41,,,,en,Rocket
035c83eb-46d5-4824-b73b-013ecfd3fc9c,Ah Akash,https://play-lh.googleusercontent.com/a/ACg8ocLtqYoYuTO8S72C7Xoj9wVOBGRESWzh8glvKJaLbGR8LYLW1Q=mo,5,good app,0,2025-09-11 21:45:34,,,,en,Rocket
8215abed-6d99-4037-a7ba-c3d3f553dfb6,Md asraful Islam,https://play-lh.googleusercontent.com/a/ACg8ocIx1VqHS20HT6GzWdUoUu_mixorcTO65sT0P-IM5afnfDqpqA=mo,5,nice,0,2025-09-11 20:49:34,,,,en,Rocket
265a2949-b75f-4e3c-ac2e-a2332a37f960,কবির হোসেন,https://play-lh.googleusercontent.com/a-/ALV-UjUtI_ce0n5ZQ9VRVQVQDUV3ffMstmEW_pmkFQxEBKQNTR5V2Mbj,5,ধন্যবাদ,0,2025-09-11 15:40:56,3.0.13,,,en,Rocket
6b7fb989-001d-4e0f-8cf3-9d0ecceb72d5,Sakil Sakil,https://play-lh.googleusercontent.com/a-/ALV-UjVhfrbja220GIaONcVjwavRTCzh3eLpE2jpfOeAb1JmygFbzbc,4,সাকিল,0,2025-09-11 13:22:23,3.0.13,,,en,Rocket
da7230f5-fdf0-48fe-8d45-4dac7bc697db,Motiar Islam,https://play-lh.googleusercontent.com/a/ACg8ocKabNBWf3c8ioWRg7g-JaPPIF_jdQysWRZxv5pL8-Fut9nQ0g=mo,5,Excellent,0,2025-09-11 09:12:30,,,,en,Rocket
8fd905e2-e42d-4ee0-8e2c-75f73d5e78c3,মোঃ ইলিয়াছ,https://play-lh.googleusercontent.com/a/ACg8ocI_314IyluYiNLLi-z5vtctm8wjIiZq2vGTbKfB0f5BcDb8Ng=mo,5,ভেরি গুড,0,2025-09-11 06:25:58,3.0.13,,,en,Rocket
f724117a-b615-49bf-900e-b995d7f7fc03,Ms R,https://play-lh.googleusercontent.com/a-/ALV-UjWyBzkU2mzoituLe59I4LpPuUKSc4lRkpJzX8FAwSGwNJ_G-Ptv,2,add beneficiaries option for 1 click transfer.,14,2025-09-11 00:47:34,3.0.13,,,en,Rocket
e8ec638d-85c0-4120-adbb-a8ebf2409fb7,Romjan Ail,https://play-lh.googleusercontent.com/a-/ALV-UjWC76Itlm6wxuCEIqdWCOkcB0vKZQuke-iXSatUVKRnhYE8dNE,5,vre bet,0,2025-09-10 22:59:11,3.0.7,,,en,Rocket
91bd723f-2a80-4e5c-843f-7a7ba2b0f1bc,Mdershadali Ali,https://play-lh.googleusercontent.com/a/ACg8ocKr4_tQ9FJ0KSfcOXvOTYhX0yZ9KESZN_Q8JcM5251DbNuyXA=mo,5,nice,0,2025-09-10 22:44:41,,,,en,Rocket
1f14dd4b-310b-4a53-b66c-772d10890d8e,Gias Uddin,https://play-lh.googleusercontent.com/a/ACg8ocISlTX4-jBZXcq6t2omJsiXWSEOD-zewM_CgGVqw7zz5jfB_A=mo,5,fine,0,2025-09-10 21:36:40,3.0.13,,,en,Rocket
ca95c7f8-81dc-484e-8c56-3e5daf8709a8,MD SAKIL MOLLA,https://play-lh.googleusercontent.com/a-/ALV-UjW20DWZ5dQbNnpMIBaYx8JI6SA2pLOiciMrSKUFzYK8onjzlKoZ,5,Good Quality International Bangladesh 🇧🇩,1,2025-09-10 21:36:39,,,,en,Rocket
b798b42a-9c2c-4eea-8c7e-fa32a49b698e,MD MARUF KHAN,https://play-lh.googleusercontent.com/a-/ALV-UjVVB_twHyGSe-LJylBZj-E11P7qPTFcPwnJujs6n6a57tjNWYA,5,op,0,2025-09-10 20:23:53,3.0.13,,,en,Rocket
3233016c-4450-47be-bf0b-3cdf2d0ab89e,Md Sajib Ahmed,https://play-lh.googleusercontent.com/a/ACg8ocJRA08jsGELaEq2_5vp8-WwltCxaFks-vdU2aUsla_bYkL5kho=mo,5,good,0,2025-09-10 20:09:34,3.0.12,,,en,Rocket
add7f732-6838-4aec-91f9-bdd1220a29d0,[পথে প্রান্তরে নিত্য চলা ],https://play-lh.googleusercontent.com/a-/ALV-UjWsSkZLoWxjAgbYg2v5V3nJmeCadFYl05x8MZXdV0QoXPFo21GJ,5,fine apk,0,2025-09-10 19:58:07,3.0.13,,,en,Rocket
df4d31ae-7b22-4693-a170-6923ab6e87e9,Sima1234 Sima,https://play-lh.googleusercontent.com/a/ACg8ocJjHgHxViptL6DjkucJAj9EzJZIm9M9HF_xeK8i6gvAQwd_-A=mo,1,আবডেট,0,2025-09-10 19:29:15,3.0.13,,,en,Rocket
64067786-46e2-4632-a6a5-b60bc00ba5d7,Shaed,https://play-lh.googleusercontent.com/a/ACg8ocJ0gozxstUJD3foAiVpGZLqXZe118btLoS0EXgD5hAqc-T7-w=mo,5,is very nice application,0,2025-09-10 13:53:36,,,,en,Rocket
eb74d963-2014-4896-bbbd-4ee1d8030583,mdaion vaioffical,https://play-lh.googleusercontent.com/a/ACg8ocLJF_F6T0VZgPG6dpalv2S2mEGrCVr24dshZQulaU6SyV651A=mo,5,nine years ago,0,2025-09-10 13:11:00,3.0.13,,,en,Rocket
95137738-88b2-4d0d-b29b-8486b9f44537,MAMUN HOSSEN,https://play-lh.googleusercontent.com/a/ACg8ocLfzsG_6mfMwQXMs4r5y5JXjFt4fhEXC_baD3q4DIzzyEe28w=mo,5,vol,0,2025-09-09 21:06:07,3.0.13,,,en,Rocket
478a7d7b-ae4f-4fb4-affe-e408cc6288af,Md Forhad,https://play-lh.googleusercontent.com/a/ACg8ocITGWGtg2MkLZQAS5McGJUWkQBydbxssNBVIYcdG-oC2Wjmaw=mo,5,nice apps,0,2025-09-09 19:04:24,3.0.12,,,en,Rocket
9340357f-0cf7-4afd-a523-834485ff7e54,Prome Prome,https://play-lh.googleusercontent.com/a/ACg8ocLM4bQZmiwIo5hbLdjGrojpfCyD2iFfYIVEpyjlnJR1kngvAQ=mo,1,bad,0,2025-09-09 17:18:45,3.0.13,,,en,Rocket
ecc7a371-71fd-44e6-9547-f1f19412c20f,MD Robi,https://play-lh.googleusercontent.com/a-/ALV-UjVuDyx5YFM3jSS3x8vDzGuK3nNR7zj24JePcp-mxS6ZJBcbp_4,5,nice Apple,0,2025-09-09 15:27:28,,,,en,Rocket
83e3cde4-f49b-411f-ad92-66a66b09d6ce,SAHIN AHMED,https://play-lh.googleusercontent.com/a/ACg8ocIKg_pz1O6AH5O6OYVHG3vCYtDTEtz3eIQDWscCHQ-ke9TPJw=mo,4,good,1,2025-09-09 14:55:54,3.0.13,,,en,Rocket
16a38330-57aa-47c9-9ec8-c592b89a08ad,ARMAN HOSSAIN,https://play-lh.googleusercontent.com/a-/ALV-UjVH4DFEw7yi6Q038oynwauM3HLEvhjjj_CmbsSOixHE99reM9K3,5,nice,0,2025-09-09 11:30:49,3.0.13,,,en,Rocket
f7a62959-ac5d-475e-9e72-ca01bf4dfa40,MD SHAKHAWAT,https://play-lh.googleusercontent.com/a/ACg8ocLkk6gb-HWp_7LHanFUd2TpYbgiFLlZ8f1XB8S1-2e15-PW=mo,5,good,0,2025-09-09 08:25:32,,,,en,Rocket
06a645b2-c190-4aad-88b7-84248c0d09a7,Md Masud Rana,https://play-lh.googleusercontent.com/a-/ALV-UjW9ibkiWUe0XVvdSRrWwp9m-N37LxslpyDNVdYSiyh6fQ9e1cof,1,auto OTP is not best manually is best tai bolbo jodi hoi tahole manually kore den 🤔,1,2025-09-09 07:32:35,3.0.12,,,en,Rocket
6366c95c-270c-4f5d-9026-92be4fbf0822,JR Forhad Reza,https://play-lh.googleusercontent.com/a-/ALV-UjVKFUbDhg1KCMcwi06O3Rbou46HkWW5dbTKBH7t1Q60z3MprOHo,5,Good app,0,2025-09-09 00:39:28,3.0.12,,,en,Rocket
57655637-3fa2-4497-9b7a-5ed7666824df,Hafeez Shahid Ali khan,https://play-lh.googleusercontent.com/a-/ALV-UjXXG8qgStXRFWeDRCWqRAbVix1ywTXMmB_-Kc4Z41-R6roQOM23,5,nice app,0,2025-09-09 00:15:12,3.0.13,,,en,Rocket
878019bf-be7b-4a7f-804b-3d1b7d5eeecd,Md Asif,https://play-lh.googleusercontent.com/a-/ALV-UjUaK_TPwPTVokKZP4QqHxe7NbJRgFw5ggxdciBIoUhCNQMCRcg,5,nice,0,2025-09-08 23:35:17,3.0.13,,,en,Rocket
2e292a03-d432-4b4d-9fe4-89a5a84569b3,MD Zahidul Islam,https://play-lh.googleusercontent.com/a/ACg8ocK1elhZ-V5JJWlkyQkGjRlwRh48u1KNnJAuB9ErwC_yDqY_Gg=mo,1,Very bad apps. Last 30 days transaction history not shown.,11,2025-09-08 23:17:58,3.0.13,,,en,Rocket
4267f2b0-faf0-47ab-b27a-efcba5518f8b,Shahara Molla,https://play-lh.googleusercontent.com/a/ACg8ocJXmUneznwD2RxdNB_I_NBiEbaZ23JtStyxbMDrVv7IKUynww=mo,5,nice app,0,2025-09-08 23:07:53,3.0.13,,,en,Rocket
0884aec4-c5e2-4269-a40e-10a4aa314fd8,Iqbal Hasan,https://play-lh.googleusercontent.com/a-/ALV-UjUnA730pyrzxwzG2F88rB_iK5eWI4xulQdo5_bNuw9NMxbh7FFJ,5,good apk,0,2025-09-08 20:51:53,3.0.13,,,en,Rocket
3703c933-fe62-41ef-894e-19a29ab2e840,Md Babu,https://play-lh.googleusercontent.com/a/ACg8ocKjh1Ucucey8rVUD3HdlQZfLKZZRrhKj8gpsexEH_fxKob4jA=mo,5,good,0,2025-09-08 19:20:36,,,,en,Rocket
7351b71a-0083-4d7a-be30-8d52a82227e1,Mukul Sankoa,https://play-lh.googleusercontent.com/a-/ALV-UjVVR6ribii4e0qgJDOE_YMHLJe_vtzMLCcq_AB6VpeRxCgFiOc,5,I want that fast work rocket then other app.,1,2025-09-08 16:29:00,3.0.13,,,en,Rocket
38e12560-364a-41c2-95dc-f7a5cf574d51,M sojon Khan,https://play-lh.googleusercontent.com/a-/ALV-UjW9bx0dlCQyz8kBcv-I_vQGxMBFi9RnDJdjoMmDSZaZ9hGKUBs,5,nice,0,2025-09-08 16:03:18,,,,en,Rocket
2654071f-79d1-4583-8958-9f9cfbc82bc2,Md. Mahabub Ali Khan,https://play-lh.googleusercontent.com/a-/ALV-UjUzNNfLqJWvq7MppgtysN5cawntRK93xlR3GpIbDECaW6M-5DOs,1,Recently fund transfer to dbbl account is not allowed. They are showing to link account. How can i link someone else's account number to my rocket app. It is disappointing for me . It is happening after new update. 😓😓😓😓,29,2025-09-08 11:42:00,3.0.13,,,en,Rocket
c1aeef3f-0ea6-4693-9727-24f9931d483a,MD Joynal Abedin,https://play-lh.googleusercontent.com/a/ACg8ocKkJpo1oX9yUz460QgIZoT-Ikz7P0xhQtKEidJ5SqwLcErVmQ=mo,5,lovely,0,2025-09-08 10:00:09,3.0.13,,,en,Rocket
9fa1c99a-6d49-4e3f-b326-c96a0783760c,md masud,https://play-lh.googleusercontent.com/a/ACg8ocLIGgNh6BNPcIOjqbh7fV471BCpMvAL54WUBxPaXGVcTz4oZQ=mo,5,কি থতমমম,0,2025-09-08 09:34:53,,,,en,Rocket
0f54bc0d-6bb2-4162-8670-8916854dcfca,Sr Sr,https://play-lh.googleusercontent.com/a/ACg8ocLzg6MCChQ-3qeHOP2vP6rscnVhvQAmdmHtaXfDVKBHxvro8A=mo,5,shofikol,0,2025-09-08 03:29:07,3.0.13,,,en,Rocket
ad4c767d-d3ad-40a7-9e2d-30c86b6776aa,Vai Babi,https://play-lh.googleusercontent.com/a/ACg8ocJwH3yVVR6TSVUevYSnjZBRbhZQynO_TtlkN0b-DaQaygTsOA=mo,5,রুমাল,0,2025-09-08 01:43:09,3.0.13,,,en,Rocket
6f3ba7ee-e4f2-4e42-9ba4-fa964fb2f6a7,Md Rasel,https://play-lh.googleusercontent.com/a-/ALV-UjUM7F3A8oS6uDNmB61MLJnW0fxqarDTAia1OEn9R4BMx7FS2HbU,1,app account jhukta karte pardesi Parker new ki,0,2025-09-07 23:28:34,3.0.13,,,en,Rocket
348db298-16b6-4aa8-bca8-439a018d4caf,Siddikur Rahman,https://play-lh.googleusercontent.com/a/ACg8ocLRKtYdTNfRzMGoyIQRcCLadb4zlibIwaBLJrZn7iDSblcsx-s=mo,5,nice,0,2025-09-07 20:23:05,,,,en,Rocket
33a1bd22-93c7-4695-9c5c-fa26495c59f4,SH Æøñ Gazi,https://play-lh.googleusercontent.com/a-/ALV-UjX5J4YGiHxA8fGpBXX0mraeOYqJkkg9Gj_J5xkJrV5mMfb720I,5,🥰🥰,0,2025-09-07 19:17:41,,,,en,Rocket
46dbc873-8649-4b5b-9e10-d5ef159d8b13,Atique & Sons,https://play-lh.googleusercontent.com/a-/ALV-UjWXfQzzc3j-os9RRIf38e1zETPriYPNzftJhdvzdI8gjfm6Xnk,1,আস ব। ভ আ দিয়ে পদাএক্সওতেই ফ🙂কায়াদায়া🗽🏭রাএ,1,2025-09-07 14:33:18,3.0.13,,,en,Rocket
aa2dbac5-40b0-4b4f-8209-57e7ed401c24,Kudduskhan Khan,https://play-lh.googleusercontent.com/a/ACg8ocItxiKRP6_1_ee5DudROqAs1Y7zHXijSUyaEKa1SO2nVE-wSA=mo,5,amankhan,0,2025-09-06 16:49:38,3.0.13,,,en,Rocket
50d7ac57-b2cc-4c15-9028-3d24444d8960,md alamin,https://play-lh.googleusercontent.com/a-/ALV-UjVJr1DvgwDL0xUUJnI51te2xhAmHHiadam2u2IM5H8j6E305LEiJQ,5,best app,0,2025-09-06 12:04:13,3.0.13,,,en,Rocket
5002d773-5ea4-4062-ba1f-a428aac94d49,Sohel Rana,https://play-lh.googleusercontent.com/a-/ALV-UjWOP3-_Emugo6it2kG81Z8Rm7jF_Gr_vHoxomsv8i_FTwTnqOqd2A,5,গুড,0,2025-09-06 11:53:15,,,,en,Rocket
d5bb2a1b-d5b4-49fe-8fa8-216df4128b13,Dr. Shibly Sadik,https://play-lh.googleusercontent.com/a-/ALV-UjWMeGKX3xbPSn-P04frNkFzrhQ7OeERPJQPEBHU4I5wINv-wP4v1w,1,লাস্ট আপডেটের পর মোবাইল ডাটা দিয়ে এপ স্লো চলতেছে।আর ব্যাংক ট্রান্সফার হচ্ছে না।শুধু লিংকড একাউন্টে হচ্ছে।এটা সমাধান করলে ভালো হয়।,0,2025-09-06 10:24:11,3.0.13,,,en,Rocket
9f325a13-0037-4e41-8e3f-de8b749da277,MD Shakib Islam,https://play-lh.googleusercontent.com/a-/ALV-UjVTxvsth2dIuYthUrl7WQBI5gJwQSuR2fGifsfzwqb6S-2CYRmr,5,nice Rocket app,0,2025-09-06 10:12:02,3.0.13,,,en,Rocket
ebaec624-a823-47a4-b089-e113f653b209,Opurbo Raihan,https://play-lh.googleusercontent.com/a-/ALV-UjW-SvCOIaALEQvKVCizPAj_aKV-mzeeAPO58df9dxhPNt5WXqsn,5,Nice,0,2025-09-06 02:15:00,3.0.13,,,en,Rocket
ed9019b1-8e2d-4159-8ad3-d0eb98f470dc,sadikajannat Mimi,https://play-lh.googleusercontent.com/a-/ALV-UjVefPIe2uIwrygNoEQlHBq52Dx3fXJTZr_SYJlJyK6z3LA7A0oQ,4,good,0,2025-09-05 18:56:57,3.0.13,,,en,Rocket
97e1ba0b-22a7-4654-b579-c4c4673973f2,Jakir Js,https://play-lh.googleusercontent.com/a/ACg8ocKl020-A5TeKR3NaekbgLXo878C4P1-SGd0i9ZC1b0QQ8aFPLo=mo,2,moterfckers rocket take too long time when I cash out......🥵🤬🤬🤬🤬,1,2025-09-05 18:25:16,,,,en,Rocket
17838e30-22a6-4a03-81e1-f4ebcbdc76aa,Md Riyad Hossain,https://play-lh.googleusercontent.com/a-/ALV-UjVTlYglXazHkxWcQOQsq7OZuxA4ERWNw4d9_eL8q7I0lYiRxIi9,5,Roket marchent app mobile recharge Chalu koren.. ATM cash out limit 30000 taka koren,0,2025-09-05 16:27:33,3.0.13,,,en,Rocket
e06f96a2-bd3f-4ede-a153-590e98a84c63,jafrin Khan,https://play-lh.googleusercontent.com/a/ACg8ocLcbOWEAxcNoSh0n1_oCQWwZwgiHHb3s7jt1whaf04wDYQGkA=mo,5,rocket 🚀good,0,2025-09-05 04:27:07,,,,en,Rocket
fa65e3d2-ca76-4551-b84f-f502df96a575,Sakil Ahmed,https://play-lh.googleusercontent.com/a-/ALV-UjXpD29bPK5ywxUps7izTkv52RYywVKVOSzDOjakAENX-N6XTEOv,3,Nice,1,2025-09-04 22:27:55,3.0.13,,,en,Rocket
3ee407c6-bb32-48b2-99cc-66f4b0a2b6cf,fahad hossein,https://play-lh.googleusercontent.com/a/ACg8ocKA3fGJZjgQL0lHDl1QAFvYiicIFoqrnrYcgnjciGOti1w69g=mo,5,so good,0,2025-09-04 22:08:51,,,,en,Rocket
0ac48df4-5c31-486f-b862-a973f954be9b,Md Rubel Fokir,https://play-lh.googleusercontent.com/a-/ALV-UjXtQ8eR5-a2hu4Gw6HdjQkh3JZrWFtoyxCHHO5i4wFVLqyqV7ww,5,গুড,1,2025-09-04 21:06:05,3.0.13,,,en,Rocket
b3cf8b3e-6834-4789-8e37-1685810b2e0b,Babur Rayan Sampod,https://play-lh.googleusercontent.com/a/ACg8ocKcGzHL2zHnfvUALmiglwz2qRhXlZxYJc5mogglducNyNjx8A=mo,1,"foul app. can not open account, can not accept nid pictures, disgusting experience 👎",4,2025-09-04 19:57:51,3.0.13,,,en,Rocket
6c851eef-14e7-4562-8c63-182fd9f971bc,Md Asik,https://play-lh.googleusercontent.com/a-/ALV-UjXfTZ8vn1hwS26Kk_T2q2DhDRd7xvrZlxAGsS_qAfRysB6YbxjK,5,Very Good App,1,2025-09-04 09:03:36,3.0.13,,,en,Rocket
32b839a8-2087-4eae-af05-4019b2a26788,musa bai,https://play-lh.googleusercontent.com/a/ACg8ocJkFdFy1QJqmZE4g_JPYmNZIbz9W7j9R5O55FvFJENS23wDLg=mo,5,good,0,2025-09-04 08:08:58,3.0.13,,,en,Rocket
75b8b14d-18ce-459f-aa76-15ecca78a3c8,MD IBRAHIM AHMED MISBHA,https://play-lh.googleusercontent.com/a/ACg8ocLr_2uMYflGoNG3WVSbTMefmGiFMYYCZzEhdkPImqfyW8rWJQ=mo,5,nice,0,2025-09-04 01:44:59,3.0.13,,,en,Rocket
0d145ef2-937f-4e41-afef-dc5458aad3de,Md khalek Mia,https://play-lh.googleusercontent.com/a-/ALV-UjU6HxePmmMuRP0z9MiQHnkjBj-f3BKcrFmv_7kwxX09l0mQrMg,5,nice,0,2025-09-04 01:06:46,,,,en,Rocket
2b873bb8-3098-4f5d-8179-96d057f3a962,jihadbhaiff,https://play-lh.googleusercontent.com/a/ACg8ocIhNK5IVVj1FdxEie2hv0La9vp5F26pdTDVrEaqmVu-YhER_Q=mo,5,good,0,2025-09-03 19:15:33,,,,en,Rocket
ce370eae-de6e-46cc-933e-cfe4cf98e8d7,West Pir Moholla,https://play-lh.googleusercontent.com/a-/ALV-UjUetxsceYmk2eubgIiJsNk90mA5ySGibuongvymMmpqYk-BUXbL,1,Load nai... Please bank theke b2b korer system chalu koren....Amra tho DSR ke beshir bagg painaa...load er jonno....bank to agent b2b chalu koren.....,1,2025-09-03 14:15:46,3.0.13,,,en,Rocket
2eb6f28e-f209-456c-918f-5f912caec249,Mahfujur Rahman Raju,https://play-lh.googleusercontent.com/a-/ALV-UjXFGJ-1pYy1_ufY78ilcN6cWO1EewLacTzhfP351HGvN3LhwSg,5,Good,0,2025-09-03 02:18:47,3.0.12,,,en,Rocket
fec75457-2f0e-4cfd-baf1-2ea8a255cafc,Monirul Islam,https://play-lh.googleusercontent.com/a-/ALV-UjUAgXSCph0nxtBNf79Qf6eQhWgiC6ECG99RjGi4IRbj9vDLgTF4,5,ok,0,2025-09-03 00:01:49,3.0.13,,,en,Rocket
6566744b-e57b-49e3-b8f5-58da78ad50d4,Khaled Chowdhury,https://play-lh.googleusercontent.com/a-/ALV-UjW9dXjSlUjqw59N2RkLmdgEsjBpqsYU7Jdg1LeiEaYxfCZofGXY,5,very good app,1,2025-09-02 23:06:58,3.0.13,,,en,Rocket
6266005f-ae4e-4fa5-b279-7beade304e45,Ahmed Biplob,https://play-lh.googleusercontent.com/a/ACg8ocJIb__FR6UlmDFIbq-LtimiLxpTz6bdqal8d9hkoOQ35WhT2Q=mo,4,good app,0,2025-09-02 21:19:06,,,,en,Rocket
b6240347-8861-40f8-a720-beb7fa8ce147,Md Sifat,https://play-lh.googleusercontent.com/a-/ALV-UjVW_aYnRGN_NtfAX3sPj6YtJ9zMVqquqP4YI0VNlPhv1_vbS7cl,5,Billal,0,2025-09-02 19:40:40,3.0.12,,,en,Rocket
0583939e-bd8d-468d-88fa-762396c02e78,MD TAYABUR RAHMAN,https://play-lh.googleusercontent.com/a-/ALV-UjU-IhVGMOZVAxuHYqNv1nhpMBxJ3KEW9Lbj2b2kUTpRxKrrAY4p,5,ধন্যবাদ রকেট,0,2025-09-02 10:49:13,,,,en,Rocket
2bc5b28f-6039-4525-a216-c98463cc6b7a,Mohammad Shahidul Islam,https://play-lh.googleusercontent.com/a-/ALV-UjVPXpbOZ_dhCU86kKUuIXXFJwveshNhiDfKS4hCvxAWC01V3lO03w,1,এপপ্স আপডেট দিবার পরে এখন BPDB প্রিপেইড রিচার্জ আর হচ্ছে না। error দেখায়। third party low balance: 3,0,2025-09-02 10:12:49,3.0.13,,,en,Rocket
2da92dc7-a1b9-4f5a-948d-e47106cab5ae,Mannima khatun Sima,https://play-lh.googleusercontent.com/a/ACg8ocLI-dE7r41AzU7IiDNZqWkzve_eB7_jj4kHE05VALEYTnZUMw=mo,5,ok,0,2025-09-02 09:47:20,3.0.12,,,en,Rocket
e1d17987-bd60-4724-9da5-21366b5092c9,Md Santo Mia,https://play-lh.googleusercontent.com/a/ACg8ocJzX0Esyg34fLM60GoyhyXMGRYRZoDclxWhcXjzBdJkfITWaA=mo,5,nc apps,0,2025-09-01 13:19:24,,,,en,Rocket
1e4c736b-516a-4a91-9810-9c16663201c6,MD IMRAN,https://play-lh.googleusercontent.com/a/ACg8ocK0CRrdpP2MLfrka5txOEKgsflnsCQ3RLKnEnKtTcB60ZVt2Q=mo,5,nice,0,2025-09-01 13:17:08,3.0.12,,,en,Rocket
02b6b5d6-fe3b-45a8-b071-3aa3a38e2da8,Md Rana,https://play-lh.googleusercontent.com/a-/ALV-UjUH5j3dEt-W8M1-jdukT9052YEtac1e1ASLJLaDAVam2gM_68N3JQ,5,nice,0,2025-09-01 11:42:22,3.0.12,,,en,Rocket
178f0d7f-1a47-4c83-ab78-7de0aef9ab63,Md Araphat islam,https://play-lh.googleusercontent.com/a-/ALV-UjUW0aU-qDLuBwAWKNumva05tp_T8j8-2CfJFeBnqhVNJl2k2PJJ,5,nice,0,2025-09-01 09:25:54,3.0.12,,,en,Rocket
fae5deb2-e24b-46e9-87a6-26fc178cf957,Md Alamgir,https://play-lh.googleusercontent.com/a/ACg8ocLIemB5eXi9wB2xipuK9uvfGOJfJympWISU7dUe3du-pY-rLQ=mo,5,সু,0,2025-09-01 03:06:41,3.0.12,,,en,Rocket
c3b9e681-acea-41ee-9a89-96d24eec67cd,the love spesal,https://play-lh.googleusercontent.com/a-/ALV-UjX4Lbo1T6yy6nkn-YeesEkrhOvSfDX45Al7ufj-kjzBY37ypG1K,2,good,0,2025-08-31 22:50:15,3.0.11,,,en,Rocket
634fe208-2723-46fa-a41f-92a4d757470e,ujjwal kumarr,https://play-lh.googleusercontent.com/a-/ALV-UjXXQMC9NYvyxKDga3ZX_Ln1syWavadJcETuZnCVXr9WvzH1GElm,1,when I am recharge from agent. money is not add in my rocket account. pls fix this issue as soon as possible,0,2025-08-31 17:34:52,3.0.12,,,en,Rocket
ff7890d0-df73-4827-b7d0-6af0e276aa80,Numong Hla,https://play-lh.googleusercontent.com/a/ACg8ocJeIJyqV7S0hcLRkON-O9ZLfS9j-tI78ehETsoLgIHsLH2S=mo,5,god app,0,2025-08-31 14:47:43,3.0.12,,,en,Rocket
6c03c9b5-eaf5-4bb0-9776-df5c30aaad34,mdsharifmadbor,https://play-lh.googleusercontent.com/a-/ALV-UjVv9aXhdSfC2MBcFEm4ZyOZsnPOiwEe_K7Mv3X7MLUck0crM3o,5,Good,0,2025-08-31 01:26:39,3.0.12,,,en,Rocket
770f4216-0966-40de-bbd6-7fe296c163c6,A Google user,https://play-lh.googleusercontent.com/EGemoI2NTXmTsBVtJqk8jxF9rh8ApRWfsIMQSt2uE4OcpQqbFu7f7NbTK05lx80nuSijCz7sc3a277R67g,5,MD Rubel🇧🇩🇧🇩🇧🇩,0,2025-08-30 19:06:31,,,,en,Rocket
2b5a7cb0-3c20-46ee-b4ad-3b95ba84239d,Md Sadi,https://play-lh.googleusercontent.com/a/ACg8ocKKPxmpURs0P_qcGz2qoQrYm90AJEwsiHhUavf7Ef3TvRPKGg=mo,5,nice,0,2025-08-30 16:23:25,3.0.12,,,en,Rocket
11ef8e10-0b8e-4112-969a-926a28631c17,Parvag Hossain94,https://play-lh.googleusercontent.com/a-/ALV-UjVzeW2JToLUmxL7CKpTtl3Jjmr9WA5nLNnK3dJjFrtONKH2dVKYEQ,5,Very Half full Aps,0,2025-08-30 12:04:22,3.0.12,,,en,Rocket
793eb394-30cb-4ab5-8b3c-36b908d8860f,DX RIPON Ahmad,https://play-lh.googleusercontent.com/a-/ALV-UjWp5RBjSIemRgYxo4DTqW8ynRLCUhEZNAMM8x4KDwYZLdpuzrY6,5,ভালো,0,2025-08-30 10:49:06,3.0.12,,,en,Rocket
5d041c73-cae2-4915-b0f5-62da1bcbdb53,Rony Al Hasan,https://play-lh.googleusercontent.com/a/ACg8ocJJlYuYyoPAI3ktNCc6nqO4x-RWXfbs4_jOX8h8D6Ev2rLpbgY=mo,5,good,0,2025-08-30 00:18:08,,,,en,Rocket
9f24fa5c-1b65-4b19-97f7-17bd1722941e,Md jolil Jolil,https://play-lh.googleusercontent.com/a/ACg8ocLNvwIffRM6zD8q653ziFpz1e1LEE6iEiygUHN6Jo6m0c_nVw=mo,5,good apps,0,2025-08-29 23:21:59,,,,en,Rocket
d4f1f2dd-4a92-491b-b89f-e3460f9b2885,Mahbub Hossain,https://play-lh.googleusercontent.com/a-/ALV-UjViwYWBkBNFGmV4YXF7Oo1PiBM_86uxI-G4B6ysDk0xRTPIotd9NA,5,this is the very easy app,0,2025-08-29 16:06:06,3.0.12,,,en,Rocket
069a968c-2db1-4521-9e97-3b16b9a301d2,Rezaul Karim,https://play-lh.googleusercontent.com/a-/ALV-UjXkvmvATaY5Yt2SnUmesyff_XJd_iz7GFH1XTZmjmYwdXjYpCjP,1,3rd class app. Nid verification failed..,1,2025-08-29 15:39:45,3.0.12,,,en,Rocket
f03c34e5-40aa-4965-aae8-e650ed95dc92,Abu Fahmid (Mihaf),https://play-lh.googleusercontent.com/a-/ALV-UjVXgI5QQxwZcl_61-1rl0kumgvwYjfKnLrngVd5jkVa_g_q2KG9,5,Not bad.,0,2025-08-29 09:23:43,3.0.12,,,en,Rocket
82350ead-cebe-4b8f-ad2b-b15386b10f06,Paul Sumal,https://play-lh.googleusercontent.com/a-/ALV-UjWiokd_M3C2XQ5bjxYwy2YtMm_Fu7mFLKledWoYf1AK6j3FNFK6,5,best app,0,2025-08-29 07:17:19,3.0.12,,,en,Rocket
73457c07-61c4-4a7c-b989-2d8d91640edc,Mahin Hossain,https://play-lh.googleusercontent.com/a/ACg8ocJXH8reTeQK6jdH3OkVVumOHFW5jsfqBDg9KcC4Ki4D6-3ZGf4=mo,4,good,0,2025-08-29 06:00:05,3.0.12,,,en,Rocket
88a6d774-4129-4529-ab5c-f4fdae91202a,RWANZZ RAGOO,https://play-lh.googleusercontent.com/a-/ALV-UjXAQ9hQXoEJS7LLQxci9gnTGGjdhWpUzqBVG-4rQ8IaHcKBy7E,5,useful,0,2025-08-29 02:52:56,3.0.12,,,en,Rocket
a9a47ad3-9292-4a3f-9e62-e53d4209a133,duz sohan,https://play-lh.googleusercontent.com/a-/ALV-UjUejSOR4i7OtGhh-l2tTcK_A-4p4SYLX--z6GALiYGk0TnpnymS,1,"এপ এ একাউন্ট টা লগইন করতে পারছি না।প্রথমবার রকেট এপ ইন্সটল করসি।নাম্বার দেই, অফিস থেকে কল দেয়,পাসওয়ার্ডও দেই কিন্তু লগইন করছে না।যখন লগইন করবে তখন রিভিউ পরিবর্তন করে দিবো।",1,2025-08-29 00:23:08,3.0.12,,,en,Rocket
ff4062f8-4232-4367-a818-dd5133d5e2c7,md bokul,https://play-lh.googleusercontent.com/a-/ALV-UjXAtSpfhc-bnFFJTXdS0mnHNS0A30sJ94Ev4u_CjTz5dcxTMq5o,5,nice,0,2025-08-28 20:00:52,3.0.12,,,en,Rocket
3cd098d7-56f3-4cb3-8c0f-f2e433ecf3d4,Marjuk Sajid,https://play-lh.googleusercontent.com/a-/ALV-UjXl3506xdT-18sT-r_jKEG0FgbmAvHV2rxjkQ53XvG5s3x0gafG,5,"Dutch Bangla Bank Rocket. First MFS & Banking app in Bangladesh. Still, best. Why? Your privacy matters that other brands with the maximum market do not care about. - Installed Rocket - Created account - Used NID number - Scanned face - OTP verified With the largest ATM/CRM network across the country, Cash-in is easy! Pay DNCC tax against e-Holding no. Pay Titas gas bills. Rocket agents are available across the country, too.",67,2025-08-28 15:29:02,3.0.12,,,en,Rocket
0ef63f0c-700c-4f0c-a5c4-46ad699a723c,Habib Khan,https://play-lh.googleusercontent.com/a-/ALV-UjVTSrPApTPzHLPyNhv91JW6LD2a7nhOeszwGkYgZ8b0JcGWfYoe,1,app chola na keno....root dives dakasha......bkash nogod sob cholcha....Rocket chola na....,0,2025-08-28 10:21:09,3.0.12,,,en,Rocket
2a430aec-bae5-4eac-a8b5-d76fd46c2b06,Ruhul Rana Rahul,https://play-lh.googleusercontent.com/a-/ALV-UjXPC-FltJnS7YW4mfIMZ5UyGNE6_CA7YYhtSz91lED6M4XB2jSZ,5,Rocket app just wow and helpful,0,2025-08-28 04:04:43,3.0.12,,,en,Rocket
7488db15-fc35-4e6f-b065-3bc349ee493c,Hagarabanu86,https://play-lh.googleusercontent.com/a/ACg8ocI_J6gAKqZg6prwkK5D2gfMKvRb-Ele9MM3PIMRBzSVXJ1nILE=mo,5,nice,0,2025-08-28 03:33:24,3.0.12,,,en,Rocket
2329ed94-eae3-4dfb-b7a3-6bdebf516448,Md. Rabiul Islam,https://play-lh.googleusercontent.com/a-/ALV-UjVrLM-xdtwv-idzjYcoTvHNkhCDe1VNeNBORkFEYfAIztvdb2vI,2,"Binimoy service not working, showing error while try to open it from rocket app. error message: 'Exception occured!!! java.lang.NullPointerException""",0,2025-08-28 01:03:29,,,,en,Rocket
768a305a-5405-4ed1-8dea-d5c55d57c647,Hanen Khan,https://play-lh.googleusercontent.com/a/ACg8ocL-Uy9fZvqNxA4mBYdZW9rXaD1BebTmgoyaq0zWr8GcXiMopA=mo,5,ভালো,0,2025-08-27 22:50:57,,,,en,Rocket
6b162247-3863-4600-b5cc-3a702af520ef,Mostafizur Rahman Milon,https://play-lh.googleusercontent.com/a-/ALV-UjUsKo0A5t_zofAT1FIMyH3uR6NQxotQlwnIwLv2WiQVsgN0RIw,5,fantastic,0,2025-08-27 16:05:44,3.0.12,,,en,Rocket
41259bdd-6100-4e1d-9e2c-57ef46c8999c,Raja Babu,https://play-lh.googleusercontent.com/a/ACg8ocKKGkPnH2B9PrsuBz1ch2nSlk_Uk76eZSpQJdp9mJ9CPDSvHA=mo,5,Nice app,0,2025-08-27 15:53:53,3.0.12,,,en,Rocket
e4f5bdf7-c9fb-4931-bf9e-3f526cf54d74,mr.solayman badsha,https://play-lh.googleusercontent.com/a-/ALV-UjV5NYNudoRnfOvcqFNaPmpNB3aIentuYqcAjZ51jNjRrHu4bZU,1,DABBA bank er dabba MFS,1,2025-08-26 19:03:32,,,,en,Rocket
2337449c-5f73-463d-9e60-1aff2720337e,Elmoon Hasan,https://play-lh.googleusercontent.com/a-/ALV-UjV1AtWv6vug-yCXo_20YCfufKtAVcn1TfmXMnRBJzaR1NEIQjQjSw,4,i can't reset password,0,2025-08-26 12:29:20,,,,en,Rocket
585f9301-e999-4f42-a549-a3d8dec5e67d,MD SOHEL ALAM,https://play-lh.googleusercontent.com/a-/ALV-UjWvARNEQjTedhuHU2H71AoyxOFTkv2868JSpw0PFqS6Fy8t89g_,4,"আমি একজন রকেট এজেন্ট। রকেট এজেন্টের সাথে ব্যাংক একাউন্ট লিংক করা উচিৎ, যাতে প্রয়োজনে ব্যাংক থেকে টাকা রকেটে নিতেপারি। কারণ প্রায় সময় রকেটে টাকা পাওয়া যায় না।",0,2025-08-25 21:25:54,3.0.12,,,en,Rocket
ab8587ed-b4a0-498a-967b-6eaf171e4280,Primary Gmail,https://play-lh.googleusercontent.com/a-/ALV-UjUZrVbR939vZt72Il9OJ0EU8mK_THwb_xoaaKAYNPikQsrTuPpx,5,"Rocket is one of the most reliable and user-friendly mobile banking services in Bangladesh. It allows me to send and receive money instantly, recharge my mobile balance, and pay utility bills without any hassle. The best part is, Rocket also works from abroad, which makes it very helpful for people living outside Bangladesh. The service is fast, secure, and widely accessible. I really appreciate how it saves both my time and effort. Overall, Rocket has made digital transactions in Bangladesh muc",148,2025-08-25 17:58:14,3.0.12,,,en,Rocket
46b98b3a-4f3a-4836-a1f7-81a08e4453eb,Joy Das,https://play-lh.googleusercontent.com/a/ACg8ocJ140bP0qq0Ah1OyjNQ0qcaByJKEUogRZE7xDTxwAQaATipTco=mo,3,"please update Rocket Apps DPS, Card Add & Fingerprint Feature.",1,2025-08-25 17:57:51,3.0.12,,,en,Rocket
94f846b4-e4d5-491f-8d12-eb249e8627d3,Rakib,https://play-lh.googleusercontent.com/a-/ALV-UjUfUPP3U-6kWpd2Bf7Ri9t_QsFcL-Nra_LEZ0cjoab94L7dx4Y,5,nice apps,0,2025-08-25 17:09:56,,,,en,Rocket
a3c4e893-169e-4c7e-bdae-39311959c968,Md Alamin,https://play-lh.googleusercontent.com/a/ACg8ocKFGQ01rcOBYpMKvbND4Xs7XA42dzodjjDzKW9iza0jrOxn3Q=mo,5,Good,0,2025-08-25 12:46:14,3.0.12,,,en,Rocket
5a6f9712-a69f-4576-8ecf-4b0a8b924756,MD Suhag,https://play-lh.googleusercontent.com/a-/ALV-UjV0laeippHsHgVY06wbcYMBv4CdrzGHwRkd-0KgXhLzIsSyACU,5,ok,0,2025-08-25 05:00:20,3.0.12,,,en,Rocket
8990d903-48fc-425f-9e76-b0f43f2e8f8e,Md Hridoy khan,https://play-lh.googleusercontent.com/a-/ALV-UjWrDo-aImgzZmfgnaJR5OEsPMCuFK574Bhb35Ea2OFS4vbmIzC-,4,Nice app,0,2025-08-25 03:21:46,3.0.12,,,en,Rocket
87c8f732-7cb4-4258-a142-d3be1cf29611,Sumiay Sharmine,https://play-lh.googleusercontent.com/a/ACg8ocJ1tCWxhqbImc16DE1XUwxwIVGKp1Vq16F5yW4_hViQ-hSYRQ=mo,1,Such a bad app. i recharged in mobile. They notify me with the message. But when i checked it didn't. Even they didn't return the money also.,14,2025-08-24 22:48:34,3.0.12,,,en,Rocket
f3804b93-d405-4bc8-91e8-1eb916c76b50,SadiaIslam Jerin,https://play-lh.googleusercontent.com/a/ACg8ocKqRswuaT3Xk-yHP_gHcoLhHpgdLcLwYappQmnredaUkBSpVw=mo,2,বারবার চেষ্টা করার পরেও কেন একাউন্টে ঢুকতে পারছি না?,0,2025-08-24 21:23:04,,,,en,Rocket
beeff296-3437-477a-a681-f061fdb887fc,Md Jubayer Islam,https://play-lh.googleusercontent.com/a/ACg8ocJJRhOS7PUONVvpIRUTLh3rG-_qGAY4WcLMk2qtkftyBF044-c=mo,5,এটার মাধ্যমে খুবই দ্রুত ডাচ বাংলা একাউন্ট থেকে টাকা উঠানো যায়,0,2025-08-24 17:24:54,,,,en,Rocket
d6aa371d-6244-4bdb-9502-8148b1857027,sahadat hossin,https://play-lh.googleusercontent.com/a/ACg8ocI-e6w4KtwGPHp5HTQ1mx4hpbKitUkqbLMiUyDYQokdWxJgPA=mo,5,valo,0,2025-08-24 13:01:36,3.0.12,,,en,Rocket
a4e1e9f4-090d-4b99-a857-17e3030a504c,Lst Herok,https://play-lh.googleusercontent.com/a-/ALV-UjUeoZB3AYQjfPsSzTQTJ15ihyMKfAyLTmCMZFgwFs9rHVgaaMtX,5,Alhamdulillah,0,2025-08-24 08:58:57,,,,en,Rocket
e05f7472-36c8-4c11-bc29-261a39fcfd48,Md Iqbal Hossain,https://play-lh.googleusercontent.com/a/ACg8ocLCTab7-SowWPdldZWd3WzBQ9sfAhVAMQbeOYPG0eBzLaV3pg=mo,5,nice,0,2025-08-24 00:54:22,,,,en,Rocket
f847a14b-f43c-4bc5-a029-6db7412c74ce,Ziaul Hoque (Zahid),https://play-lh.googleusercontent.com/a-/ALV-UjXo2Y3Icn8uWx13N20F8Vw9SKzQeK9dViI_DJ0HDp643ARtNqEq,5,"হঠাৎ করেই কর্পোরেট স্যালারি একাউন্ট করে দিলো, ক্যাশ ইন চার্জ কাটা শুরু করলো। ১৬২১৬ এ কল দিয়ে সমাধান পেলাম না। ওদের অফিসে যেতে হবে। ডিজিটাল ব্যাংক এর মানে এরা কি আদৌ বুঝে?",0,2025-08-23 23:37:17,2.0.30,,,en,Rocket
756d8f00-ebda-40a6-a8b4-6123971e4c0b,mdujjal mia,https://play-lh.googleusercontent.com/a/ACg8ocKpS3xYPaeZu4o6uUoNMXJVSH8h-yS2AfGp7xigcVZfAfQJSQ=mo,1,ok,0,2025-08-23 08:03:11,3.0.11,,,en,Rocket
08d2f7f1-fc19-47b2-8d18-a44a7d6c0204,MD.KAMRUL KAMRUL,https://play-lh.googleusercontent.com/a-/ALV-UjVj1lc12u0EBw_vHX4pB8bwORipsbz91hNDx08kfS34VlTgsws,5,nais appy,0,2025-08-22 23:41:24,,,,en,Rocket
b84b95e9-6ca5-49d1-bdc8-39d8fc7311ef,Raihan Raj,https://play-lh.googleusercontent.com/a/ACg8ocLWYq4f5Itx7RvfH2qGiAvSOgQPLIOgSIukMGScVxcWfGy7UUc=mo,5,গুড,0,2025-08-22 21:46:31,3.0.12,,,en,Rocket
3ae6e72d-4bde-4347-9565-07338575dde1,Moksadul Momin,https://play-lh.googleusercontent.com/a-/ALV-UjWH0bmYLIDT4aPrP5neuKK3j6s3dghY0nkktbsl_438KDIFYEY,5,nice apps,0,2025-08-22 02:07:25,3.0.12,,,en,Rocket
978626f7-5a4d-4030-92d3-b4b02f143501,MD Tarakur Rahman,https://play-lh.googleusercontent.com/a-/ALV-UjWqvkYXvbakw8AtTcrkwq3uqgw03gzNZtJ_UxCyfCmwxNkC911l,5,it was totally amazing the software,0,2025-08-22 00:41:47,2.0.30,,,en,Rocket
92e05961-2329-4557-8ebb-ec1935a2649b,MD Ripon Ahmed,https://play-lh.googleusercontent.com/a/ACg8ocLNBbQQOnYTmXmr6YINCB5Vze_DsbY_64u1SBTYiOc0WHYwAg=mo,5,good apps,0,2025-08-21 22:30:48,3.0.12,,,en,Rocket
c56adfa6-1a49-4c36-ad44-51034d01fd8a,Juli Chakma,https://play-lh.googleusercontent.com/a/ACg8ocITn2FVats6VyVB5Ead6HbbF6prdEZlYvCGKc3NBi1AHmgCUQ=mo,5,good App,0,2025-08-21 08:24:23,3.0.12,,,en,Rocket
672a00dc-3818-4f79-8919-1aa0d0883421,MD BABU,https://play-lh.googleusercontent.com/a-/ALV-UjVbZrfY7Gm0JsLmcQAZclyQ0Lq44bPCvdhAJLlqBliHL0ySnYWk,5,Nice,0,2025-08-21 08:11:52,3.0.12,,,en,Rocket
85cf1d85-e89f-4fb9-ab3c-bdfb1738551c,Tajlima Box,https://play-lh.googleusercontent.com/a/ACg8ocLQtahUSRMwpA2FWcPaM6Cgx_3kL0pvi_Ah100yMJ9yX5c0ew=mo,5,Nice,0,2025-08-20 20:46:52,,,,en,Rocket
7c8910a4-88e2-4dc1-91bf-a4cb8ee859dd,MD Rakib islam,https://play-lh.googleusercontent.com/a/ACg8ocJZvgoOIQ4D5jDdzeXEkta_i3TEhKVpTksHdklmEEDkSaDK6g=mo,5,good,0,2025-08-20 18:31:02,3.0.12,,,en,Rocket
68259a76-54a4-40d9-af37-3a8005b3ca0d,Md Selim Ahmed,https://play-lh.googleusercontent.com/a-/ALV-UjX9atSY0sB0JpqMU7QfrcpQX9KhOkbywaOxSPIt2qQ0lufz3cIm,5,helpful,0,2025-08-20 07:43:21,3.0.3,,,en,Rocket
f9ecff20-3b71-479a-998e-4d8dbd46c568,Md: Soreful Khan,https://play-lh.googleusercontent.com/a-/ALV-UjV9wYtTTqnZc0NUU2wxaBlAPnOHvxHoU6MQBZueomKmFSDifXFM,5,good,0,2025-08-19 21:42:37,3.0.12,,,en,Rocket
68faa5b4-8a0a-496e-819f-e7eeaf99d319,Loreto I lalani,https://play-lh.googleusercontent.com/a/ACg8ocLoffEqz3kVlPVM6tmngNRyBdQbUIpo2vafzR51noJ85sfq7w=mo,1,Developer may be from gulistan . Without developing skill,0,2025-08-19 21:38:12,,,,en,Rocket
cae448f4-2228-4628-9948-5aabece8ad7a,Sobuj Khan,https://play-lh.googleusercontent.com/a/ACg8ocImqJ69BV5Wb1_wV0kSsQ7dk-mdnwsmw7e08ZXsTlK83VGCng=mo,5,খুব ভালো 💖💖💖,0,2025-08-19 00:43:09,3.0.12,,,en,Rocket
014c0d35-bd3f-4cdb-9acc-c9eb66201c64,Md Akash,https://play-lh.googleusercontent.com/a-/ALV-UjULkmZzKGvBKPQH4Eh1zYcfHeid0ejrqbhClhOovtBE_lZ6RFgN,1,অ্যাকাউন্ট খোলার সময় ওটিপি অনেক দেরি করে আসে এটা অনেক দুঃখজনক।,0,2025-08-18 21:27:19,3.0.12,,,en,Rocket
4b754b13-fce7-47da-9f1c-92ea4170153a,ruber ruber,https://play-lh.googleusercontent.com/a/ACg8ocIQucrH9BlPrR9VE9taKyybGChajs-jZNHhqRUpsNdh70ZJWw=mo,5,নাইছ,0,2025-08-18 20:17:45,3.0.12,,,en,Rocket
4f057dc9-6346-4fd6-b7a7-a83759181ef6,Shuvongkor Barman,https://play-lh.googleusercontent.com/a-/ALV-UjVSt8E_mY_4OM7mLWWXW0IRwe3UvalkaQjBymhHeYribyql641i,1,এর চেয়ে ফালতু কোন এপস আর দেখি নাই। একাউন্টে লগইন করাই যায় না। পিন দেয়ার কোন জায়গা নাই। ফোন আসে পিন দেই তারপরে কোন কিছুই হয় না।,1,2025-08-18 17:32:19,3.0.12,,,en,Rocket
82ad9056-32b3-4163-93be-a6ee97f883e0,Md Alam,https://play-lh.googleusercontent.com/a-/ALV-UjVVh-8w-1tbVX2iRxysvy4Ve2WsGDeThSl_ZdYYQa7WwNA5kpA8,2,Nice,0,2025-08-18 08:53:38,3.0.12,,,en,Rocket
d9126afe-9647-45c3-9caa-655e31f6ce58,Tasnim,https://play-lh.googleusercontent.com/a-/ALV-UjXDanP6bPgCXSvvE4nDcG-i7SUYt9y5_BZRkKDNqmAE4Gi4aLdX,1,"বাজে সার্ভিস৷ আমি একজন প্রবাসী। ময়মনসিংহ রকেট অফিসে গিয়ে আমার একটি রকেট একাউন্ট ব্লকড হওয়ায় অন্য সীমে ট্রান্সফারের জন্য লিখিত আবেদন এবং প্রয়োজনীয় সব কাগজ জমা দিয়ে আসি। আজকাল করে করে ৪/৫ দিন হয়ে যায়৷ চেইঞ্জ হয় নাই দেখে ফোনেও জানাই বিষয়টা৷ বলল, দেখবে। আজ এক বছর হয়ে গেল, এখনো ওরা দেখতেই আছে৷ কী সার্ভিস! বাহ!!",1,2025-08-18 08:31:58,3.0.12,,,en,Rocket
65e6a104-571b-4e52-9ee2-c2a3105fa7d0,Md Bablu. islam. Rafi.,https://play-lh.googleusercontent.com/a-/ALV-UjV0yS-93D7jhtGCsnYi8-OWeEKsrn_yj98jLHk9rgdoFU_MORA,5,nice,0,2025-08-17 10:32:27,,,,en,Rocket
5084b739-5086-4ed9-a74f-d58c2dd46554,Syful Islam,https://play-lh.googleusercontent.com/a-/ALV-UjUQ3W-34f19AegmuOSN98Z_KO8Dld8cijB_wdQTtlo0ypioD7M,4,Starlink ইন্টারনেট হতে আপনাদের এপস ব্যবহার করা যাচ্ছে না। ব্যবহার করতে গেলে বলে আমি বাংলাদেশ এর বাহিরে আছি। এর সমাধান কি। অন্যান্য মোবাইল ব্যাংকিং এপস ব্যবহারে কোন সমস্যা হচ্ছে না,0,2025-08-16 20:14:31,3.0.12,,,en,Rocket
753ea24c-fee3-46bf-9c84-c818ccbda927,Nk Zibon,https://play-lh.googleusercontent.com/a-/ALV-UjU8vXOrN88EHkVDeq2nwu9bfcqi-qd7s9TvFI6bvJ_NXTHIZe4,1,2 gonta dore try kortesi apps diye accounts khula jay na 😡,0,2025-08-16 18:17:42,3.0.12,,,en,Rocket
4e3041c2-0fe8-464c-b22d-40e680bc11f4,Md Royal,https://play-lh.googleusercontent.com/a/ACg8ocKsU6od7TJZuBj30bMcMy5K-40YgYSSiq14FUXtN8QwJqh-FQ=mo,5,good app,0,2025-08-16 11:54:20,3.0.12,,,en,Rocket
346d75b1-ff84-46cb-a8d6-31d26ab244e4,Md Alauddin,https://play-lh.googleusercontent.com/a/ACg8ocJWsZNEMtH1OuSjbdEowubjvZ9_mNXDXQheOW8JHkijksvuhJo=mo,5,good luck,0,2025-08-15 23:50:19,3.0.12,,,en,Rocket
81ba2387-e20f-427d-8e27-cecd2eff6965,SarkaR SabuJ,https://play-lh.googleusercontent.com/a-/ALV-UjVH2dgAkNw9GIE1QSe4-YLVIv2kxROt5Clh0EHmHB5p9XJjMR8,1,very poor performance,0,2025-08-15 21:33:44,,,,en,Rocket
85292fb2-7a8b-4bc2-9569-fbe5326cec66,Tonoy Hasan,https://play-lh.googleusercontent.com/a-/ALV-UjWsPeQyZUlxl0JQmmdLKiZPFUnVWUSam8pJqdwC1gR9MPVC2rF8-g,3,একেবারে বাজে একটা এপ। 🤮🤮,0,2025-08-15 17:03:27,2.0.51,,,en,Rocket
d9df52d6-896e-43d9-b547-b5f726cae45d,Alok Alex007,https://play-lh.googleusercontent.com/a-/ALV-UjXpUs25iZBotPoEGWoeALAkuSIiLccBR_SHYrCzsul9x2CnNNi9,5,best apps,0,2025-08-15 16:57:32,3.0.12,,,en,Rocket
a1e74835-fb91-4bfa-9dae-068a8455a51f,Abu Sayed Pahlowan,https://play-lh.googleusercontent.com/a-/ALV-UjVr6g7BqPKTYDrG5dqwJruCtgvvsqgMxAbmYkaTCVKmsb_28lV4wg,5,My love,0,2025-08-15 16:09:04,3.0.12,,,en,Rocket
1026b58e-bf01-4d42-a251-2c9baf7ed10a,Hossain Mariya,https://play-lh.googleusercontent.com/a/ACg8ocKqf3999VflvS2gd8VqU8a32bogIa-DSnUtWs0JnCO9GtLdcQ=mo,5,Wow,0,2025-08-15 07:46:35,3.0.12,,,en,Rocket
8d8039f8-14ac-4c89-b597-49d85e96d0ea,Md Ajimul,https://play-lh.googleusercontent.com/a/ACg8ocKyG7Tk5Ts_ZJAWcQaJO7geIqu2tfK6VmwdMAvPRaKT2ByGzQ=mo,5,good night,0,2025-08-14 08:43:11,3.0.12,,,en,Rocket
0f12f670-335c-4f62-a4fb-5dcdd92f2051,MD Riduyan,https://play-lh.googleusercontent.com/a-/ALV-UjXKbKLjZdio1MkqOcJBG7GY1lhne8AUJHMGOoddM6UYRX1yJI5C,5,goob Apps,0,2025-08-14 00:17:03,,,,en,Rocket
c45e03cb-09b0-4453-9502-84f51f0eb7cf,Mohammad Siam hasan,https://play-lh.googleusercontent.com/a/ACg8ocKhhqE_T4_vYUZcoQBVrNP9HCQF6zV8Xzr4S07Pv6_0OLaHNw=mo,5,good app,0,2025-08-13 22:28:19,3.0.12,,,en,Rocket
589577ea-1f8b-4714-910e-8957c6669ab2,Rayhan,https://play-lh.googleusercontent.com/a/ACg8ocIiu7YjlCZJIkYGEQDWRqleQCl4Hdd-kp3RiiJTp9nJE9rZMQ=mo,5,good apps,0,2025-08-13 20:56:57,3.0.12,,,en,Rocket
2b32333e-8db1-4593-8615-8bd32ac2ea44,Md. Rafiqul Islam,https://play-lh.googleusercontent.com/a-/ALV-UjVGgWeTaQxrci-QCH4wMl855pCLO0pvETzhmpYnz2TEJjc28L8,1,need to be a rocket scientist worst app poorest customer service,0,2025-08-13 16:50:21,,,,en,Rocket
dea0aa07-54ef-4f08-bd17-14465f7b9c51,Mdebrahim Shekh,https://play-lh.googleusercontent.com/a-/ALV-UjWTr1vGpO4A0SUy4-XkiqviBrel-FJ4lJpKsJwqdnyTC9nXFD1P,5,Thanks very nice to Dutch bangla Acaunt,1,2025-08-13 16:36:14,3.0.12,,,en,Rocket
dc6667f1-e9a1-4a16-bab7-1a0902e55315,Md Al mamun,https://play-lh.googleusercontent.com/a-/ALV-UjUVOZvnG7bdKULwUTfWv86H4h7bGr76hdGUxJ2jLeAd6iO4cBpM,5,ok,0,2025-08-13 13:12:48,3.0.12,,,en,Rocket
aae33649-4ebf-4d43-8538-5260e8ae01b5,md arfanmiah,https://play-lh.googleusercontent.com/a/ACg8ocKVXFBhS71yLNuevBzamN57qt20xdt-sUsYM6Gsirt2h04fOQ=mo,5,good,0,2025-08-13 12:38:50,,,,en,Rocket
cf2cac82-f14b-4072-8a3f-28db01621246,LIPY RIYA,https://play-lh.googleusercontent.com/a/ACg8ocJwQPBDCB6MRUgXpxmHNzcXSpBT7qSFf6saIR9XoB422FUvxA=mo,5,nice,0,2025-08-13 00:34:27,3.0.12,,,en,Rocket
db6d3c7a-759a-453b-bd04-eefd4b49a7f4,Eshita Roy,https://play-lh.googleusercontent.com/a/ACg8ocLn8ppq2cRBqJ7iKc4Tfw_L_2mwp2TSd7KMUZPmO0LEmM8DhQ=mo,1,অনুগ্রহ করে সাহায্য করুন আমার একাউন্ট টি কাস্টম কেয়ারে থেকে সমাধান এর জন্য গেছিলাম তারা বলল অ্যাকাউন্ট এক্টিভ হয়ে গেছে কিন্তু বাসায় এসে লগ ইন করতে গিয়ে দেখি অ্যাকাউন্টটি নট অ্যাক্টিভ দেখাচ্ছে। কাস্টম কেয়ারে কল দেওয়ার পর তারা কল রিসিভ করছে না অনুগ্রহ করে সমস্যাটি সমাধান করে দিন,0,2025-08-12 20:06:22,3.0.12,,,en,Rocket
570340d8-8fca-4426-826c-a57600d00de6,Raju Ahammed,https://play-lh.googleusercontent.com/a-/ALV-UjUm0z5UXOLxey-mldXHfFZpcLeR_OzptEay4b61DP92QuBJMuNp,5,"বেস্ট একটা অ্যাপ, আপনারা যদি এভাবে ধরে রাখেন, আর হাজারে যদি 10 টাকা করে কাটেন, আশা করি বিকাশ নগদ ছাড়া আপনাদের অ্যাপ ব্যবহার করবে সবাই",0,2025-08-12 19:19:43,3.0.12,,,en,Rocket
b494945f-6c48-4633-8359-83910f39dc7a,Md Anis,https://play-lh.googleusercontent.com/a/ACg8ocKIJvpro_Ae_iBs8R51cr3a8SxOHjRS_DQlOiNITxG1I5wGNQ=mo,5,nice moment,0,2025-08-12 15:13:51,3.0.12,,,en,Rocket
c24c60df-da5d-4765-aa5c-5908d32f7bab,Cartoon Animation,https://play-lh.googleusercontent.com/a/ACg8ocJtrZe15gbo7j4Y7-M8TvNqFeDGTtk5Hpz2Bw50NvBE3gVswA=mo,5,nice,0,2025-08-12 11:46:17,,,,en,Rocket
7cba7225-09ca-4086-8bed-c3eef4a52d88,mb arman,https://play-lh.googleusercontent.com/a-/ALV-UjXFBaq2Kf_ljYZhZLqLqSg-12M4ZtUB92ZP1t9r6KIlY9PD0lMS,5,good,0,2025-08-12 08:05:29,3.0.12,,,en,Rocket
d9032473-c5d9-4a95-a1d7-1b7e8003b813,Md. Sajjad Hossain Pramanik,https://play-lh.googleusercontent.com/a-/ALV-UjV9o04Pz2lDRyy7ByZ_wsSRmHUXeIR4J1SnBsd8-OUhJpeWSBofcw,5,nice,0,2025-08-11 22:44:26,3.0.12,,,en,Rocket
22ffb450-d22a-4d78-827e-788ece95cfb5,MD ARMAN HUSSAIN,https://play-lh.googleusercontent.com/a-/ALV-UjV4U0xe8OOVI7ddzW_BS4ykoSrT0TTG_0onc9EqFjG2TeK8fQA,5,ok add,0,2025-08-11 22:23:30,3.0.12,,,en,Rocket
3e893851-edd4-41a7-8970-59960a24dd3a,mb khan,https://play-lh.googleusercontent.com/a/ACg8ocLUX_L6sfRDJPl7EA3TnWoliai5kLUqrs2ryOtjryFu81n3FA=mo,1,Your Rocket app very solo.... 😡😡😡,0,2025-08-11 17:59:29,3.0.12,,,en,Rocket
97420a25-5be0-4059-873b-c7a83185c230,Swapon Melkar,https://play-lh.googleusercontent.com/a-/ALV-UjXJH_ATNOfV_2fYMBxhJn6-CCbwBqEHaBCzglYJ0uo-zQ6YLk-t,5,good app,0,2025-08-11 13:24:57,3.0.12,,,en,Rocket
69414452-8e3c-4624-96f1-18821d85e91a,Tripura tanik,https://play-lh.googleusercontent.com/a/ACg8ocLc8Rxn0wAYbCSKMjTnXDTyCkjGK2tgmBRUdykOw5ovWL0xCg=mo,5,Good Apps,0,2025-08-11 07:49:23,3.0.12,,,en,Rocket
0e7a987f-d4b7-4a11-8de1-b98dd643ed85,Md:Al _Imran,https://play-lh.googleusercontent.com/a-/ALV-UjWvAZ95khYYdRqe-jymqrjg_kTTEBDam--AtaPzvkIpHKbLQQar,5,good,0,2025-08-11 06:34:43,3.0.12,,,en,Rocket
3d0fc5dc-946d-4063-bd20-779151a15874,Md. Moshiur Rahman i meet with dr:lan,https://play-lh.googleusercontent.com/a-/ALV-UjUDiJB8MHuAtTxO48q7626MUepGXdo4UKPGp4wyXgho397mqRdp,4,good,0,2025-08-11 02:04:26,3.0.11,,,en,Rocket
3d9a3c1c-227b-4488-848e-05fa9984777c,CaLl Aru,https://play-lh.googleusercontent.com/a-/ALV-UjXB12a3KlauosbSuhARb1NyyOKxPcOj_DsomkqoZQQD5LhqwdYR,1,slow aps,0,2025-08-11 01:02:18,3.0.12,,,en,Rocket
6370996c-1e90-4b0e-927e-d7b3ec618305,Solila Islam Zinia,https://play-lh.googleusercontent.com/a-/ALV-UjXCEVvzM0lH0SaKc6_Sj2_ned1q6zGhE7CC2BxXUaCW31OERoi5,2,it will be better if you can add an option for change the NID .I don't know about others ..but before I have any NID I had to open an account on rocket...I use my cousin NID.and now I open an account on your bank.and could not access it because of I have an rocket account with another person NID.i will really looking forward in this matter.hope you guys will solve this or add an option for change NID without loosing any rocket account or bank account.,11,2025-08-10 21:50:44,3.0.12,,,en,Rocket
140b82bc-0390-4dbf-9be1-38cda238e6b5,Moyna Begum,https://play-lh.googleusercontent.com/a/ACg8ocLObbHYzMEEndu031QDpXks34paIQuh5yguKSect4agYP9t6Q=mo,5,🙂👍,0,2025-08-10 18:45:41,3.0.12,,,en,Rocket
d003a35a-de8f-4086-b02f-42be397ff035,Islamic Waz TV,https://play-lh.googleusercontent.com/a-/ALV-UjXmywG8pWbhKgOS1FKUAmRqyOlkkWUjcDDbU2Qr1D7cw9HE0J4,5,Excellent service. Thanks,0,2025-08-10 15:03:14,3.0.11,,,en,Rocket
bf6e6cca-1045-4c13-956a-f81d32cce36a,Md Shorif,https://play-lh.googleusercontent.com/a-/ALV-UjVMdQSJSJcupvf2jrdpidStOO40OMt8iuL3QAAkQQSNFlR1vzxP,5,nice,0,2025-08-10 14:46:50,3.0.7,,,en,Rocket
83975dd5-5b27-40e5-b4da-be8373a45cda,Nahiyan mia Nahin,https://play-lh.googleusercontent.com/a/ACg8ocLKDoUkD6uP6Nrj9LLgiF56XxJNTcW_NinJYKYhrpEKxavz=mo,5,good,0,2025-08-10 13:33:01,,,,en,Rocket
1f43b70a-2772-4c5a-b7b3-50f1f2e15039,Touhidur Rahaman,https://play-lh.googleusercontent.com/a-/ALV-UjVx2Q2j6Fq7Ne0GVp5B9AtKbSPIfC-IIubEd-HsGHkvW_0nx30,5,আলহামদুলিল্লাহ্ 🤲,0,2025-08-09 10:48:01,3.0.12,,,en,Rocket
238c09fe-4514-4986-8b42-108843541aa5,Nature Lover,https://play-lh.googleusercontent.com/a-/ALV-UjWtuAwJ0SvOVy7LyP8VrFyrt2Xzjh77ylCZhjWYuy94XvlbVOQG,5,Very good one.,0,2025-08-09 09:57:17,,,,en,Rocket
139c7554-a7d7-40e1-b203-d922224e439a,MD IBRAHIM AHMED MISBHA,https://play-lh.googleusercontent.com/a/ACg8ocLm1S31M7T8JD7d4SrPbNnqVVOnzBryul0zzd7ULgd-Qi-dL_I=mo,5,nice,0,2025-08-09 04:23:24,3.0.12,,,en,Rocket
474cbd4e-f69f-4bb4-91f5-78d95ea7f155,Hajra Hajara,https://play-lh.googleusercontent.com/a/ACg8ocIoQB0ztN9N5IT7OjqAUDzlLftcq9NYIIW15Fw7ZnpCf_ItcQ=mo,5,ok,0,2025-08-08 23:27:49,,,,en,Rocket
513cf96f-6957-4c24-b918-48761093160a,Emamul islam Emamul islam,https://play-lh.googleusercontent.com/a/ACg8ocKJ5DLT2bnnDpVh9HPjNlxRuRYQ6BC2c9w1NKVilXHfseioEQ=mo,1,good,0,2025-08-08 17:45:28,3.0.12,,,en,Rocket
1d2b7e49-a360-4261-8bc2-6017dc1d63eb,Beirak,https://play-lh.googleusercontent.com/a/ACg8ocJKnNNJj3xBgQ54cognoiMfztJUn7FyWRCGQjAT_vLDIAO3lA=mo,5,nice,0,2025-08-08 13:49:16,,,,en,Rocket
3e46b25c-93e2-4909-b928-27818e244008,Family Photo,https://play-lh.googleusercontent.com/a-/ALV-UjUcF2QQEf-FTwWnHmy756vJzYsj2w28YIsrYJxKdOHhjvhBd00,5,ভেরি ব্যাড,0,2025-08-08 11:50:36,,,,en,Rocket
de27b8c2-17a4-4788-a017-73c5d0d2e424,Crush Queen,https://play-lh.googleusercontent.com/a-/ALV-UjVwXa3ML1nAE79-MI2Owsq8G8g8LBxayRWTs-sMa4px3KNnd31m,5,good,0,2025-08-08 06:52:23,3.0.12,,,en,Rocket
8af6d9b7-4bbc-4812-96f5-49b6f4987dbe,Md.Sabbir Khandaker Habib,https://play-lh.googleusercontent.com/a/ACg8ocL-CfOpZTVnJr_2_lBh00jLAvz25pvYMpgtyakxiKqO4B159jg=mo,5,গুড,0,2025-08-07 22:22:41,3.0.12,,,en,Rocket
ca8b6667-9f39-4035-a3b3-a0cc745d5dcb,Farhan Ishrak Nahin,https://play-lh.googleusercontent.com/a-/ALV-UjXl2MX4mQMVQM6C0KK8vKNQLalyMEHRFrIAYkbsRww6XANRGEbdng,1,poor service loading always 😡,2,2025-08-07 21:56:08,3.0.12,,,en,Rocket
7fd5b990-e3b2-4df7-93ca-03f8d6eb7e1c,Sourob Vai,https://play-lh.googleusercontent.com/a-/ALV-UjV2UsnzM6bICDxFUd-9CwOtg4UyBLZb2h-LzNJrDEQRNwx3k6Zj,1,too bad service,1,2025-08-07 21:53:49,3.0.12,,,en,Rocket
41b6224f-b5e4-4e92-b8b2-afade303a37a,Md Forhad,https://play-lh.googleusercontent.com/a/ACg8ocJMo1_ovuSqF7TN1R-QhWmTzUPDWQMXjzv7fdwhUFtAHkG9vQ=mo,5,nice,0,2025-08-07 21:50:02,3.0.12,,,en,Rocket
27b6b253-26a4-4e9a-96a6-3166002805cc,MD.Mokhlesur Rahman,https://play-lh.googleusercontent.com/a-/ALV-UjU-EIVBGIICrhFWNxkyti3yfbi0GQYeWRldY4d-P01kCOuuSRhU,5,very good app,0,2025-08-07 21:20:32,3.0.12,,,en,Rocket
d3a67317-52fd-431e-b4c1-30bca2c6db0e,Md Emon,https://play-lh.googleusercontent.com/a-/ALV-UjWP-qbnR4mjUHuUzcqaW6EAJQynjBZgbyDBeKJqBSN6ZtuN5eg,5,nice,0,2025-08-07 20:24:42,3.0.12,,,en,Rocket
3a000e44-9ca6-40d4-9792-1cc2d894b23f,Misti chele Sohan,https://play-lh.googleusercontent.com/a/ACg8ocI7Wht7O_Um45DNGhBkmRN5Tort9oD1yDSgRFBgDs0TOyN7-gA=mo,5,Good apps,0,2025-08-07 20:22:20,3.0.12,,,en,Rocket
b62ce4ef-6d8a-465e-b6ad-135978737691,Md. Mominul Islam (Murad Shekh),https://play-lh.googleusercontent.com/a-/ALV-UjWeRIWg5hfR8-596BvTUItAA3VlZp5a16M7hckxc4CJxs-q1GTw,5,good,0,2025-08-07 18:41:28,3.0.12,,,en,Rocket
12d82a0d-9d8e-45b0-9bd8-f68bda218d64,NAHID hasan,https://play-lh.googleusercontent.com/a-/ALV-UjX0THKBKx9i9eS4TlXSujR4MLN8uK04K7ilM_DpRziVrOa-sHLM,5,good,0,2025-08-07 17:27:44,3.0.12,,,en,Rocket
e992fb4a-2fba-490d-b508-42324e9aec2a,Rs Rs,https://play-lh.googleusercontent.com/a/ACg8ocL_z9joEmnDui9AGDBi7ELH3BKeX07KegA0fiG4MZly3IwyqQ=mo,5,Valo,0,2025-08-07 16:15:55,,,,en,Rocket
75393580-ee17-4264-a1ee-886f199d80b0,Lokman Khan,https://play-lh.googleusercontent.com/a/ACg8ocIfRgHVRbbvjXCkuQEy6lcnGgPGoyRpI5eegSO8kh5CqUqYHA=mo,5,Nice,0,2025-08-07 15:11:31,3.0.12,,,en,Rocket
755abe88-5cb9-4eb7-8612-3b235aaaa8e9,Ripon Sheikh,https://play-lh.googleusercontent.com/a/ACg8ocLH5VP7RbVJ1swna6RsAMAsms3aSPBs_Vjr7CjAYbZCtEjFLQ=mo,5,nice 👍🙂,0,2025-08-07 14:38:54,3.0.12,,,en,Rocket
0e8b7ae9-33c9-4ae4-9293-77a6ab4adf39,Laboni Hossain Aniy,https://play-lh.googleusercontent.com/a/ACg8ocLcVLPagVw7msWCUzYCv1itO7NPtcE120qE8Co2IJUFZexV0A=mo,5,good,0,2025-08-07 02:43:50,,,,en,Rocket
d2ec1b3b-1999-4c22-90d7-379905008b5f,єʍση ѕσrkαr (EmU),https://play-lh.googleusercontent.com/a-/ALV-UjXHrgZrVOqFr9o0zow3csuaL5U6Sn6nttDvcrCKrDas5ZbxOVN6,5,Satisfied DBBL👍,0,2025-08-06 21:05:54,,,,en,Rocket
2ff02d8d-3299-4973-8c10-d59d38550d75,Mahfuzar Rohman,https://play-lh.googleusercontent.com/a/ACg8ocLee8f_PrgcjdK6_o68ThR64Ej32HJTHGuKmVDaLCa881J2RA=mo,5,good,0,2025-08-06 19:49:42,3.0.12,,,en,Rocket
cb4245e4-d9c8-47ec-8275-caeb9bc9e1ee,Nirob Sarker,https://play-lh.googleusercontent.com/a/ACg8ocKx8ijJiUxKrbx3DSPf9pJuxiIgCOabqmgm85qYpXSaKZXy=mo,1,nice,0,2025-08-06 19:21:39,,,,en,Rocket
b0e2c5b3-37e4-4567-9603-0b197e1861d4,Yousuf official 400,https://play-lh.googleusercontent.com/a-/ALV-UjWqmtxjRZTVyNCCI8bVYx2OfJGySKUnS1uoiDSMkMm2qcF54LtG,5,best apps,0,2025-08-06 18:53:54,3.0.12,,,en,Rocket
0295a910-766f-4565-9ac5-5a238fbdaf0f,Tajmul Hasan,https://play-lh.googleusercontent.com/a/ACg8ocJxAEqSu-OP_tx6wONd-_48ykHuPPDXlrRJxIlzjiFfm0V6JQ=mo,1,plz add skitto recharge system,0,2025-08-06 12:51:59,,,,en,Rocket
032957d1-967f-482f-8d77-417f50abf185,Rana molla molls,https://play-lh.googleusercontent.com/a-/ALV-UjWm3Blub5R8H1hn3FIGxgyZq3JhLTwSZo7LNWqqerXvNjdEmHEE,5,nice app,0,2025-08-06 05:32:19,,,,en,Rocket
97b6ba38-afd3-49c7-9d8b-93c7c9f449f4,Rocki Chaudhry,https://play-lh.googleusercontent.com/a/ACg8ocIywvnvM_Ik-WebveXFC9XiXPyeGzYqSq-areiyDmtvDFSsSQ=mo,1,not like this,0,2025-08-06 03:48:49,3.0.12,,,en,Rocket
43f29b88-0c3d-4743-abaf-491508f308ce,Masud Rana,https://play-lh.googleusercontent.com/a/ACg8ocKacF86Efku-lfzi20bHQ5D-dnHZVgcSLCAt6bHSS9dYoQFbQ=mo,5,ok,0,2025-08-06 03:03:31,3.0.12,,,en,Rocket
9375e38c-1912-40f4-98a1-f39500a48d9c,Km Asif Ahmed Sony,https://play-lh.googleusercontent.com/a-/ALV-UjWs08cyc5l0sKVFN1w1su_A-y6RNJQUloM5rdL5cNYqvN-BRiIE,5,nice👍,0,2025-08-06 00:09:55,3.0.12,,,en,Rocket
5d95f700-e201-45fe-a102-461d9300c78d,Shofekul Shohan,https://play-lh.googleusercontent.com/a-/ALV-UjUc2yTftxwxB_XWwr7uePbYxOC3KzV337LBz7Q8aFOu79PpTuS8,5,wow,0,2025-08-05 23:36:47,3.0.12,,,en,Rocket
8a49e33c-fdaf-4de9-87a1-12654a06964a,Emon Hossain,https://play-lh.googleusercontent.com/a-/ALV-UjX0QzyFg8M8w_pUXZCQNgd4gZB61ZkG5ztJo-8vEwOdHz3P79c,5,good,0,2025-08-05 21:09:33,3.0.12,,,en,Rocket
78887551-481c-4232-a32d-15f35b51ce82,Hri Du,https://play-lh.googleusercontent.com/a-/ALV-UjXjUVYjdwVls8Hrz-0MsmRAcUw4cnnOyoMLK4xdwIoFPwHkqgc,5,Good,0,2025-08-05 21:05:48,3.0.12,,,en,Rocket
cd8b5332-4b30-4428-b330-77f70b9e60a9,Abdur Rashed,https://play-lh.googleusercontent.com/a-/ALV-UjX_3qa6mGFuVtMD8EmR5sdXOt0__6iUAiXwdN-hCZypEHB25GE,5,Very good service,1,2025-08-05 20:42:24,3.0.12,,,en,Rocket
c8802aa6-6f16-4dee-9d8a-aa5b744ce57d,Asura Bani,https://play-lh.googleusercontent.com/a-/ALV-UjW-iG8bnXdc5w5o5By5bGsp1UATj5Pg1lYuR4P8pKpEg9tIYQs,5,good,0,2025-08-05 17:24:38,3.0.12,,,en,Rocket
7bfcc0e3-f4aa-408c-ad1a-bb38ac1b6b57,Md Azad Hossain,https://play-lh.googleusercontent.com/a-/ALV-UjXEVoxgno_ZW6M27eaxzq6lJj26oXVv4UWG3buUJdyJTLZU2_WE,5,Good,0,2025-08-05 10:28:13,3.0.12,,,en,Rocket
ddbd5025-8f75-41c5-8913-ac742215ae2e,ASHIK SHA,https://play-lh.googleusercontent.com/a-/ALV-UjX0C2yxLPN2Rjbf4icRn545NKcDr0tRo_O9_T_Eljgops34BR-8,5,good 👍,0,2025-08-05 09:51:42,3.0.12,,,en,Rocket
f18317ed-9885-42fd-811b-81f4cdcfd059,Md Rashed,https://play-lh.googleusercontent.com/a-/ALV-UjU2QzWKo3H2dHoog_L19rAlrPjzw71Vfq6LjIFQmefEn21IOmyz,1,What a useless piece of garbage banking app always server problem and nid verification problem with this garbage,3,2025-08-05 07:01:50,3.0.12,,,en,Rocket
f2c3b0c2-fa2c-4ee7-a3b9-bf352af27b91,MD:khorshed Ali Bappary,https://play-lh.googleusercontent.com/a-/ALV-UjXoHUU90t88ct8YdN9RlS32MJPJ_EvowncA0DHHKRS1GmLYA4ax,5,good,0,2025-08-04 22:16:01,3.0.12,,,en,Rocket
66b59b38-f020-4608-8e78-2c0a09bff3d5,Shakib Farhan,https://play-lh.googleusercontent.com/a-/ALV-UjW1w2eD_kkWQSiWbGUgOres6XGWQnx_H9BoPiGroccwEWLTHiKB,1,Very very disappointed.,0,2025-08-04 18:15:27,3.0.12,,,en,Rocket
f57a3e60-1590-4c02-978b-fd775dc10f93,saiful islam,https://play-lh.googleusercontent.com/a/ACg8ocIShadLx6_PxM86liSAk1ahRDK6UMd72rxl2ika59--180p3g=mo,2,আমি খুব হবো আমার কবার জাছ দেন খুলবে পারি,1,2025-08-04 00:03:03,3.0.12,,,en,Rocket
495140d8-35f5-46c1-ac1a-4196cc8ded9f,Mas Mas,https://play-lh.googleusercontent.com/a-/ALV-UjUmL6LmnilJ6nMZPw1xIr6SHHg0NyVX-pVGjSg-n_7tFxO7bOLZ,5,Naga Good,0,2025-08-03 22:23:03,3.0.12,,,en,Rocket
448cfe06-5ddc-48c4-8362-0c4d06489d67,Ovi 99islam,https://play-lh.googleusercontent.com/a-/ALV-UjXQ-neS0f-zbbrTel4K-fe7kqSCj1C_0TPZJhO7zIrZ-lxoL-M,5,good,0,2025-08-03 17:46:56,3.0.12,,,en,Rocket
20476f69-634f-45d5-9cc1-498fb33947b1,Md Abutaher,https://play-lh.googleusercontent.com/a/ACg8ocLWhKNNb-h7IdlRG7_nf0JXZ3G5t9rlvVkEAS4dOIWFXxJNZg=mo,5,very good,0,2025-08-03 16:09:18,3.0.12,,,en,Rocket
0091b00a-bec9-4569-9eba-87f683259a3f,Hasan Khan,https://play-lh.googleusercontent.com/a-/ALV-UjXhmOq9RJlfhYYD1IN7ZU73OWxs16DEQ1zVmWksnJYc03TSLqkl,1,kyc problem,0,2025-08-03 15:20:56,3.0.12,,,en,Rocket
7ebbc149-c3c4-4d60-93cc-73e7abfd5cce,রানা খান,https://play-lh.googleusercontent.com/a/ACg8ocK2RWuEkIIpAUVzDIu6gEYx1e8mRrc47cA06kXlVbm8OqtNEQ=mo,5,নাইচ,0,2025-08-03 11:24:47,3.0.12,,,en,Rocket
660466f2-c5dd-4a78-a2ed-817698d87941,ROMJAN MATUBBER,https://play-lh.googleusercontent.com/a-/ALV-UjU64psW_0UCq1jLcHZODpydFhynHX0J_pJKmh0Mk6VL-EDLR-I,1,not good,1,2025-08-03 08:28:32,,,,en,Rocket
193e3539-5aea-4954-868a-e08b40ffc629,Morsheda Begum,https://play-lh.googleusercontent.com/a/ACg8ocKzjSYbxm-ez4fa6ZcatmDRwXb7CFBp88xY90lFvirPjvN-YQ=mo,1,It’s a huge harassment during opening account 😬,2,2025-08-03 07:12:12,3.0.12,,,en,Rocket
270c477a-f6ec-4f59-ac0f-fe6b85fe959c,S Abir,https://play-lh.googleusercontent.com/a/ACg8ocJD6PPBO5dhxh4oVhCsUgfMzsnbM5DRvBOMxJdSAm3t7lw-_w=mo,5,nc appd,0,2025-08-03 06:51:35,,,,en,Rocket
8630051a-a298-4566-91fa-53a8370f608d,Mizanur Rahman Sahel,https://play-lh.googleusercontent.com/a/ACg8ocKsbgcLUL0rvDhckfKBiNOSlWK27MEXRCK_hQydM0oLv_ustQ=mo,1,"আমার মোবাইল অন অফ করে বার বার চেষ্টা করেছি লগিন দেওয়ার জন্য, কিন্তু vpn connection on করা আছে এই মেসেজ দেখাও, অথচ আমার মোবাইলে vpn এর কোন app নাই, এবং আমি মোবাইল ইন্টারনেট ব্যাবহারকারী, তারপরে আমি ইচ্ছা করে ভুল পিন নাম্বার দিয়ে চেষ্টা করি, কিন্তু সমস্যা একই।",0,2025-08-03 01:55:21,3.0.12,,,en,Rocket
23896e08-c1f6-4e01-9a1c-fea95fbeabcd,Ajoy Sarkar,https://play-lh.googleusercontent.com/a/ACg8ocKbBVN0QOcyXBMlV_moACquoR-24jFTQJ_B4gpVHS-gHfPs_-88=mo,5,Ñicē👍,0,2025-08-01 22:15:24,3.0.9,,,en,Rocket
595dfd85-589f-4c22-83ef-ea34232dcf1e,Md Raselkhan,https://play-lh.googleusercontent.com/a-/ALV-UjUcU1RmOLvcVVS31YhAO0PSitaogL208T4ujEzQ3UxJPUaivz-B,5,good,0,2025-08-01 21:15:35,3.0.12,,,en,Rocket
866814a3-10c0-48d6-a0c5-622bd6586f7c,As Popy,https://play-lh.googleusercontent.com/a/ACg8ocIOtfQip09pactJ5ndHlSLAWGvKjlXSZsSbm7zYhuAO-hPCUg=mo,4,ওওও,0,2025-08-01 18:47:08,3.0.12,,,en,Rocket
9aa0a549-979c-40ae-8cfa-4f06c7b2c87a,Rokibul Haque,https://play-lh.googleusercontent.com/a-/ALV-UjWTPZsnFD8ATxRV0NPd0tE4iRjoGJCnFA7-k5JHkZDP5oWUqJ9r,1,Login system very bad. i untail this app,0,2025-08-01 15:49:00,,,,en,Rocket
283975b7-2f9e-4daa-b1a8-a73bb8f3672b,SADDAM KHAN,https://play-lh.googleusercontent.com/a-/ALV-UjVN7zVWspXWDPb4Q2nwreXuOWOIhuZOJGJpC57CKSscocyKlfXl,5,Excellent,0,2025-08-01 15:03:22,,,,en,Rocket
04583b11-9b6a-4b86-802d-8763433e8e2c,MD ATOYER HOSSAN,https://play-lh.googleusercontent.com/a-/ALV-UjVW7ClHVMNHSCxxhzJMgFzM_Wnl0S0GVj-v9aNeENyPLxyXuzIcUg,5,very nice,0,2025-08-01 04:16:44,3.0.12,,,en,Rocket
ef9913be-5fb3-4b67-999c-2e295155a66d,MST NILIFA KHATUN,https://play-lh.googleusercontent.com/a-/ALV-UjUJLcYJY11jqSTMvngdwS9YA23YyoxR6jtERhFS6YEfDwB--Ck,5,nice,0,2025-08-01 04:14:40,3.0.12,,,en,Rocket
bcf96c5f-fd74-49ca-9d0f-eca2931c858a,Nurul Mostofa,https://play-lh.googleusercontent.com/a-/ALV-UjU3xDa6LqSy4KPzhUMFbrKxRoaxoDIMA3-mci91kjtyM9D9DZevBg,4,"মোবাইলের সিম হারিয়ে যাওয়া এবং বিভিন্ন কারণে ঐ সিম আর ব্যবহার করতে পারেন না অনেকেই,, তাই রকেট সার্ভিস গুলো রকেট এপ্লিকেশন এর মাধ্যমে সহজভাবে সকল তথ্য ভেরিফাইড করে নাম্বার পরিবর্তন করার সুবিধা দিলে গ্রাহক পর্যায়ে অনেকে সুবিধা হতো আর ভোগান্তি পোহাতে হতো না,, সামান্য বিষয়টার জন্য সবকিছু ঠিকঠাক থাকলেও একজন গ্রাহককে ডাচবাংলা ব্যাংকের শাখায় গিয়ে নাম্বার পরিবর্তন করতে হয়,, বর্তমানে অনেক এমএপেস অপারেটর এই সুবিধা চালু রয়েছে,, আশা করি সুবিধার কথা চিন্তা করে বিষয়টি মাথায় রাখবে রকেট কর্তৃপক্ষ।",1,2025-08-01 00:15:21,3.0.12,,,en,Rocket
2a13f433-6793-472b-908e-764f6a63fccb,Rayhan Mia,https://play-lh.googleusercontent.com/a-/ALV-UjUmDJR0JKjQQDmR8uUJDEMbTUGwe95Lmdks5ut7scJT0uNKfrNq,5,"I'm a regular user of the Dutch-Bangla Rocket app and I must say it's a great experience. The app is smooth, reliable, and very user-friendly. I truly appreciate the services so far and hope to see even more innovative features and improvements in the future. Keep up the great work!",71,2025-07-31 18:55:22,3.0.12,,,en,Rocket
1f0c5f1e-ddb6-40f4-9aed-a5dff8136bfe,Ms Meherun,https://play-lh.googleusercontent.com/a/ACg8ocJ0xrDwf5U-9zUvfwiO8-Y5fWtwaRPTngWZuTWGI0Nh5-z-mg=mo,5,good app,0,2025-07-31 13:31:20,3.0.7,,,en,Rocket
3b58cf1e-94ff-48d3-9740-e7b86b10349a,Aal Amin,https://play-lh.googleusercontent.com/a-/ALV-UjXUiIdk352Bk-wBQhG-DLcnel9vy905Xne6WOFjeNaFvZkzcsbC,1,"এইমাত্র আপডেট দিলাম। এখন বার বার লেখা আসতেছে ""account not active""",0,2025-07-31 11:58:22,3.0.12,,,en,Rocket
1459fe99-b2ea-404c-b4fc-d3ae34ea34ed,Md Firuz,https://play-lh.googleusercontent.com/a/ACg8ocJ9dVw0Pd5U-5Ec_LfjscHVpp1RGVwRolMVEsZFg7d_cl_bng=mo,5,nice,0,2025-07-31 09:06:08,3.0.12,,,en,Rocket
edb87c18-8dc7-4270-a633-de3e74f27f3a,Md Eslam,https://play-lh.googleusercontent.com/a/ACg8ocIvtLRlfkKoX7BoMtjEX6gBfXxlWliQHpJnIdtSQqvgEdr-nQ=mo,5,Nice,0,2025-07-31 08:09:27,,,,en,Rocket
9bacbf47-43f9-4004-b334-90a1476746f6,Md Ibrahim,https://play-lh.googleusercontent.com/a-/ALV-UjXO6AQj9JB9h0qWyNgkOqBsvDpm663x_zwYXSzMQE1r_3RhGzz_8A,5,good,0,2025-07-31 00:13:00,3.0.12,,,en,Rocket
a74cf91e-e052-48f6-bac3-ae90e0249a8b,Akash Raj,https://play-lh.googleusercontent.com/a/ACg8ocKZktgk-xYpf5RQ0ojTCjeAAmcIpMHTIwGKY2YPXh3B9DYnrw=mo,5,nice,0,2025-07-30 11:22:27,3.0.12,,,en,Rocket
fd209166-75a8-4d49-b8a0-b4309dc46fd6,Minhaz Telecom,https://play-lh.googleusercontent.com/a-/ALV-UjXOPFPU6CGA11xNSfGsRbf2Y_PISY0OJDyfuhFBwxkPGR5cMEDa1w,5,good,0,2025-07-30 08:02:31,3.0.12,,,en,Rocket
df016be2-5c1f-4465-82f7-7edf88bcf2e8,MARUF AHMED,https://play-lh.googleusercontent.com/a-/ALV-UjUpGJ6xlcaAjcSZawmsEV3mF9YLirpX158eDRoPhv6e1O097_w,5,very useful,0,2025-07-30 05:39:28,3.0.12,,,en,Rocket
f2ba149c-b42d-4015-8e7e-3e6139911619,Nur mohammad heron Nur,https://play-lh.googleusercontent.com/a-/ALV-UjWmsLkeWbj4nCOktCLEEUuGgvnehUXlxn836cXTTgmN0YR4RMk,4,"তবে যদি অন্য একাউন্টে টাকা ট্রান্সফারের সুযোগ থাকতো তাহলে আরো অনেক ভালো হতো,,",1,2025-07-30 01:27:52,3.0.12,,,en,Rocket
615a6aa3-a8db-4b90-a972-88fda29a4ed7,John G,https://play-lh.googleusercontent.com/a-/ALV-UjU8wy4ZKIYpDLkzR436Ma3tIRQxJBxWNwud8R-03mBAa8B0U2Xh,1,Good job on the deal with Govt bank applying. Otherwise no one would use it. Worst MFS ever.,5,2025-07-29 22:49:10,3.0.12,,,en,Rocket
84da439f-b9a1-4203-89e2-7466586ba9fe,Md miraj khan,https://play-lh.googleusercontent.com/a-/ALV-UjXJUSzBKJXNqrcvy5BG1P1k-j_bfJ7uNg_2AD-gk3tjQtBIhUcM,5,nice,0,2025-07-29 15:45:38,3.0.12,,,en,Rocket
cba17869-661e-4a91-ba27-36233e0ae100,Rojina Khatun,https://play-lh.googleusercontent.com/a/ACg8ocI0YvicA0M2e0HociWUulK7Fi1XvnPr3q87sx3uin6C3fI-ag=mo,5,Good apps,0,2025-07-29 10:15:14,,,,en,Rocket
8e54588f-cdd9-4245-8717-3c7129f15ac3,Abu Tanha,https://play-lh.googleusercontent.com/a/ACg8ocIi3BnW5W9ERYzWV6aXUgMhPD4KfCuE4jlvGB2N-WDONVbK6Q=mo,5,বাইনচোদের এপ্ছ,0,2025-07-29 06:55:17,,,,en,Rocket
e10cc9da-f73b-4463-bc42-d3a8d858648d,Minara Akter,https://play-lh.googleusercontent.com/a/ACg8ocJt76nnuObXt7hIGeseYSW1PLcxMoQgPHfv6UM7WPIvp7I4UQ=mo,4,excellent,1,2025-07-29 02:52:26,3.0.12,,,en,Rocket
2daf2738-81ef-4f5d-9da5-863896b19fae,Christin Jambil,https://play-lh.googleusercontent.com/a-/ALV-UjWiB_ki4LK0B-9Aht6s-fyCwXasckUk5p42EolQMhsgeFevDsrC,5,Nice Apps,0,2025-07-29 01:24:37,3.0.12,,,en,Rocket
58749d00-ff76-43d4-be87-09fc60380795,md Shibu,https://play-lh.googleusercontent.com/a/ACg8ocKiL2vYzSMYifLD2ZCqxJ_qxpBJYcneweppoJtCazBVtfOd-g=mo,5,good app,0,2025-07-29 00:14:35,3.0.12,,,en,Rocket
d6fd5293-7356-4ac4-ab8e-71d8fcd84b9a,Roni Hossain,https://play-lh.googleusercontent.com/a/ACg8ocJg6vR1ScEDr2ffz7D3HBAH4YdAOU3ljjF4hHySOBIxMDNECg=mo,5,very good,0,2025-07-28 22:36:43,3.0.12,,,en,Rocket
cdf31b23-fdaa-4839-8d47-2617968dd073,Soniya Akther,https://play-lh.googleusercontent.com/a-/ALV-UjWVie59oqFVlj8JDixqiTGhD51enk6FIy2olMpxdpHqpFre0ZFj,5,amazing banking performance really appreciate this Bank... after all something I to say this is so much level secure and fastest transactional banking system thank you dbbl manufacture.,2,2025-07-28 19:25:07,,,,en,Rocket
d82c674f-0e8c-4d83-a022-86019e9dc0f8,Anirban Akash,https://play-lh.googleusercontent.com/a/ACg8ocK87teOC6PYVkUJSqvCeF-kuc5SukzzgOP6LZ1X-VIVtXanqg=mo,5,Good app,0,2025-07-28 19:20:02,3.0.11,,,en,Rocket
04f59d95-95b4-4372-a164-6bbf2263643e,Md jakaria Parves,https://play-lh.googleusercontent.com/a/ACg8ocLtE_0Q0Y-8Wx7IXLzEIVeuUvgq0NSAhVAMk5YPBmb5cQodfXnp=mo,1,সোনার কোম্পানি,2,2025-07-28 18:42:22,3.0.12,,,en,Rocket
8eb6c04b-1565-4f6d-aa7f-345c4ee876df,Arman Faruq,https://play-lh.googleusercontent.com/a-/ALV-UjWqy7bXgQ2bZ4X3FyfeDhIo2_vcI687xhRPe9Tj4pLvAQ5gPGBp,1,আমার আজকে 30 দিন এর উপরে হয়ে গেছে কিন্তূ অ্যাকাউন্ট একটিভ হয় নাই হয়রানি,2,2025-07-28 18:03:15,3.0.12,,,en,Rocket
44bd0c8d-d0f4-4b1c-b1ff-f0a959f83a1d,MDsuliaman MDman,https://play-lh.googleusercontent.com/a-/ALV-UjWlz8rU3fp4PbY9Rtz8LmaL9Nh6Va41Q_-qPrSU8RUbtatzQarx,5,💲💲🇧🇩,0,2025-07-28 17:41:06,3.0.12,,,en,Rocket
ff90319d-9871-4a9d-a7ac-91a0d14f6b51,Sheikh Nasim,https://play-lh.googleusercontent.com/a-/ALV-UjX8uz-2-AnIPhqXAGC5VVB-MAZvY5Ks1nia35v09PI47Nn3ZfzM,1,❤️❤️❤️❤️,0,2025-07-28 13:39:22,,,,en,Rocket
4aa2e27d-c0e3-41e3-aac3-4a3344126256,Ziam Ziam,https://play-lh.googleusercontent.com/a/ACg8ocK8ljdc3mDX0TRq2unxi2gWJ_HOMWbWd2v9IGYdGHE76IZZI2k=mo,5,nice apps,0,2025-07-28 09:27:30,3.0.12,,,en,Rocket
fec0be81-be51-4743-acd0-d81e06463902,Nadim Hossain,https://play-lh.googleusercontent.com/a-/ALV-UjWil-RIRM18YIOh_NgaaW4HxVVZUSpZhAglV_CP1Apa9n38o-O9,1,কিসের আইভিআর কল লাগায় রাখছে; পিন দিলে পিন নেয় না! লগইনই করা যায় না; ফালতু অ্যাপ!,2,2025-07-28 06:30:47,3.0.12,,,en,Rocket
eca05a38-1b77-4a98-8e73-6a3bc7553c8e,Pabel Ahmed 75,https://play-lh.googleusercontent.com/a-/ALV-UjUb8TkYNaz-jD4g4cT92YWql5l9WpTh32uTq4JoUT6Al7khgW_E,1,রকেট এজেন্ট অ্যাড ব্যালেন্স করা যায় এবং এজেন্টের টাকা ব্যাংকে পাঠানো যায় এই সিস্টেমটা কবে আসবে রকেটের ডাচ-বাংলা ব্যাংকের সাথে লিংক করার সিস্টেম আমি খুব দ্রুত আসে আমাদের ব্যবসায়ীদের দাবি,0,2025-07-28 00:24:46,3.0.12,,,en,Rocket
2fc6b770-5970-4210-8c34-c825cc1c4bdd,MD MAMUNUR RASHID,https://play-lh.googleusercontent.com/a-/ALV-UjUKBjpvugSqZAj3zjlEtj8jCnn6-EANBhIcVwL_PS-riWps-Xo,5,so beautiful Banking,0,2025-07-27 21:50:49,3.0.12,,,en,Rocket
f8a57fa1-7347-4573-8707-55949b7b1ab7,MD. Nur Mohammed,https://play-lh.googleusercontent.com/a-/ALV-UjVb4mhyrHvQoqVoQblb9KBKtEH2Lhd76jr5KWzE6P4FBFlehnkwbw,5,valo na baje app,0,2025-07-27 20:22:27,3.0.11,,,en,Rocket
4f6957ba-92c2-4ae1-ae7f-594ce9bbcaff,Sobuj R. Borson,https://play-lh.googleusercontent.com/a-/ALV-UjUVYJuu6iluLCjLGo1PTkdgOonBXXWshCz4WwTzCFL7mfiihZ4,5,good,0,2025-07-27 19:05:42,3.0.12,,,en,Rocket
ad9b56b8-3ab9-4ac8-aadb-a5f19cbd2e50,Abu Said,https://play-lh.googleusercontent.com/a/ACg8ocJho5zBwMU8ogRYHABS7wwAJoBOq2exXDtTFlI4e07Lc2qefg=mo,5,good,0,2025-07-27 19:01:24,3.0.12,,,en,Rocket
3230b463-2d72-486f-b4f6-aa9a9a9482f3,Sumon Hasan,https://play-lh.googleusercontent.com/a-/ALV-UjXO0-4gyaJnfn0H4M1cd_4V3tK6n08RwS2USECI-JWpzhPpXH1J,5,good,0,2025-07-27 18:35:17,3.0.12,,,en,Rocket
836aeb87-e9ae-440e-a69a-0efa5d79afa8,Kamrul hasan,https://play-lh.googleusercontent.com/a/ACg8ocIqyxwGfk8uTQFee-B9cMSiMt6r6K1xjPVl_xVzeObrRi4DWA=mo,5,wow,0,2025-07-27 14:25:41,3.0.12,,,en,Rocket
03846f46-99c7-4c2f-b55c-56f24a43cb08,Md nayem,https://play-lh.googleusercontent.com/a/ACg8ocK5Irq6ekSKW_HsFFWCxjZiqOnE0uhhEHaa3MhW8f4RsyVCvvk=mo,5,Ok,0,2025-07-27 10:24:31,,,,en,Rocket
3611c707-b4cb-4cfb-8e01-8c8db6e32e3e,A.T.M. JAKIR HOSSAIN,https://play-lh.googleusercontent.com/a-/ALV-UjWzcqDIcSdEUXx3_IzlyCGNYYVCJUhJP3YWmmC0mKgMaf5Z21BI,2,"""This app has a bad habit: whenever I try to withdraw money, it throws up some excuse and says sorry.""",1,2025-07-27 10:21:06,3.0.12,,,en,Rocket
614202cd-b8f7-4719-818f-52bd5dbb5d17,MD Tahsin Hossain,https://play-lh.googleusercontent.com/a-/ALV-UjVqoIuNj4QRLno_52PtYaNd8hZ_Kd6iJS6h_GwkxWBUJEOlYsi7aw,1,More than 3 days have passed and still cannot login for a bs error.,12,2025-07-27 01:58:07,3.0.12,,,en,Rocket
183fa3d7-27bf-4a20-817f-d64050dacf57,Annu Miah,https://play-lh.googleusercontent.com/a/ACg8ocKMtcj9s8hUg7FsbP6Y_kSB907ok2BIeogKolrMULMzXrmi3Q=mo,5,good,0,2025-07-27 01:24:01,3.0.12,,,en,Rocket
263540a6-5e86-493e-aaee-0cc02dac38d8,Md Abdul Ghofur,https://play-lh.googleusercontent.com/a/ACg8ocLrs0wSgB1q56qa0_9BFrxNBVxosUc0izCZz0QWtmqrVoarZg=mo,5,valo,0,2025-07-27 00:34:41,,,,en,Rocket
6c8de2bb-47ba-463d-aec7-931bb82dba43,KM Naeem Ahmed Faeem,https://play-lh.googleusercontent.com/a-/ALV-UjXqii2QZ0KT719P7Evolzk9S-Xfs8BK9-qBC_WOMge79dTlJklA,1,NID change future available this app,0,2025-07-26 23:41:05,3.0.12,,,en,Rocket
674e1a83-5e17-4131-9537-9f68bfb457f5,Md Abed Ali,https://play-lh.googleusercontent.com/a/ACg8ocI9qP8y6wqw8YMdvaI5m0w36N1Lc-gitHL0aEGCmxp5q2OTDw=mo,1,ok,0,2025-07-26 18:37:39,,,,en,Rocket
e304c7b5-8889-4203-85e7-0da759298431,Nazmul Hasan Bappy,https://play-lh.googleusercontent.com/a-/ALV-UjVmHLifKlzbiFDj8NfiG57nR39aY5W0iaAhGq95VJVHMcud7WkzIg,1,"Very bad service, when using add money from credit card. It's loading time never ends. 😭",23,2025-07-26 11:42:39,3.0.12,,,en,Rocket
b606c061-0cdd-423d-9247-b42df4b4bd98,Asif Hasan Shuvo,https://play-lh.googleusercontent.com/a-/ALV-UjUTdaNhVJ6gKRq-_DlpiSPP_ADYZpc4XAT9hI-lviv6UVHNlLXALg,1,বাংলাদেশের সবচেয়ে ফালতু সার্ভিস 😡😡,0,2025-07-26 00:16:47,3.0.12,,,en,Rocket
2851063e-0fde-44d6-b4fc-056a4669be60,Md jowel Rana,https://play-lh.googleusercontent.com/a/ACg8ocI29vcsaJi1PORrNJ7dAz-4GQbwQ0VzHsVxB197P4tsvJKrXA=mo,5,দারুন,0,2025-07-25 22:48:29,3.0.12,,,en,Rocket
7b43062b-c78d-4149-9412-31a7f59f3947,Md. Ayon Khann,https://play-lh.googleusercontent.com/a-/ALV-UjVM7HZPravyu8oO9QhWU-N4PGG6zX_-Kq8ZLAy_bYIHMy3o8vA5,4,This Good app,0,2025-07-25 22:36:50,,,,en,Rocket
c2a03d6f-03f7-4991-a4c6-745fe9849278,Bayazid Bostami,https://play-lh.googleusercontent.com/a/ACg8ocK5XLhLQTEXedFTy1agMeGOnRIOdrzenKW9c3MX8ZdT0GEP2Q=mo,5,nice,0,2025-07-25 21:33:05,3.0.12,,,en,Rocket
0a3807d9-9d41-4fcf-b223-78cc76221494,abrarahmad binasad,https://play-lh.googleusercontent.com/a/ACg8ocK2O9eGBABrDEpOjQ_pWt8HnjbQqmcQ6O8wM-TsCsRBxMv7tA=mo,5,good,0,2025-07-25 21:04:58,3.0.11,,,en,Rocket
76bc98c8-7c5e-4dbc-97b5-0480c0df8b48,Md Sumon,https://play-lh.googleusercontent.com/a-/ALV-UjUMSnKyK57b5J3ddASS81igCS5XfSElv2Ki16fU2BGy_sSdtRE,5,টু গুড,0,2025-07-25 20:45:41,3.0.12,,,en,Rocket
f41f4f38-63fe-439f-986d-58ee868c3aac,Md Masud Masud,https://play-lh.googleusercontent.com/a/ACg8ocL5HYrubscNC_4NfkEw6_0-H4uJkjosfBQ7A8QLOcXtNOz1Yw=mo,5,very nice,0,2025-07-25 17:19:26,3.0.12,,,en,Rocket
a8e3a271-82e8-4ce9-b3fe-3fa31e85d919,Apu Sen,https://play-lh.googleusercontent.com/a-/ALV-UjXzezhWrEwioKrTAGXKLC6PNiCxEZtdM9N-78ARfsxbjf3w8CU,5,nice,0,2025-07-25 16:57:31,,,,en,Rocket
2e867ff5-6fe3-409b-ab81-ffae6a2a38a9,Mostak Mia,https://play-lh.googleusercontent.com/a-/ALV-UjXq-tRVDm8hx1mYx2p1-WddLlLkcA32thC44W2IxEJkdQrq4Dk,5,Good,0,2025-07-25 11:57:07,3.0.12,,,en,Rocket
72ef0894-df09-4f13-ae6e-430d4ac3db3d,S M Dipu Sarkar,https://play-lh.googleusercontent.com/a-/ALV-UjUyPVagkCRrSTQH-c-O7BSSDchzzQf3KALU6hYwV30WEDmPVvo,5,Beast,0,2025-07-25 08:50:55,3.0.7,,,en,Rocket
ff6fcefe-72d8-4716-a0bc-fbcfe126330d,অসমাপ্ত কাহিনী,https://play-lh.googleusercontent.com/a-/ALV-UjWsEaaFnFvTBSzUOcSRNyQUlyDiQr41SpGAQB2EDOVykRjZ5ALB,5,nice,0,2025-07-25 07:17:53,3.0.12,,,en,Rocket
b90df5fc-6824-4d19-a026-095d4158838a,Md Shnto,https://play-lh.googleusercontent.com/a-/ALV-UjWhryXs5QLmVD2fDQvPS6ZJVPMDQWIrCTQ1jlAtS4sqGSAzzWIT0A,5,নাইস,0,2025-07-24 19:39:02,3.0.12,,,en,Rocket
66b998c5-d9f1-4c1c-924b-a03f15987ee5,SHEHAB,https://play-lh.googleusercontent.com/a-/ALV-UjWflaMEHKbZkgI8JbOv8ZpmGSSTEVe7KzntxMW5AsaLFHHYxsG9,1,Third class service,0,2025-07-24 16:18:18,3.0.12,,,en,Rocket
1ebfa036-c1fb-45d3-aa9f-565f86624863,96 choice TV,https://play-lh.googleusercontent.com/a-/ALV-UjW_9QDvE6PxO8SoWT5ctEwqIXxBncGRKYGzUJQBwkhUKknY3ZC2,5,গুড,0,2025-07-24 09:17:06,3.0.12,,,en,Rocket
e456aa8d-2217-4f47-8ccb-68ac5dc19438,সত্যের জয় গান,https://play-lh.googleusercontent.com/a-/ALV-UjUWHz5yDtfGZd01yquHxk-gxS8TqRVOW-M3zgrg0hqb2btfn9k,5,very good,0,2025-07-24 03:52:13,,,,en,Rocket
3ce37f85-cc54-41f4-8116-809959485cfb,Mst Umme Salma,https://play-lh.googleusercontent.com/a/ACg8ocLFir7THr7pBKtR5lmfmLXPi8bTyf2_arYa-E-wg4laXJM1kg=mo,5,fine,0,2025-07-23 23:26:44,,,,en,Rocket
533b163f-9b71-43f3-8205-4db61cd9c9bb,JOY PODDAR,https://play-lh.googleusercontent.com/a-/ALV-UjWK-FnChJhPp72Fs19VbKLOjGuXWaEyE3XA-7nQja8YkfW6KoEL,1,"Rocket can not automatically read the OTP code from message as like Bkash, Nagad, how to solve this problem?",0,2025-07-23 23:24:19,,,,en,Rocket
29fd46a0-78ea-4761-90fb-23e51845d20a,Marjuk Ahmed,https://play-lh.googleusercontent.com/a/ACg8ocIT004smqloP605TTAii9SJaGl9V-rGVr-eK4j3rZq4JvegGA=mo,5,Nice apps,0,2025-07-23 22:34:53,3.0.12,,,en,Rocket
b32271d5-f154-4239-a1bd-a33b501a6d5d,Remon Bangla Channel,https://play-lh.googleusercontent.com/a-/ALV-UjVZW2qCZQB_Cemy5v1MF99kNoM8SgO639xlaNeh3ktoDol3a-HS,4,good,0,2025-07-23 19:30:09,3.0.12,,,en,Rocket
5d4e51f9-cb44-4e9d-8f8f-0c4ec3bfd34a,Baul Poribar (Meraz Ali),https://play-lh.googleusercontent.com/a-/ALV-UjUs_wmPcdPUIx8kJ2cZ1xIR-QONhn9PcQUNLpTF37b0oxxsjmJl,5,Good but Many more features are left out,10,2025-07-23 16:52:41,3.0.12,,,en,Rocket
1b7b4cf5-2d77-418e-836b-ec9f83bea6e4,Mezba Uddin,https://play-lh.googleusercontent.com/a-/ALV-UjWAXsn31vb3p0SZ-crPO6aSXiOUs4QJnPUNngNO52uHla4YQlgq_Q,5,Well,0,2025-07-23 16:42:33,3.0.12,,,en,Rocket
fabd7d7a-e3e8-457e-aa5d-0bb289ebf3b8,Md Niaz Islam,https://play-lh.googleusercontent.com/a-/ALV-UjVijFtoU95xFUUjmnhB7bnzWTXlKDSewZ2weDFBK2lHUIKTEh4YmA,5,মাশাআল্লাহ,0,2025-07-23 16:18:20,3.0.12,,,en,Rocket
826a8f3b-f18a-42e9-930f-149f0666ff3c,Md norunnabi,https://play-lh.googleusercontent.com/a/ACg8ocI7HN74GprXLKueo7Z4WRFf8VkR4MUkcTppUzqNtOtN60-w8Q=mo,5,good,0,2025-07-23 14:26:07,3.0.12,,,en,Rocket
43aa1c19-a4d8-43ef-b518-d6cf04a82e12,Md Arif,https://play-lh.googleusercontent.com/a/ACg8ocJhYLpsUIMLRSXW4o4OofzFz90rbc33w8u3Nq574EtzN82q-w=mo,5,ok,0,2025-07-23 13:26:21,3.0.12,,,en,Rocket
e565e997-bdc0-45cc-af2a-cf98fbfd8886,Md Mustafiz,https://play-lh.googleusercontent.com/a/ACg8ocL1ziXtfhfGcEBkRsYZLcExZ_yTRSDjI_2I_DK6we_yStl1wA=mo,5,good,0,2025-07-23 11:32:59,,,,en,Rocket
8787e551-baec-4120-b00f-3c63824dc8f4,Md Abdul Hai,https://play-lh.googleusercontent.com/a/ACg8ocIujoor2jgkJ-El1Cx_YC6mQVadVrepR4lsICuhr9kzWEkcgA=mo,5,very good app,0,2025-07-23 10:48:11,,,,en,Rocket
f9bf4942-3fab-4241-82e9-d29c5c92cc93,MD FORHAD HOSSEN,https://play-lh.googleusercontent.com/a-/ALV-UjXhh4KLncb-9YaWMWlLCSjM6HkmWqDlJAXnrTvUjlqZFpv1oZ7vZg,5,❤️❤️❤️,0,2025-07-23 08:08:42,3.0.12,,,en,Rocket
587f54dd-6ea6-4917-9b20-9ddcb5f132bb,MD Safi Hasan,https://play-lh.googleusercontent.com/a/ACg8ocJMiK3wxIFtWK2yMRJ7BFT-GE3urdnl8ffhHdvB_SYB3GH3lg=mo,5,❤️❤️,0,2025-07-23 04:51:13,3.0.12,,,en,Rocket
1c90f7ed-0313-4b0a-bd33-c0931658e916,SH Sabuj,https://play-lh.googleusercontent.com/a-/ALV-UjVOfZQCiVukUVkJqAmfHT1st6FPc9616tlpfe4reVEdtLIh2Nw0,5,nice app,0,2025-07-22 21:26:14,3.0.12,,,en,Rocket
33ef1294-2dc0-4c2b-9d16-58ca53f86359,al mamun,https://play-lh.googleusercontent.com/a/ACg8ocIkdE6i6B98nvDv_fZ97D9Au6qJinhmTHBhgAb-Frp_oGg_FQ=mo,5,good,0,2025-07-22 20:47:24,3.0.12,,,en,Rocket
40f10988-1083-4a50-a07a-6d05c5564a03,Md. Mamun,https://play-lh.googleusercontent.com/a-/ALV-UjX5lW4aUpE2l2PxJBgmqQZBGs9vGGtqFgoqqC0UZF509bMwzOU,1,"রকেটের সার্ভিস হচ্ছে বাংলাদেশের সবচেয়ে থার্ড ক্লাস সার্ভিস,যেমন তাদের অ্যাপস তেমন তাদের কাস্টমার কেয়ার।😡 বিকাশ এবং নগদ এর কাছ থেকে শিখে নিয়ে আমি কিভাবে কাস্টমার সার্ভিস দিতে হয়।",1,2025-07-22 15:41:55,,,,en,Rocket
342b0093-984e-46ed-837e-4b0e10cafc36,Md. Barkullah Khan,https://play-lh.googleusercontent.com/a-/ALV-UjWWWWP32C6ieD3_IXE3Y_LeIg2SIrAGJ48oQi4D5kuVvio_O68,5,nice 👍🙂,0,2025-07-22 13:44:52,3.0.11,,,en,Rocket
eff17db7-cf3f-4b1a-86f1-3c17e6236f0f,Mahin Hassan,https://play-lh.googleusercontent.com/a-/ALV-UjVvpSFgdQunWsCWdmvII6nVus6eVYMEaIoBR1W0tBhUzATbnvtM,5,Khub valo,0,2025-07-22 08:12:59,3.0.12,,,en,Rocket
42e6abc7-dc47-4ab0-8abf-65f032f7858b,MOHAMMAD RIYAD HOSSAIN,https://play-lh.googleusercontent.com/a/ACg8ocJii7Fhkn84zEEnpb1hdmgeQGuFbvjaMfNWguBcKNriGPWWG4U=mo,5,Good App,0,2025-07-22 04:57:57,3.0.12,,,en,Rocket
c2af4b94-62a9-4497-97bb-c9509139c6f2,Naim Islam,https://play-lh.googleusercontent.com/a-/ALV-UjUqYjfEJFfKI80j29EHxbAVmqFS9fEy_OyumFPVXplP1xnsksI,5,nice,0,2025-07-22 01:12:33,3.0.12,,,en,Rocket
92f5cb75-997e-4a4e-a7cc-5df6ef6ddc08,Taskin Rahman,https://play-lh.googleusercontent.com/a-/ALV-UjWA_Dlv9I_pLd58ZOIG7SZFRIoMQHpQ-nFWgMW2-nS3nWHLNMyf,5,আপনাদের সবকিছুই ঠিক আছে কিন্তু ফিঙ্গারপ্রিন্ট টা আনলে আরো ভালো হতো অ্যাপস,1,2025-07-22 00:22:34,3.0.12,,,en,Rocket
8ca0b686-eb98-4797-82e7-ec03b1962ab4,Ashik Khan,https://play-lh.googleusercontent.com/a/ACg8ocLw6htRQzYt19reLFp-J-how3ajGXO32ymM2yEyn6nNSEtDyA=mo,3,very good,0,2025-07-21 23:06:52,,,,en,Rocket
5c0771d2-944a-4f59-938e-b9adc16d05e1,Amzad,https://play-lh.googleusercontent.com/a-/ALV-UjXZU1xLc5IG-2vgLDUOLuoT1_ok-dEVFtDkqHPQ-OvZLsSSCOe1JQ,5,Good app,0,2025-07-21 18:41:34,3.0.12,,,en,Rocket
ee504901-2964-4d0b-ad0a-d45a790aa389,Msh bd,https://play-lh.googleusercontent.com/a-/ALV-UjW7IU7In2ZcosHvTbbKx0FLbKXVF78Yt-RYZZsEjlbI1yQe2zY,1,রকেট এজেন্ট অ্যাপ Agent টু Dbbl Bank B2B অপশন এড় করেন।,0,2025-07-21 16:49:35,,,,en,Rocket
aee9d591-a739-42e2-a720-f7d31a620da5,Selim Badsha,https://play-lh.googleusercontent.com/a-/ALV-UjWs81_uEPjpiR4FenRv-49XNhWly8RmW57C5nqxG-cpCfx4S_WG,4,nice,0,2025-07-21 16:36:06,3.0.12,,,en,Rocket
dcece9fa-d8ef-460a-a3fd-c3df93e70620,Md raju mia,https://play-lh.googleusercontent.com/a/ACg8ocLIwy3VdTOuSCcM7hoPujV82z1bRIOOcDVgnldX1rdkDuEF0Q=mo,2,good,0,2025-07-21 14:13:59,,,,en,Rocket
78db749d-94c3-43c4-b650-0a41982bec09,MD SHAHAJAMAL,https://play-lh.googleusercontent.com/a/ACg8ocJKqjlE9z55t1oMwai_7YChg6I0DatCAait-7TRkf9gYYy7FQ=mo,5,অনেক ভালো লেগেছে,0,2025-07-21 00:32:43,,,,en,Rocket
85f409a4-6d9c-4454-99e7-404eea06ea7d,Rubel Hssain,https://play-lh.googleusercontent.com/a/ACg8ocIj_UWRtrc90Ad56tgQP7-_ZDDlf9hY_rH8j9KpYeXa0sEmSw=mo,5,নাইস এ্যাপ,0,2025-07-20 22:11:52,,,,en,Rocket
3f0d4315-dd87-479c-b3c0-6fc1b92a06af,Shabaj Islam,https://play-lh.googleusercontent.com/a/ACg8ocJsLu_g0jrq2jgF00E-nUZZv9TJsDPxLpSi-6kSMVeqORtQqA=mo,5,Nice,0,2025-07-20 16:51:49,3.0.12,,,en,Rocket
6c19ac44-1da0-4f05-9039-61f015782e37,Tutul khan,https://play-lh.googleusercontent.com/a-/ALV-UjU2IBHujDlxXcuRqJ4Zn7LXlBjeiEQfyQ2KFkvSaYNy9mugbSQe,5,nic,0,2025-07-20 13:23:35,3.0.11,,,en,Rocket
d252ddb9-e3ed-488c-baae-b0ea340ccdb1,Oman User,https://play-lh.googleusercontent.com/a/ACg8ocKj9qrNGuU6aWSgY-R3zq0YHqjycSBHcoaC8tuhR2NoSrDKEg=mo,5,অসাধারণ ❤️❤️❤️❤️❤️,0,2025-07-19 22:17:18,3.0.12,,,en,Rocket
d01c373c-2a94-4cc8-9284-3bdbb0fec9f9,Riyan Morol,https://play-lh.googleusercontent.com/a-/ALV-UjVYfKn4eop1dJCZQSS_lfpiBlwc3YOv5aEnf7pu3IKUC6y-inng,5,🤔,0,2025-07-19 16:34:14,,,,en,Rocket
dac0c277-b91a-44e2-8855-7e5384345b36,shefaly akter,https://play-lh.googleusercontent.com/a-/ALV-UjVW_U9SO_5gilWUZ22V7HKjtpLU3n__vTxH0Vpy2RamCoLH4Fk,5,সুন্দর,0,2025-07-19 11:52:56,3.0.12,,,en,Rocket
2933b610-beb2-42db-b1b6-2d1893163281,Shakib Islam,https://play-lh.googleusercontent.com/a/ACg8ocKfTmi9dYqHzJSv6zI-SQbGGMO_Lmy5QzWC7fZ5eSDA4tvjtg=mo,5,this is best banking app,0,2025-07-19 10:16:56,3.0.12,,,en,Rocket
e5bb0e0b-4e6a-45e0-9488-a9c8334f9e73,Talha Talha,https://play-lh.googleusercontent.com/a/ACg8ocIyLuYSrfTf3nl0Di0iSUdrbZyngLLDARB2huAPZI6DI_Cyqw=mo,5,koto din dhoira loging korte parteci na bal banaicen??,0,2025-07-19 08:49:02,3.0.12,,,en,Rocket
7cdfde01-c8a8-4b21-b037-acf46f4de26b,Ashikur Rahman,https://play-lh.googleusercontent.com/a-/ALV-UjUOHZb6-te9vwHDxI91UirBaVAtm5Llgwyqf4jVNocPhWCHZYfb,1,Totally disgusting Mobile banking app. I tried to recover my account for more than a month but it shows invalid. Heck. Kindly test your product before release. And one more thing my account isn't empty. Either fix the issue or close the product.,264,2025-07-18 22:33:12,3.0.12,,,en,Rocket
a3d1c8c1-96c5-46fc-a79b-1a6839d5afa2,Maruf hossan,https://play-lh.googleusercontent.com/a-/ALV-UjU3Swy_L61SO5ny6GB1gzVmyDrWOeGWxTLuPdZxHEu2NhRRyz5k,3,nice,0,2025-07-18 22:17:19,,,,en,Rocket
7dc8144b-da6d-4734-bfd5-d6a610e2a4f6,Shagor Khan,https://play-lh.googleusercontent.com/a-/ALV-UjVKfHM8MHTXbKzCizGVMcxmY1Y1_LS9YtuqQFXHn95mZhitjpw,5,good job,0,2025-07-18 21:30:53,3.0.12,,,en,Rocket
bece6b99-c84b-4763-8e3a-f81c6998b77e,MD Ruman Raj,https://play-lh.googleusercontent.com/a/ACg8ocLTVRCNwbVhdsXOrIGlsFeDNdQj-va6Urbo51NvVvfQPbVH5A=mo,5,",,♥️♥️♥️♥️♥️♥️♥️♥️♥️♥️♥️♥️♥️♥️♥️♥️♥️♥️♥️♥️♥️♥️♥️♥️♥️♥️❣️ruman raj",0,2025-07-18 21:20:50,3.0.12,,,en,Rocket
e7ccbea4-338f-408c-8ec3-7aaf51d6b10c,Avijog অভিযোগ,https://play-lh.googleusercontent.com/a-/ALV-UjVDQPQj1FLTaOG9Srxr_SEKZm6rglbIVkdo4M7EdvM_JLrmPc4oUw,4,nice,0,2025-07-18 19:52:51,3.0.12,,,en,Rocket
55888640-d730-4239-b135-37fb3d7bebf0,Mohammad Imran,https://play-lh.googleusercontent.com/a-/ALV-UjUV2Gb_GIc8yp0gYYzl4EaHFHYGQNktkEYrOVqp_dBxMmt3skk,5,Thank you 💕,0,2025-07-18 18:34:23,3.0.12,,,en,Rocket
cca77102-ea8a-4cbc-91c9-d6ac0cc82f19,yearof 2018,https://play-lh.googleusercontent.com/a-/ALV-UjWK3IAHaSj6jFglGfi-sJA--ZKkPnfIwnueru2iQCm1qDygPV9h,5,Good,0,2025-07-18 13:11:25,2.0.50,,,en,Rocket
5c86f02f-bed4-4f64-b8e0-269f8c301e68,Tapas Chowdhury,https://play-lh.googleusercontent.com/a-/ALV-UjWPoGllg80G5M252z6g70Msie904cQa8RVAPSes-y4OIOgP9u4,5,excellent,0,2025-07-18 12:00:05,3.0.12,,,en,Rocket
f7ebcc86-bacd-4f65-b8a0-0d4a2d19b4a6,Bappy hasan,https://play-lh.googleusercontent.com/a-/ALV-UjV-wocHzWRo4zZxMSp1iLT3-UcV_8TZvG3tDzM64rnPI00Hv4lseA,5,"/ Home / Home Reviews Home Reviews Last updated: Jan 21, 2025 The App That Helped Me Transform My Bank Account: Rocket Money Review Words by Hannah Baker ￼ ￼ ￼ ￼ ￼ Advertising content provided by Rocket Money In partnership with Rocket Money. Editor’s Note: We only select and work with partners that meet our quality standards, so you can rest assured we only endorse products we believe in. I’m a compulsive organizer. My bookshelf is alphabetized, my documents are color coded, m",0,2025-07-18 11:15:36,,,,en,Rocket
85597a06-d219-4368-9656-5f9a943f2279,Sabe Kol,https://play-lh.googleusercontent.com/a/ACg8ocII3ejSvxj3euupSw2Su4eQBmdYfn7nQ60VkB0GuV1htPruZQ=mo,5,ok,0,2025-07-17 19:55:18,,,,en,Rocket
728972e4-3eb5-4575-a9dd-c369f322cd84,Md jahid Hasan,https://play-lh.googleusercontent.com/a/ACg8ocKBZZ9_pJwQuSAugIzbn3LLmF0K1mMvn9oYH2iELZ6QIgA0zw=mo,5,Nice apps. thanks.,0,2025-07-17 19:51:49,3.0.12,,,en,Rocket
d9ec440f-7d90-4f97-843c-1f9f1443c647,Md Tawhidur Rahman,https://play-lh.googleusercontent.com/a-/ALV-UjUA9rnINId6eXE-uuVu2EIrAM5fajZN-Ga5H6rjZO1SMsFpBO2Y,5,not bad,0,2025-07-17 17:11:56,3.0.12,,,en,Rocket
0c0ed404-7a09-42a8-89c9-dfc713f0cbf3,Shohag Chowdhury,https://play-lh.googleusercontent.com/a/ACg8ocJJr7QhmFgphqL4eWq-VOyI8fTw8u5N0__y33CoRgj82E2TiA=mo,5,good aplication,0,2025-07-17 14:13:53,,,,en,Rocket
6bbb3f69-7613-4688-bc8f-4ce39b2dd8e0,Ariful Islam,https://play-lh.googleusercontent.com/a-/ALV-UjW9m7K8r58Bp6jxoT2HApS8BaQ6E54MDeHVXUDBnffj_6Ce-ory,2,work slow,0,2025-07-17 13:55:08,3.0.11,,,en,Rocket
c2a53662-5bac-4865-bad5-ad9c204780ad,Freak Masti,https://play-lh.googleusercontent.com/a-/ALV-UjXjaoxVosk_qV3fBhz6mbjIvCBmVfXd1zAChBq5PxaPpM0W6AqA,1,app crush,0,2025-07-17 11:44:19,3.0.12,,,en,Rocket
ce65c0e4-c4bb-495e-8c54-e3d2f5b78c3f,Md FAySiL PRAyMANik,https://play-lh.googleusercontent.com/a/ACg8ocLxwzk81d7zg7C1oyeGfhOcPcywyuS7O8Y5cE3uildNWnMFuA=mo,5,nice,0,2025-07-17 11:30:14,3.0.12,,,en,Rocket
0a246987-acef-4937-bf3d-8d20b5bdbd86,Asha Digital Service,https://play-lh.googleusercontent.com/a-/ALV-UjVIv7SK0UA0MlsSYPCDMu4kmVqeI_be6xQIeMC07Y8tWQalI_yM,5,দুইদিন পরপর বালের আপডেট মারাও?,0,2025-07-16 20:51:32,3.0.11,,,en,Rocket
b4a8aa05-3b72-4a72-af2f-d0a125cc0f3d,ovik Majumder,https://play-lh.googleusercontent.com/a-/ALV-UjVQ6Ckd0C2wlVTVtfyAAsftlXgU0ejIrNloBAjg_Ayh2Pkshe8,5,good,0,2025-07-16 20:22:42,3.0.11,,,en,Rocket
06236f15-1585-4090-9399-e04635333e50,Md josim Uddin,https://play-lh.googleusercontent.com/a-/ALV-UjWbgtBm6zW-GdJlMsOE96WGeB6kijZo3Dg5PPH2Uga8NKN2K7Am,1,putki mamar app.. kajer somoy use korte pari na,0,2025-07-16 20:08:57,2.0.63,,,en,Rocket
96dbd332-6034-475e-b908-d0436f853b5c,Md.Shakil Ahmed,https://play-lh.googleusercontent.com/a-/ALV-UjUDtK2HPRAzVKcLz_srjUAgLAICWm7PL2GO1UCs71VaT-cwKBj-,5,good 💯,0,2025-07-16 14:41:40,3.0.12,,,en,Rocket
a2dda465-48c9-40f1-892d-e8c773ffbbb6,Hossain Ahamed,https://play-lh.googleusercontent.com/a-/ALV-UjU8WP50J5DUXOO-8nS7we210O7g1OGXxrrRo8wHrwZRsmpOIBTnWQ,1,ফালতু অ্যাপ এটা সবারই জানা। ইনফরমেশন আপডেট করতে গিয়ে জেলা ঢাকা সিলেক্ট করলাম কিন্তু আশ্চর্যের বিষয় হলো থানা ১৬টি আসছে। ১৬ টির মধ্যে ডেমরা নাই। এরা এখনও ঘুমিয়ে আছে।,0,2025-07-16 12:52:18,3.0.12,,,en,Rocket
c21d92a6-b5cc-4dd3-8cdc-7128b404c228,Abu Sayed,https://play-lh.googleusercontent.com/a-/ALV-UjWbWLDmBpJUboOZSGw9LimJCVNUJYBP-S9oxsXDWUqMTamd6yQ,5,well,0,2025-07-16 11:16:17,3.0.12,,,en,Rocket
1f446895-46e9-4186-80f8-db4f877f654d,Maruf Hossain,https://play-lh.googleusercontent.com/a-/ALV-UjX8JpHnxYE6NfQB7HmDFtJUl-IiJhY240NlafMCc-g-6OrNdwq6Uw,5,good,0,2025-07-16 09:34:15,3.0.12,,,en,Rocket
ce0e467d-3ccc-4bc0-90b9-bb72b87754ba,Md Ridoy Khan,https://play-lh.googleusercontent.com/a/ACg8ocISIpUU2GJ2EUliu4zlt5YgVj8yKiDMu9NrJkbZNpTzLg65Cg=mo,5,have a one derfull apps,0,2025-07-16 07:37:49,3.0.12,,,en,Rocket
a40fbf3a-114e-435a-9a1c-673e206527f4,Hashem Khan,https://play-lh.googleusercontent.com/a-/ALV-UjVTOWBdSGCGcenjkCM7sXt1DLkacrO_57vBk5M3cQEvHHXfz5HL,5,smooth to use 🥰❤️,0,2025-07-15 19:32:22,3.0.12,,,en,Rocket
871591e8-17db-4d8f-aefd-76188b6ddbd9,MD Hafizul Islam,https://play-lh.googleusercontent.com/a-/ALV-UjWqWwCD3uXcKyLaYbpohgZXaUIs9y41XpqsIV4HGJ-Ly09ni3GD,5,নাইস,0,2025-07-15 18:27:14,3.0.12,,,en,Rocket
c01b7d6f-a448-49b1-940c-8e95acd1a86b,IBRAHIM HOSSEN,https://play-lh.googleusercontent.com/a-/ALV-UjVflRncN32qWsGuHZEE6tERHW_YtHTc6r2fEKm2v_EWcnIHzwR9,5,good,0,2025-07-15 15:34:45,3.0.12,,,en,Rocket
12489fb6-8b74-4371-bc80-8361e72e8c61,Shima Akter,https://play-lh.googleusercontent.com/a-/ALV-UjXQdlqOE8naLn8iLfb7A7EfUkcr8Iw0yx4cRLHQyuvpTBmapuQ,5,nice appa,0,2025-07-15 12:08:34,3.0.11,,,en,Rocket
d6e320a8-829b-41a7-ba78-a97e3b7dde2d,Masud Rana,https://play-lh.googleusercontent.com/a-/ALV-UjX511nJ1mKt4lshkAsARy1h7xzUVWwqxBzKQrcjq2WQjBi-yk4A,5,আপডেট কিছু দেন,0,2025-07-15 09:29:10,3.0.7,,,en,Rocket
74f941e7-0379-4500-a670-8ca4b7cb27a4,Sajib Talukder,https://play-lh.googleusercontent.com/a/ACg8ocIsdSm1DoHS8FTyeCjuVuBVZNYUaJcyp81wIS7glBdwgrj0uG8=mo,5,good,0,2025-07-15 00:44:18,3.0.12,,,en,Rocket
96b120f0-e34b-42b8-afba-fab8f122e379,Manir Hossain,https://play-lh.googleusercontent.com/a-/ALV-UjXq1LuFA5fML26QhI4rI-J3BO0cHU5inKJ7Cfu3rs_CmM8zgtUu,2,"Please kindly activate the DPS, FDR, and arrange for a mini loan facility. others MFS service already have this features",0,2025-07-15 00:23:00,3.0.12,,,en,Rocket
a8d289fd-a900-48d7-a0a6-cbe258782a8b,Rj Robin,https://play-lh.googleusercontent.com/a/ACg8ocI6sZqYN9d4DkOUQkcjHhQnZS7Io18t2ef1_FLwfrHa3fFgfA=mo,5,nice,0,2025-07-14 23:19:09,3.0.12,,,en,Rocket
b6491d69-7f6b-4128-9b6f-cd251e84b46c,Md Nayem,https://play-lh.googleusercontent.com/a-/ALV-UjWqhcqD33BAJLcrvIkbUJ5YsimNIfp6s4IkI54hvRhRrQKAsno,5,best app,0,2025-07-14 19:41:11,,,,en,Rocket
2034f0bd-b3ea-4fac-9696-6092087fefc4,Md SafulIslam,https://play-lh.googleusercontent.com/a-/ALV-UjVSAIXOztO6kwA28poT5JoLv9U0cpxYDjITp2C1ogKQHWQz_-U,5,good,0,2025-07-14 16:00:57,3.0.12,,,en,Rocket
ae458b4d-55d3-4449-bafb-2c434ec32516,Sharmin Sathi,https://play-lh.googleusercontent.com/a/ACg8ocLwPyJLQOfQFXM_nSmRrTsoTGqJrsxeUWT0-k7w5saR2u98Rw=mo,1,"অটো লগআউট হয়,পরে আর লগইন করা যায়না, ফালতু অ্যাপ",0,2025-07-14 15:58:31,,,,en,Rocket
61b1bf0e-686c-4124-8147-9b9d3284a0db,Md Murad,https://play-lh.googleusercontent.com/a-/ALV-UjVk6wajS5LmrFBKyCYzX0oE4OW74f3FBEpSzCk5dRjmcgXFHJc,5,good,0,2025-07-14 14:33:40,3.0.12,,,en,Rocket
f14564fb-25e9-423a-8df1-498522f49984,Josim uddin,https://play-lh.googleusercontent.com/a/ACg8ocKq40pq7_2QVEcTYM1EboQG44r0WnRhIxdin3e8EhS-c1FY2g=mo,5,Good,0,2025-07-14 11:04:00,,,,en,Rocket
64760383-75d4-4f46-ac42-ace9da169afa,Rahat Rahmatullah,https://play-lh.googleusercontent.com/a/ACg8ocLp2zklzStpnLKiYe8mJoBlUuCJQdWKMjG3H8JmD9De-a06LQ=mo,5,it’s good,0,2025-07-14 10:22:54,3.0.12,,,en,Rocket
f91772a2-7a5b-4420-b41a-3d9b1cdd3265,MD Milton,https://play-lh.googleusercontent.com/a-/ALV-UjXNEPhnOKmQCtiYPq9s0GwoVQZ94boYZaEx1bx6gKZhLaHuMm8,5,Excellent,0,2025-07-14 10:11:50,3.0.12,,,en,Rocket
c59c642f-620d-4ca5-abf9-b512f4b613e4,Kamrun Naher,https://play-lh.googleusercontent.com/a/ACg8ocK_l7lR9PCFKsvyWHfr_FSOv2MDfB52g8K9jkEBYjEDdX5JPUE=mo,1,good,0,2025-07-14 08:26:49,3.0.12,,,en,Rocket
ebfd3df8-23df-487b-b3dd-80d25e102c4b,Md Alif husain,https://play-lh.googleusercontent.com/a/ACg8ocLhu3ujI3ePWJ41HlPyYzLbhbieCkxqx0vOzowTvRlQrKMd1pg=mo,5,nice apps,0,2025-07-14 07:51:01,3.0.11,,,en,Rocket
6cdbbff2-61dc-4173-b05e-d354f23f49c4,Rabbi Shikdar,https://play-lh.googleusercontent.com/a/ACg8ocIhj6t_o4FnfDlpQCN_mzWvpyf-vRhYijIAMKsTcmRVzX-aru4=mo,5,good app,0,2025-07-14 01:27:37,3.0.12,,,en,Rocket
7e757712-5f6d-4602-b028-171ce8e1840c,Sazzad Hossain,https://play-lh.googleusercontent.com/a/ACg8ocKY9UI2If5qCI2YfaqyPjT7uhj9h2bERSjeeSGsDySBkuBTMA=mo,4,রকেটে পল্লী বিদ্যুৎ প্রিপেইড মিটার বিল কবে দিতে পারবো,0,2025-07-13 21:28:24,3.0.12,,,en,Rocket
7bc1bbe7-a691-48c1-93dd-ff58b3a51026,Md Rubel,https://play-lh.googleusercontent.com/a-/ALV-UjUbyKK5z3rV6BvBntoq8iAxzqq_SPzk_zIJQoBsGs5dzlONU14,5,nice,0,2025-07-13 13:27:24,3.0.11,,,en,Rocket
33b7ec4f-3b48-4526-8ba4-fb46066cabd3,MD:HASAN CHOWDHURY,https://play-lh.googleusercontent.com/a-/ALV-UjW4-njuQlVpe9AoDboGFaRpoptqPFxPQrtU0QlhhEP9YopMHJlw,5,It's helpful us,0,2025-07-13 07:01:00,3.0.11,,,en,Rocket
8834fa30-0729-45ee-b159-b678758b0250,Jannatul Ferdous,https://play-lh.googleusercontent.com/a/ACg8ocKqCzvwSQX10FvGXBMdZEY7LbzahoIRrrYCpC-6NSAwWJqJPQ=mo,1,"worst of them if i compare it with bkash, nagad or with the other apps.",1,2025-07-13 07:00:28,3.0.11,,,en,Rocket
e4edbb8a-d6a9-4c46-8b39-3d9fa097666e,Fabia Sanjana Mounota,https://play-lh.googleusercontent.com/a-/ALV-UjULeAiG4pmSNuIbAX9imDTnFpx3g4FVnLyv8WJjj7ZLFzLyhkGI,1,I tried several times to open an account but whenever they sent a code there was no option to put the code,2,2025-07-12 22:18:38,3.0.11,,,en,Rocket
7b0c9618-84f5-4a61-b85b-7ce3e0bd8254,NEW 8006,https://play-lh.googleusercontent.com/a-/ALV-UjUPwRCXSfH9odlmgUihIm2QaI2pjorvLEabFquSeCw882KoMedj,5,nice 👍,0,2025-07-12 20:43:48,3.0.11,,,en,Rocket
b6512c04-b317-412c-845f-795caaf153e8,Masud,https://play-lh.googleusercontent.com/a-/ALV-UjVqR7610KgdbuT-vh0LgTrOI2qu2lL_WmrlAXO1lp1sUg3u7eA,1,"binimoy e device registration hoyna, premission denied lekha ashe, ki faltu app banan?",0,2025-07-12 13:51:14,3.0.11,,,en,Rocket
1a90ac22-52e8-4b28-bb08-b02d64692423,Rajib Ahmed,https://play-lh.googleusercontent.com/a-/ALV-UjUp33Bq-kmECJ25lpDpglwi6K-y3PxPFx0U3JoneEAOGe1n9a4,5,good,0,2025-07-12 11:52:20,,,,en,Rocket
39da0296-9b2b-4e57-98aa-85edc163a576,Shawon islam,https://play-lh.googleusercontent.com/a-/ALV-UjV3vTzxknD29MaMXfwYNzjpk4rTDrG67luTCD1C8Q80NM5iesWpMg,5,Good,0,2025-07-12 10:51:48,3.0.11,,,en,Rocket
268e8077-d01f-4622-a02a-fd82c1503995,Md Rasel,https://play-lh.googleusercontent.com/a/ACg8ocLBDKS-8XSwUBXDc_bMN7AZLVE_gGXXxysdGOYcz6C7wP1ZLQ=mo,2,valo,0,2025-07-12 05:14:14,,,,en,Rocket
57ff2daa-659f-4ab8-8ad0-293739e718d5,Sm Telecom,https://play-lh.googleusercontent.com/a/ACg8ocIr84QNFAxba73DkoCJ3Sq1BxNXJujVbVneu1ucdiPj5L4lHQ=mo,5,nice,0,2025-07-11 14:18:55,3.0.11,,,en,Rocket
17c10567-a707-4476-bc3e-d8745f37efe9,AT Tisha,https://play-lh.googleusercontent.com/a-/ALV-UjV5Fpv9_hUzfDnp025p6sdxRr9CkvFaD2kcI-f7Cl12ZLvOGOwQ,5,good apps,0,2025-07-11 10:29:45,3.0.11,,,en,Rocket
a15e6bdc-484f-42d3-b626-e450c02f229f,Md Khairul Sheikh,https://play-lh.googleusercontent.com/a-/ALV-UjVzlQa2L9XqwHeSF1CtGPL3M8ln0rZ8TI1e7Utbr19gFjXA5ZU,5,Nice🥰🥰🥰,0,2025-07-11 08:24:58,3.0.11,,,en,Rocket
d84f95e7-32f8-4c9b-9142-759efa37c398,Ome Hasan 1,https://play-lh.googleusercontent.com/a-/ALV-UjWVZ0fa-IVOU42Q5BMXOGWuotKEE7SviMfsA6xWtcCaukaLU5R6,5,অসংখ্য ধন্যবাদ রকেট কে,0,2025-07-11 06:05:24,3.0.11,,,en,Rocket
27fa690d-7e18-4f51-9b23-f5a8d513da6e,Zareer Jamil,https://play-lh.googleusercontent.com/a-/ALV-UjUNARY41w8AIggUMYGV2aStfV8Oh4edxEqjtDX6w18R0N5lqQk,5,well,0,2025-07-11 05:25:28,,,,en,Rocket
c75da397-51ed-40f7-9e67-b5dc2c88372a,Red Team,https://play-lh.googleusercontent.com/a/ACg8ocL1jI32zm8uFlPdzQ9E_fEKaAP4M5P5HGrbztjefcZP7h3jTw=mo,5,good,0,2025-07-10 21:39:54,3.0.11,,,en,Rocket
aeba4674-2026-42d9-b927-c28dd8acb12d,Afridi Ahmed Sunny,https://play-lh.googleusercontent.com/a/ACg8ocK2IjQXb3lDvmyIjIZOlFSbTM2jketDwzNpzY36xKdcwjaMnFQ=mo,5,❤️,0,2025-07-10 13:56:16,3.0.11,,,en,Rocket
dd5ea789-6ac0-4432-8ed9-9f36ba491cf2,Zehad Hasan,https://play-lh.googleusercontent.com/a-/ALV-UjXvuuCkGCc9qvuhvr6kQUIl8MwjfmGfU3gYKTrU1IiDq-hmxRo,5,very baad apps,0,2025-07-10 13:24:54,3.0.11,,,en,Rocket
14a473bb-f7a5-48d0-bef6-15f20cb5dfe0,Md Alhas,https://play-lh.googleusercontent.com/a-/ALV-UjVi0mKzyaUbeHPr9_anBL5sDeg4c7J_CSPSbPyn0JUsT8etbRD3,4,হাই আপনার একাউন্টটা খুব ভালো,1,2025-07-10 11:55:34,,,,en,Rocket
7f78527e-2948-458f-8eff-547c5656d9d1,Shakib hossen,https://play-lh.googleusercontent.com/a/ACg8ocI4bIE-5SlFMSnIGAXYuFWbXxHksL05dTi6wABLyfJdWMcLVA=mo,5,nice app,0,2025-07-10 10:15:07,3.0.11,,,en,Rocket
f259d7d6-119b-432b-ab67-bb3993da1601,Md Saikat,https://play-lh.googleusercontent.com/a/ACg8ocIV4-HXdYuqNWkFwX74pLgikZGODRJG5dD7yv-gyQ2FIycbcQ=mo,5,nice,1,2025-07-10 00:08:35,3.0.11,,,en,Rocket
429117c1-5f6e-4b7d-aa07-e454d07bfb4f,Mdsohel Rana,https://play-lh.googleusercontent.com/a/ACg8ocK1tI-6cL0wXDO0IifE9w0lmgkV_dkn78TPTLc-KX3-Op_f6mdH=mo,5,i ned rocket,0,2025-07-09 22:30:21,,,,en,Rocket
a37539ae-1814-45c6-aa50-c908c8d987f9,md Shamim,https://play-lh.googleusercontent.com/a-/ALV-UjWGt8j3mokxY5AUwdzkD1wJSALT1TwAAVDpGqTrQ23JoTJocGYs1g,5,Good 👍,0,2025-07-09 21:35:51,3.0.11,,,en,Rocket
c6857106-c0c0-4273-81cc-cc01953a276b,mohin Rahman,https://play-lh.googleusercontent.com/a/ACg8ocLXrlBRPc39foQLVi89AArvaoaez6sxJNVQitU008-oNwzoJw=mo,5,good,0,2025-07-09 16:07:44,,,,en,Rocket
ba2a0179-c38e-4b9d-802e-8f0ecc455351,Mohammad Shakib,https://play-lh.googleusercontent.com/a-/ALV-UjXbVZm00bZhTE8bFV3DsYWPVO7RUVeZ836Axzc6TWnEF0m0ZNZP,5,nise app,0,2025-07-09 15:08:32,3.0.9,,,en,Rocket
6ed9cc7d-d21d-4a4f-bce5-d65ab93f2f96,Md Sohel,https://play-lh.googleusercontent.com/a/ACg8ocJpBy_7seXQ84bjKzLrGCpFgv4vXAcP_02IuG3F46qIw8xB5Q=mo,5,nice rocket,0,2025-07-09 12:00:58,3.0.11,,,en,Rocket
a7417c92-bf00-41f6-8b10-98543419b463,MD Omar Faruk,https://play-lh.googleusercontent.com/a/ACg8ocKj7mVkL2o3SDBo12FHJB3eMu4X49t0aGoWExyCGcMCt3Od3A=mo,5,ok,0,2025-07-09 11:12:51,3.0.11,,,en,Rocket
2f2e372f-936d-4c62-b820-e3ac49b576b3,Sayman Sujon,https://play-lh.googleusercontent.com/a/ACg8ocI-hByKfRYN6nss34_QpUs-0VpLmLcDHvzr_92MftIq6e3IUg=mo,5,good apps,0,2025-07-09 01:39:01,,,,en,Rocket
306021c7-3428-4816-879b-2afd7f8f6e59,Md Mosabbir Sheikh,https://play-lh.googleusercontent.com/a/ACg8ocKhaXGDSSKexPPKX3_FVTxkhFQGk2nIJ_HTCdg6cBrbX5DH=mo,5,net poblem 😡😡😡,1,2025-07-08 23:20:07,3.0.11,,,en,Rocket
bd5a2e7b-798c-4a9d-a329-6296cb19fa56,MD.Najmul Hasan,https://play-lh.googleusercontent.com/a/ACg8ocKGCQhceUL3UILnl55eXzH0DMmcfTMDcFExH8udUTNmDqJRmYg=mo,4,good app,1,2025-07-08 21:24:23,,,,en,Rocket
4ee1742c-8042-423b-8f8a-9b85fbe0a29f,Sohel Rana,https://play-lh.googleusercontent.com/a/ACg8ocLnaXVWKuNxYq0K_QgIZd8ySg4sSCLSeDpWaWROH10LF9AOcg=mo,5,good,0,2025-07-08 19:58:45,3.0.11,,,en,Rocket
a398b388-6e87-42da-af22-75d51941da00,Md Pranto,https://play-lh.googleusercontent.com/a-/ALV-UjUEVWTEiCN4u81i5kXgO3P-ZtzUXRK6E-lPw3abqVE2gKnMAeg,5,🥰🥰,0,2025-07-08 14:18:37,3.0.11,,,en,Rocket
2dd78698-248a-4ec9-a46a-e1cc33c4afcd,Sagor khulum,https://play-lh.googleusercontent.com/a/ACg8ocLq2WmLNou_NR5Rxk2Jb89QjM6tYrfahCT8dzz90MdkajDcJQ=mo,5,good,0,2025-07-08 10:58:43,,,,en,Rocket
a010369b-d37b-427b-959d-e3b12b6ed926,Love 100%,https://play-lh.googleusercontent.com/a-/ALV-UjWomO91ACpDQJz_x7zgS2L5Q6pZZJsyP8C9ogJVqke5qjKu1VP5,2,good,0,2025-07-08 08:47:35,3.0.11,,,en,Rocket
142cee0b-4398-42cc-a6e4-bdbc9567901d,Partho Sarothi,https://play-lh.googleusercontent.com/a-/ALV-UjWftf7CUcFGFfV9Odi_gLIIJPz7EqlqyKLMWmbzSm-k3wrNiow,5,good,0,2025-07-08 00:55:56,3.0.11,,,en,Rocket
a431dbb2-9a74-4192-aa98-0ad5aff18be1,Pranesh Kuri,https://play-lh.googleusercontent.com/a-/ALV-UjVqPg4dyZaYNh7ZoYXwU52e9pqozx7ftQ8RLEhEj0F5s2r85WoD,5,Excellent,0,2025-07-08 00:16:46,3.0.11,,,en,Rocket
d0595982-90b2-439f-90bc-47d5c4ad98d5,Abdullah Khan,https://play-lh.googleusercontent.com/a-/ALV-UjUd1Rrf2fK0LC4e3FPveuEp85dbLGaI5WEuX7lHgMR9RHMERCc,5,ok,0,2025-07-08 00:08:26,,,,en,Rocket
030c52d3-55b0-451d-bba6-5b20bfeea1a2,ukhay marma,https://play-lh.googleusercontent.com/a/ACg8ocLXzS-Vn6Ghu0dyyk_ug_qhp3kYdTG0w8JWs7iTCtbh8pVBTw=mo,5,nice,0,2025-07-07 20:32:13,3.0.11,,,en,Rocket
2dcd4384-ccd8-4d2b-a8d6-bbabe3b1d65e,Sharafat Islam,https://play-lh.googleusercontent.com/a-/ALV-UjVdfI6-iacZjOqP_9y-ntn8-3AvUTdrzaXplWUqGEMhzHblabQ,5,This app is very good. Through it we can make transactions at any time. This app has helped us a lot. Thank you Rocket for this. It would have been better if each of us was given a free Visa or Master card in our Rocket account by Rocket company. This would have been more convenient in our transactions. So I am appealing to Rocket company to give each of us a Visa or Master card in our Rocket account. Thank you 👍,11,2025-07-07 19:38:28,,,,en,Rocket
98910f9d-0511-485f-a14b-978f6ac829b1,Pollove Baroi,https://play-lh.googleusercontent.com/a-/ALV-UjXvjq1CLvE6be9OcOGfcWqSkt5r8su8jzFXhTwa6Z2MBdmwCP1i8g,1,Totally number 1 backdated app in Bangladesh. Very very disappointed ☹️,0,2025-07-07 19:04:32,3.0.11,,,en,Rocket
06557d78-4318-40d4-8bdf-257ba2fdf7c2,Shika Aktar,https://play-lh.googleusercontent.com/a/ACg8ocKPoe1_o6iLg3Aa5wQJ2C0DKJaaTlVpYr9jHW_00wuZ1C4sbw=mo,5,good app,0,2025-07-07 18:05:47,3.0.11,,,en,Rocket
1202efc6-02a3-40c7-ad6a-60cdbb5fdd33,MD RONI HOWLADER,https://play-lh.googleusercontent.com/a-/ALV-UjUJfwd9SzmDurTLu46xhAefKwCTZuvsOxjcsWDSDq7GmLiOInKQ,5,best,0,2025-07-07 17:49:47,3.0.11,,,en,Rocket
f01c2a32-d2b3-46a9-9b81-c863a8fbaaf7,rukon islam,https://play-lh.googleusercontent.com/a/ACg8ocJOItqYBtgeh32Bp3ClBr_scquDEmqOX55sR-niKUmFtRkxDw=mo,5,নট গুড,0,2025-07-07 17:34:28,,,,en,Rocket
ca9ebff9-4571-4137-bf8a-eb5d65c0455d,Joynalabedin Babu,https://play-lh.googleusercontent.com/a/ACg8ocKFl7zFOrs3bdP062__lOvaVIOUQ_ep7yUHPSRJej9cxQAdaw=mo,1,bad,0,2025-07-07 16:31:00,3.0.11,,,en,Rocket
549c04b6-37a2-4107-a367-c127ac1e4554,Mohin Uddin,https://play-lh.googleusercontent.com/a/ACg8ocLrpl7LqRuLe3arYzUutjQzAwBeK7Xqsh1hNrO-ErHaDnFw0g=mo,5,omg,0,2025-07-07 11:26:08,,,,en,Rocket
ce471cbf-2b3c-43e3-b3d1-c17134c01427,Kholil Moral,https://play-lh.googleusercontent.com/a-/ALV-UjV9QOFYyvqqN398ZEfjep0STZ9Af6j06x2G9yK6-mJ1R-urUI8,5,wow excellent app,0,2025-07-07 09:51:02,3.0.11,,,en,Rocket
e9fc3974-9bb0-4052-a0da-372408676f00,hossain Minhaj,https://play-lh.googleusercontent.com/a/ACg8ocJV-WD6pGET2wRQwKxQlghz5fyEu47sWg_hBCw6bTAtVj55OA=mo,1,রকেত একাওন্ত খোলার পর এতাতে আমার নাম্বার ১২ দিজিতের দেখাচ্চে যেতা হওয়ার কথা ছিল ১১ দিজিত মানি ১ দিজিত extra দেখাচ্চে। এখন কেউ টাকা পাতাতে চাইলে কোনটা দিব ১১ দিজিত নাকি ১২ দিজিত?,0,2025-07-06 23:37:51,,,,en,Rocket
44c686e2-ad1f-4fcf-a4e7-161edcb63486,Niloy Chandra DebNath,https://play-lh.googleusercontent.com/a-/ALV-UjVhj1z4NLvEVx8o2HeRuSeaMa1-Q-XEgJIo0_Cryd2FidOk3m5S,5,really so good and fast service,0,2025-07-06 22:46:46,3.0.11,,,en,Rocket
17507f1f-1b06-4243-97fd-3bb20f3c281a,azizul islam,https://play-lh.googleusercontent.com/a/ACg8ocIBTYPj42I_e4L5ebQdIQcaSp2cnCXWeIhnCystZqREVZqD-w=mo,5,nice,0,2025-07-06 19:45:01,,,,en,Rocket
23668858-de22-431d-9627-cdd622336b2f,monirul islam,https://play-lh.googleusercontent.com/a/ACg8ocIYH0sYWRbwVfelVJvIawkeR1soKHlV8FgaMyNqiRaXfooKuQ=mo,5,nice apps,0,2025-07-06 18:20:38,3.0.9,,,en,Rocket
952f438f-b0db-487b-94ba-605a2401183b,Molla nahid Reza,https://play-lh.googleusercontent.com/a/ACg8ocLpaQRhObbeM3IE5TD8Lj-mJJAZ712D8jYt-PN3G_dVMEaUiQ=mo,1,services not good,0,2025-07-06 15:36:07,,,,en,Rocket
5bb5cb3e-3e34-4f61-bb32-4f590880ccfe,Rifad mia,https://play-lh.googleusercontent.com/a-/ALV-UjXDw7Mq6V5hU7BpJBbWsZ3qojVKbPWCtwlDTuRFapjxQ4dcNxQg,5,dis app is vary সুন্দর ❤️‍🩹,0,2025-07-06 15:34:17,,,,en,Rocket
021ee108-a39c-465d-9673-37fb4917d2a1,md selim,https://play-lh.googleusercontent.com/a-/ALV-UjUPx1s0DtvafnHXIGuDZeywgks3Oknwpk6ExnD4-WEKC6Za-igQ,5,good service I'm so happy service,0,2025-07-06 10:12:47,3.0.11,,,en,Rocket
1c04b04a-fb0f-4043-95c9-b3716d683792,MD Robiul Islam Robi,https://play-lh.googleusercontent.com/a/ACg8ocKBmxKuulyVunroewgc48evLaKUJhQezxo6NhDjiqJAsx3dhmw=mo,5,good work,0,2025-07-05 22:18:58,3.0.11,,,en,Rocket
5955e98c-21eb-490b-acc8-db5a7ac96929,Aslam Atif,https://play-lh.googleusercontent.com/a/ACg8ocLJMJPSr2aPmcRi5FVLyXGDbI6Cmp1ubbb5JieMPQRqdY2J9w=mo,5,good,0,2025-07-05 20:53:55,3.0.11,,,en,Rocket
05ed382e-eb32-4b2e-81ad-2294053d2497,Sexsex Sex,https://play-lh.googleusercontent.com/a/ACg8ocLHczBYWSnnB_ierTR0jnZUAQeZNjkwDmRc005cL02fIqrfxw=mo,5,ইউআইসি জমা দিয়েছি কিন্তু এখনো ভেরিফিকেশন মেসেজ আসে নাই কোন মেসেজই আসে নাই,0,2025-07-05 20:13:01,,,,en,Rocket
631300be-4033-4a2c-85df-bc20ada49860,Md Riyes vai,https://play-lh.googleusercontent.com/a/ACg8ocIUW320nIrZxDQVsSVb8SnIkKQExvLOmKfG-WukDX3BBvXcwA=mo,1,apps no connect login new account help 😭😭,0,2025-07-05 20:05:53,3.0.11,,,en,Rocket
0d2a5a11-2d70-4b91-b653-1f9c9c29aafb,MDAilm Pk,https://play-lh.googleusercontent.com/a/ACg8ocI5BFNcJ9KxLItDkLja0P1QeU1Zh6q8mU9yJt9DybhnlTOZT18=mo,5,good app,0,2025-07-05 17:00:14,3.0.11,,,en,Rocket
4c6541ca-a3b1-4a1a-b92e-3522abbb12e2,md abu shayed shayed,https://play-lh.googleusercontent.com/a-/ALV-UjVPhcTCUcjQp14o9_HEFWUl4ziVae_n6s3AQduVBBl-V3zIZ8WN,5,Nice,0,2025-07-05 15:11:43,3.0.11,,,en,Rocket
e2b74590-f5df-4872-9836-19f655fdfd04,MD ShahiN KhaN,https://play-lh.googleusercontent.com/a-/ALV-UjXrSxpHJ9Kt8gVIwzuwZYehrMf2dQpXuQ6YB56jsuNl76zDtIEW,5,very good,0,2025-07-05 12:15:29,3.0.11,,,en,Rocket
9367aecb-a74b-4080-b3c0-6030a0d69b6c,Maliha,https://play-lh.googleusercontent.com/a/ACg8ocIGwH3vVC7dcLi0F_SlSDtuwWAAg3OLYs-KFkrVCb6cJQIZdA=mo,5,ok,0,2025-07-05 11:44:21,,,,en,Rocket
2615a249-bcd1-47e3-982f-47e6670917da,Mohammad Sohel,https://play-lh.googleusercontent.com/a/ACg8ocI2a5AacsuGh-wC6H_x8ZHMfgh_hCJNGRrOxriBuI87D9d-hQ=mo,5,very good,0,2025-07-05 09:06:38,3.0.11,,,en,Rocket
444e4636-74f3-4d30-9db5-7673069e806c,Km Mostak Ahmad,https://play-lh.googleusercontent.com/a-/ALV-UjUzdgUTA3Y2ufyG86W96fUYH4lQXncloUvRU9Bmy7sfpAwrjaJjKg,5,good,0,2025-07-05 07:38:28,3.0.11,,,en,Rocket
c58a6c73-66f9-4eda-b591-02fcb9d258b2,Md Noyon,https://play-lh.googleusercontent.com/a/ACg8ocI3E20E_uLDGZLrgL3qt1KAig22Wj8dalikV_6XJxutKXgK4WI=mo,5,good,0,2025-07-05 00:05:53,,,,en,Rocket
64815587-8782-4fbb-8925-4a3ef841555d,Merin Khan,https://play-lh.googleusercontent.com/a-/ALV-UjX1h-A6v80DYIjvRSsLuxfYU0veD8iIVnRjWfR2drDJ5Ci1M9rG,5,nice app,0,2025-07-04 22:00:12,3.0.11,,,en,Rocket
e30a28dc-45cb-4c68-88ce-ba922d0d6b2b,Ms Lipe aktar,https://play-lh.googleusercontent.com/a/ACg8ocIx_pb6tbWVB9u0teAvtAKNIbdocFCJ5OSxA7r7w0wLZBsqAA=mo,5,ok,0,2025-07-04 16:46:58,3.0.11,,,en,Rocket
8ddc9e30-f766-48bc-af1f-80dc162cda72,Moon Sun,https://play-lh.googleusercontent.com/a-/ALV-UjWBpmM80QCPpGSPFaNpRFQxMjQeL8Dg-jg-yAVTYUaaDZR2Nuq8EQ,5,THIS IS A GOOD APPS,0,2025-07-04 15:24:12,3.0.11,,,en,Rocket
108671b8-ee0b-4d7e-861f-73af27b992c0,MD:SOHEL RANA,https://play-lh.googleusercontent.com/a/ACg8ocJHSozxk6GsASC5qjecyKVCA8ftuQXg81UTzpGlFLbfs2lYoKo=mo,5,amazing,0,2025-07-04 01:09:10,3.0.11,,,en,Rocket
55acf4fb-38d3-4a71-8809-1ca59dce2b7e,Sattar Sagar,https://play-lh.googleusercontent.com/a-/ALV-UjXExkcoX_qEmoy7tKS7p1OJ2VGRLrzUCPoBDrauy_ehm5xdMVZD,5,👍,0,2025-07-03 23:48:15,,,,en,Rocket
6ea15b04-e08e-430d-964d-9e640707d415,Md Ayas,https://play-lh.googleusercontent.com/a-/ALV-UjVx08L05bW188RjMlMn5n8NjeUpTVP3GkxRaqWx-bCMZLg6rCM,5,Nice Apps,0,2025-07-03 18:32:38,3.0.11,,,en,Rocket
0105f614-db74-4834-a959-f10fdbb2fa97,Prome Day,https://play-lh.googleusercontent.com/a-/ALV-UjVYcWEH4s5VjvG0SolQOTU4Dn5pQMQdQJM_5V70JjWcF2KjcF2z,5,nice,0,2025-07-03 14:55:11,3.0.11,,,en,Rocket
94518232-5686-4f65-a94c-481de9a8fcdd,mizan uddin,https://play-lh.googleusercontent.com/a-/ALV-UjWQZuXS_hVi7OpQS5RdruoDDPlGLw8VASdUzXh1R8kVvvT6VNDQ,4,Nice app,1,2025-07-03 14:48:30,3.0.11,,,en,Rocket
c0fc60f0-fbbc-4d58-8cba-080af6e8dce0,Hridoy khan,https://play-lh.googleusercontent.com/a-/ALV-UjW45NSZ_99O5t30fxfk-LbQUg0Eo5AiaMoh1EM0_hgYpEIhY9zU2A,5,good,0,2025-07-03 02:13:03,3.0.11,,,en,Rocket
d17d21f0-0e61-4773-96a4-a4f7654bc061,Mohammad Younus Miah,https://play-lh.googleusercontent.com/a-/ALV-UjUbtMEc1np6aM9t_Vt3FD4XXstnYNHgiQpW-fnphP04YpW2avSG,5,it'will needs for everywhere,0,2025-07-03 00:10:47,3.0.11,,,en,Rocket
4efaf675-6b65-4a9e-8f6b-be36c4e830aa,Md Masud Bin Rana,https://play-lh.googleusercontent.com/a-/ALV-UjWbi73_m8dtmHb1E0YwxUsNwKhKWtcTMJeX76yL33Y-Pdu1X7E,5,good app,0,2025-07-02 22:10:10,3.0.11,,,en,Rocket
c1a050ad-af4f-4afa-b73c-b8c19f60b48b,Md jahangerkan,https://play-lh.googleusercontent.com/a/ACg8ocLfeWCiVVShe-O9IWtmJYK-GG0ijqkzY--fxicc1bcHUM1hzg=mo,1,nice,0,2025-07-02 20:11:05,3.0.11,,,en,Rocket
677b13fe-f275-464a-a177-c34494061b4f,j tv,https://play-lh.googleusercontent.com/a-/ALV-UjVG1R6-zzPEEOrdXGPTzFWIsjQ2qlcIdKm4VjyMaUhxB1C9N4pE,5,good service,0,2025-07-02 14:18:17,,,,en,Rocket
810d1519-6b89-4538-a504-659a2672ea8f,abul kalam,https://play-lh.googleusercontent.com/a-/ALV-UjX330hr1TfuJLzdOxDR6M00u4FKCTEx4hMw6OlTpw88BF2Ul2uB,5,গুড,0,2025-07-02 13:21:51,,,,en,Rocket
5f0b4793-e089-4006-a3c3-32aea71c51a6,Jakir Hossan,https://play-lh.googleusercontent.com/a/ACg8ocIQJ-ZdBh3a4sHkFQTNQSbr-O9wOFAVcRQdWCGDY5xSrUxX=mo,5,good,0,2025-07-02 12:16:59,,,,en,Rocket
c1786cd1-2650-4bca-a069-db7ac1d1463e,"Muna, Aktar momita",https://play-lh.googleusercontent.com/a/ACg8ocJWKnkR9W_fwn6iVSsheh1HDo7TmYp6_lvpPAGTj3FunLXrDA=mo,5,ওকে,0,2025-07-02 10:40:09,3.0.11,,,en,Rocket
36ab6ea6-2bb8-46cd-b335-93af9d9adb82,রানা চৌধুরী (টুটন),https://play-lh.googleusercontent.com/a-/ALV-UjWj6PRUy-uTYtMBRNRLeLJcDCpqNT4JNIdwTISHFAQ4qqT51-DE,3,"অনেক তাড়াতাড়ি লগ আউট হয়ে যায়, সময় বাড়াতে হবে।",0,2025-07-02 09:08:27,3.0.11,,,en,Rocket
150c9351-f4b5-475a-864c-5187d00d9e23,sadin shaikh,https://play-lh.googleusercontent.com/a-/ALV-UjX9m4iX0Nuei6p8TmRDuhBK7OvEODR7SjpHoJEypiXHPGw78W0m,5,good,0,2025-07-02 03:57:55,3.0.11,,,en,Rocket
e6b8fd7a-5327-4ac1-bae3-403f38a28ebe,syes gplay,https://play-lh.googleusercontent.com/a/ACg8ocLsv6WoWbj5ITCxZXKgiAFm7p005_U-gxg2JOJlozPaXESB=mo,1,please urgently update rocket apps because invalid account error showing,1,2025-07-01 20:13:11,3.0.11,,,en,Rocket
542501b3-d6bb-4f5e-9c8e-c3a5f355dc94,Wasim Akram,https://play-lh.googleusercontent.com/a-/ALV-UjWqXuQvV0luJtEmGyKXbApasYsm0kOdt8SfHMjsKW4KIapPZqie,5,very Nice app,0,2025-07-01 18:48:32,3.0.11,,,en,Rocket
a2536fe8-daa9-41c8-99f7-214571288a91,Md sumon Islam,https://play-lh.googleusercontent.com/a/ACg8ocLKaa6x0RuuVnU9AM7148ByLvfcC7dy25fbUZFya88A_idxDg=mo,5,nice,0,2025-07-01 17:46:06,3.0.7,,,en,Rocket
a95662a4-c6ca-46b3-bac6-4daf98131e19,Wafi,https://play-lh.googleusercontent.com/a/ACg8ocLTtF109JwEBkBK5AmpDf34FeR-iCQrg_Q6xeZ0swrk9w-Caw=mo,5,Good 👍🏻,0,2025-07-01 17:18:22,3.0.11,,,en,Rocket
117656a7-cc71-4255-b8b7-ae0d7c9ceca2,Forhad Khan,https://play-lh.googleusercontent.com/a-/ALV-UjWAxMVkyXzx7iqMTWDkHrI-lvcJVDCS-cS3WMkIKwHCbVydzka3,5,best,0,2025-07-01 16:27:03,,,,en,Rocket
7c7bb32f-97b1-45c8-a0f9-915080ad6d30,Rana Islam,https://play-lh.googleusercontent.com/a/ACg8ocL2FyUnClTG1KQPPNwR1QjyAiJ-gb7vNFTOVaGFE2hXIwibaQ=mo,5,nice,0,2025-07-01 15:25:11,3.0.11,,,en,Rocket
289b91c3-3f49-443f-bbc5-71646a91ce1f,Fahim Bhuiyan,https://play-lh.googleusercontent.com/a/ACg8ocKxz_gXCpEba2MXcanxqOxn3zYvdntggHvr-dEB8X85uT2Axw=mo,5,Good,0,2025-07-01 15:07:13,3.0.11,,,en,Rocket
47892939-91b6-4961-ab90-5bd77567f9fb,alamgir mia,https://play-lh.googleusercontent.com/a-/ALV-UjX9U_7BVcarV5EUTMG24lkYulCU9WwjiQJjqgcIgKJRIwllyro_,5,ok,0,2025-07-01 12:45:25,3.0.11,,,en,Rocket
aa7bef70-5ba2-48c1-b7a0-bdb7dec69ec5,Mr. Shuvo Roy,https://play-lh.googleusercontent.com/a-/ALV-UjX_PjXPaGdUk2LWIG2B2kUQMGAvB4waG4LxSw422nuSCQYLhjix,1,"too much bad apps, last 2 month continue error, i Don't do login😡😡",4,2025-07-01 01:03:09,3.0.11,,,en,Rocket
c47f0ffa-328e-42e6-b6b8-eacff0ea7942,Sb Alamin,https://play-lh.googleusercontent.com/a/ACg8ocJtDnzXj68_1AfSla2O7DiSIO-InUJudUwlsEcXOUBmS99_rg=mo,5,good,0,2025-06-30 22:32:21,3.0.7,,,en,Rocket
0e5b9e7b-d7b5-47a4-a225-527af45d68a9,Md Shanto Khan,https://play-lh.googleusercontent.com/a-/ALV-UjU_BYiaPDAim6oF1moVHZzCmUUzZwH91RMlLxRclTapvVOF1Rk,3,Nice,0,2025-06-30 22:23:33,,,,en,Rocket
7e247681-827c-4d49-b626-0ac76f41ade9,Abdullah Al Mamun,https://play-lh.googleusercontent.com/a-/ALV-UjWcTAPmbiNSgOWuk3htxVJW4-bw1Q6m35qL3ru9bEEr12223t0,5,amazing,0,2025-06-30 20:58:41,,,,en,Rocket
231c52bb-8645-436d-936d-dce7d99fe91d,Habzala Shak,https://play-lh.googleusercontent.com/a/ACg8ocLlLpWI2TB3H-Cv0LfOAn9_9OCKwvTuMSj2gUy7aly1E7ketQ=mo,5,খুভ ভালো,0,2025-06-30 18:45:05,3.0.11,,,en,Rocket
37dd50a4-9c0c-4be5-805d-edc53043ec42,H.M Easin,https://play-lh.googleusercontent.com/a/ACg8ocLOJoJ1cGzAviQYIyxkFu0NVSCWFhlncEOmx8IwIBnn96IDuw=mo,5,good,0,2025-06-30 17:37:36,3.0.11,,,en,Rocket
778bad15-1dd3-4016-85e9-a7780e7409fb,Matal. Oll,https://play-lh.googleusercontent.com/a/ACg8ocKk-uSqMrqbQro_tZ5be-HcZZr3khlEhDKa85cuMDPR1K7eCA=mo,3,thanks for roket,0,2025-06-30 11:31:39,3.0.11,,,en,Rocket
ad31b38a-07cf-483c-9975-c08c9bf8a74c,shohid mia,https://play-lh.googleusercontent.com/a/ACg8ocLxXxaNDNHV8Jf0IB0Y4bQilL3rVarH6LQx8N4afS3XVE5u5Q=mo,5,varry good,0,2025-06-30 07:13:04,,,,en,Rocket
1cd01dcd-46e3-41f6-88b0-b6aed450780b,Abu Jayed,https://play-lh.googleusercontent.com/a-/ALV-UjUGCpAjPJ1ndyiNt-RmNyWfblz5BTQlZGZui45DgbINSIu91F4,5,❤️,0,2025-06-29 23:13:01,3.0.11,,,en,Rocket
bba1aeb6-d4ec-4780-bfab-6a21fc2e4aa7,Ashikin Rahman Ashik,https://play-lh.googleusercontent.com/a-/ALV-UjWCa7xbg2fCj9OcwrWhgicciGV_9_-Zx8lymvPJEakqnbjvOww,5,Valo app,0,2025-06-29 11:24:23,3.0.11,,,en,Rocket
56dc405b-e678-4d19-a0e3-93fe11f3bced,MD SAIFUL ISLAM,https://play-lh.googleusercontent.com/a-/ALV-UjX5wrCYHMwfGgpD4SbZz9r7pGFoGBaxWyLTar8A06UwI_df9L5I,5,nice,0,2025-06-29 02:02:08,3.0.11,,,en,Rocket
bbbe2837-43c6-4af1-aa75-8c77a828998d,SOHAG MASTI,https://play-lh.googleusercontent.com/a-/ALV-UjVW-2FphhMC2HUTTVPhuNDEa80O2ZXT89l_grB6BWqHw9KQFbO8,5,gd apps,0,2025-06-28 21:24:01,3.0.11,,,en,Rocket
0d3c2da5-868b-410d-b212-6d8fe1d1218a,Md Kazi,https://play-lh.googleusercontent.com/a-/ALV-UjXWo8v4r60C1LsdlkEZ25QmaBpMbhEdS0LxK8nFOzP5GOsD95G-,5,good,0,2025-06-28 19:21:39,2.0.52,,,en,Rocket
e22c3774-6cc8-4f78-89d9-72ef182b1d75,Hellrider Riaz (007),https://play-lh.googleusercontent.com/a-/ALV-UjUWqLxoN6oGd0_8kWe5zntVwtfPHwLVVmqKKt80Usd3e_UU59YZ,5,wow,0,2025-06-28 17:40:03,3.0.11,,,en,Rocket
9547956a-5215-4892-b22a-adbe27ac7066,Nurul Kawsar Shahin,https://play-lh.googleusercontent.com/a-/ALV-UjXmxu48XwwBN2UcRM8JJXMDpfpurzd_4g7rB8Mdz-5rOk1ehdkd,5,good,0,2025-06-28 15:51:45,3.0.11,,,en,Rocket
89915186-7991-40f0-9877-bf126e797331,Pranto Kumar Roy,https://play-lh.googleusercontent.com/a/ACg8ocL_9kFkK3XM-_RwyE6xMaYvvN49ualraNIOnqscsqsGIk-iow=mo,1,"A useless app is showing problems during the first login, it doesn't go to the next part from the instructions.",2,2025-06-28 12:26:47,,,,en,Rocket
e7c69dce-46e6-4f4d-b464-f36cd18354b2,Jui Shikder,https://play-lh.googleusercontent.com/a-/ALV-UjVI2gG9hb20U8e_1Le05LmNS9b4U-9F9pZ0M_8rZzwgCucAyIU,5,Good 👍,0,2025-06-28 11:49:19,3.0.11,,,en,Rocket
88f1aab3-f101-4ce5-85cf-92677150910c,Nahid islam,https://play-lh.googleusercontent.com/a-/ALV-UjVF_zIIWfmJEt9uxYyhRlzEKCCyVZ8J5YQZyiIzJsJZdcl3zXIm,5,nice,0,2025-06-28 11:12:36,3.0.11,,,en,Rocket
152598e5-4a77-40d9-a099-780be35e678a,Nayem Mia,https://play-lh.googleusercontent.com/a-/ALV-UjXZ3jhwC7zH_hGSo9PVQA2ivTxybl1XUz2enq7FX0Uho8veUgk,5,Good,0,2025-06-28 10:00:40,3.0.11,,,en,Rocket
ac8b8803-f9bc-4a8a-9c21-aef600d034e2,Arif Riad,https://play-lh.googleusercontent.com/a-/ALV-UjU6EwxwZXqNe54EZQ8cWK9nyyHh2AEE-8x9SarEZYuErk1s3Vc6,5,Rocket App Diya BPDB prepaid meter recharge korar babosta koran ple...,0,2025-06-28 09:30:51,3.0.11,,,en,Rocket
319255f3-3074-4b9f-b3fe-5a4c991ab64d,Topu Giswas,https://play-lh.googleusercontent.com/a/ACg8ocLJnOelsLPmeKbQcDnhdLPKViYfG9t5mMOlrwGRw9EbF7dPrw=mo,5,good,0,2025-06-27 22:03:50,3.0.11,,,en,Rocket
ec4131ec-91f3-4b51-b77f-e77c64914e2e,mon075 ir999,https://play-lh.googleusercontent.com/a-/ALV-UjXYsbJ7A1dBiU7SzmPrppvNFEHZ6kvvLz2F0t_xcPpfDxP-4kpwbA,5,অনেক ধন্যবাদ,0,2025-06-27 17:57:11,3.0.11,,,en,Rocket
6fe3c518-6271-4107-b13a-204d286b53e2,Md Babu,https://play-lh.googleusercontent.com/a-/ALV-UjWKNjVzj0uNuPwSkPwnQemSmZP3oeTc5BZCB1SJVn_BP8ES6C2D,5,good,0,2025-06-27 14:49:41,3.0.9,,,en,Rocket
55472f61-e738-4bf6-934b-d46e840fab2b,Eliyas Sani,https://play-lh.googleusercontent.com/a-/ALV-UjVMEIjP5hxgvXA4FqV3i0Q0TIVQWZCQWUh5RQ77DHh6C8Ub0SA7,5,nice app,0,2025-06-27 09:15:28,3.0.11,,,en,Rocket
95cea153-ae50-4ecf-87c0-06259c20b2e8,Ridwan Tanvir,https://play-lh.googleusercontent.com/a-/ALV-UjWjCAndoUhTV41FBIEumiDKd2PhMv-3VqaURZul_kuy2z00Al91KQ,1,"আমার কাছে একটি রকেট একাউন্ট আছে। কিন্তু আমার এই নতুন ফোন কেনার পরে এই অ্যাপ চালু করা পরে আমার ফোনের নম্বর লগইন ইনপুট আছে, কিন্তু পিন নম্বর ইনপুট নেই। ফালতু ইউজার ইন্টারফেস। আবার ফিক্স করো।",1,2025-06-27 00:49:25,3.0.11,,,en,Rocket
9fe3c404-de65-4abc-9550-a59cb7eece7f,MD LIMON,https://play-lh.googleusercontent.com/a-/ALV-UjXSto0AvKOaBLvxYt5X-nYIZj2Hu9yOh-pwHU44ebQ2qHZV2jI,5,nice,0,2025-06-26 22:13:01,3.0.11,,,en,Rocket
80e87141-052f-4ac2-8901-1eb5ca92de81,Md shakil Mia,https://play-lh.googleusercontent.com/a-/ALV-UjVzez4n-WVbrmTJAQmVI4XP2anDp4cYK4YdaMwvQbbaBBEH3msv,5,best service,0,2025-06-26 22:06:43,3.0.11,,,en,Rocket
9e663c57-8a0d-49af-a787-8f3303302b5a,Mr Raihan HIRA,https://play-lh.googleusercontent.com/a-/ALV-UjVP7R2fZwCWT2cH5nka3k_dIhwLxV7pOprKH_5elRddy6LaIbIn,5,Good 👍,0,2025-06-26 21:44:05,,,,en,Rocket
83103390-11ad-4736-b105-8a559b80d70c,Muhammad Rashed,https://play-lh.googleusercontent.com/a-/ALV-UjUMMDl5M1_6jYfvW2sPSmhLeCV0iPUffdME1b64l0TdVAVNy67B,4,Biometric login 🫆 should be introduced.,1,2025-06-26 18:54:07,2.0.47,,,en,Rocket
fefb7c41-3a65-46fe-9a70-f32e5231f7b4,Md Rabby Hossain,https://play-lh.googleusercontent.com/a-/ALV-UjUZ32p3BqnYPlvPgfx2rBbKOq2d-U3lXwtdjYhLg7KmaQ8fRSM,5,nice app,0,2025-06-26 18:41:46,3.0.11,,,en,Rocket
6bf8ed41-6c27-4269-97cc-d76347356cd8,Md Rasell,https://play-lh.googleusercontent.com/a/ACg8ocJ8_cRQuVe2nv-aq-Lmto3yoDVyoj0UA7Pa8T8RBWnl3gBTmw=mo,5,ok,0,2025-06-26 16:53:44,3.0.11,,,en,Rocket
c2e2b1ae-bb21-4850-8bfe-3032e40e1260,Farid Alam,https://play-lh.googleusercontent.com/a/ACg8ocLB1OplKZyLxHT_DAeGo7N9pAO3QFTw93foLteeGt4fO2-91w=mo,1,faltu app,0,2025-06-26 15:22:53,,,,en,Rocket
c53d6402-ac8c-4763-8852-32a7d2264212,md masum,https://play-lh.googleusercontent.com/a-/ALV-UjU_A-6_tH1Z6dlfDEBfPttzhNiYtIWAbpoJHpFfvGYzqm9OMDLL,5,nice job,0,2025-06-26 13:52:46,3.0.11,,,en,Rocket
00f54313-ddab-4e4e-9a6c-d60f11215f96,Abid Islam Rafi,https://play-lh.googleusercontent.com/a-/ALV-UjXfwwYK6_hbPdLOxmfoqsXUasWVuWkEvYp1T0FJk_SfFuiK70ML,1,worst experience. full of bugs🤬,1,2025-06-26 12:31:15,3.0.7,,,en,Rocket
8e7c36c4-6899-4ff6-aa86-b026a6d502ab,Md Mamun Miah,https://play-lh.googleusercontent.com/a-/ALV-UjWbU6Q0H_creJUKo9XYSQ5hg98GbGjOhVkMu5ms_Lqt0A9K42Q,5,very Nice,1,2025-06-26 12:26:49,3.0.11,,,en,Rocket
b004dd8d-25ff-4ca6-8b36-d8aa6246c6d4,TALUKDAR NUR (RX NUR),https://play-lh.googleusercontent.com/a-/ALV-UjWW2mZEiy1Tz0btiK9xlx8Z2gU4iZQm2oBHyFrkxj9c1MWFeT-E,1,Account full menu not available what's problem,0,2025-06-25 23:36:37,3.0.11,,,en,Rocket
32523e25-144f-4186-8b30-0162bdcd1dd4,Rafi Islam,https://play-lh.googleusercontent.com/a-/ALV-UjWUf8NvU9h8NzBnpYkXPGSW0YhaYllxZwMncMeQvnUDyzfwfsBw,1,কি যেনো একটা সমস্যা হয় বুঝতে পারছি না,0,2025-06-25 21:31:02,,,,en,Rocket
9c0c4835-2ff3-4a92-8a78-f5e8bbe714c9,Nishat Tanisha,https://play-lh.googleusercontent.com/a/ACg8ocKP1-nbuoJfsrNZuhtZDS-xeBSGhaqD0ref8akxjtPRxLdszA=mo,5,good apps,0,2025-06-25 18:54:19,3.0.11,,,en,Rocket
b434f930-d508-4124-a64c-c042405799a9,TASNIM SHAHARIAR,https://play-lh.googleusercontent.com/a-/ALV-UjV6Dfpm2WmZEofz8ltx9Jgp4qMDRXvAGgAC3gMcjxXZDtaJQgSB,5,nice,0,2025-06-25 14:18:32,3.0.11,,,en,Rocket
0e9f51f8-27fc-4ee3-a990-36311a473330,Salman Farsi,https://play-lh.googleusercontent.com/a/ACg8ocLpwUo-3eAt4oE3DB0WMlGinl6HZXOasvofscZNw28kN3BRVg=mo,5,good,0,2025-06-25 12:40:32,,,,en,Rocket
d802c5c8-32f8-4932-8b06-cc1dbf56e9b8,Md MOHIBULLAH.JORDAN,https://play-lh.googleusercontent.com/a/ACg8ocIIixf5TIvEoq3NLKCHI9ReicGS-tPBeF0C7UGm7VA8y27XaQ=mo,5,ওকে,0,2025-06-25 10:08:15,,,,en,Rocket
a07b91bb-086a-4fe6-87ae-109d4d4f4766,VILLAGE KING ENTERTAINMENT,https://play-lh.googleusercontent.com/a-/ALV-UjVS3tN0UZie1JPualYTyDqEww4ZRbg6QUbCtaqmV-42hl3H_BM,2,good app,0,2025-06-25 08:00:57,3.0.11,,,en,Rocket
3cae9dc3-39b0-4242-9e8c-c00305dece67,MD. Sydur Rahman Sajal,https://play-lh.googleusercontent.com/a/ACg8ocIi62qbR8MYJhoMbxyaZJXYereQ41179OhG9tPMv7wGursYsw=mo,1,better than bKash,0,2025-06-24 22:49:16,,,,en,Rocket
811d4acf-e95b-4f01-a3f5-38618fca439d,Sakil Emtiaz,https://play-lh.googleusercontent.com/a-/ALV-UjVYL6NLAWNdyBVoYhqnecExh-6U02bxVTFf9vL8pTLFuvexwmzi,1,New version is very bad. Even I can't log into the account.,1,2025-06-24 14:56:53,3.0.11,,,en,Rocket
a6c02f3e-b194-4923-ac39-f9559593e0dc,Ibrahim Hujur,https://play-lh.googleusercontent.com/a-/ALV-UjU1GbVag5m12ob-wPWsfa8DkM9AeBklDwMH-4XW07Ia7Kdrg_Tb,5,alhamdulillah,0,2025-06-24 12:55:29,3.0.11,,,en,Rocket
6794906c-956a-4189-92cb-59a20798357b,MD Rabbi,https://play-lh.googleusercontent.com/a/ACg8ocJNmumrgix5kn-N6FY27xc6yjwMq6rMyZ_pynG0Hs3XvpEkbw=mo,5,good,0,2025-06-24 12:47:17,3.0.11,,,en,Rocket
02497057-b6a0-48f7-b1f1-801bcb3c54da,Mintu Bormon,https://play-lh.googleusercontent.com/a-/ALV-UjVCqaKp_Uo822aDmZ-2X3-S42njyIR_ye_G0T81rtgWYwVb6pGS,5,লাভ ইউ রকেট🥰,0,2025-06-24 02:20:24,3.0.11,,,en,Rocket
6a2aa66a-2875-48db-a95f-9efc92ced006,Mdnoyonali,https://play-lh.googleusercontent.com/a-/ALV-UjVhK6SYqlXtlHr845EYHRcunEQjJDgHtmXup1DSgEF0nJmybGs,5,nice apps,0,2025-06-24 00:46:31,,,,en,Rocket
5b5059ca-75e5-40ec-8188-0ae31a13eb87,MD. Ariful Islam (Prince),https://play-lh.googleusercontent.com/a/ACg8ocK_k6OOoLjQNxnFCQbMzj83QURt7b8zB7U6GSLK62Pv_n5_6tQ=mo,5,very nice app's,0,2025-06-23 23:48:58,3.0.11,,,en,Rocket
bae81698-9fa4-400a-a0a1-49042e2a3064,Rakib Hasan,https://play-lh.googleusercontent.com/a-/ALV-UjVt0LQEZ9HZpga6UMIA7EHEo8Wk8HDCQoFNxK7p178R0rSXMrlu8Q,5,Best app,0,2025-06-23 22:08:20,3.0.11,,,en,Rocket
29b8ee8a-31cc-4abf-9fb6-1dcd59c5dee8,Rashedul Hasan,https://play-lh.googleusercontent.com/a-/ALV-UjU98p4pbgJ655UpZqFIr-TUKarwAW1zFKYBX9sJLS9BHS3Gqcg,5,ভালই,0,2025-06-23 20:26:57,3.0.11,,,en,Rocket
0108053a-69e7-40ce-bbd0-2883bc1742e0,Md.Ajharul Islam,https://play-lh.googleusercontent.com/a-/ALV-UjVRE27iRjlXDVPDKAjRt-QhOWXZuyf-ZP_CGmLpfO9pa2pVJJCP,5,good,0,2025-06-23 20:07:27,3.0.11,,,en,Rocket
fd2fe386-aca8-44ab-9128-f57849a454aa,Md Emon Islam,https://play-lh.googleusercontent.com/a-/ALV-UjVsk5TDiD7pesdwCkm_bU2Zj_CTyhbD4yS85oTU2xUsxZYeoDNM,5,best app,0,2025-06-23 18:00:14,3.0.11,,,en,Rocket
fe2f5ab9-4602-451b-84c2-8bb1a0dcb39b,Habib Habib,https://play-lh.googleusercontent.com/a/ACg8ocK0pcSLs25FeFY53x2KoOIm-2v3ESgJSNgErXmnH3KYkW4zPw=mo,1,nice,0,2025-06-23 10:18:20,,,,en,Rocket
7a2bde63-5302-4c0c-a1aa-dad7e0805764,Rose N Raaz,https://play-lh.googleusercontent.com/a/ACg8ocL1mKiFvVMNYuZtDBxeLLqe-GHo0R4ucFW78qs0N7uC8C_Z9g=mo,1,It's not working properly.,0,2025-06-23 00:32:03,3.0.11,,,en,Rocket
fa8dd055-9a32-4d27-8638-dbd1478f5513,Sonjoy Kumar,https://play-lh.googleusercontent.com/a-/ALV-UjUiOL4GZdgQxCEDSPq7I7T5B8nCSbWcI84g1iAkJbjCHKfJCgGu,1,"Rocket অ্যাপ বাংলাদেশের জন্য দরকারি হলেও এটার সার্ভিস আর বাগ-ফিক্সিং নীতির অবস্থা ভয়াবহ! আমি ব্যক্তিগতভাবে দিনের পর দিন চেষ্টা করেও NID ভেরিফিকেশন করতে পারিনি। ছবির দুই সাইড তুলেও বারবার “Please provide the both image” লেখা আসে। তারপর Next চাপলেই অ্যাপ থেকে বের করে দেয়। এমন লজ্জাজনক সার্ভিস আর দেশের আরেকটা অ্যাপেও পাইনি। ইন্টারনেট, ক্যামেরা পারমিশন, ক্যাশ ক্লিয়ার — সব করেও কোনো কাজ হয়নি। Play Store-এ এত কম্প্লেইন থাকার পরেও আজ পর্যন্ত এই বাগ ফিক্স করেনি। এত বড় মোবাইল ব্যাংকিং সার্ভিসের অ্যাপের",1,2025-06-22 20:31:21,,,,en,Rocket
fb3d0982-2378-4e84-a210-d6abb6ded384,NK Jibon Khan,https://play-lh.googleusercontent.com/a/ACg8ocIVttHxyzTNOe-YHm4MCFsyoGPL6qH7pYYcvT9GlBYWQL9U6w=mo,5,nice,0,2025-06-22 19:36:41,3.0.11,,,en,Rocket
e8112c84-5ac5-4a7e-85ce-427e74ea7b62,Md Romjanul Hoque Emran,https://play-lh.googleusercontent.com/a/ACg8ocJS_y28IY-AxjCXwgOEBTzGLjes1TzSgLymJ9MBSeR7Y2FiFQ=mo,5,love 😗,0,2025-06-22 16:55:39,3.0.11,,,en,Rocket
47c72d1e-7b0e-4488-91eb-775288ec8770,Md. Rimon Uddin,https://play-lh.googleusercontent.com/a-/ALV-UjXFWyzBmiYst-_g1L3FMhpWZGNhbJiq9iActrhqdHZgSDqipeE5,5,good,0,2025-06-22 15:37:46,3.0.11,,,en,Rocket
9a7ea929-0fe9-4a64-8f1b-f65b839ec7b5,BADOL BARMON INFO,https://play-lh.googleusercontent.com/a-/ALV-UjX7ZXj0V-FtehlGTKlNcubuGlJ9EypRE61ZksGQBT5Azebv6e4,5,good apps,0,2025-06-22 11:56:29,3.0.11,,,en,Rocket
ce016222-6013-4801-b8bd-4ea592cea6f9,Sahadot Just,https://play-lh.googleusercontent.com/a/ACg8ocJPRHXc9DeU1hNIbGftmG1bUIXIfEXBHQSzGxluxudquZCZPw=mo,5,good apps,0,2025-06-21 23:46:08,3.0.11,,,en,Rocket
662071c1-25b5-45e3-afb9-3d205c92de6c,Abdullah Al Mamun,https://play-lh.googleusercontent.com/a/ACg8ocL4enD9UQ8cremUArN_ReSSW4B0P-5Ui9LAi8PQ1DzC_-kNUA=mo,5,nice beautiful,0,2025-06-21 15:16:30,,,,en,Rocket
d16a5031-0069-46c1-9a50-8fc1af55481d,Humayun Kobir,https://play-lh.googleusercontent.com/a-/ALV-UjWXEj59T16YbdL0Fbo0WxX8zer3RQ1sZjUZaPfDLzIqLons-qci,5,nice app,0,2025-06-21 13:26:15,3.0.11,,,en,Rocket
3df571a3-96bf-4948-9e31-a6700f2dc44c,Md Rajo,https://play-lh.googleusercontent.com/a/ACg8ocIFZZDFZQpKhTO-8rqFGT_hhJtk2bz6AoOUbCbRxrybwjFmHTA=mo,5,nice,0,2025-06-21 11:18:12,3.0.11,,,en,Rocket
2dd918e6-c682-4c8b-9a1c-ea25f570be3f,SD Shohagh gaze,https://play-lh.googleusercontent.com/a/ACg8ocKTn33yPUPLRifq_GsoXFJi-DqWbjKEKm_fca7SHwfARMUQjA=mo,5,So nice apps,0,2025-06-21 10:25:12,3.0.11,,,en,Rocket
aff5d2a3-4852-41b4-93a5-453a8bafd7aa,Nazmus Shakib,https://play-lh.googleusercontent.com/a/ACg8ocKsZVhirZUzyCO1vPnt6plEV-8n2jVw8jDMrlvuvvk5rgFEmQ=mo,5,good,0,2025-06-20 20:47:09,,,,en,Rocket
26a4169b-8e9a-4f6a-a3ea-abce761b3016,Ibn Masud Sadman,https://play-lh.googleusercontent.com/a-/ALV-UjVW5RyelngKkQepdeWHCBEAdvlWHHMw_fj5BJByzIZqs-0iH6oc,1,I can't login to my account. I'm using the latest version but the problem is the automatic otp input is not working and i can't enter the otp manually.,8,2025-06-20 20:20:31,3.0.11,,,en,Rocket
eb6ff79c-8ac2-4442-b3d4-9836b482e642,Md Monir,https://play-lh.googleusercontent.com/a/ACg8ocJfS3Fkf4tisxV8fw0XwAw447vfX4I8O5ymt1nFy5KgaYwbgg=mo,5,good apps and services,0,2025-06-20 19:44:03,,,,en,Rocket
5c5bcec8-fca4-4b96-acad-5d7de62e0ea6,Md.Rubel Shaikh,https://play-lh.googleusercontent.com/a/ACg8ocIwjww5EBNg51SUJ9Vj7dskTY6Et3jUbTjYxVtODMb_ySxPJALd=mo,5,Nice apps,0,2025-06-20 19:05:34,3.0.11,,,en,Rocket
2d0561dd-073e-43cb-af92-778b36d2f3c5,juned ahmed,https://play-lh.googleusercontent.com/a/ACg8ocLZmQJvXg_IDafZktoSTDP6xZ5oQxLtmCDwTqxA1Llnd2IxCg=mo,5,nice,0,2025-06-20 15:40:01,3.0.11,,,en,Rocket
c0983ccd-b999-482d-b362-a8598e0d9d22,Pakhi Akter,https://play-lh.googleusercontent.com/a-/ALV-UjVZWxwuPaKwsAIcRNT8Aqlub-AqemQABnaKo2H0rUfK16OiaHEY,5,nice,0,2025-06-19 19:01:00,3.0.11,,,en,Rocket
df5a02b9-d13c-4589-b75d-c3b9290aebb2,Prince Ariyan,https://play-lh.googleusercontent.com/a/ACg8ocJAREo2rbPBQJA5Ew6pT-Du_YWFC6YlPcWKSwQ19KnDkgleEQ=mo,1,nice,0,2025-06-19 01:07:27,,,,en,Rocket
81d883cc-dd9b-4e26-a41b-53a3bf409d5c,Md Merajul Islam Mehedi,https://play-lh.googleusercontent.com/a-/ALV-UjXz0OKIIESqXbwpfwNU-fjWXR3eYOeYmF1X8MTxdM2dNI3-nHCHHg,5,very nice,0,2025-06-18 23:04:12,3.0.11,,,en,Rocket
a93542f8-bd50-4d98-9695-3cf0111db679,Md Firoz,https://play-lh.googleusercontent.com/a/ACg8ocLQ3kbz7FBW7jTc2zr4WHqjkUXUpMl-Tdgp6z7I5DB8l_vc_m4=mo,5,good,0,2025-06-18 19:41:18,3.0.9,,,en,Rocket
54809776-601f-4fe3-b780-cc08262f250e,এই সুন্দর পৃথীবি,https://play-lh.googleusercontent.com/a-/ALV-UjVdcSGvYebZIs6HHcNQgp-4_qo_uaVqDI4y6KH8b7xTZCjvjYt2,5,nice,0,2025-06-18 08:57:55,3.0.11,,,en,Rocket
7a1cb185-76fb-415b-8f29-9609a7afe949,Mcc Icc,https://play-lh.googleusercontent.com/a/ACg8ocIyMXadDl-KE-8cjAg-a1ixxHSB4sTHpKx8cOHClhChkJ800Q=mo,5,nice,0,2025-06-18 02:20:11,3.0.11,,,en,Rocket
4d600d94-ea9a-4b85-af9e-bea51ab90200,Shamim Ahmed,https://play-lh.googleusercontent.com/a-/ALV-UjXJBVY9HAoMXPWslxfFFUSRhJUxylAsAA3yspCUzV7fqVisphM,5,nice app,0,2025-06-17 22:26:36,3.0.11,,,en,Rocket
e83a7b74-1334-483a-9ab1-a998a032e70c,Md Raju,https://play-lh.googleusercontent.com/a-/ALV-UjU8OBsIBHgpCVr2jIe_HheNAMyCQmEeJFMHpTdUr1cI7TKjD6NB,5,wow,0,2025-06-17 19:55:14,,,,en,Rocket
54ab7241-5797-42f4-a0f7-36c109995989,Farduas Khan,https://play-lh.googleusercontent.com/a/ACg8ocI6dgT_xsWh3PqMh-VFCsvzNdF1o05gxDf1m6zz0WUdkVNPOQ=mo,4,good,1,2025-06-17 19:11:25,3.0.11,,,en,Rocket
9abb4cbf-3e87-49fa-a8c5-f99f4851e793,27-SR-SMART-KALAPARA DIPANKAR-HOWLADER,https://play-lh.googleusercontent.com/a/ACg8ocKWpfZLLC4dczNY-u1WGf285UPDFYVtuBPtAWTEXWr7NyUM31U=mo,5,best,0,2025-06-17 07:55:21,3.0.11,,,en,Rocket
e812d566-16a2-4cac-b883-593ed0ec72b8,Ahmed Ishmum Uddin,https://play-lh.googleusercontent.com/a-/ALV-UjVOb_dCMkAAUtcFtYxDH6qjlCubm6KW2EuctCsgW-mRdZOkqR0,2,"The last version was working fine. After installing the updates, I can't even login! Reverted back to the old version again.",1,2025-06-17 05:54:35,2.0.64,,,en,Rocket
0c9c923c-edc3-40d5-afa6-8485b4cb445a,Md Joherul Islam,https://play-lh.googleusercontent.com/a-/ALV-UjVZP4IQ67ejQb3iQAmNuOQp-cxl9ckYhnK6ud3Wla74g8Ke8-Gg,5,good apps,0,2025-06-17 04:41:37,,,,en,Rocket
5dcd50be-79aa-448c-9634-499a7984bf1a,Sojoy Saha,https://play-lh.googleusercontent.com/a/ACg8ocLXHeGn6UdrLILdo54C-B2fyon9vcon5gBGGAdeTyUvRILzW6g=mo,1,"can't open an account, can't forget the account that I previously opened for the past 2 months. what is wrong with the app developers?",2,2025-06-17 01:03:49,3.0.11,,,en,Rocket
c9a584dc-b347-4391-962b-76ca711ac300,Rabbi Khan,https://play-lh.googleusercontent.com/a-/ALV-UjUW0oBnu4wtGoMLBrDesKe2jorhQ6Vr-0JZjpoPti7ZdNa_ry8,5,good,0,2025-06-17 01:01:15,3.0.11,,,en,Rocket
fb7e2ced-28c7-4732-b665-3a3b87f7b22a,Anik Tarafder,https://play-lh.googleusercontent.com/a/ACg8ocIlfhAF-6L1j-en4Y8ec4AFyihsb-VDTScBzF5GmbLg3fw8=mo,1,Shame!! You should stop your business. The worst service i ever seen. Seeking collapse....,0,2025-06-17 00:50:24,,,,en,Rocket
8ae69cb4-3366-4bbd-ac53-009c5f9bdd01,Stranger Stranger,https://play-lh.googleusercontent.com/a/ACg8ocJW8wJzJyISSlaU9FU5W70unSgewIQs4bVArc_C2IMSmNTtjg=mo,1,just trash,0,2025-06-17 00:33:47,,,,en,Rocket
b2f702ed-35b5-4a13-8335-cde355c3ad79,Milon Hossan,https://play-lh.googleusercontent.com/a/ACg8ocKdxV10DOzz3c9vIJCvODhOCtIc3sTQWJ0sMJ-jTCwA4Yvlmw=mo,5,good,0,2025-06-16 22:48:45,,,,en,Rocket
56b114f5-1424-4cf3-8896-f4f630c46b49,MD Kowser Ali,https://play-lh.googleusercontent.com/a-/ALV-UjWU14HZTkmw6btIhRRM7ta5ofNGnPPx7OVvncqmsIhGN9oQZKc,5,good apps,0,2025-06-16 17:15:44,3.0.11,,,en,Rocket
c0460395-43fd-471d-bb02-2be6004df04e,Md Sohel Fokir,https://play-lh.googleusercontent.com/a/ACg8ocKfJGq7c-bP5bA3Hh-Y9sidSdYRqSopUenvtDKgBP2vzxlLPQ=mo,4,niec,1,2025-06-16 09:03:13,3.0.11,,,en,Rocket
7e7881d3-b870-412a-b474-85c99b65a0e2,Asraful Islam,https://play-lh.googleusercontent.com/a-/ALV-UjXHNV_C029AoiKT1isBLIDKi2USCpesQEOiyEG3lfE2JBHaR-MC,5,good,0,2025-06-15 23:11:50,3.0.11,,,en,Rocket
37e35b79-2cbb-402b-97f9-ab03f95d262e,Mohammad Mahfuj,https://play-lh.googleusercontent.com/a-/ALV-UjWQrnzDAggkC74kwHAggiOYd2RtDpbUf73tXueRCiZO9LD6mRU,1,is not working,0,2025-06-15 21:15:15,3.0.11,,,en,Rocket
93a8ee82-eec6-4838-bad6-25042b1d81ec,Md. Majedur,https://play-lh.googleusercontent.com/a/ACg8ocJMb3pnxXMWgpGfFJHk2cs9rqAbec4y3KUtt5XQuZZe9ylMVg=mo,5,nice app,0,2025-06-15 19:45:17,,,,en,Rocket
8a32b687-9cee-4e52-a5a1-d0b24707ad75,joy Mozumder,https://play-lh.googleusercontent.com/a/ACg8ocJkQz__Js9lwyZdSUo5Pd9toFLXwZ-IFlzpBZ5h2au7b45Usg=mo,5,নাইছ,0,2025-06-15 18:46:37,3.0.11,,,en,Rocket
50e994f7-833f-46f1-ba43-6bb8409cebfd,Mokter Hossen,https://play-lh.googleusercontent.com/a-/ALV-UjWSuvNydlayDdMYpIL1LGDGqoh3QLYTDWr_tT9eoGB_gGbgy5I,5,nice apps,0,2025-06-15 18:32:22,3.0.11,,,en,Rocket
6efa8aa1-148e-4a73-acd8-e8ec2debaeb1,Md nazmul,https://play-lh.googleusercontent.com/a-/ALV-UjXwQsPNjBIboPDgraRiuS5nJD-0NKPrmTuC78mFQI7voqrDgHg,1,nice,0,2025-06-15 15:25:07,,,,en,Rocket
5915fd69-2866-4b69-9f1b-ee8730ba1efc,"Assistant Registrar, GUB",https://play-lh.googleusercontent.com/a-/ALV-UjXc3tNWR0UNF-6Pfj4qccB7lN8Eqn19OZ3AkQ2TGNOsPaM1hzA,1,Absolutely ridiculous app,0,2025-06-15 13:34:40,,,,en,Rocket
f3eb22cb-4a88-446f-ba4a-6f4a415ef22b,Md. Leon Kazi,https://play-lh.googleusercontent.com/a/ACg8ocIDuG9ZAavBuxFpA8XHkHt4JoDQK6Wboeael1kuL1Z_L-HCcQ=mo,5,nice,0,2025-06-15 04:20:26,3.0.11,,,en,Rocket
446d5042-8256-48ef-8fd4-4a305eaf89cc,Md Saddam,https://play-lh.googleusercontent.com/a/ACg8ocKEtlvNWujXCmEZItsyQsUwDXCtDuHgowk26y_ecuvbTkku4Q=mo,5,nise,0,2025-06-14 23:16:42,,,,en,Rocket
d8ffa3f9-6a16-4e7d-bbfc-662a2fccc1a7,Rasel Chowdhury,https://play-lh.googleusercontent.com/a-/ALV-UjWpoDCOBuqbZHQVmEWLlBxPOYdbA7PZ7gw57V4pltClQ1bGh2Wd,1,it's really complicated... make it easy. and app is not working properly. very disturbing..,1,2025-06-14 20:16:14,3.0.11,,,en,Rocket
9f3ddd3a-1c80-45e3-9b10-8ed2e99c4a16,Kamol Kanti,https://play-lh.googleusercontent.com/a-/ALV-UjUkkT0Btf59Q50pHXredG-q4_e1z7WOMBzta_b4Yq5ilP4vK7fpaw,5,Pleased,0,2025-06-14 09:54:28,3.0.11,,,en,Rocket
3132dd6d-2ef1-4d9b-a7fa-824ed1cce871,Naima Islam,https://play-lh.googleusercontent.com/a/ACg8ocKVvGSnroa9Z0AkZlzZaQxb7pbE-5nd1cToQa5l4LWMs8SvVw=mo,2,Good,0,2025-06-14 08:45:16,,,,en,Rocket
e360a0d5-4f08-4318-b5db-c4826830c774,Mostafa jnu,https://play-lh.googleusercontent.com/a-/ALV-UjWlJ92bVkqGIJeIE9T43YUDvaUhnuW2bd7dsGpDLpihGJVP3wZi,1,3rd class app,0,2025-06-14 00:18:21,,,,en,Rocket
d3a0c5e0-0072-4a4f-9c2d-545dbe466cf4,Missambiy Kahtun,https://play-lh.googleusercontent.com/a/ACg8ocJrFTYrvzj5JnbcR-vkeEzMxcOQt555uGLnqBikRrNMRptKhQ=mo,5,গুড,0,2025-06-13 23:49:46,3.0.11,,,en,Rocket
bf3910f8-ac1d-42c8-b169-3aaab068f538,moshiur rahman_MANIK,https://play-lh.googleusercontent.com/a-/ALV-UjW3udmuG1WD4Y2L55fElIhI0Pxp9NxwhvCnYsAFzFv11yBIoewZwQ,5,great experience 💐💐💐,0,2025-06-13 23:31:15,3.0.6,,,en,Rocket
f645e11c-7c1f-41c2-a15d-bdd86b8bcd79,Nasir Rahman,https://play-lh.googleusercontent.com/a/ACg8ocIAx95DHXDnYVTZxBWWpbzQ9ozJCmVYtV2pvBggJPgXAimslg=mo,5,awesome,0,2025-06-13 22:49:36,3.0.11,,,en,Rocket
8ddec817-a0de-4a06-b5a2-9d267618f71a,Nayem Gazi,https://play-lh.googleusercontent.com/a-/ALV-UjX6NQtLV6MqTMBYGYI4T_ruSRb_cgZNoIQbW5n5_vpRuN798ggN,5,আমার একাউন্ট থেকে টাকা উঠতেছে না,0,2025-06-13 21:21:05,3.0.11,,,en,Rocket
9f787cc0-4ede-4dd1-8c85-ab21ddbbda8b,SADNAN RAFAT,https://play-lh.googleusercontent.com/a-/ALV-UjWcCUUvRb6nxiCUVZIBds6vgem_g5C7TZpfOVWGoaXWOQ7pFN9QlA,5,awesome,0,2025-06-13 20:56:02,3.0.11,,,en,Rocket
3fe66f4a-8202-434f-b431-d5cca320688a,Md Foyzur,https://play-lh.googleusercontent.com/a/ACg8ocL1wwkwAtwfhJGRF6B4HsRTdV5OOrjQgw8tly8UTsXJhDSXrg=mo,5,nc apps,0,2025-06-13 09:28:16,3.0.11,,,en,Rocket
64794d2e-56f6-4671-a0af-4112cbd67210,Md Sohidul1234,https://play-lh.googleusercontent.com/a/ACg8ocIyVMNDE15wfXKKoDoDQ4mgjXj-Vg1bvP38UMTt8UHDBOC8lA=mo,5,nice rocket,0,2025-06-13 02:42:43,,,,en,Rocket
76a5b5f9-a76a-40ab-9547-b2212df493de,MD nazmul,https://play-lh.googleusercontent.com/a-/ALV-UjWOuwiYKHQhvQmq40hv4i9kFLSEfzbHlyuBivEooyomYd9rpHc,5,Nice,0,2025-06-13 01:34:56,3.0.11,,,en,Rocket
714a6dbe-beff-428e-b22a-9b89f23f441c,mdnur alam,https://play-lh.googleusercontent.com/a-/ALV-UjXFaFOP0eou6AfD2OXKLAkByhM0PTK3n9Lr7Umz6tI51IvsMmw,5,🥰🥰🥰,0,2025-06-12 19:58:45,3.0.11,,,en,Rocket
0cfaf640-e333-4da0-8ab3-3ed291a75358,Md Tonmoy Hasan,https://play-lh.googleusercontent.com/a/ACg8ocLnso5iRjTGvgTp_c-z0cJB3JUmzxsIupPwsy6z7vHyFHpt6Q=mo,5,Good App,0,2025-06-12 19:00:23,,,,en,Rocket
fe7093a1-1a3f-408a-b7af-af3e220b89d1,Mamun Morul,https://play-lh.googleusercontent.com/a-/ALV-UjWmQqJx3q1mw8imKm48yKu06OZLm6pKRSoLNDTEWSYMcBdlsCo,4,👍,1,2025-06-12 18:05:34,3.0.11,,,en,Rocket
1fc6addb-750e-4b93-8987-463c1b76bda0,MD JOHIRUL,https://play-lh.googleusercontent.com/a-/ALV-UjWgvkwg3LnQZgK0WxzZd4hHqBgtSXrCVjX_siHSHfjkXwbC1ak,5,good,0,2025-06-12 17:01:25,,,,en,Rocket
d2d5c662-56f3-4aae-95ec-a6253a1a5c78,Monirul Islam,https://play-lh.googleusercontent.com/a/ACg8ocKDX2OuehMKBIs1vvqg7Xua6nsfJXfwpv6j5d7l7pYeBfGL0w=mo,5,nice,0,2025-06-12 11:23:01,3.0.11,,,en,Rocket
4c1a752b-c18a-4b37-b46c-fa94d4e66bf7,Shakira khatun Sheikh,https://play-lh.googleusercontent.com/a-/ALV-UjWpDoyikiACNSFYvvvu-0Z6G-dR7vOZstiXci-uUxnhaIjw9l3a,5,my device connected,0,2025-06-11 18:33:48,,,,en,Rocket
856c760c-533e-4937-ab07-127b8691776b,MD Emon,https://play-lh.googleusercontent.com/a-/ALV-UjXMbxFJgHhDFcKnbcuwkBuYY5WVUiUaYSFZvm0ufi7YQFtuUkix,3,sab my tk,0,2025-06-11 16:34:38,,,,en,Rocket
a7b1b453-b409-46e0-a299-f540ec3fdcb9,Niloy Paul,https://play-lh.googleusercontent.com/a-/ALV-UjVGxjfPcsaAwtFwxdZwqWNDk8j9Nok4jxfVgwzj7MOQQX58UKHw,1,Not good.. Not good at all.. Dysfunctional user interface.,2,2025-06-11 15:46:07,3.0.11,,,en,Rocket
f0378e3b-de15-4808-983e-c4d9cdc50af7,Foysal Hasan,https://play-lh.googleusercontent.com/a-/ALV-UjV5Ehp80AXAgTpYmLibFjfS9smlUqNn6VYjF4CvG_20tTqS6SCGPg,5,good,0,2025-06-11 15:20:18,3.0.11,,,en,Rocket
1409f784-35bb-4638-b7d8-e3f32b92d30d,Shahariyar Tanvir,https://play-lh.googleusercontent.com/a-/ALV-UjVs2xjM4tSGqVeUJy9xp0lg6BL6YKfkLyS6k_2IOBl0aqRBoa1L,1,in input bag is not fixed yet,0,2025-06-11 12:13:34,,,,en,Rocket
c454fe6b-cb52-453b-b7c7-722680a398a8,Ashik Islam,https://play-lh.googleusercontent.com/a-/ALV-UjXd0PIWDv0hoefCNjUjMROSCAFuXJdMQNkhXFZ22enEVYGOiJU,5,nice app,0,2025-06-11 06:36:06,3.0.11,,,en,Rocket
2b00fdf3-8dc9-4882-b8d2-77a7746f272f,Md. Abdur Rashid,https://play-lh.googleusercontent.com/a-/ALV-UjXjlyzcw9BFF7spd_RN2fac7Em60LtBsSOWTju_g9EP_B22l1rP,5,nice app,0,2025-06-10 23:50:44,3.0.11,,,en,Rocket
673dbcf0-ff46-45d0-b4aa-cb9a4130b6f3,PBL Rasel,https://play-lh.googleusercontent.com/a-/ALV-UjUD5DRgz8fTjBMT7bOVjn-6Fv0270Cxd7OIivnfaqwqbi3B67Q,5,good,0,2025-06-10 22:24:52,3.0.11,,,en,Rocket
06ca0297-c35c-4333-b920-eb94d6bacd70,Alifahad Al Qadehri,https://play-lh.googleusercontent.com/a-/ALV-UjVZ3RcbgJsAadGLUdLyxUpaVfIk38tyJbWLgvCpg5jgwwcVnXyn,5,good 👍,0,2025-06-10 19:53:21,3.0.11,,,en,Rocket
7af461a3-9429-4d53-9964-67df580bdd92,Md Rubel Islam,https://play-lh.googleusercontent.com/a/ACg8ocKpCxrMZlr8DvhOQ6ig1-BUG72eqq6Lk1f-xuwfdqIFoWKt6Q=mo,5,good,0,2025-06-10 13:41:14,,,,en,Rocket
a15517ed-7285-45b0-91a2-79c0a7a7970c,Shakil Adnan,https://play-lh.googleusercontent.com/a/ACg8ocIB8X5ibtA_JrgpuxfCLYsMvQRCnLmxYF4tD2qrZ6cfwE8D0w=mo,5,good,0,2025-06-10 09:27:37,,,,en,Rocket
f025d705-b623-48fb-aa4a-c87ed69c6dfb,Md Jewel,https://play-lh.googleusercontent.com/a-/ALV-UjW_EOR5T12nve6K2rAEt3cbVVQ92an6hCZyjC22vLRIwNcb_eE,5,ok,0,2025-06-10 04:26:59,3.0.11,,,en,Rocket
45751b9e-2794-4d41-9d35-21e3135679be,FORlD:-GAMlNG0101 Islam,https://play-lh.googleusercontent.com/a-/ALV-UjXkBv5uaws-P5Nj-dTI2tP0IniQxRw5i8QitqOnGTqgpI55pxk,5,ok,0,2025-06-10 00:40:05,,,,en,Rocket
b93eeee4-243c-40b2-9aff-3ee8182b4851,Md Asraf Ali,https://play-lh.googleusercontent.com/a-/ALV-UjVnxVBHAP4-z_j_8tSZ7ah30jbqj64v1Vz78vGOLdTVLUb0GilG,5,Very nice apps,0,2025-06-09 23:53:15,3.0.11,,,en,Rocket
5d9e1160-9016-4f27-a64f-22e5e237fe87,Selim Rana,https://play-lh.googleusercontent.com/a-/ALV-UjVZcQwfQsXzb1TmaAN1Q3fULGVEFmUp1EWEIiOxL-EiqM3ivo4,1,"problem seem এরকম দেখাচ্ছে, দয়া করে এটা ঠিক করে দিবেন। লেনদেন পারছি না",0,2025-06-09 21:52:37,3.0.11,,,en,Rocket
ccacb07f-dd15-453f-b442-8dd334b44e33,Hk bached Rana,https://play-lh.googleusercontent.com/a-/ALV-UjXSo5L3IU6DjAV1Pe0yB__ff61agY11nc9I_ZO76dnObAw_Fkk,5,Nice,0,2025-06-09 19:50:04,3.0.11,,,en,Rocket
cee1e407-507a-4611-ba1c-33ab535d7d31,Md Kofil,https://play-lh.googleusercontent.com/a-/ALV-UjXMIDfbyoYDJox54vLUstFcObrXKx9-aqvIqEFclXuvWVXAFIAm,5,Fine,0,2025-06-09 14:26:11,3.0.11,,,en,Rocket
75a1b9b6-4cdc-4100-8b9a-d4342ef43881,RABAKA SULTANA,https://play-lh.googleusercontent.com/a-/ALV-UjUOLTL0Nagb-dcnh__wQOdSEEpcSrU6RV4lqfqX7JzKXK7HrW7a,5,Nice,0,2025-06-09 13:40:58,3.0.11,,,en,Rocket
f493869d-0f06-49bb-a167-dfc0d7a73495,Mdshagor Hossen,https://play-lh.googleusercontent.com/a-/ALV-UjXsJPlbz6l7GKQUf1ciLX8dU9EtbjxWbSmfdPyAiyLcastWILI8,1,Nic,0,2025-06-09 01:41:21,3.0.11,,,en,Rocket
0e554c51-490c-4c2c-9d2e-47cc8e3d39c4,MdAktarul MdAktarul,https://play-lh.googleusercontent.com/a-/ALV-UjWAfqvvtb62xQGU47e7RRkZDhhmF9RCy5iQSL7kXBmg6987t9mR,5,good,0,2025-06-08 21:38:31,3.0.11,,,en,Rocket
bfbfaea4-ad46-4c89-9143-35dfb1ff5766,Swapon Amin,https://play-lh.googleusercontent.com/a-/ALV-UjXDsBW0WdRP5P2WPHDy0j6eHJCJKyziaORlvROHxNqabyWrbjI,5,Excellent,0,2025-06-08 14:15:53,,,,en,Rocket
291d15e0-5a64-4abd-98a5-3bae9537a7b0,Luck Akhter,https://play-lh.googleusercontent.com/a/ACg8ocIXIvqQOGBpxS5ikpze7q6Fmv-tthS-UyQRJv6sS1c6We14_g=mo,1,nice,0,2025-06-08 14:13:05,3.0.11,,,en,Rocket
9e809702-3de3-46db-bfff-3b81775c026f,mdsufiian,https://play-lh.googleusercontent.com/a/ACg8ocK4qfCN7oWi3d28Eigdx9VUpshDcTt_4WSp8sf38c02CBmSr9o=mo,5,wow,0,2025-06-08 13:43:25,,,,en,Rocket
150312b2-b90e-4c95-9a88-5dd4f250ce85,md Durjoy,https://play-lh.googleusercontent.com/a-/ALV-UjW5PU9mPo1exiJLgBoab5G7Cz-LlUCvjYne0HaksEkoLTZvSVCd,5,Good apps,0,2025-06-08 09:38:20,3.0.11,,,en,Rocket
4bf136a7-226b-4ee7-bf09-03c2965ba676,Hasan Mia,https://play-lh.googleusercontent.com/a/ACg8ocJeGyhvSw7tdH6CgnxsGlAtw0EfU8bQu2HNNAI6S8vCiurYZQ=mo,5,❤️❤️❤️❤️,0,2025-06-08 09:24:45,3.0.9,,,en,Rocket
8b434829-3172-497a-bab0-bfac190eade5,Mr Shameem,https://play-lh.googleusercontent.com/a-/ALV-UjWJTI4El95rximvllqvfHU4qk5GUiJHnIVeIziFcIeT2K9_19E,5,beautiful apk,0,2025-06-07 19:39:46,3.0.11,,,en,Rocket
ae48e8a2-9022-469f-97be-71567bb8ffe4,Imtiaz Ahmed Emon,https://play-lh.googleusercontent.com/a/ACg8ocJYiAawv0tMU6hFIAO8acvv7b7V57mEaOIYvUrQV6dDuxS3008=mo,5,ভালো,0,2025-06-07 13:53:54,2.0.64,,,en,Rocket
750acd46-4c25-4e0c-b390-f3e0c696b4a5,Md Mominul,https://play-lh.googleusercontent.com/a-/ALV-UjXeOFSHtwbbRzvV6gAmCnshNwVYMY9c8rQEmYxYbHKaviIgqv8,3,mom,0,2025-06-07 11:47:20,3.0.11,,,en,Rocket
